time,y_pdu6,y_pdu7,y_pdu8,y_pdu9,y_pdu10
600000000,0.659,0.663,0.664,0.715,0.699
900000000,0.657,0.661,0.661,0.713,0.696
1200000000,0.664,0.666,0.668,0.72,0.701
1500000000,0.673,0.674,0.677,0.73,0.71
1800000000,0.677,0.677,0.681,0.736,0.718
2100000000,0.681,0.681,0.685,0.74,0.724
2400000000,0.682,0.681,0.686,0.739,0.724
2700000000,0.678,0.678,0.683,0.734,0.719
3000000000,0.663,0.665,0.669,0.716,0.703
3300000000,0.644,0.649,0.652,0.693,0.682
3600000000,0.629,0.634,0.638,0.674,0.661
3900000000,0.62,0.624,0.626,0.661,0.648
4200000000,0.621,0.626,0.627,0.663,0.649
4500000000,0.621,0.626,0.629,0.666,0.65
4800000000,0.613,0.62,0.623,0.66,0.644
5100000000,0.615,0.622,0.625,0.664,0.648
5400000000,0.612,0.62,0.622,0.661,0.645
5700000000,0.613,0.619,0.624,0.663,0.646
6000000000,0.618,0.625,0.629,0.669,0.654
6300000000,0.628,0.634,0.637,0.679,0.663
6600000000,0.633,0.638,0.641,0.683,0.665
6900000000,0.636,0.64,0.643,0.685,0.668
7200000000,0.634,0.638,0.641,0.684,0.667
7500000000,0.633,0.636,0.638,0.681,0.665
7800000000,0.632,0.634,0.638,0.678,0.664
8100000000,0.634,0.637,0.641,0.682,0.667
8400000000,0.631,0.635,0.64,0.68,0.665
8700000000,0.626,0.631,0.636,0.674,0.659
9000000000,0.626,0.631,0.636,0.673,0.659
9300000000,0.627,0.633,0.637,0.675,0.66
9600000000,0.633,0.639,0.644,0.686,0.668
9900000000,0.627,0.634,0.639,0.679,0.663
10200000000,0.627,0.635,0.64,0.681,0.664
10500000000,0.623,0.631,0.636,0.677,0.66
10800000000,0.629,0.636,0.642,0.687,0.668
11100000000,0.633,0.638,0.646,0.692,0.673
11400000000,0.635,0.64,0.648,0.693,0.674
11700000000,0.635,0.639,0.647,0.69,0.672
12000000000,0.63,0.633,0.641,0.682,0.664
12300000000,0.629,0.634,0.642,0.685,0.666
12600000000,0.63,0.635,0.643,0.686,0.668
12900000000,0.624,0.629,0.636,0.676,0.66
13200000000,0.625,0.629,0.636,0.677,0.662
13500000000,0.625,0.63,0.637,0.679,0.664
13800000000,0.626,0.631,0.637,0.68,0.665
14100000000,0.633,0.636,0.64,0.683,0.667
14400000000,0.633,0.635,0.64,0.684,0.669
14700000000,0.634,0.635,0.642,0.685,0.67
15000000000,0.629,0.631,0.64,0.682,0.665
15300000000,0.633,0.634,0.641,0.685,0.667
15600000000,0.639,0.64,0.648,0.694,0.675
15900000000,0.641,0.642,0.65,0.696,0.678
16200000000,0.641,0.642,0.651,0.696,0.677
16500000000,0.641,0.641,0.65,0.694,0.676
16800000000,0.638,0.639,0.647,0.691,0.674
17100000000,0.641,0.641,0.65,0.694,0.678
17400000000,0.642,0.643,0.652,0.696,0.679
17700000000,0.647,0.646,0.655,0.7,0.682
18000000000,0.649,0.648,0.659,0.704,0.686
18300000000,0.65,0.651,0.661,0.707,0.688
18600000000,0.651,0.651,0.662,0.708,0.689
18900000000,0.651,0.649,0.659,0.704,0.687
19200000000,0.646,0.644,0.653,0.695,0.679
19500000000,0.641,0.639,0.647,0.688,0.673
19800000000,0.64,0.637,0.645,0.688,0.672
20100000000,0.637,0.635,0.644,0.685,0.669
20400000000,0.636,0.635,0.645,0.686,0.67
20700000000,0.639,0.64,0.65,0.691,0.676
21000000000,0.644,0.645,0.653,0.696,0.681
21300000000,0.647,0.647,0.656,0.699,0.683
21600000000,0.644,0.645,0.654,0.699,0.682
21900000000,0.638,0.642,0.65,0.696,0.679
22200000000,0.639,0.641,0.65,0.693,0.676
22500000000,0.639,0.639,0.646,0.689,0.673
22800000000,0.64,0.64,0.645,0.688,0.672
23100000000,0.637,0.638,0.645,0.687,0.672
23400000000,0.634,0.636,0.643,0.686,0.67
23700000000,0.635,0.637,0.646,0.687,0.672
24000000000,0.637,0.638,0.648,0.689,0.673
24300000000,0.635,0.636,0.646,0.687,0.672
24600000000,0.637,0.637,0.647,0.688,0.672
24900000000,0.639,0.639,0.649,0.689,0.674
25200000000,0.64,0.64,0.65,0.689,0.673
25500000000,0.641,0.641,0.65,0.69,0.674
25800000000,0.643,0.644,0.653,0.694,0.679
26100000000,0.643,0.643,0.651,0.693,0.679
26400000000,0.634,0.635,0.644,0.681,0.668
26700000000,0.631,0.632,0.639,0.675,0.663
27000000000,0.633,0.634,0.64,0.676,0.664
27300000000,0.636,0.637,0.642,0.679,0.668
27600000000,0.637,0.637,0.644,0.681,0.67
27900000000,0.639,0.639,0.646,0.684,0.672
28200000000,0.644,0.643,0.651,0.688,0.675
28500000000,0.645,0.643,0.651,0.69,0.678
28800000000,0.643,0.643,0.651,0.691,0.679
29100000000,0.645,0.645,0.653,0.694,0.681
29400000000,0.642,0.639,0.649,0.687,0.675
29700000000,0.645,0.642,0.65,0.689,0.677
30000000000,0.648,0.644,0.651,0.691,0.679
30300000000,0.644,0.641,0.646,0.685,0.674
30600000000,0.645,0.642,0.648,0.688,0.675
30900000000,0.647,0.643,0.65,0.69,0.677
31200000000,0.646,0.645,0.651,0.691,0.678
31500000000,0.648,0.647,0.653,0.694,0.681
31800000000,0.648,0.646,0.653,0.693,0.68
32100000000,0.644,0.642,0.649,0.687,0.676
32400000000,0.646,0.643,0.65,0.688,0.679
32700000000,0.644,0.641,0.648,0.686,0.68
33000000000,0.643,0.64,0.647,0.685,0.679
33300000000,0.646,0.643,0.651,0.688,0.682
33600000000,0.65,0.647,0.66,0.695,0.687
33900000000,0.647,0.644,0.656,0.689,0.683
34200000000,0.648,0.647,0.658,0.692,0.684
34500000000,0.647,0.647,0.657,0.693,0.685
34800000000,0.651,0.651,0.662,0.698,0.689
35100000000,0.649,0.649,0.66,0.696,0.688
35400000000,0.65,0.649,0.66,0.698,0.689
35700000000,0.645,0.645,0.655,0.692,0.685
36000000000,0.639,0.64,0.65,0.685,0.678
36300000000,0.636,0.636,0.645,0.679,0.673
36600000000,0.641,0.644,0.649,0.682,0.676
36900000000,0.64,0.644,0.646,0.679,0.674
37200000000,0.645,0.649,0.651,0.687,0.681
37500000000,0.649,0.652,0.654,0.691,0.684
37800000000,0.651,0.655,0.658,0.695,0.687
38100000000,0.649,0.654,0.656,0.691,0.684
38400000000,0.653,0.657,0.66,0.696,0.688
38700000000,0.651,0.654,0.657,0.693,0.687
39000000000,0.649,0.655,0.657,0.692,0.685
39300000000,0.65,0.659,0.657,0.692,0.686
39600000000,0.648,0.658,0.656,0.692,0.685
39900000000,0.645,0.655,0.654,0.688,0.682
40200000000,0.648,0.657,0.657,0.691,0.685
40500000000,0.649,0.655,0.657,0.692,0.687
40800000000,0.652,0.653,0.655,0.69,0.687
41100000000,0.652,0.65,0.651,0.687,0.684
41400000000,0.655,0.65,0.65,0.685,0.682
41700000000,0.662,0.651,0.653,0.688,0.685
42000000000,0.659,0.645,0.648,0.682,0.679
42300000000,0.662,0.648,0.649,0.684,0.683
42600000000,0.667,0.653,0.654,0.691,0.688
42900000000,0.67,0.654,0.659,0.691,0.687
43200000000,0.672,0.653,0.659,0.691,0.686
43500000000,0.676,0.657,0.662,0.696,0.691
43800000000,0.68,0.662,0.666,0.701,0.696
44100000000,0.68,0.661,0.671,0.701,0.697
44400000000,0.667,0.644,0.66,0.686,0.683
44700000000,0.666,0.647,0.658,0.683,0.681
45000000000,0.663,0.648,0.655,0.68,0.676
45300000000,0.666,0.656,0.659,0.682,0.679
45600000000,0.671,0.665,0.666,0.691,0.686
45900000000,0.672,0.665,0.668,0.692,0.687
46200000000,0.667,0.66,0.664,0.688,0.683
46500000000,0.665,0.659,0.662,0.686,0.681
46800000000,0.665,0.658,0.66,0.685,0.681
47100000000,0.662,0.655,0.657,0.682,0.678
47400000000,0.655,0.649,0.65,0.671,0.669
47700000000,0.657,0.65,0.65,0.671,0.671
48000000000,0.658,0.653,0.651,0.671,0.672
48300000000,0.661,0.658,0.655,0.674,0.675
48600000000,0.662,0.66,0.657,0.677,0.676
48900000000,0.663,0.662,0.659,0.679,0.678
49200000000,0.665,0.663,0.659,0.681,0.681
49500000000,0.672,0.666,0.666,0.688,0.687
49800000000,0.679,0.669,0.668,0.693,0.691
50100000000,0.682,0.673,0.67,0.695,0.693
50400000000,0.678,0.679,0.671,0.694,0.691
50700000000,0.673,0.677,0.67,0.691,0.69
51000000000,0.674,0.671,0.666,0.688,0.688
51300000000,0.675,0.671,0.663,0.688,0.686
51600000000,0.672,0.666,0.659,0.684,0.685
51900000000,0.675,0.669,0.664,0.689,0.689
52200000000,0.676,0.671,0.671,0.693,0.694
52500000000,0.673,0.672,0.676,0.696,0.698
52800000000,0.672,0.673,0.676,0.697,0.697
53100000000,0.674,0.675,0.678,0.699,0.698
53400000000,0.671,0.674,0.673,0.697,0.694
53700000000,0.664,0.668,0.665,0.688,0.687
54000000000,0.666,0.67,0.666,0.688,0.685
54300000000,0.67,0.673,0.668,0.687,0.682
54600000000,0.672,0.675,0.668,0.684,0.681
54900000000,0.679,0.682,0.675,0.695,0.691
55200000000,0.677,0.682,0.674,0.694,0.693
55500000000,0.674,0.68,0.673,0.693,0.693
55800000000,0.676,0.677,0.671,0.693,0.69
56100000000,0.682,0.676,0.673,0.695,0.691
56400000000,0.687,0.681,0.677,0.7,0.696
56700000000,0.691,0.685,0.68,0.702,0.701
57000000000,0.687,0.684,0.678,0.698,0.699
57300000000,0.682,0.679,0.672,0.693,0.694
57600000000,0.678,0.678,0.669,0.688,0.69
57900000000,0.677,0.678,0.667,0.686,0.69
58200000000,0.683,0.68,0.67,0.693,0.696
58500000000,0.686,0.683,0.672,0.698,0.701
58800000000,0.691,0.688,0.677,0.703,0.707
59100000000,0.69,0.689,0.678,0.704,0.708
59400000000,0.689,0.689,0.679,0.704,0.709
59700000000,0.682,0.684,0.676,0.697,0.702
60000000000,0.682,0.685,0.68,0.699,0.704
60300000000,0.683,0.685,0.682,0.701,0.706
60600000000,0.683,0.684,0.679,0.699,0.704
60900000000,0.683,0.683,0.675,0.698,0.701
61200000000,0.686,0.686,0.678,0.703,0.703
61500000000,0.687,0.684,0.679,0.704,0.705
61800000000,0.689,0.69,0.682,0.708,0.709
62100000000,0.69,0.692,0.682,0.709,0.71
62400000000,0.689,0.686,0.681,0.706,0.709
62700000000,0.688,0.689,0.683,0.707,0.711
63000000000,0.685,0.686,0.682,0.703,0.707
63300000000,0.684,0.686,0.682,0.702,0.703
63600000000,0.687,0.69,0.684,0.706,0.707
63900000000,0.69,0.694,0.687,0.709,0.711
64200000000,0.691,0.697,0.688,0.711,0.712
64500000000,0.693,0.698,0.692,0.712,0.713
64800000000,0.697,0.7,0.695,0.715,0.716
65100000000,0.705,0.708,0.704,0.726,0.724
65400000000,0.712,0.711,0.707,0.731,0.729
65700000000,0.722,0.718,0.714,0.744,0.741
66000000000,0.728,0.726,0.718,0.753,0.749
66300000000,0.731,0.728,0.721,0.759,0.754
66600000000,0.728,0.727,0.719,0.758,0.752
66900000000,0.72,0.722,0.713,0.751,0.746
67200000000,0.715,0.715,0.711,0.748,0.743
67500000000,0.713,0.712,0.709,0.745,0.74
67800000000,0.712,0.713,0.708,0.744,0.739
68100000000,0.71,0.715,0.708,0.745,0.739
68400000000,0.706,0.712,0.705,0.743,0.737
68700000000,0.701,0.709,0.701,0.739,0.733
69000000000,0.696,0.705,0.697,0.736,0.73
69300000000,0.693,0.704,0.695,0.733,0.727
69600000000,0.692,0.7,0.692,0.731,0.725
69900000000,0.694,0.702,0.691,0.731,0.724
70200000000,0.695,0.704,0.693,0.732,0.725
70500000000,0.699,0.706,0.696,0.735,0.728
70800000000,0.697,0.705,0.696,0.734,0.728
71100000000,0.696,0.705,0.696,0.732,0.726
71400000000,0.695,0.703,0.694,0.728,0.723
71700000000,0.696,0.705,0.696,0.729,0.725
72000000000,0.699,0.705,0.698,0.732,0.727
72300000000,0.698,0.704,0.697,0.732,0.727
72600000000,0.697,0.704,0.696,0.731,0.726
72900000000,0.696,0.702,0.694,0.731,0.724
73200000000,0.691,0.697,0.689,0.725,0.72
73500000000,0.689,0.697,0.688,0.724,0.719
73800000000,0.692,0.7,0.691,0.727,0.722
74100000000,0.693,0.699,0.692,0.728,0.722
74400000000,0.681,0.689,0.682,0.717,0.712
74700000000,0.662,0.673,0.662,0.693,0.691
75000000000,0.639,0.654,0.637,0.665,0.663
75300000000,0.628,0.645,0.625,0.65,0.647
75600000000,0.625,0.642,0.62,0.644,0.642
75900000000,0.625,0.639,0.619,0.641,0.641
76200000000,0.626,0.636,0.618,0.64,0.64
76500000000,0.626,0.632,0.618,0.643,0.642
76800000000,0.621,0.625,0.612,0.636,0.637
77100000000,0.617,0.626,0.611,0.637,0.638
77400000000,0.621,0.633,0.617,0.642,0.643
77700000000,0.622,0.633,0.619,0.645,0.644
78000000000,0.615,0.624,0.613,0.637,0.637
78300000000,0.619,0.629,0.616,0.641,0.64
78600000000,0.625,0.635,0.621,0.647,0.646
78900000000,0.633,0.641,0.63,0.657,0.656
79200000000,0.651,0.659,0.65,0.683,0.676
79500000000,0.663,0.671,0.663,0.7,0.691
79800000000,0.671,0.675,0.669,0.705,0.699
80100000000,0.67,0.673,0.667,0.702,0.7
80400000000,0.665,0.67,0.664,0.699,0.695
80700000000,0.664,0.672,0.665,0.7,0.695
81000000000,0.66,0.67,0.663,0.697,0.69
81300000000,0.659,0.665,0.658,0.693,0.686
81600000000,0.657,0.663,0.656,0.691,0.684
81900000000,0.657,0.662,0.655,0.688,0.684
82200000000,0.649,0.654,0.649,0.681,0.676
82500000000,0.653,0.658,0.652,0.685,0.68
82800000000,0.64,0.645,0.639,0.664,0.661
83100000000,0.635,0.643,0.638,0.661,0.659
83400000000,0.655,0.66,0.655,0.684,0.68
83700000000,0.668,0.671,0.666,0.697,0.693
84000000000,0.645,0.648,0.644,0.668,0.666
84300000000,0.634,0.639,0.633,0.656,0.654
84600000000,0.658,0.662,0.654,0.685,0.681
84900000000,0.659,0.663,0.659,0.691,0.686
85200000000,0.655,0.658,0.655,0.688,0.68
85500000000,0.657,0.664,0.658,0.694,0.685
85800000000,0.663,0.668,0.663,0.7,0.69
86100000000,0.663,0.666,0.664,0.697,0.689
86400000000,0.666,0.666,0.668,0.698,0.692
86700000000,0.667,0.666,0.669,0.696,0.691
87000000000,0.666,0.668,0.67,0.695,0.691
87300000000,0.672,0.675,0.674,0.7,0.696
87600000000,0.677,0.679,0.675,0.703,0.698
87900000000,0.673,0.677,0.67,0.7,0.695
88200000000,0.667,0.673,0.666,0.696,0.691
88500000000,0.67,0.677,0.669,0.698,0.693
88800000000,0.669,0.676,0.668,0.698,0.693
89100000000,0.67,0.678,0.667,0.699,0.694
89400000000,0.667,0.676,0.662,0.694,0.689
89700000000,0.668,0.678,0.662,0.695,0.692
90000000000,0.675,0.683,0.666,0.703,0.699
90300000000,0.674,0.68,0.667,0.703,0.699
90600000000,0.675,0.682,0.67,0.704,0.699
90900000000,0.683,0.691,0.68,0.714,0.708
91200000000,0.686,0.696,0.68,0.713,0.707
91500000000,0.682,0.697,0.675,0.706,0.701
91800000000,0.682,0.697,0.669,0.704,0.7
92100000000,0.682,0.698,0.671,0.705,0.701
92400000000,0.684,0.7,0.674,0.707,0.7
92700000000,0.685,0.701,0.676,0.709,0.702
93000000000,0.685,0.7,0.676,0.707,0.702
93300000000,0.691,0.703,0.681,0.71,0.707
93600000000,0.691,0.7,0.678,0.706,0.704
93900000000,0.698,0.707,0.682,0.714,0.713
94200000000,0.708,0.714,0.692,0.722,0.722
94500000000,0.716,0.72,0.7,0.731,0.733
94800000000,0.716,0.719,0.699,0.73,0.732
95100000000,0.715,0.717,0.697,0.728,0.73
95400000000,0.712,0.717,0.696,0.725,0.727
95700000000,0.708,0.712,0.692,0.721,0.722
96000000000,0.704,0.71,0.688,0.717,0.717
96300000000,0.699,0.705,0.684,0.71,0.712
96600000000,0.695,0.697,0.678,0.704,0.706
96900000000,0.694,0.7,0.678,0.704,0.706
97200000000,0.698,0.704,0.684,0.71,0.711
97500000000,0.706,0.711,0.693,0.72,0.721
97800000000,0.702,0.708,0.689,0.715,0.716
98100000000,0.696,0.702,0.681,0.706,0.708
98400000000,0.699,0.704,0.685,0.711,0.714
98700000000,0.704,0.71,0.692,0.719,0.721
99000000000,0.706,0.713,0.696,0.724,0.724
99300000000,0.699,0.708,0.69,0.717,0.718
99600000000,0.697,0.705,0.687,0.715,0.714
99900000000,0.695,0.701,0.684,0.711,0.711
100200000000,0.694,0.7,0.68,0.706,0.707
100500000000,0.697,0.703,0.683,0.71,0.711
100800000000,0.694,0.701,0.683,0.711,0.711
101100000000,0.694,0.702,0.684,0.712,0.712
101400000000,0.699,0.704,0.688,0.715,0.715
101700000000,0.704,0.708,0.693,0.719,0.719
102000000000,0.708,0.71,0.697,0.724,0.724
102300000000,0.708,0.708,0.697,0.725,0.724
102600000000,0.708,0.705,0.697,0.726,0.724
102900000000,0.708,0.706,0.696,0.725,0.725
103200000000,0.709,0.706,0.698,0.727,0.726
103500000000,0.71,0.708,0.702,0.731,0.73
103800000000,0.713,0.711,0.705,0.735,0.733
104100000000,0.711,0.711,0.704,0.734,0.731
104400000000,0.708,0.708,0.703,0.732,0.729
104700000000,0.712,0.71,0.705,0.733,0.73
105000000000,0.713,0.711,0.706,0.733,0.731
105300000000,0.713,0.709,0.705,0.73,0.73
105600000000,0.714,0.708,0.704,0.732,0.73
105900000000,0.716,0.709,0.705,0.732,0.73
106200000000,0.717,0.711,0.705,0.733,0.731
106500000000,0.718,0.713,0.707,0.735,0.735
106800000000,0.723,0.719,0.712,0.741,0.74
107100000000,0.722,0.717,0.711,0.741,0.739
107400000000,0.721,0.717,0.709,0.739,0.737
107700000000,0.719,0.715,0.706,0.736,0.736
108000000000,0.719,0.714,0.707,0.736,0.736
108300000000,0.718,0.715,0.708,0.737,0.736
108600000000,0.717,0.713,0.708,0.735,0.734
108900000000,0.716,0.712,0.706,0.732,0.733
109200000000,0.713,0.71,0.704,0.732,0.732
109500000000,0.718,0.715,0.708,0.738,0.737
109800000000,0.718,0.716,0.71,0.738,0.738
110100000000,0.719,0.715,0.709,0.736,0.736
110400000000,0.716,0.714,0.706,0.733,0.733
110700000000,0.717,0.714,0.707,0.735,0.735
111000000000,0.72,0.718,0.71,0.738,0.738
111300000000,0.72,0.718,0.712,0.739,0.739
111600000000,0.723,0.72,0.714,0.742,0.74
111900000000,0.727,0.723,0.717,0.745,0.744
112200000000,0.727,0.723,0.717,0.745,0.743
112500000000,0.723,0.719,0.713,0.741,0.739
112800000000,0.714,0.71,0.704,0.731,0.73
113100000000,0.707,0.705,0.698,0.723,0.722
113400000000,0.702,0.702,0.693,0.718,0.716
113700000000,0.704,0.703,0.695,0.72,0.719
114000000000,0.713,0.71,0.705,0.73,0.729
114300000000,0.722,0.719,0.714,0.742,0.74
114600000000,0.729,0.724,0.72,0.749,0.747
114900000000,0.72,0.717,0.712,0.739,0.738
115200000000,0.712,0.708,0.705,0.728,0.727
115500000000,0.709,0.706,0.702,0.724,0.722
115800000000,0.712,0.709,0.705,0.727,0.726
116100000000,0.713,0.71,0.705,0.728,0.727
116400000000,0.71,0.708,0.701,0.723,0.722
116700000000,0.707,0.706,0.698,0.72,0.719
117000000000,0.71,0.708,0.7,0.721,0.721
117300000000,0.712,0.712,0.701,0.724,0.725
117600000000,0.709,0.709,0.701,0.722,0.725
117900000000,0.708,0.708,0.7,0.721,0.723
118200000000,0.711,0.71,0.702,0.722,0.725
118500000000,0.71,0.709,0.7,0.72,0.723
118800000000,0.714,0.712,0.703,0.725,0.726
119100000000,0.715,0.711,0.705,0.726,0.727
119400000000,0.713,0.709,0.703,0.724,0.724
119700000000,0.712,0.708,0.701,0.722,0.722
120000000000,0.714,0.708,0.702,0.724,0.725
120300000000,0.718,0.714,0.705,0.728,0.73
120600000000,0.721,0.718,0.71,0.733,0.735
120900000000,0.721,0.717,0.71,0.734,0.735
121200000000,0.721,0.716,0.71,0.732,0.734
121500000000,0.717,0.711,0.705,0.727,0.729
121800000000,0.717,0.711,0.705,0.727,0.729
122100000000,0.716,0.711,0.704,0.727,0.729
122400000000,0.718,0.713,0.705,0.729,0.731
122700000000,0.719,0.715,0.705,0.73,0.732
123000000000,0.715,0.712,0.703,0.726,0.729
123300000000,0.715,0.712,0.702,0.724,0.728
123600000000,0.714,0.711,0.7,0.722,0.725
123900000000,0.713,0.71,0.699,0.721,0.725
124200000000,0.705,0.703,0.693,0.714,0.717
124500000000,0.703,0.699,0.69,0.711,0.715
124800000000,0.703,0.7,0.69,0.713,0.716
125100000000,0.709,0.708,0.697,0.721,0.723
125400000000,0.701,0.7,0.689,0.712,0.714
125700000000,0.696,0.698,0.685,0.705,0.709
126000000000,0.709,0.706,0.696,0.718,0.722
126300000000,0.723,0.711,0.71,0.737,0.739
126600000000,0.728,0.712,0.716,0.745,0.746
126900000000,0.729,0.713,0.717,0.746,0.746
127200000000,0.726,0.711,0.715,0.743,0.744
127500000000,0.718,0.704,0.707,0.734,0.736
127800000000,0.719,0.705,0.708,0.735,0.737
128100000000,0.719,0.704,0.706,0.735,0.737
128400000000,0.715,0.702,0.705,0.731,0.734
128700000000,0.712,0.7,0.702,0.729,0.731
129000000000,0.713,0.7,0.702,0.728,0.731
129300000000,0.712,0.7,0.701,0.726,0.729
129600000000,0.709,0.696,0.698,0.72,0.723
129900000000,0.702,0.691,0.692,0.712,0.716
130200000000,0.703,0.691,0.691,0.709,0.714
130500000000,0.706,0.695,0.693,0.713,0.718
130800000000,0.709,0.697,0.696,0.717,0.721
131100000000,0.71,0.697,0.697,0.719,0.723
131400000000,0.708,0.696,0.695,0.717,0.721
131700000000,0.703,0.693,0.693,0.714,0.718
132000000000,0.704,0.695,0.694,0.714,0.717
132300000000,0.702,0.693,0.693,0.71,0.715
132600000000,0.701,0.692,0.692,0.709,0.716
132900000000,0.698,0.689,0.689,0.708,0.713
133200000000,0.697,0.687,0.686,0.706,0.71
133500000000,0.7,0.69,0.688,0.708,0.712
133800000000,0.702,0.69,0.69,0.71,0.714
134100000000,0.703,0.691,0.69,0.711,0.714
134400000000,0.698,0.688,0.686,0.707,0.711
134700000000,0.7,0.69,0.686,0.709,0.712
135000000000,0.701,0.692,0.688,0.712,0.714
135300000000,0.697,0.689,0.688,0.71,0.713
135600000000,0.698,0.689,0.689,0.71,0.713
135900000000,0.693,0.686,0.684,0.701,0.707
136200000000,0.698,0.691,0.686,0.703,0.709
136500000000,0.705,0.698,0.693,0.709,0.715
136800000000,0.706,0.698,0.695,0.709,0.715
137100000000,0.705,0.699,0.695,0.709,0.714
137400000000,0.704,0.696,0.694,0.706,0.712
137700000000,0.701,0.694,0.691,0.701,0.707
138000000000,0.705,0.696,0.692,0.705,0.711
138300000000,0.707,0.697,0.694,0.707,0.713
138600000000,0.707,0.696,0.693,0.705,0.712
138900000000,0.703,0.692,0.688,0.7,0.708
139200000000,0.704,0.694,0.69,0.703,0.71
139500000000,0.708,0.703,0.697,0.708,0.715
139800000000,0.705,0.7,0.696,0.706,0.712
140100000000,0.704,0.696,0.694,0.703,0.71
140400000000,0.705,0.695,0.693,0.704,0.711
140700000000,0.703,0.694,0.692,0.702,0.709
141000000000,0.698,0.69,0.688,0.697,0.703
141300000000,0.698,0.689,0.688,0.699,0.704
141600000000,0.7,0.69,0.693,0.703,0.708
141900000000,0.703,0.693,0.696,0.707,0.711
142200000000,0.704,0.694,0.697,0.708,0.712
142500000000,0.705,0.697,0.698,0.708,0.714
142800000000,0.7,0.693,0.693,0.704,0.709
143100000000,0.702,0.694,0.693,0.705,0.71
143400000000,0.701,0.693,0.692,0.705,0.71
143700000000,0.696,0.689,0.688,0.699,0.704
144000000000,0.7,0.692,0.693,0.704,0.709
144300000000,0.704,0.694,0.696,0.708,0.712
144600000000,0.707,0.697,0.699,0.71,0.714
144900000000,0.707,0.699,0.698,0.709,0.714
145200000000,0.699,0.69,0.689,0.697,0.704
145500000000,0.697,0.688,0.686,0.694,0.701
145800000000,0.699,0.688,0.687,0.697,0.703
146100000000,0.702,0.691,0.69,0.701,0.707
146400000000,0.7,0.691,0.692,0.703,0.706
146700000000,0.7,0.69,0.691,0.701,0.705
147000000000,0.702,0.692,0.691,0.702,0.707
147300000000,0.703,0.693,0.691,0.701,0.709
147600000000,0.701,0.691,0.689,0.698,0.707
147900000000,0.701,0.694,0.691,0.699,0.709
148200000000,0.708,0.699,0.697,0.709,0.715
148500000000,0.714,0.703,0.702,0.718,0.72
148800000000,0.721,0.709,0.708,0.725,0.729
149100000000,0.721,0.708,0.707,0.725,0.728
149400000000,0.718,0.706,0.705,0.724,0.727
149700000000,0.719,0.711,0.71,0.73,0.734
150000000000,0.722,0.714,0.713,0.734,0.738
150300000000,0.727,0.717,0.715,0.736,0.74
150600000000,0.729,0.717,0.717,0.738,0.743
150900000000,0.725,0.713,0.713,0.734,0.739
151200000000,0.726,0.715,0.715,0.736,0.741
151500000000,0.724,0.714,0.714,0.735,0.739
151800000000,0.721,0.711,0.709,0.729,0.735
152100000000,0.721,0.712,0.709,0.729,0.734
152400000000,0.722,0.715,0.71,0.731,0.734
152700000000,0.727,0.718,0.714,0.736,0.738
153000000000,0.727,0.722,0.715,0.736,0.739
153300000000,0.727,0.722,0.715,0.736,0.74
153600000000,0.726,0.72,0.714,0.734,0.737
153900000000,0.727,0.721,0.713,0.732,0.737
154200000000,0.725,0.719,0.71,0.73,0.736
154500000000,0.727,0.72,0.712,0.733,0.738
154800000000,0.727,0.719,0.713,0.734,0.739
155100000000,0.728,0.72,0.715,0.735,0.739
155400000000,0.728,0.721,0.716,0.736,0.74
155700000000,0.728,0.721,0.717,0.736,0.74
156000000000,0.728,0.72,0.716,0.735,0.74
156300000000,0.721,0.713,0.711,0.728,0.733
156600000000,0.718,0.71,0.708,0.725,0.731
156900000000,0.717,0.71,0.707,0.725,0.731
157200000000,0.719,0.711,0.707,0.724,0.731
157500000000,0.718,0.71,0.707,0.724,0.73
157800000000,0.717,0.709,0.704,0.722,0.728
158100000000,0.718,0.708,0.703,0.723,0.729
158400000000,0.717,0.708,0.701,0.722,0.729
158700000000,0.714,0.706,0.701,0.724,0.729
159000000000,0.719,0.709,0.706,0.728,0.733
159300000000,0.721,0.712,0.708,0.73,0.734
159600000000,0.714,0.707,0.701,0.72,0.726
159900000000,0.713,0.706,0.699,0.718,0.724
160200000000,0.717,0.708,0.702,0.722,0.727
160500000000,0.718,0.708,0.702,0.723,0.728
160800000000,0.716,0.707,0.7,0.72,0.725
161100000000,0.716,0.707,0.699,0.719,0.724
161400000000,0.716,0.708,0.699,0.718,0.725
161700000000,0.713,0.704,0.696,0.714,0.722
162000000000,0.721,0.711,0.704,0.724,0.73
162300000000,0.72,0.71,0.702,0.721,0.728
162600000000,0.716,0.706,0.697,0.715,0.723
162900000000,0.715,0.706,0.695,0.713,0.721
163200000000,0.711,0.702,0.692,0.708,0.718
163500000000,0.709,0.7,0.692,0.708,0.718
163800000000,0.713,0.704,0.696,0.714,0.723
164100000000,0.711,0.703,0.696,0.716,0.724
164400000000,0.707,0.7,0.693,0.713,0.72
164700000000,0.703,0.695,0.687,0.705,0.714
165000000000,0.693,0.687,0.676,0.691,0.703
165300000000,0.683,0.678,0.667,0.676,0.687
165600000000,0.674,0.669,0.66,0.664,0.675
165900000000,0.674,0.669,0.661,0.665,0.675
166200000000,0.679,0.674,0.665,0.672,0.682
166500000000,0.686,0.681,0.67,0.681,0.691
166800000000,0.698,0.691,0.682,0.695,0.706
167100000000,0.707,0.698,0.691,0.705,0.715
167400000000,0.713,0.705,0.698,0.716,0.724
167700000000,0.707,0.702,0.695,0.714,0.722
168000000000,0.699,0.694,0.688,0.706,0.714
168300000000,0.687,0.686,0.676,0.688,0.696
168600000000,0.69,0.685,0.674,0.687,0.697
168900000000,0.692,0.686,0.674,0.688,0.7
169200000000,0.698,0.69,0.679,0.694,0.705
169500000000,0.699,0.692,0.681,0.698,0.709
169800000000,0.699,0.691,0.682,0.699,0.709
170100000000,0.702,0.695,0.684,0.701,0.711
170400000000,0.7,0.693,0.683,0.7,0.71
170700000000,0.703,0.697,0.686,0.704,0.713
171000000000,0.704,0.698,0.688,0.706,0.715
171300000000,0.703,0.697,0.688,0.705,0.714
171600000000,0.701,0.694,0.685,0.701,0.71
171900000000,0.7,0.691,0.683,0.699,0.71
172200000000,0.694,0.681,0.675,0.69,0.7
172500000000,0.683,0.671,0.666,0.678,0.687
172800000000,0.672,0.664,0.656,0.665,0.672
173100000000,0.668,0.664,0.655,0.66,0.667
173400000000,0.667,0.666,0.654,0.66,0.667
173700000000,0.676,0.674,0.662,0.669,0.677
174000000000,0.687,0.684,0.673,0.682,0.69
174300000000,0.69,0.686,0.677,0.686,0.693
174600000000,0.693,0.688,0.681,0.689,0.697
174900000000,0.687,0.683,0.677,0.685,0.691
175200000000,0.692,0.688,0.681,0.692,0.697
175500000000,0.697,0.692,0.685,0.698,0.706
175800000000,0.703,0.697,0.691,0.706,0.712
176100000000,0.71,0.702,0.698,0.715,0.72
176400000000,0.716,0.708,0.705,0.723,0.728
176700000000,0.717,0.706,0.705,0.723,0.728
177000000000,0.719,0.708,0.705,0.725,0.73
177300000000,0.716,0.705,0.702,0.721,0.726
177600000000,0.715,0.708,0.702,0.721,0.727
177900000000,0.712,0.705,0.7,0.719,0.724
178200000000,0.711,0.704,0.7,0.718,0.723
178500000000,0.71,0.703,0.7,0.719,0.722
178800000000,0.714,0.706,0.702,0.721,0.721
179100000000,0.715,0.706,0.703,0.721,0.724
179400000000,0.719,0.712,0.707,0.726,0.729
179700000000,0.717,0.71,0.706,0.724,0.727
180000000000,0.716,0.708,0.704,0.723,0.726
180300000000,0.713,0.706,0.702,0.72,0.724
180600000000,0.715,0.706,0.701,0.721,0.726
180900000000,0.719,0.708,0.706,0.727,0.727
181200000000,0.718,0.709,0.706,0.728,0.728
181500000000,0.712,0.704,0.7,0.718,0.721
181800000000,0.709,0.7,0.696,0.714,0.715
182100000000,0.709,0.701,0.697,0.714,0.716
182400000000,0.71,0.701,0.697,0.717,0.718
182700000000,0.709,0.701,0.698,0.717,0.719
183000000000,0.712,0.704,0.7,0.718,0.72
183300000000,0.715,0.706,0.702,0.721,0.723
183600000000,0.716,0.707,0.702,0.723,0.726
183900000000,0.722,0.712,0.707,0.729,0.734
184200000000,0.717,0.707,0.702,0.723,0.729
184500000000,0.715,0.707,0.7,0.719,0.726
184800000000,0.716,0.709,0.702,0.723,0.728
185100000000,0.713,0.706,0.7,0.719,0.725
185400000000,0.713,0.707,0.701,0.721,0.725
185700000000,0.716,0.709,0.703,0.723,0.728
186000000000,0.714,0.707,0.701,0.72,0.726
186300000000,0.714,0.706,0.702,0.722,0.727
186600000000,0.717,0.708,0.703,0.723,0.729
186900000000,0.719,0.71,0.704,0.725,0.731
187200000000,0.719,0.711,0.704,0.726,0.733
187500000000,0.718,0.711,0.705,0.727,0.733
187800000000,0.718,0.711,0.705,0.727,0.733
188100000000,0.716,0.709,0.703,0.725,0.73
188400000000,0.716,0.709,0.701,0.723,0.729
188700000000,0.715,0.709,0.7,0.722,0.729
189000000000,0.716,0.71,0.702,0.723,0.729
189300000000,0.712,0.706,0.699,0.718,0.726
189600000000,0.712,0.705,0.698,0.72,0.728
189900000000,0.712,0.704,0.698,0.719,0.726
190200000000,0.71,0.702,0.695,0.714,0.722
190500000000,0.709,0.703,0.695,0.716,0.723
190800000000,0.706,0.7,0.693,0.713,0.721
191100000000,0.71,0.703,0.696,0.717,0.725
191400000000,0.712,0.704,0.697,0.717,0.725
191700000000,0.714,0.704,0.698,0.717,0.724
192000000000,0.717,0.706,0.702,0.722,0.729
192300000000,0.717,0.706,0.703,0.722,0.728
192600000000,0.717,0.706,0.703,0.722,0.728
192900000000,0.717,0.706,0.701,0.72,0.727
193200000000,0.716,0.704,0.7,0.719,0.726
193500000000,0.717,0.704,0.699,0.719,0.726
193800000000,0.716,0.703,0.699,0.718,0.725
194100000000,0.716,0.704,0.7,0.72,0.727
194400000000,0.718,0.708,0.703,0.722,0.729
194700000000,0.718,0.707,0.704,0.723,0.729
195000000000,0.725,0.713,0.71,0.73,0.737
195300000000,0.725,0.714,0.71,0.731,0.737
195600000000,0.722,0.712,0.708,0.728,0.735
195900000000,0.722,0.711,0.707,0.727,0.733
196200000000,0.721,0.71,0.706,0.725,0.731
196500000000,0.722,0.711,0.707,0.727,0.733
196800000000,0.723,0.712,0.708,0.729,0.735
197100000000,0.725,0.713,0.71,0.73,0.737
197400000000,0.725,0.714,0.71,0.729,0.736
197700000000,0.728,0.718,0.714,0.733,0.74
198000000000,0.732,0.722,0.718,0.739,0.744
198300000000,0.737,0.726,0.723,0.745,0.75
198600000000,0.735,0.724,0.721,0.745,0.751
198900000000,0.732,0.722,0.718,0.74,0.745
199200000000,0.728,0.719,0.716,0.736,0.741
199500000000,0.726,0.718,0.715,0.734,0.739
199800000000,0.726,0.718,0.715,0.733,0.738
200100000000,0.72,0.712,0.708,0.726,0.732
200400000000,0.713,0.707,0.701,0.714,0.722
200700000000,0.721,0.715,0.709,0.721,0.73
201000000000,0.729,0.73,0.718,0.733,0.739
201300000000,0.732,0.734,0.721,0.738,0.743
201600000000,0.736,0.739,0.724,0.74,0.746
201900000000,0.733,0.735,0.72,0.737,0.743
202200000000,0.73,0.731,0.717,0.733,0.739
202500000000,0.729,0.729,0.715,0.731,0.736
202800000000,0.728,0.728,0.714,0.729,0.734
203100000000,0.726,0.728,0.714,0.728,0.733
203400000000,0.722,0.723,0.71,0.723,0.728
203700000000,0.722,0.725,0.709,0.723,0.727
204000000000,0.724,0.728,0.712,0.726,0.73
204300000000,0.727,0.733,0.715,0.73,0.734
204600000000,0.728,0.733,0.716,0.73,0.734
204900000000,0.723,0.723,0.712,0.725,0.729
205200000000,0.718,0.714,0.708,0.72,0.723
205500000000,0.717,0.717,0.707,0.718,0.721
205800000000,0.719,0.718,0.709,0.721,0.725
206100000000,0.717,0.717,0.707,0.718,0.722
206400000000,0.71,0.713,0.7,0.712,0.715
206700000000,0.714,0.714,0.702,0.714,0.716
207000000000,0.71,0.71,0.7,0.71,0.712
207300000000,0.695,0.698,0.686,0.691,0.694
207600000000,0.689,0.688,0.68,0.684,0.689
207900000000,0.684,0.676,0.678,0.681,0.688
208200000000,0.683,0.676,0.676,0.678,0.686
208500000000,0.69,0.69,0.681,0.684,0.691
208800000000,0.692,0.691,0.684,0.688,0.693
209100000000,0.69,0.689,0.683,0.688,0.692
209400000000,0.685,0.683,0.678,0.681,0.685
209700000000,0.686,0.682,0.678,0.683,0.688
210000000000,0.688,0.684,0.683,0.692,0.695
210300000000,0.686,0.681,0.684,0.693,0.697
210600000000,0.688,0.678,0.685,0.694,0.698
210900000000,0.692,0.685,0.686,0.695,0.699
211200000000,0.69,0.688,0.681,0.688,0.692
211500000000,0.699,0.696,0.689,0.698,0.703
211800000000,0.701,0.698,0.691,0.699,0.706
212100000000,0.704,0.702,0.694,0.705,0.712
212400000000,0.703,0.705,0.696,0.704,0.711
212700000000,0.699,0.7,0.692,0.702,0.707
213000000000,0.701,0.701,0.692,0.703,0.709
213300000000,0.7,0.701,0.691,0.702,0.708
213600000000,0.703,0.701,0.693,0.705,0.71
213900000000,0.708,0.705,0.699,0.713,0.719
214200000000,0.705,0.702,0.697,0.711,0.716
214500000000,0.7,0.699,0.693,0.704,0.709
214800000000,0.7,0.698,0.693,0.703,0.71
215100000000,0.703,0.699,0.696,0.708,0.715
215400000000,0.705,0.691,0.701,0.715,0.722
215700000000,0.702,0.691,0.698,0.71,0.717
216000000000,0.705,0.7,0.698,0.708,0.716
216300000000,0.709,0.704,0.701,0.712,0.721
216600000000,0.71,0.704,0.703,0.714,0.722
216900000000,0.704,0.698,0.697,0.707,0.715
217200000000,0.706,0.7,0.699,0.711,0.719
217500000000,0.708,0.7,0.703,0.715,0.723
217800000000,0.705,0.695,0.702,0.713,0.721
218100000000,0.699,0.689,0.695,0.707,0.713
218400000000,0.701,0.69,0.698,0.711,0.717
218700000000,0.719,0.705,0.712,0.729,0.735
219000000000,0.727,0.71,0.72,0.741,0.747
219300000000,0.737,0.726,0.724,0.746,0.753
219600000000,0.739,0.729,0.723,0.746,0.753
219900000000,0.737,0.727,0.722,0.744,0.751
220200000000,0.741,0.73,0.725,0.746,0.755
220500000000,0.743,0.731,0.727,0.747,0.756
220800000000,0.74,0.729,0.725,0.746,0.755
221100000000,0.736,0.724,0.721,0.741,0.75
221400000000,0.733,0.721,0.718,0.738,0.746
221700000000,0.731,0.719,0.716,0.736,0.743
222000000000,0.732,0.721,0.717,0.736,0.744
222300000000,0.734,0.723,0.72,0.738,0.747
222600000000,0.737,0.726,0.723,0.743,0.751
222900000000,0.736,0.726,0.723,0.743,0.751
223200000000,0.735,0.725,0.723,0.742,0.751
223500000000,0.735,0.725,0.722,0.742,0.75
223800000000,0.734,0.723,0.722,0.741,0.749
224100000000,0.733,0.723,0.72,0.74,0.748
224400000000,0.73,0.721,0.718,0.736,0.743
224700000000,0.728,0.72,0.717,0.735,0.743
225000000000,0.729,0.719,0.717,0.735,0.744
225300000000,0.728,0.72,0.716,0.735,0.744
225600000000,0.726,0.721,0.715,0.734,0.744
225900000000,0.725,0.72,0.716,0.734,0.743
226200000000,0.726,0.72,0.716,0.735,0.743
226500000000,0.726,0.718,0.715,0.733,0.742
226800000000,0.724,0.716,0.713,0.731,0.741
227100000000,0.722,0.714,0.711,0.731,0.739
227400000000,0.724,0.715,0.713,0.732,0.74
227700000000,0.729,0.72,0.718,0.736,0.746
228000000000,0.73,0.722,0.719,0.737,0.747
228300000000,0.729,0.721,0.717,0.737,0.746
228600000000,0.727,0.718,0.716,0.736,0.743
228900000000,0.728,0.717,0.717,0.738,0.744
229200000000,0.725,0.715,0.713,0.735,0.741
229500000000,0.727,0.716,0.715,0.736,0.742
229800000000,0.728,0.717,0.716,0.738,0.745
230100000000,0.726,0.716,0.714,0.735,0.744
230400000000,0.727,0.716,0.714,0.737,0.747
230700000000,0.723,0.714,0.712,0.734,0.745
231000000000,0.721,0.713,0.711,0.731,0.741
231300000000,0.725,0.718,0.716,0.736,0.746
231600000000,0.73,0.724,0.724,0.744,0.752
231900000000,0.728,0.725,0.725,0.746,0.754
232200000000,0.732,0.725,0.723,0.746,0.755
232500000000,0.733,0.724,0.722,0.746,0.754
232800000000,0.734,0.724,0.722,0.746,0.753
233100000000,0.731,0.719,0.718,0.741,0.748
233400000000,0.727,0.717,0.716,0.738,0.744
233700000000,0.728,0.717,0.714,0.736,0.744
234000000000,0.731,0.721,0.718,0.74,0.747
234300000000,0.73,0.719,0.719,0.74,0.748
234600000000,0.728,0.717,0.716,0.737,0.744
234900000000,0.728,0.716,0.715,0.736,0.744
235200000000,0.73,0.718,0.718,0.739,0.747
235500000000,0.732,0.719,0.719,0.74,0.749
235800000000,0.733,0.719,0.719,0.741,0.75
236100000000,0.731,0.718,0.719,0.739,0.749
236400000000,0.73,0.718,0.72,0.74,0.75
236700000000,0.728,0.718,0.72,0.741,0.751
237000000000,0.731,0.718,0.719,0.74,0.752
237300000000,0.732,0.717,0.719,0.74,0.752
237600000000,0.735,0.719,0.721,0.742,0.754
237900000000,0.732,0.717,0.719,0.74,0.751
238200000000,0.734,0.718,0.721,0.742,0.752
238500000000,0.736,0.721,0.724,0.745,0.755
238800000000,0.735,0.721,0.721,0.743,0.752
239100000000,0.734,0.721,0.722,0.743,0.752
239400000000,0.736,0.722,0.723,0.743,0.753
239700000000,0.737,0.723,0.722,0.744,0.754
240000000000,0.739,0.724,0.724,0.745,0.755
240300000000,0.739,0.724,0.724,0.745,0.756
240600000000,0.736,0.722,0.722,0.743,0.754
240900000000,0.731,0.718,0.717,0.735,0.747
241200000000,0.727,0.715,0.713,0.73,0.742
241500000000,0.724,0.713,0.709,0.728,0.739
241800000000,0.723,0.713,0.71,0.727,0.736
242100000000,0.725,0.716,0.713,0.73,0.739
242400000000,0.722,0.713,0.71,0.728,0.737
242700000000,0.719,0.711,0.708,0.725,0.734
243000000000,0.719,0.711,0.707,0.725,0.734
243300000000,0.717,0.71,0.705,0.724,0.731
243600000000,0.715,0.708,0.703,0.722,0.728
243900000000,0.716,0.709,0.705,0.723,0.732
244200000000,0.718,0.71,0.707,0.725,0.735
244500000000,0.717,0.709,0.707,0.725,0.734
244800000000,0.717,0.708,0.707,0.725,0.734
245100000000,0.717,0.71,0.708,0.727,0.736
245400000000,0.716,0.709,0.706,0.725,0.734
245700000000,0.709,0.693,0.706,0.723,0.734
246000000000,0.712,0.697,0.708,0.727,0.738
246300000000,0.714,0.698,0.71,0.729,0.74
246600000000,0.714,0.697,0.708,0.728,0.738
246900000000,0.712,0.696,0.706,0.725,0.735
247200000000,0.709,0.693,0.704,0.725,0.734
247500000000,0.71,0.695,0.706,0.726,0.736
247800000000,0.708,0.694,0.707,0.725,0.737
248100000000,0.706,0.693,0.706,0.725,0.737
248400000000,0.708,0.696,0.709,0.729,0.738
248700000000,0.711,0.697,0.711,0.732,0.74
249000000000,0.709,0.697,0.71,0.73,0.739
249300000000,0.703,0.691,0.703,0.723,0.732
249600000000,0.69,0.68,0.692,0.709,0.717
249900000000,0.67,0.666,0.677,0.687,0.696
250200000000,0.657,0.652,0.664,0.668,0.676
250500000000,0.653,0.652,0.661,0.664,0.673
250800000000,0.653,0.652,0.662,0.665,0.674
251100000000,0.646,0.644,0.653,0.653,0.664
251400000000,0.642,0.641,0.648,0.646,0.659
251700000000,0.641,0.641,0.649,0.646,0.659
252000000000,0.644,0.644,0.652,0.652,0.665
252300000000,0.641,0.644,0.648,0.65,0.662
252600000000,0.644,0.651,0.649,0.649,0.662
252900000000,0.657,0.664,0.659,0.661,0.674
253200000000,0.657,0.664,0.658,0.66,0.671
253500000000,0.656,0.663,0.656,0.658,0.669
253800000000,0.664,0.669,0.661,0.666,0.677
254100000000,0.663,0.669,0.66,0.667,0.677
254400000000,0.668,0.675,0.665,0.675,0.684
254700000000,0.681,0.687,0.677,0.688,0.699
255000000000,0.688,0.693,0.685,0.699,0.704
255300000000,0.695,0.698,0.692,0.706,0.712
255600000000,0.699,0.698,0.694,0.708,0.716
255900000000,0.707,0.705,0.701,0.717,0.726
256200000000,0.708,0.705,0.702,0.718,0.727
256500000000,0.713,0.708,0.705,0.723,0.732
256800000000,0.718,0.714,0.709,0.729,0.739
257100000000,0.72,0.714,0.71,0.732,0.741
257400000000,0.716,0.711,0.707,0.729,0.737
257700000000,0.713,0.708,0.702,0.725,0.734
258000000000,0.711,0.706,0.7,0.723,0.733
258300000000,0.709,0.705,0.698,0.721,0.731
258600000000,0.711,0.707,0.699,0.722,0.731
258900000000,0.711,0.708,0.7,0.722,0.731
259200000000,0.708,0.705,0.699,0.72,0.729
259500000000,0.701,0.702,0.695,0.718,0.727
259800000000,0.694,0.704,0.694,0.719,0.728
260100000000,0.693,0.699,0.69,0.715,0.724
260400000000,0.698,0.703,0.695,0.716,0.726
260700000000,0.706,0.708,0.702,0.722,0.729
261000000000,0.714,0.714,0.71,0.729,0.736
261300000000,0.707,0.708,0.705,0.724,0.729
261600000000,0.698,0.7,0.696,0.713,0.719
261900000000,0.692,0.696,0.688,0.707,0.714
262200000000,0.691,0.694,0.685,0.704,0.712
262500000000,0.692,0.693,0.683,0.703,0.712
262800000000,0.696,0.696,0.685,0.702,0.715
263100000000,0.695,0.696,0.687,0.703,0.712
263400000000,0.699,0.699,0.692,0.71,0.717
263700000000,0.7,0.698,0.692,0.713,0.72
264000000000,0.697,0.698,0.693,0.714,0.721
264300000000,0.696,0.697,0.693,0.714,0.721
264600000000,0.695,0.698,0.693,0.714,0.72
264900000000,0.702,0.702,0.696,0.717,0.723
265200000000,0.7,0.7,0.695,0.713,0.721
265500000000,0.693,0.695,0.688,0.708,0.716
265800000000,0.688,0.693,0.685,0.703,0.711
266100000000,0.687,0.691,0.683,0.7,0.709
266400000000,0.69,0.694,0.685,0.703,0.713
266700000000,0.689,0.692,0.683,0.7,0.71
267000000000,0.69,0.692,0.684,0.702,0.712
267300000000,0.694,0.695,0.688,0.707,0.715
267600000000,0.695,0.696,0.69,0.708,0.717
267900000000,0.692,0.696,0.69,0.709,0.716
268200000000,0.692,0.696,0.691,0.71,0.716
268500000000,0.698,0.7,0.696,0.714,0.72
268800000000,0.701,0.701,0.698,0.716,0.723
269100000000,0.702,0.702,0.697,0.716,0.723
269400000000,0.698,0.699,0.693,0.712,0.72
269700000000,0.695,0.697,0.692,0.713,0.72
270000000000,0.695,0.698,0.694,0.715,0.722
270300000000,0.701,0.703,0.697,0.719,0.727
270600000000,0.7,0.702,0.696,0.714,0.724
270900000000,0.696,0.699,0.691,0.71,0.72
271200000000,0.696,0.699,0.689,0.71,0.72
271500000000,0.696,0.699,0.69,0.713,0.722
271800000000,0.699,0.7,0.69,0.714,0.725
272100000000,0.708,0.707,0.699,0.725,0.735
272400000000,0.714,0.711,0.703,0.73,0.74
272700000000,0.72,0.715,0.707,0.735,0.744
273000000000,0.716,0.711,0.705,0.731,0.741
273300000000,0.706,0.705,0.699,0.723,0.733
273600000000,0.701,0.703,0.697,0.718,0.729
273900000000,0.697,0.698,0.694,0.715,0.726
274200000000,0.703,0.7,0.699,0.72,0.73
274500000000,0.709,0.707,0.704,0.727,0.736
274800000000,0.713,0.711,0.707,0.731,0.74
275100000000,0.704,0.704,0.699,0.722,0.733
275400000000,0.7,0.7,0.695,0.717,0.728
275700000000,0.704,0.704,0.697,0.721,0.731
276000000000,0.704,0.703,0.696,0.718,0.728
276300000000,0.705,0.704,0.696,0.717,0.726
276600000000,0.703,0.703,0.695,0.715,0.724
276900000000,0.705,0.703,0.696,0.718,0.725
277200000000,0.703,0.702,0.697,0.718,0.726
277500000000,0.696,0.697,0.695,0.712,0.721
277800000000,0.7,0.701,0.698,0.717,0.725
278100000000,0.701,0.701,0.699,0.718,0.725
278400000000,0.698,0.698,0.694,0.714,0.719
278700000000,0.701,0.7,0.697,0.716,0.723
279000000000,0.698,0.698,0.695,0.714,0.72
279300000000,0.702,0.701,0.698,0.717,0.724
279600000000,0.707,0.704,0.701,0.717,0.724
279900000000,0.706,0.705,0.7,0.716,0.723
280200000000,0.701,0.701,0.697,0.714,0.72
280500000000,0.697,0.697,0.694,0.71,0.716
280800000000,0.697,0.698,0.694,0.711,0.717
281100000000,0.701,0.698,0.696,0.714,0.721
281400000000,0.707,0.703,0.701,0.722,0.729
281700000000,0.714,0.707,0.703,0.726,0.734
282000000000,0.716,0.709,0.702,0.726,0.735
282300000000,0.71,0.705,0.697,0.719,0.726
282600000000,0.702,0.701,0.693,0.714,0.721
282900000000,0.689,0.693,0.687,0.704,0.71
283200000000,0.698,0.7,0.697,0.717,0.721
283500000000,0.713,0.713,0.71,0.735,0.739
283800000000,0.717,0.716,0.714,0.741,0.746
284100000000,0.721,0.718,0.716,0.744,0.75
284400000000,0.727,0.72,0.719,0.749,0.754
284700000000,0.731,0.723,0.722,0.753,0.757
285000000000,0.733,0.725,0.723,0.754,0.76
285300000000,0.733,0.725,0.724,0.756,0.761
285600000000,0.736,0.728,0.725,0.757,0.763
285900000000,0.727,0.723,0.721,0.75,0.756
286200000000,0.726,0.721,0.718,0.747,0.753
286500000000,0.726,0.721,0.717,0.745,0.751
286800000000,0.722,0.717,0.714,0.74,0.746
287100000000,0.725,0.72,0.717,0.744,0.75
287400000000,0.727,0.721,0.718,0.745,0.751
287700000000,0.729,0.721,0.719,0.746,0.753
288000000000,0.73,0.723,0.722,0.749,0.756
288300000000,0.733,0.724,0.725,0.752,0.758
288600000000,0.733,0.722,0.725,0.752,0.758
288900000000,0.732,0.722,0.724,0.751,0.757
289200000000,0.724,0.717,0.719,0.746,0.753
289500000000,0.721,0.714,0.715,0.743,0.75
289800000000,0.723,0.715,0.717,0.744,0.751
290100000000,0.723,0.715,0.717,0.744,0.751
290400000000,0.723,0.715,0.717,0.744,0.751
290700000000,0.719,0.711,0.714,0.742,0.748
291000000000,0.717,0.711,0.711,0.739,0.746
291300000000,0.718,0.711,0.712,0.739,0.745
291600000000,0.715,0.71,0.71,0.738,0.744
291900000000,0.714,0.708,0.709,0.738,0.742
292200000000,0.715,0.71,0.711,0.739,0.743
292500000000,0.713,0.708,0.708,0.737,0.742
292800000000,0.714,0.707,0.708,0.737,0.743
293100000000,0.716,0.709,0.71,0.738,0.743
293400000000,0.707,0.698,0.703,0.73,0.733
293700000000,0.695,0.689,0.695,0.719,0.722
294000000000,0.698,0.691,0.696,0.72,0.721
294300000000,0.698,0.691,0.698,0.722,0.722
294600000000,0.704,0.695,0.702,0.726,0.727
294900000000,0.715,0.703,0.709,0.735,0.737
295200000000,0.727,0.71,0.716,0.744,0.748
295500000000,0.73,0.712,0.718,0.748,0.754
295800000000,0.729,0.711,0.717,0.748,0.753
296100000000,0.73,0.712,0.717,0.747,0.754
296400000000,0.729,0.71,0.716,0.744,0.753
296700000000,0.732,0.713,0.719,0.748,0.756
297000000000,0.734,0.715,0.72,0.75,0.757
297300000000,0.729,0.711,0.715,0.745,0.753
297600000000,0.724,0.708,0.711,0.742,0.749
297900000000,0.72,0.705,0.708,0.738,0.745
298200000000,0.721,0.706,0.709,0.739,0.746
298500000000,0.726,0.71,0.714,0.743,0.749
298800000000,0.729,0.712,0.717,0.746,0.752
299100000000,0.731,0.714,0.719,0.749,0.755
299400000000,0.73,0.714,0.719,0.748,0.754
299700000000,0.729,0.713,0.719,0.748,0.753
300000000000,0.727,0.711,0.715,0.745,0.75
300300000000,0.72,0.706,0.71,0.739,0.745
300600000000,0.717,0.703,0.707,0.736,0.741
300900000000,0.718,0.705,0.708,0.737,0.741
301200000000,0.719,0.706,0.71,0.738,0.743
301500000000,0.724,0.71,0.714,0.743,0.748
301800000000,0.724,0.71,0.714,0.744,0.749
302100000000,0.722,0.709,0.713,0.743,0.747
302400000000,0.722,0.708,0.713,0.743,0.747
302700000000,0.718,0.706,0.71,0.739,0.745
303000000000,0.719,0.706,0.709,0.736,0.742
303300000000,0.716,0.705,0.707,0.732,0.738
303600000000,0.714,0.705,0.706,0.731,0.736
303900000000,0.713,0.704,0.707,0.73,0.735
304200000000,0.709,0.701,0.704,0.727,0.731
304500000000,0.707,0.702,0.704,0.727,0.731
304800000000,0.707,0.705,0.704,0.725,0.731
305100000000,0.697,0.698,0.698,0.717,0.723
305400000000,0.694,0.697,0.696,0.715,0.719
305700000000,0.691,0.695,0.693,0.711,0.716
306000000000,0.691,0.696,0.694,0.712,0.716
306300000000,0.695,0.697,0.697,0.717,0.72
306600000000,0.698,0.7,0.7,0.721,0.724
306900000000,0.701,0.703,0.702,0.721,0.725
307200000000,0.702,0.705,0.701,0.718,0.722
307500000000,0.701,0.706,0.7,0.718,0.722
307800000000,0.702,0.707,0.701,0.72,0.724
308100000000,0.7,0.705,0.7,0.72,0.724
308400000000,0.702,0.706,0.701,0.72,0.724
308700000000,0.7,0.704,0.699,0.718,0.721
309000000000,0.698,0.704,0.697,0.715,0.72
309300000000,0.696,0.703,0.696,0.713,0.718
309600000000,0.694,0.7,0.694,0.71,0.714
309900000000,0.691,0.698,0.691,0.707,0.71
310200000000,0.685,0.693,0.686,0.697,0.7
310500000000,0.686,0.694,0.687,0.699,0.702
310800000000,0.684,0.693,0.688,0.7,0.702
311100000000,0.687,0.696,0.689,0.705,0.707
311400000000,0.693,0.701,0.694,0.711,0.715
311700000000,0.69,0.698,0.692,0.71,0.713
312000000000,0.686,0.696,0.689,0.706,0.709
312300000000,0.685,0.694,0.688,0.704,0.707
312600000000,0.69,0.698,0.69,0.707,0.71
312900000000,0.676,0.686,0.676,0.69,0.693
313200000000,0.687,0.694,0.685,0.7,0.703
313500000000,0.687,0.693,0.686,0.701,0.703
313800000000,0.692,0.699,0.692,0.707,0.711
314100000000,0.701,0.706,0.697,0.713,0.718
314400000000,0.708,0.71,0.702,0.717,0.723
314700000000,0.708,0.711,0.703,0.72,0.724
315000000000,0.703,0.707,0.7,0.715,0.72
315300000000,0.695,0.7,0.692,0.705,0.709
315600000000,0.675,0.683,0.671,0.679,0.68
315900000000,0.658,0.67,0.655,0.662,0.663
316200000000,0.67,0.681,0.667,0.681,0.684
316500000000,0.686,0.694,0.683,0.7,0.704
316800000000,0.702,0.707,0.698,0.717,0.722
317100000000,0.707,0.711,0.704,0.725,0.731
317400000000,0.7,0.704,0.699,0.718,0.725
317700000000,0.696,0.7,0.694,0.711,0.717
318000000000,0.691,0.696,0.689,0.706,0.711
318300000000,0.681,0.689,0.679,0.694,0.7
318600000000,0.692,0.699,0.69,0.706,0.713
318900000000,0.704,0.707,0.7,0.718,0.725
319200000000,0.709,0.711,0.705,0.727,0.733
319500000000,0.709,0.711,0.706,0.728,0.733
319800000000,0.708,0.711,0.705,0.726,0.731
320100000000,0.71,0.712,0.705,0.726,0.73
320400000000,0.703,0.708,0.701,0.721,0.725
320700000000,0.703,0.71,0.704,0.725,0.728
321000000000,0.708,0.713,0.708,0.729,0.732
321300000000,0.711,0.713,0.708,0.729,0.733
321600000000,0.705,0.709,0.704,0.726,0.73
321900000000,0.701,0.707,0.701,0.722,0.726
322200000000,0.699,0.705,0.697,0.718,0.723
322500000000,0.697,0.702,0.695,0.717,0.721
322800000000,0.698,0.704,0.698,0.72,0.724
323100000000,0.703,0.707,0.702,0.725,0.729
323400000000,0.707,0.71,0.704,0.727,0.731
323700000000,0.711,0.713,0.707,0.73,0.735
324000000000,0.71,0.712,0.706,0.729,0.734
324300000000,0.701,0.705,0.699,0.723,0.727
324600000000,0.701,0.706,0.701,0.724,0.728
324900000000,0.7,0.705,0.698,0.72,0.724
325200000000,0.68,0.69,0.681,0.699,0.702
325500000000,0.661,0.676,0.664,0.677,0.678
325800000000,0.655,0.67,0.658,0.669,0.671
326100000000,0.655,0.67,0.657,0.667,0.669
326400000000,0.643,0.659,0.645,0.651,0.652
326700000000,0.634,0.65,0.637,0.64,0.643
327000000000,0.636,0.649,0.637,0.639,0.644
327300000000,0.64,0.651,0.641,0.643,0.649
327600000000,0.637,0.644,0.639,0.639,0.645
327900000000,0.636,0.643,0.636,0.636,0.644
328200000000,0.643,0.653,0.641,0.643,0.652
328500000000,0.65,0.66,0.648,0.653,0.659
328800000000,0.658,0.665,0.653,0.658,0.664
329100000000,0.659,0.669,0.657,0.662,0.667
329400000000,0.657,0.667,0.657,0.662,0.667
329700000000,0.654,0.663,0.654,0.663,0.667
330000000000,0.651,0.658,0.65,0.661,0.664
330300000000,0.656,0.662,0.655,0.665,0.668
330600000000,0.662,0.67,0.66,0.672,0.674
330900000000,0.661,0.671,0.659,0.672,0.673
331200000000,0.669,0.68,0.667,0.684,0.684
331500000000,0.675,0.685,0.672,0.691,0.691
331800000000,0.684,0.691,0.679,0.699,0.7
332100000000,0.682,0.683,0.674,0.696,0.697
332400000000,0.684,0.687,0.676,0.699,0.7
332700000000,0.688,0.69,0.679,0.703,0.706
333000000000,0.701,0.7,0.688,0.715,0.718
333300000000,0.712,0.709,0.696,0.726,0.73
333600000000,0.721,0.718,0.705,0.737,0.743
333900000000,0.719,0.716,0.704,0.737,0.743
334200000000,0.712,0.711,0.698,0.728,0.736
334500000000,0.706,0.706,0.691,0.721,0.727
334800000000,0.699,0.701,0.687,0.715,0.72
335100000000,0.695,0.698,0.683,0.712,0.716
335400000000,0.693,0.695,0.679,0.707,0.711
335700000000,0.695,0.694,0.68,0.707,0.71
336000000000,0.685,0.686,0.671,0.696,0.698
336300000000,0.683,0.684,0.668,0.694,0.696
336600000000,0.688,0.691,0.673,0.702,0.704
336900000000,0.698,0.695,0.679,0.709,0.712
337200000000,0.698,0.695,0.679,0.706,0.709
337500000000,0.703,0.698,0.683,0.711,0.715
337800000000,0.7,0.696,0.679,0.709,0.712
338100000000,0.698,0.694,0.676,0.705,0.709
338400000000,0.692,0.691,0.675,0.704,0.706
338700000000,0.687,0.687,0.675,0.704,0.705
339000000000,0.693,0.693,0.681,0.713,0.715
339300000000,0.693,0.694,0.68,0.71,0.713
339600000000,0.687,0.69,0.676,0.705,0.707
339900000000,0.688,0.69,0.676,0.703,0.705
340200000000,0.695,0.695,0.68,0.707,0.708
340500000000,0.699,0.697,0.682,0.708,0.711
340800000000,0.699,0.698,0.684,0.711,0.713
341100000000,0.703,0.7,0.686,0.714,0.717
341400000000,0.705,0.7,0.689,0.717,0.718
341700000000,0.701,0.697,0.683,0.711,0.711
342000000000,0.7,0.698,0.682,0.709,0.711
342300000000,0.699,0.697,0.684,0.711,0.714
342600000000,0.696,0.695,0.682,0.709,0.713
342900000000,0.688,0.69,0.675,0.702,0.708
343200000000,0.684,0.687,0.671,0.697,0.702
343500000000,0.682,0.684,0.669,0.694,0.7
343800000000,0.684,0.686,0.668,0.695,0.702
344100000000,0.681,0.684,0.668,0.693,0.699
344400000000,0.689,0.69,0.674,0.7,0.707
344700000000,0.687,0.688,0.674,0.699,0.704
345000000000,0.689,0.689,0.675,0.7,0.704
345300000000,0.685,0.687,0.673,0.697,0.702
345600000000,0.681,0.683,0.669,0.691,0.697
345900000000,0.679,0.681,0.665,0.687,0.693
346200000000,0.679,0.681,0.663,0.684,0.691
346500000000,0.679,0.68,0.66,0.68,0.689
346800000000,0.693,0.692,0.674,0.695,0.703
347100000000,0.702,0.701,0.686,0.708,0.713
347400000000,0.712,0.709,0.698,0.722,0.725
347700000000,0.716,0.712,0.703,0.73,0.731
348000000000,0.711,0.708,0.699,0.726,0.727
348300000000,0.697,0.698,0.686,0.709,0.711
348600000000,0.687,0.688,0.674,0.696,0.7
348900000000,0.685,0.687,0.669,0.693,0.696
349200000000,0.681,0.682,0.665,0.688,0.692
349500000000,0.677,0.68,0.662,0.683,0.688
349800000000,0.686,0.688,0.672,0.693,0.699
350100000000,0.686,0.688,0.673,0.692,0.699
350400000000,0.686,0.687,0.673,0.691,0.698
350700000000,0.68,0.683,0.668,0.685,0.692
351000000000,0.678,0.68,0.666,0.682,0.689
351300000000,0.681,0.683,0.67,0.686,0.69
351600000000,0.688,0.69,0.677,0.693,0.695
351900000000,0.684,0.687,0.676,0.69,0.693
352200000000,0.684,0.688,0.679,0.694,0.695
352500000000,0.689,0.692,0.683,0.7,0.702
352800000000,0.684,0.688,0.679,0.695,0.696
353100000000,0.679,0.685,0.674,0.69,0.692
353400000000,0.679,0.685,0.673,0.689,0.691
353700000000,0.677,0.686,0.674,0.691,0.692
354000000000,0.677,0.685,0.673,0.691,0.692
354300000000,0.678,0.686,0.675,0.695,0.696
354600000000,0.676,0.685,0.674,0.695,0.697
354900000000,0.673,0.683,0.672,0.691,0.692
355200000000,0.671,0.682,0.67,0.688,0.689
355500000000,0.675,0.684,0.673,0.69,0.691
355800000000,0.669,0.68,0.669,0.686,0.686
356100000000,0.668,0.678,0.668,0.683,0.685
356400000000,0.664,0.674,0.663,0.675,0.678
356700000000,0.661,0.669,0.656,0.662,0.668
357000000000,0.661,0.669,0.656,0.66,0.668
357300000000,0.675,0.68,0.668,0.676,0.685
357600000000,0.687,0.689,0.678,0.691,0.7
357900000000,0.685,0.686,0.677,0.693,0.701
358200000000,0.682,0.681,0.675,0.689,0.698
358500000000,0.676,0.676,0.669,0.68,0.69
358800000000,0.68,0.679,0.672,0.683,0.693
359100000000,0.682,0.68,0.672,0.684,0.694
359400000000,0.686,0.685,0.676,0.691,0.7
359700000000,0.683,0.683,0.674,0.689,0.698
360000000000,0.682,0.681,0.674,0.688,0.697
360300000000,0.686,0.684,0.677,0.692,0.702
360600000000,0.689,0.685,0.679,0.693,0.704
360900000000,0.687,0.684,0.678,0.692,0.702
361200000000,0.69,0.688,0.68,0.695,0.706
361500000000,0.693,0.69,0.682,0.7,0.711
361800000000,0.692,0.69,0.683,0.701,0.711
362100000000,0.69,0.688,0.681,0.698,0.708
362400000000,0.691,0.69,0.683,0.697,0.707
362700000000,0.69,0.688,0.681,0.692,0.703
363000000000,0.698,0.688,0.686,0.702,0.712
363300000000,0.704,0.695,0.692,0.715,0.722
363600000000,0.709,0.7,0.697,0.725,0.73
363900000000,0.71,0.701,0.699,0.729,0.733
364200000000,0.714,0.705,0.701,0.731,0.736
364500000000,0.712,0.706,0.7,0.727,0.733
364800000000,0.704,0.7,0.694,0.719,0.726
365100000000,0.705,0.699,0.693,0.717,0.725
365400000000,0.707,0.701,0.695,0.719,0.727
365700000000,0.707,0.702,0.695,0.723,0.729
366000000000,0.714,0.707,0.699,0.728,0.735
366300000000,0.719,0.711,0.704,0.733,0.74
366600000000,0.724,0.715,0.709,0.739,0.745
366900000000,0.725,0.716,0.711,0.74,0.746
367200000000,0.725,0.717,0.712,0.741,0.747
367500000000,0.72,0.712,0.71,0.74,0.745
367800000000,0.714,0.71,0.708,0.738,0.74
368100000000,0.707,0.704,0.702,0.728,0.73
368400000000,0.704,0.702,0.698,0.723,0.726
368700000000,0.705,0.702,0.698,0.723,0.726
369000000000,0.705,0.702,0.698,0.724,0.727
369300000000,0.703,0.701,0.697,0.723,0.726
369600000000,0.699,0.699,0.694,0.72,0.723
369900000000,0.7,0.702,0.697,0.724,0.726
370200000000,0.71,0.71,0.705,0.735,0.737
370500000000,0.721,0.716,0.712,0.744,0.745
370800000000,0.723,0.718,0.714,0.747,0.747
371100000000,0.726,0.72,0.716,0.75,0.75
371400000000,0.722,0.717,0.715,0.748,0.747
371700000000,0.718,0.716,0.713,0.746,0.746
372000000000,0.706,0.707,0.704,0.734,0.735
372300000000,0.701,0.704,0.702,0.728,0.731
372600000000,0.706,0.707,0.705,0.733,0.733
372900000000,0.713,0.711,0.711,0.738,0.739
373200000000,0.716,0.713,0.714,0.741,0.743
373500000000,0.717,0.715,0.715,0.74,0.743
373800000000,0.714,0.712,0.712,0.737,0.739
374100000000,0.713,0.711,0.71,0.735,0.738
374400000000,0.715,0.711,0.711,0.737,0.739
374700000000,0.713,0.709,0.709,0.735,0.737
375000000000,0.706,0.701,0.704,0.731,0.733
375300000000,0.704,0.7,0.703,0.73,0.731
375600000000,0.705,0.7,0.703,0.73,0.731
375900000000,0.704,0.699,0.703,0.73,0.73
376200000000,0.706,0.7,0.706,0.733,0.733
376500000000,0.706,0.699,0.705,0.733,0.734
376800000000,0.708,0.701,0.706,0.732,0.734
377100000000,0.707,0.704,0.705,0.729,0.731
377400000000,0.705,0.704,0.704,0.728,0.73
377700000000,0.702,0.701,0.703,0.726,0.728
378000000000,0.703,0.703,0.703,0.726,0.727
378300000000,0.702,0.702,0.703,0.725,0.727
378600000000,0.699,0.701,0.702,0.723,0.725
378900000000,0.703,0.704,0.705,0.726,0.728
379200000000,0.705,0.705,0.707,0.729,0.73
379500000000,0.7,0.703,0.703,0.725,0.726
379800000000,0.699,0.703,0.703,0.725,0.727
380100000000,0.699,0.704,0.704,0.726,0.727
380400000000,0.7,0.705,0.704,0.724,0.726
380700000000,0.7,0.704,0.701,0.721,0.725
381000000000,0.703,0.705,0.701,0.722,0.726
381300000000,0.701,0.704,0.699,0.721,0.725
381600000000,0.698,0.701,0.696,0.719,0.723
381900000000,0.697,0.699,0.696,0.719,0.721
382200000000,0.698,0.701,0.698,0.719,0.722
382500000000,0.697,0.703,0.696,0.719,0.721
382800000000,0.7,0.706,0.699,0.722,0.725
383100000000,0.703,0.709,0.703,0.726,0.728
383400000000,0.712,0.714,0.71,0.734,0.737
383700000000,0.723,0.719,0.718,0.743,0.748
384000000000,0.73,0.722,0.721,0.749,0.755
384300000000,0.73,0.721,0.722,0.749,0.755
384600000000,0.73,0.72,0.72,0.749,0.755
384900000000,0.731,0.72,0.72,0.749,0.756
385200000000,0.732,0.721,0.721,0.75,0.757
385500000000,0.73,0.719,0.718,0.747,0.754
385800000000,0.724,0.716,0.715,0.744,0.75
386100000000,0.719,0.712,0.71,0.74,0.747
386400000000,0.717,0.712,0.709,0.738,0.745
386700000000,0.718,0.712,0.708,0.738,0.745
387000000000,0.718,0.712,0.709,0.739,0.745
387300000000,0.719,0.715,0.71,0.74,0.746
387600000000,0.718,0.713,0.709,0.738,0.745
387900000000,0.714,0.71,0.707,0.735,0.741
388200000000,0.716,0.712,0.709,0.738,0.743
388500000000,0.72,0.714,0.713,0.741,0.746
388800000000,0.72,0.717,0.713,0.742,0.746
389100000000,0.723,0.72,0.716,0.745,0.749
389400000000,0.724,0.721,0.718,0.746,0.752
389700000000,0.726,0.723,0.718,0.746,0.753
390000000000,0.727,0.723,0.717,0.745,0.752
390300000000,0.729,0.722,0.716,0.744,0.751
390600000000,0.726,0.72,0.714,0.742,0.748
390900000000,0.726,0.72,0.715,0.743,0.749
391200000000,0.722,0.719,0.714,0.741,0.748
391500000000,0.72,0.716,0.712,0.739,0.746
391800000000,0.722,0.718,0.714,0.74,0.747
392100000000,0.726,0.721,0.717,0.743,0.752
392400000000,0.727,0.722,0.719,0.745,0.755
392700000000,0.729,0.723,0.721,0.749,0.757
393000000000,0.729,0.724,0.72,0.749,0.757
393300000000,0.729,0.722,0.72,0.748,0.756
393600000000,0.73,0.724,0.719,0.747,0.756
393900000000,0.73,0.724,0.719,0.746,0.754
394200000000,0.728,0.722,0.716,0.743,0.752
394500000000,0.731,0.724,0.718,0.745,0.754
394800000000,0.731,0.723,0.718,0.745,0.754
395100000000,0.73,0.724,0.719,0.745,0.754
395400000000,0.734,0.727,0.723,0.749,0.758
395700000000,0.738,0.729,0.726,0.753,0.761
396000000000,0.733,0.724,0.721,0.748,0.757
396300000000,0.727,0.721,0.717,0.745,0.753
396600000000,0.722,0.717,0.714,0.741,0.748
396900000000,0.723,0.718,0.714,0.741,0.748
397200000000,0.722,0.717,0.711,0.739,0.746
397500000000,0.721,0.716,0.711,0.737,0.745
397800000000,0.722,0.718,0.712,0.74,0.746
398100000000,0.723,0.717,0.713,0.741,0.748
398400000000,0.722,0.719,0.712,0.74,0.748
398700000000,0.722,0.718,0.713,0.741,0.749
399000000000,0.719,0.716,0.71,0.738,0.747
399300000000,0.717,0.714,0.708,0.733,0.743
399600000000,0.704,0.705,0.697,0.72,0.73
399900000000,0.712,0.711,0.705,0.73,0.738
400200000000,0.718,0.715,0.71,0.737,0.746
400500000000,0.725,0.721,0.715,0.742,0.751
400800000000,0.727,0.722,0.716,0.744,0.751
401100000000,0.726,0.722,0.717,0.745,0.751
401400000000,0.725,0.721,0.716,0.744,0.75
401700000000,0.722,0.718,0.714,0.742,0.749
402000000000,0.723,0.719,0.714,0.741,0.748
402300000000,0.724,0.72,0.716,0.739,0.75
402600000000,0.724,0.72,0.716,0.741,0.75
402900000000,0.723,0.718,0.714,0.741,0.748
403200000000,0.721,0.717,0.712,0.741,0.747
403500000000,0.721,0.718,0.713,0.741,0.748
403800000000,0.717,0.715,0.71,0.736,0.743
404100000000,0.71,0.71,0.703,0.727,0.734
404400000000,0.711,0.708,0.703,0.725,0.728
404700000000,0.71,0.709,0.703,0.724,0.732
405000000000,0.708,0.709,0.702,0.724,0.73
405300000000,0.71,0.711,0.703,0.727,0.733
405600000000,0.715,0.715,0.707,0.731,0.738
405900000000,0.719,0.717,0.711,0.735,0.743
406200000000,0.717,0.716,0.709,0.733,0.742
406500000000,0.713,0.709,0.704,0.727,0.734
406800000000,0.708,0.705,0.7,0.723,0.729
407100000000,0.705,0.704,0.698,0.722,0.727
407400000000,0.704,0.703,0.699,0.723,0.728
407700000000,0.705,0.706,0.701,0.723,0.729
408000000000,0.708,0.708,0.704,0.726,0.731
408300000000,0.71,0.71,0.705,0.728,0.733
408600000000,0.708,0.709,0.703,0.725,0.731
408900000000,0.705,0.707,0.701,0.721,0.727
409200000000,0.704,0.706,0.7,0.721,0.727
409500000000,0.707,0.709,0.704,0.725,0.731
409800000000,0.711,0.712,0.706,0.729,0.736
410100000000,0.708,0.71,0.703,0.726,0.732
410400000000,0.704,0.707,0.7,0.723,0.73
410700000000,0.702,0.706,0.695,0.721,0.728
411000000000,0.705,0.708,0.7,0.723,0.73
411300000000,0.711,0.711,0.705,0.729,0.734
411600000000,0.712,0.712,0.707,0.73,0.736
411900000000,0.714,0.714,0.709,0.731,0.736
412200000000,0.713,0.713,0.707,0.729,0.735
412500000000,0.709,0.711,0.706,0.728,0.733
412800000000,0.704,0.711,0.705,0.728,0.731
413100000000,0.709,0.711,0.704,0.728,0.732
413400000000,0.713,0.714,0.707,0.73,0.737
413700000000,0.711,0.711,0.705,0.728,0.734
414000000000,0.702,0.703,0.697,0.718,0.723
414300000000,0.676,0.682,0.675,0.689,0.692
414600000000,0.653,0.666,0.655,0.66,0.665
414900000000,0.651,0.666,0.653,0.659,0.661
415200000000,0.666,0.677,0.663,0.674,0.677
415500000000,0.664,0.674,0.66,0.67,0.674
415800000000,0.662,0.672,0.658,0.666,0.67
416100000000,0.655,0.667,0.653,0.658,0.662
416400000000,0.646,0.659,0.646,0.645,0.65
416700000000,0.646,0.661,0.647,0.648,0.653
417000000000,0.647,0.662,0.647,0.648,0.654
417300000000,0.647,0.661,0.645,0.649,0.654
417600000000,0.644,0.657,0.643,0.646,0.653
417900000000,0.64,0.653,0.639,0.639,0.648
418200000000,0.645,0.657,0.644,0.643,0.651
418500000000,0.647,0.66,0.645,0.642,0.651
418800000000,0.652,0.663,0.646,0.646,0.656
419100000000,0.653,0.663,0.648,0.65,0.659
419400000000,0.653,0.66,0.647,0.648,0.656
419700000000,0.649,0.658,0.643,0.641,0.651
420000000000,0.658,0.666,0.651,0.653,0.662
420300000000,0.657,0.666,0.649,0.652,0.661
420600000000,0.657,0.665,0.649,0.652,0.66
420900000000,0.661,0.668,0.651,0.658,0.665
421200000000,0.672,0.675,0.66,0.671,0.676
421500000000,0.675,0.677,0.66,0.676,0.68
421800000000,0.674,0.676,0.66,0.673,0.678
422100000000,0.676,0.679,0.66,0.673,0.68
422400000000,0.679,0.682,0.664,0.68,0.684
422700000000,0.683,0.684,0.665,0.682,0.686
423000000000,0.682,0.681,0.663,0.675,0.681
423300000000,0.677,0.677,0.659,0.67,0.677
423600000000,0.675,0.677,0.659,0.67,0.674
423900000000,0.675,0.677,0.659,0.671,0.676
424200000000,0.669,0.672,0.655,0.664,0.671
424500000000,0.667,0.671,0.656,0.665,0.672
424800000000,0.67,0.673,0.656,0.669,0.675
425100000000,0.677,0.679,0.664,0.679,0.686
425400000000,0.68,0.682,0.668,0.684,0.691
425700000000,0.687,0.69,0.675,0.694,0.699
426000000000,0.685,0.687,0.671,0.69,0.697
426300000000,0.683,0.685,0.669,0.685,0.693
426600000000,0.678,0.681,0.665,0.677,0.686
426900000000,0.681,0.682,0.667,0.678,0.686
427200000000,0.687,0.688,0.671,0.688,0.696
427500000000,0.696,0.696,0.679,0.704,0.709
427800000000,0.709,0.707,0.69,0.72,0.723
428100000000,0.704,0.702,0.686,0.713,0.717
428400000000,0.69,0.691,0.676,0.698,0.702
428700000000,0.687,0.692,0.676,0.7,0.703
429000000000,0.698,0.699,0.683,0.712,0.713
429300000000,0.693,0.695,0.678,0.707,0.708
429600000000,0.686,0.688,0.672,0.697,0.7
429900000000,0.682,0.686,0.67,0.696,0.697
430200000000,0.684,0.686,0.672,0.699,0.699
430500000000,0.688,0.69,0.676,0.703,0.704
430800000000,0.688,0.689,0.678,0.705,0.702
431100000000,0.69,0.69,0.678,0.703,0.701
431400000000,0.696,0.694,0.681,0.708,0.708
431700000000,0.698,0.694,0.682,0.706,0.709
432000000000,0.692,0.69,0.676,0.699,0.703
432300000000,0.692,0.69,0.675,0.702,0.704
432600000000,0.687,0.685,0.671,0.697,0.701
432900000000,0.679,0.679,0.663,0.687,0.692
433200000000,0.68,0.681,0.666,0.688,0.693
433500000000,0.681,0.684,0.668,0.686,0.694
433800000000,0.677,0.68,0.665,0.679,0.686
434100000000,0.683,0.68,0.668,0.688,0.693
434400000000,0.687,0.681,0.669,0.691,0.697
434700000000,0.687,0.681,0.668,0.689,0.695
435000000000,0.688,0.682,0.67,0.691,0.696
435300000000,0.681,0.678,0.665,0.685,0.69
435600000000,0.679,0.678,0.667,0.69,0.693
435900000000,0.686,0.682,0.672,0.697,0.7
436200000000,0.691,0.688,0.678,0.704,0.706
436500000000,0.694,0.688,0.677,0.703,0.704
436800000000,0.698,0.691,0.679,0.707,0.707
437100000000,0.701,0.691,0.679,0.705,0.707
437400000000,0.701,0.692,0.679,0.704,0.707
437700000000,0.696,0.689,0.676,0.698,0.699
438000000000,0.684,0.68,0.668,0.684,0.687
438300000000,0.685,0.68,0.669,0.685,0.686
438600000000,0.689,0.685,0.674,0.692,0.693
438900000000,0.691,0.687,0.677,0.693,0.693
439200000000,0.689,0.686,0.676,0.691,0.692
439500000000,0.689,0.686,0.677,0.693,0.694
439800000000,0.685,0.684,0.676,0.692,0.694
440100000000,0.683,0.683,0.672,0.69,0.692
440400000000,0.679,0.679,0.666,0.683,0.686
440700000000,0.679,0.68,0.668,0.685,0.689
441000000000,0.674,0.676,0.664,0.681,0.685
441300000000,0.674,0.675,0.665,0.681,0.685
441600000000,0.675,0.676,0.665,0.68,0.685
441900000000,0.674,0.675,0.664,0.679,0.684
442200000000,0.674,0.676,0.665,0.68,0.685
442500000000,0.684,0.685,0.675,0.693,0.696
442800000000,0.68,0.682,0.673,0.689,0.692
443100000000,0.676,0.678,0.67,0.688,0.691
443400000000,0.673,0.676,0.668,0.685,0.687
443700000000,0.68,0.68,0.673,0.692,0.694
444000000000,0.682,0.681,0.675,0.694,0.695
444300000000,0.688,0.685,0.68,0.699,0.7
444600000000,0.689,0.685,0.679,0.696,0.699
444900000000,0.69,0.686,0.678,0.695,0.7
445200000000,0.69,0.684,0.677,0.695,0.701
445500000000,0.697,0.691,0.684,0.705,0.709
445800000000,0.701,0.693,0.685,0.706,0.711
446100000000,0.703,0.693,0.686,0.709,0.714
446400000000,0.708,0.697,0.691,0.717,0.722
446700000000,0.713,0.701,0.697,0.724,0.73
447000000000,0.715,0.703,0.699,0.728,0.734
447300000000,0.717,0.704,0.699,0.728,0.736
447600000000,0.715,0.702,0.696,0.726,0.732
447900000000,0.718,0.705,0.7,0.731,0.738
448200000000,0.722,0.708,0.705,0.735,0.742
448500000000,0.719,0.706,0.703,0.731,0.737
448800000000,0.715,0.704,0.699,0.723,0.731
449100000000,0.712,0.702,0.696,0.719,0.726
449400000000,0.704,0.696,0.69,0.711,0.718
449700000000,0.707,0.699,0.693,0.717,0.722
450000000000,0.709,0.699,0.694,0.721,0.725
450300000000,0.713,0.702,0.697,0.726,0.73
450600000000,0.715,0.705,0.701,0.73,0.735
450900000000,0.718,0.708,0.704,0.734,0.739
451200000000,0.717,0.707,0.703,0.733,0.738
451500000000,0.715,0.707,0.703,0.731,0.736
451800000000,0.711,0.702,0.699,0.727,0.732
452100000000,0.709,0.701,0.699,0.725,0.73
452400000000,0.708,0.701,0.7,0.725,0.728
452700000000,0.712,0.704,0.702,0.728,0.731
453000000000,0.712,0.703,0.701,0.729,0.733
453300000000,0.71,0.702,0.701,0.728,0.731
453600000000,0.715,0.705,0.703,0.73,0.734
453900000000,0.718,0.706,0.703,0.728,0.733
454200000000,0.721,0.708,0.705,0.73,0.737
454500000000,0.723,0.709,0.705,0.732,0.739
454800000000,0.723,0.71,0.704,0.734,0.741
455100000000,0.726,0.71,0.704,0.735,0.743
455400000000,0.724,0.708,0.701,0.732,0.74
455700000000,0.72,0.705,0.697,0.725,0.732
456000000000,0.722,0.708,0.7,0.73,0.737
456300000000,0.726,0.712,0.707,0.741,0.747
456600000000,0.728,0.713,0.711,0.747,0.754
456900000000,0.732,0.717,0.716,0.752,0.758
457200000000,0.732,0.716,0.716,0.75,0.756
457500000000,0.732,0.716,0.715,0.748,0.754
457800000000,0.733,0.716,0.715,0.748,0.756
458100000000,0.735,0.717,0.714,0.747,0.755
458400000000,0.73,0.714,0.711,0.741,0.748
458700000000,0.721,0.708,0.707,0.734,0.741
459000000000,0.718,0.707,0.706,0.73,0.737
459300000000,0.716,0.705,0.706,0.726,0.732
459600000000,0.71,0.702,0.704,0.72,0.727
459900000000,0.708,0.7,0.701,0.718,0.725
460200000000,0.711,0.702,0.702,0.721,0.729
460500000000,0.702,0.691,0.689,0.712,0.72
460800000000,0.702,0.693,0.688,0.714,0.722
461100000000,0.716,0.705,0.702,0.73,0.737
461400000000,0.728,0.714,0.716,0.742,0.748
461700000000,0.733,0.718,0.72,0.745,0.751
462000000000,0.731,0.716,0.718,0.742,0.748
462300000000,0.722,0.71,0.711,0.732,0.738
462600000000,0.716,0.705,0.705,0.725,0.731
462900000000,0.713,0.701,0.701,0.722,0.728
463200000000,0.718,0.706,0.706,0.729,0.735
463500000000,0.725,0.711,0.713,0.736,0.743
463800000000,0.728,0.714,0.717,0.739,0.745
464100000000,0.727,0.713,0.717,0.738,0.744
464400000000,0.724,0.712,0.714,0.734,0.74
464700000000,0.728,0.715,0.718,0.739,0.745
465000000000,0.731,0.716,0.72,0.744,0.749
465300000000,0.73,0.715,0.718,0.742,0.747
465600000000,0.728,0.715,0.717,0.739,0.743
465900000000,0.729,0.719,0.719,0.74,0.744
466200000000,0.731,0.721,0.719,0.741,0.747
466500000000,0.731,0.72,0.719,0.741,0.747
466800000000,0.725,0.718,0.715,0.736,0.741
467100000000,0.723,0.715,0.714,0.735,0.74
467400000000,0.722,0.712,0.71,0.733,0.74
467700000000,0.721,0.711,0.709,0.732,0.739
468000000000,0.724,0.717,0.713,0.737,0.743
468300000000,0.727,0.721,0.716,0.739,0.745
468600000000,0.726,0.724,0.717,0.738,0.743
468900000000,0.722,0.72,0.712,0.733,0.74
469200000000,0.717,0.715,0.706,0.726,0.733
469500000000,0.719,0.715,0.706,0.727,0.735
469800000000,0.722,0.72,0.71,0.731,0.74
470100000000,0.728,0.724,0.716,0.736,0.745
470400000000,0.732,0.727,0.72,0.74,0.748
470700000000,0.735,0.729,0.722,0.744,0.751
471000000000,0.736,0.729,0.723,0.746,0.754
471300000000,0.737,0.729,0.723,0.748,0.756
471600000000,0.734,0.728,0.719,0.745,0.753
471900000000,0.729,0.724,0.717,0.741,0.748
472200000000,0.725,0.721,0.714,0.736,0.742
472500000000,0.724,0.72,0.713,0.736,0.742
472800000000,0.727,0.721,0.715,0.737,0.744
473100000000,0.727,0.722,0.714,0.735,0.743
473400000000,0.722,0.719,0.709,0.731,0.738
473700000000,0.726,0.721,0.713,0.735,0.742
474000000000,0.728,0.722,0.715,0.737,0.745
474300000000,0.727,0.723,0.715,0.736,0.744
474600000000,0.726,0.722,0.714,0.735,0.742
474900000000,0.729,0.724,0.716,0.739,0.745
475200000000,0.729,0.722,0.715,0.739,0.746
475500000000,0.729,0.722,0.716,0.74,0.747
475800000000,0.73,0.724,0.718,0.741,0.747
476100000000,0.732,0.724,0.719,0.743,0.75
476400000000,0.735,0.727,0.72,0.744,0.752
476700000000,0.734,0.726,0.719,0.743,0.751
477000000000,0.733,0.725,0.718,0.742,0.75
477300000000,0.733,0.726,0.718,0.743,0.749
477600000000,0.73,0.723,0.715,0.74,0.746
477900000000,0.726,0.72,0.713,0.737,0.742
478200000000,0.723,0.717,0.71,0.733,0.738
478500000000,0.725,0.72,0.712,0.734,0.74
478800000000,0.726,0.72,0.713,0.736,0.742
479100000000,0.725,0.72,0.712,0.737,0.743
479400000000,0.726,0.719,0.712,0.736,0.742
479700000000,0.729,0.722,0.714,0.739,0.746
480000000000,0.733,0.725,0.718,0.743,0.75
480300000000,0.731,0.724,0.718,0.742,0.748
480600000000,0.73,0.723,0.718,0.742,0.747
480900000000,0.73,0.722,0.717,0.741,0.746
481200000000,0.729,0.722,0.717,0.739,0.746
481500000000,0.727,0.72,0.715,0.738,0.745
481800000000,0.731,0.724,0.719,0.743,0.751
482100000000,0.734,0.727,0.721,0.746,0.753
482400000000,0.733,0.725,0.719,0.744,0.751
482700000000,0.73,0.722,0.715,0.741,0.747
483000000000,0.729,0.721,0.715,0.739,0.746
483300000000,0.73,0.722,0.715,0.74,0.748
483600000000,0.729,0.722,0.715,0.739,0.747
483900000000,0.726,0.721,0.712,0.736,0.744
484200000000,0.724,0.719,0.709,0.733,0.741
484500000000,0.727,0.721,0.712,0.737,0.744
484800000000,0.731,0.724,0.716,0.74,0.748
485100000000,0.731,0.725,0.717,0.74,0.747
485400000000,0.728,0.724,0.714,0.737,0.743
485700000000,0.723,0.72,0.709,0.732,0.737
486000000000,0.721,0.718,0.707,0.73,0.736
486300000000,0.72,0.717,0.708,0.73,0.736
486600000000,0.71,0.71,0.7,0.718,0.726
486900000000,0.718,0.716,0.709,0.729,0.734
487200000000,0.724,0.719,0.713,0.734,0.74
487500000000,0.719,0.716,0.707,0.729,0.735
487800000000,0.704,0.707,0.697,0.714,0.72
488100000000,0.698,0.703,0.692,0.708,0.711
488400000000,0.702,0.705,0.695,0.711,0.713
488700000000,0.702,0.705,0.694,0.71,0.714
489000000000,0.71,0.71,0.701,0.721,0.724
489300000000,0.722,0.718,0.709,0.731,0.736
489600000000,0.725,0.719,0.711,0.734,0.739
489900000000,0.72,0.717,0.708,0.729,0.735
490200000000,0.698,0.702,0.69,0.703,0.711
490500000000,0.703,0.705,0.694,0.711,0.717
490800000000,0.717,0.716,0.705,0.726,0.731
491100000000,0.714,0.711,0.699,0.721,0.728
491400000000,0.711,0.711,0.7,0.72,0.727
491700000000,0.713,0.713,0.704,0.724,0.729
492000000000,0.724,0.72,0.712,0.735,0.74
492300000000,0.733,0.726,0.719,0.744,0.749
492600000000,0.731,0.724,0.718,0.743,0.748
492900000000,0.73,0.724,0.717,0.741,0.747
493200000000,0.728,0.724,0.717,0.739,0.745
493500000000,0.722,0.719,0.711,0.732,0.738
493800000000,0.716,0.716,0.706,0.726,0.729
494100000000,0.719,0.718,0.708,0.728,0.733
494400000000,0.722,0.721,0.711,0.731,0.738
494700000000,0.723,0.722,0.713,0.734,0.741
495000000000,0.724,0.722,0.714,0.736,0.742
495300000000,0.724,0.72,0.712,0.734,0.74
495600000000,0.727,0.721,0.714,0.736,0.742
495900000000,0.728,0.722,0.715,0.737,0.744
496200000000,0.729,0.723,0.716,0.739,0.745
496500000000,0.732,0.724,0.719,0.744,0.75
496800000000,0.732,0.724,0.719,0.743,0.75
497100000000,0.73,0.723,0.717,0.741,0.748
497400000000,0.727,0.721,0.714,0.736,0.742
497700000000,0.722,0.717,0.709,0.731,0.737
498000000000,0.722,0.718,0.709,0.73,0.737
498300000000,0.722,0.718,0.709,0.73,0.735
498600000000,0.707,0.707,0.697,0.714,0.718
498900000000,0.69,0.693,0.682,0.694,0.698
499200000000,0.673,0.681,0.671,0.676,0.682
499500000000,0.664,0.674,0.663,0.662,0.672
499800000000,0.659,0.669,0.659,0.652,0.665
500100000000,0.664,0.671,0.661,0.653,0.669
500400000000,0.665,0.672,0.661,0.654,0.672
500700000000,0.67,0.676,0.665,0.66,0.678
501000000000,0.671,0.677,0.668,0.662,0.679
501300000000,0.668,0.675,0.665,0.657,0.676
501600000000,0.661,0.668,0.657,0.649,0.669
501900000000,0.66,0.67,0.658,0.651,0.67
502200000000,0.657,0.667,0.654,0.645,0.664
502500000000,0.664,0.671,0.662,0.654,0.672
502800000000,0.67,0.677,0.668,0.662,0.679
503100000000,0.673,0.679,0.669,0.664,0.681
503400000000,0.678,0.682,0.672,0.67,0.686
503700000000,0.674,0.68,0.668,0.666,0.683
504000000000,0.669,0.676,0.664,0.662,0.678
504300000000,0.671,0.678,0.665,0.664,0.68
504600000000,0.676,0.681,0.667,0.668,0.684
504900000000,0.684,0.688,0.675,0.678,0.693
505200000000,0.678,0.683,0.67,0.671,0.688
505500000000,0.684,0.688,0.675,0.68,0.694
505800000000,0.692,0.697,0.684,0.692,0.704
506100000000,0.707,0.709,0.697,0.714,0.723
506400000000,0.712,0.713,0.704,0.723,0.73
506700000000,0.715,0.713,0.704,0.727,0.733
507000000000,0.72,0.717,0.706,0.736,0.74
507300000000,0.717,0.716,0.704,0.733,0.737
507600000000,0.715,0.714,0.702,0.729,0.733
507900000000,0.705,0.707,0.694,0.718,0.723
508200000000,0.702,0.704,0.693,0.714,0.719
508500000000,0.705,0.706,0.694,0.716,0.72
508800000000,0.702,0.702,0.689,0.712,0.717
509100000000,0.712,0.711,0.698,0.723,0.728
509400000000,0.709,0.707,0.696,0.719,0.724
509700000000,0.708,0.706,0.697,0.721,0.726
510000000000,0.714,0.712,0.702,0.729,0.734
510300000000,0.717,0.713,0.704,0.73,0.736
510600000000,0.713,0.71,0.701,0.726,0.732
510900000000,0.709,0.706,0.697,0.722,0.728
511200000000,0.707,0.704,0.695,0.719,0.725
511500000000,0.703,0.703,0.692,0.716,0.721
511800000000,0.702,0.702,0.692,0.714,0.718
512100000000,0.701,0.701,0.691,0.713,0.717
512400000000,0.698,0.699,0.689,0.707,0.712
512700000000,0.695,0.696,0.684,0.703,0.707
513000000000,0.692,0.694,0.683,0.702,0.705
513300000000,0.691,0.694,0.681,0.7,0.703
513600000000,0.694,0.696,0.683,0.704,0.707
513900000000,0.699,0.699,0.689,0.71,0.713
514200000000,0.701,0.7,0.69,0.712,0.715
514500000000,0.698,0.697,0.686,0.707,0.712
514800000000,0.696,0.696,0.684,0.705,0.71
515100000000,0.696,0.695,0.686,0.705,0.709
515400000000,0.695,0.695,0.687,0.706,0.709
515700000000,0.697,0.698,0.69,0.71,0.713
516000000000,0.7,0.697,0.692,0.713,0.715
516300000000,0.702,0.691,0.696,0.72,0.721
516600000000,0.703,0.691,0.698,0.722,0.724
516900000000,0.705,0.692,0.699,0.724,0.727
517200000000,0.71,0.694,0.7,0.728,0.731
517500000000,0.715,0.697,0.702,0.731,0.736
517800000000,0.719,0.699,0.704,0.738,0.743
518100000000,0.725,0.703,0.708,0.743,0.75
518400000000,0.727,0.703,0.71,0.746,0.753
518700000000,0.728,0.703,0.712,0.748,0.755
519000000000,0.725,0.7,0.709,0.744,0.75
519300000000,0.715,0.687,0.699,0.734,0.74
519600000000,0.717,0.689,0.703,0.735,0.742
519900000000,0.722,0.694,0.707,0.739,0.745
520200000000,0.722,0.694,0.708,0.739,0.745
520500000000,0.72,0.692,0.706,0.737,0.742
520800000000,0.715,0.687,0.699,0.73,0.735
521100000000,0.713,0.686,0.697,0.729,0.734
521400000000,0.712,0.685,0.695,0.727,0.732
521700000000,0.714,0.685,0.697,0.73,0.736
522000000000,0.706,0.679,0.69,0.718,0.725
522300000000,0.697,0.672,0.681,0.708,0.713
522600000000,0.7,0.676,0.686,0.711,0.715
522900000000,0.707,0.682,0.693,0.72,0.724
523200000000,0.711,0.685,0.697,0.726,0.728
523500000000,0.714,0.687,0.7,0.731,0.733
523800000000,0.715,0.688,0.7,0.73,0.734
524100000000,0.716,0.689,0.702,0.732,0.735
524400000000,0.712,0.684,0.699,0.727,0.732
524700000000,0.708,0.682,0.696,0.722,0.727
525000000000,0.708,0.683,0.696,0.722,0.726
525300000000,0.709,0.684,0.696,0.722,0.727
525600000000,0.707,0.684,0.695,0.719,0.724
525900000000,0.708,0.684,0.695,0.719,0.724
526200000000,0.708,0.683,0.694,0.718,0.722
526500000000,0.707,0.683,0.693,0.716,0.721
526800000000,0.706,0.683,0.691,0.717,0.723
527100000000,0.704,0.681,0.689,0.714,0.719
527400000000,0.702,0.681,0.69,0.714,0.718
527700000000,0.701,0.681,0.69,0.713,0.718
528000000000,0.704,0.683,0.692,0.716,0.721
528300000000,0.708,0.686,0.696,0.72,0.727
528600000000,0.71,0.687,0.699,0.724,0.73
528900000000,0.711,0.688,0.699,0.724,0.73
529200000000,0.713,0.688,0.698,0.726,0.73
529500000000,0.709,0.685,0.695,0.723,0.727
529800000000,0.712,0.687,0.698,0.728,0.731
530100000000,0.722,0.695,0.708,0.739,0.743
530400000000,0.721,0.694,0.709,0.74,0.744
530700000000,0.719,0.693,0.707,0.738,0.742
531000000000,0.718,0.693,0.707,0.736,0.74
531300000000,0.717,0.691,0.705,0.735,0.738
531600000000,0.715,0.689,0.703,0.732,0.736
531900000000,0.713,0.688,0.702,0.73,0.734
532200000000,0.713,0.688,0.7,0.729,0.733
532500000000,0.718,0.691,0.705,0.734,0.741
532800000000,0.722,0.694,0.71,0.741,0.748
533100000000,0.722,0.695,0.711,0.743,0.751
533400000000,0.721,0.694,0.709,0.74,0.747
533700000000,0.72,0.693,0.706,0.736,0.742
534000000000,0.716,0.69,0.703,0.732,0.739
534300000000,0.724,0.695,0.709,0.74,0.748
534600000000,0.728,0.698,0.712,0.744,0.752
534900000000,0.732,0.701,0.715,0.75,0.758
535200000000,0.735,0.703,0.718,0.755,0.761
535500000000,0.737,0.706,0.721,0.758,0.763
535800000000,0.739,0.708,0.722,0.76,0.764
536100000000,0.738,0.706,0.72,0.759,0.763
536400000000,0.736,0.704,0.718,0.756,0.761
536700000000,0.733,0.701,0.716,0.754,0.759
537000000000,0.733,0.702,0.718,0.757,0.762
537300000000,0.74,0.708,0.726,0.764,0.77
537600000000,0.741,0.708,0.726,0.764,0.77
537900000000,0.741,0.708,0.726,0.763,0.768
538200000000,0.74,0.707,0.725,0.762,0.768
538500000000,0.739,0.707,0.725,0.762,0.768
538800000000,0.739,0.707,0.725,0.763,0.769
539100000000,0.738,0.706,0.725,0.762,0.768
539400000000,0.735,0.703,0.721,0.758,0.764
539700000000,0.735,0.703,0.721,0.758,0.763
540000000000,0.735,0.703,0.721,0.757,0.762
540300000000,0.736,0.703,0.722,0.757,0.763
540600000000,0.739,0.706,0.723,0.759,0.765
540900000000,0.742,0.709,0.725,0.763,0.769
541200000000,0.74,0.707,0.723,0.76,0.765
541500000000,0.734,0.704,0.718,0.755,0.761
541800000000,0.737,0.705,0.721,0.757,0.763
542100000000,0.742,0.709,0.726,0.763,0.769
542400000000,0.744,0.712,0.729,0.767,0.773
542700000000,0.742,0.71,0.728,0.766,0.771
543000000000,0.742,0.71,0.728,0.766,0.771
543300000000,0.743,0.709,0.728,0.765,0.771
543600000000,0.743,0.71,0.728,0.765,0.772
543900000000,0.743,0.71,0.728,0.765,0.772
544200000000,0.74,0.708,0.726,0.761,0.768
544500000000,0.739,0.707,0.725,0.758,0.765
544800000000,0.736,0.706,0.723,0.756,0.763
545100000000,0.735,0.704,0.721,0.753,0.761
545400000000,0.734,0.705,0.72,0.754,0.76
545700000000,0.727,0.7,0.715,0.745,0.751
546000000000,0.713,0.69,0.707,0.732,0.739
546300000000,0.707,0.687,0.703,0.723,0.728
546600000000,0.703,0.684,0.7,0.72,0.722
546900000000,0.703,0.682,0.7,0.72,0.722
547200000000,0.705,0.683,0.703,0.723,0.724
547500000000,0.709,0.687,0.707,0.728,0.73
547800000000,0.709,0.687,0.708,0.726,0.729
548100000000,0.706,0.686,0.707,0.724,0.726
548400000000,0.703,0.685,0.705,0.72,0.723
548700000000,0.7,0.681,0.701,0.717,0.72
549000000000,0.701,0.683,0.703,0.721,0.723
549300000000,0.701,0.682,0.701,0.72,0.723
549600000000,0.699,0.682,0.701,0.717,0.72
549900000000,0.701,0.683,0.703,0.718,0.72
550200000000,0.699,0.681,0.701,0.716,0.718
550500000000,0.703,0.684,0.703,0.72,0.722
550800000000,0.702,0.682,0.702,0.718,0.721
551100000000,0.692,0.674,0.694,0.706,0.708
551400000000,0.686,0.67,0.689,0.699,0.7
551700000000,0.677,0.664,0.681,0.689,0.691
552000000000,0.675,0.663,0.68,0.686,0.688
552300000000,0.675,0.664,0.68,0.686,0.688
552600000000,0.674,0.664,0.679,0.686,0.687
552900000000,0.683,0.671,0.687,0.697,0.7
553200000000,0.701,0.683,0.7,0.719,0.723
553500000000,0.715,0.69,0.71,0.735,0.742
553800000000,0.723,0.695,0.714,0.743,0.75
554100000000,0.724,0.695,0.715,0.745,0.751
554400000000,0.721,0.691,0.711,0.741,0.748
554700000000,0.722,0.691,0.71,0.741,0.747
555000000000,0.723,0.692,0.712,0.742,0.749
555300000000,0.722,0.691,0.712,0.74,0.748
555600000000,0.722,0.691,0.711,0.739,0.748
555900000000,0.722,0.691,0.709,0.738,0.747
556200000000,0.723,0.692,0.711,0.74,0.75
556500000000,0.726,0.695,0.715,0.744,0.753
556800000000,0.727,0.696,0.715,0.744,0.753
557100000000,0.727,0.697,0.716,0.744,0.754
557400000000,0.728,0.697,0.717,0.745,0.755
557700000000,0.726,0.695,0.714,0.743,0.753
558000000000,0.725,0.694,0.713,0.741,0.751
558300000000,0.723,0.693,0.711,0.738,0.748
558600000000,0.722,0.693,0.711,0.739,0.749
558900000000,0.723,0.696,0.712,0.739,0.749
559200000000,0.724,0.698,0.712,0.739,0.748
559500000000,0.727,0.701,0.715,0.744,0.752
559800000000,0.728,0.702,0.717,0.746,0.754
560100000000,0.728,0.701,0.716,0.745,0.754
560400000000,0.728,0.701,0.717,0.746,0.755
560700000000,0.73,0.704,0.719,0.748,0.757
561000000000,0.729,0.703,0.717,0.745,0.755
561300000000,0.727,0.701,0.716,0.744,0.753
561600000000,0.726,0.7,0.715,0.744,0.753
561900000000,0.728,0.701,0.717,0.746,0.756
562200000000,0.726,0.7,0.715,0.744,0.754
562500000000,0.727,0.703,0.716,0.743,0.754
562800000000,0.727,0.706,0.717,0.743,0.752
563100000000,0.723,0.703,0.714,0.739,0.747
563400000000,0.719,0.701,0.711,0.736,0.745
563700000000,0.723,0.705,0.714,0.741,0.749
564000000000,0.725,0.704,0.715,0.745,0.753
564300000000,0.728,0.706,0.718,0.748,0.756
564600000000,0.73,0.709,0.72,0.75,0.759
564900000000,0.734,0.712,0.723,0.753,0.762
565200000000,0.734,0.711,0.723,0.752,0.761
565500000000,0.734,0.711,0.723,0.752,0.761
565800000000,0.734,0.709,0.722,0.751,0.76
566100000000,0.735,0.711,0.724,0.752,0.762
566400000000,0.735,0.712,0.723,0.752,0.763
566700000000,0.734,0.709,0.724,0.752,0.763
567000000000,0.731,0.71,0.722,0.751,0.76
567300000000,0.73,0.71,0.721,0.749,0.758
567600000000,0.73,0.71,0.719,0.747,0.755
567900000000,0.729,0.71,0.72,0.747,0.754
568200000000,0.731,0.712,0.722,0.749,0.757
568500000000,0.731,0.712,0.722,0.748,0.756
568800000000,0.729,0.71,0.72,0.747,0.754
569100000000,0.728,0.71,0.719,0.746,0.754
569400000000,0.729,0.711,0.72,0.747,0.756
569700000000,0.73,0.712,0.72,0.749,0.756
570000000000,0.728,0.711,0.718,0.747,0.753
570300000000,0.728,0.711,0.718,0.747,0.753
570600000000,0.728,0.712,0.719,0.746,0.753
570900000000,0.729,0.713,0.72,0.746,0.753
571200000000,0.727,0.713,0.721,0.746,0.752
571500000000,0.727,0.713,0.721,0.746,0.753
571800000000,0.726,0.71,0.719,0.744,0.75
572100000000,0.723,0.707,0.717,0.742,0.747
572400000000,0.72,0.704,0.715,0.74,0.745
572700000000,0.719,0.705,0.714,0.738,0.743
573000000000,0.717,0.703,0.711,0.734,0.74
573300000000,0.708,0.696,0.703,0.724,0.731
573600000000,0.712,0.7,0.707,0.731,0.737
573900000000,0.718,0.703,0.711,0.738,0.744
574200000000,0.719,0.704,0.711,0.74,0.747
574500000000,0.721,0.704,0.712,0.741,0.748
574800000000,0.72,0.702,0.71,0.738,0.746
575100000000,0.718,0.701,0.707,0.735,0.743
575400000000,0.717,0.701,0.707,0.735,0.743
575700000000,0.717,0.7,0.708,0.736,0.743
576000000000,0.716,0.699,0.708,0.736,0.742
576300000000,0.715,0.699,0.707,0.735,0.741
576600000000,0.717,0.701,0.709,0.735,0.741
576900000000,0.718,0.701,0.708,0.734,0.741
577200000000,0.718,0.7,0.708,0.734,0.74
577500000000,0.717,0.702,0.709,0.734,0.74
577800000000,0.719,0.704,0.711,0.736,0.742
578100000000,0.718,0.704,0.712,0.736,0.743
578400000000,0.709,0.697,0.704,0.725,0.732
578700000000,0.71,0.699,0.704,0.726,0.733
579000000000,0.708,0.696,0.702,0.726,0.732
579300000000,0.713,0.699,0.706,0.731,0.737
579600000000,0.718,0.702,0.711,0.736,0.741
579900000000,0.722,0.706,0.716,0.741,0.747
580200000000,0.726,0.709,0.721,0.745,0.75
580500000000,0.72,0.705,0.715,0.735,0.742
580800000000,0.715,0.701,0.71,0.729,0.735
581100000000,0.715,0.702,0.71,0.73,0.736
581400000000,0.715,0.701,0.708,0.729,0.735
581700000000,0.715,0.7,0.706,0.73,0.734
582000000000,0.715,0.7,0.706,0.729,0.733
582300000000,0.712,0.697,0.704,0.725,0.73
582600000000,0.705,0.694,0.7,0.717,0.725
582900000000,0.709,0.698,0.705,0.724,0.731
583200000000,0.716,0.701,0.711,0.733,0.74
583500000000,0.72,0.703,0.713,0.74,0.746
583800000000,0.721,0.705,0.714,0.741,0.747
584100000000,0.723,0.705,0.714,0.741,0.747
584400000000,0.722,0.703,0.713,0.739,0.746
584700000000,0.717,0.7,0.708,0.734,0.739
585000000000,0.705,0.69,0.696,0.718,0.721
585300000000,0.682,0.673,0.679,0.691,0.695
585600000000,0.669,0.662,0.669,0.674,0.684
585900000000,0.659,0.656,0.662,0.661,0.674
586200000000,0.66,0.658,0.664,0.661,0.676
586500000000,0.656,0.656,0.66,0.655,0.671
586800000000,0.655,0.655,0.66,0.657,0.671
587100000000,0.654,0.654,0.659,0.656,0.671
587400000000,0.66,0.66,0.665,0.666,0.678
587700000000,0.665,0.666,0.671,0.673,0.684
588000000000,0.671,0.671,0.676,0.682,0.692
588300000000,0.672,0.672,0.676,0.683,0.691
588600000000,0.669,0.67,0.674,0.68,0.688
588900000000,0.664,0.666,0.67,0.675,0.682
589200000000,0.662,0.664,0.667,0.671,0.677
589500000000,0.665,0.666,0.667,0.673,0.678
589800000000,0.671,0.671,0.672,0.681,0.686
590100000000,0.675,0.672,0.675,0.684,0.69
590400000000,0.681,0.678,0.681,0.692,0.699
590700000000,0.687,0.683,0.686,0.7,0.706
591000000000,0.696,0.69,0.691,0.709,0.713
591300000000,0.698,0.691,0.693,0.713,0.717
591600000000,0.702,0.695,0.697,0.719,0.721
591900000000,0.704,0.696,0.698,0.722,0.726
592200000000,0.708,0.699,0.702,0.727,0.731
592500000000,0.71,0.698,0.703,0.729,0.733
592800000000,0.711,0.698,0.703,0.728,0.733
593100000000,0.712,0.699,0.702,0.727,0.732
593400000000,0.715,0.701,0.702,0.73,0.733
593700000000,0.719,0.703,0.704,0.735,0.738
594000000000,0.722,0.704,0.705,0.739,0.742
594300000000,0.728,0.709,0.711,0.747,0.751
594600000000,0.731,0.71,0.714,0.752,0.756
594900000000,0.73,0.708,0.713,0.751,0.755
595200000000,0.727,0.705,0.708,0.746,0.751
595500000000,0.723,0.702,0.705,0.74,0.744
595800000000,0.724,0.704,0.708,0.741,0.745
596100000000,0.72,0.7,0.706,0.739,0.742
596400000000,0.72,0.701,0.707,0.738,0.741
596700000000,0.718,0.699,0.702,0.732,0.736
597000000000,0.717,0.697,0.7,0.73,0.733
597300000000,0.713,0.694,0.697,0.727,0.729
597600000000,0.706,0.69,0.69,0.72,0.722
597900000000,0.703,0.689,0.688,0.717,0.719
598200000000,0.709,0.695,0.695,0.724,0.727
598500000000,0.716,0.7,0.702,0.732,0.734
598800000000,0.713,0.698,0.702,0.732,0.733
599100000000,0.704,0.691,0.696,0.723,0.724
599400000000,0.697,0.688,0.693,0.716,0.716
599700000000,0.688,0.679,0.686,0.707,0.706
600000000000,0.684,0.676,0.681,0.702,0.701
600300000000,0.682,0.676,0.68,0.7,0.7
600600000000,0.682,0.675,0.679,0.698,0.699
600900000000,0.692,0.682,0.688,0.712,0.711
601200000000,0.697,0.684,0.692,0.719,0.717
601500000000,0.697,0.685,0.691,0.718,0.716
601800000000,0.699,0.687,0.691,0.718,0.716
602100000000,0.701,0.689,0.692,0.72,0.719
602400000000,0.706,0.692,0.695,0.724,0.724
602700000000,0.696,0.685,0.688,0.715,0.716
603000000000,0.697,0.685,0.69,0.715,0.715
603300000000,0.703,0.69,0.697,0.722,0.722
603600000000,0.702,0.689,0.696,0.719,0.72
603900000000,0.708,0.694,0.7,0.727,0.727
604200000000,0.709,0.695,0.7,0.727,0.729
604500000000,0.709,0.695,0.7,0.728,0.729
604800000000,0.708,0.695,0.699,0.726,0.727
605100000000,0.706,0.69,0.696,0.723,0.724
605400000000,0.698,0.682,0.688,0.717,0.718
605700000000,0.695,0.681,0.686,0.714,0.715
606000000000,0.698,0.684,0.691,0.715,0.716
606300000000,0.698,0.686,0.692,0.714,0.714
606600000000,0.689,0.679,0.686,0.705,0.704
606900000000,0.686,0.679,0.685,0.702,0.702
607200000000,0.69,0.681,0.687,0.707,0.707
607500000000,0.692,0.682,0.689,0.709,0.709
607800000000,0.693,0.682,0.686,0.709,0.708
608100000000,0.698,0.687,0.691,0.714,0.714
608400000000,0.697,0.686,0.691,0.715,0.714
608700000000,0.694,0.685,0.687,0.712,0.712
609000000000,0.694,0.686,0.688,0.711,0.712
609300000000,0.69,0.683,0.686,0.706,0.707
609600000000,0.687,0.681,0.683,0.705,0.703
609900000000,0.685,0.679,0.681,0.701,0.701
610200000000,0.684,0.678,0.682,0.703,0.702
610500000000,0.675,0.672,0.676,0.693,0.693
610800000000,0.675,0.671,0.676,0.69,0.69
611100000000,0.677,0.672,0.678,0.693,0.692
611400000000,0.685,0.676,0.684,0.702,0.701
611700000000,0.683,0.674,0.682,0.7,0.7
612000000000,0.687,0.677,0.684,0.703,0.702
612300000000,0.69,0.679,0.686,0.706,0.705
612600000000,0.691,0.68,0.688,0.708,0.707
612900000000,0.689,0.679,0.687,0.708,0.706
613200000000,0.698,0.684,0.691,0.718,0.717
613500000000,0.704,0.688,0.695,0.723,0.722
613800000000,0.704,0.688,0.694,0.723,0.722
614100000000,0.708,0.691,0.698,0.729,0.728
614400000000,0.708,0.691,0.697,0.728,0.728
614700000000,0.707,0.691,0.697,0.726,0.725
615000000000,0.706,0.688,0.695,0.72,0.724
615300000000,0.706,0.685,0.693,0.718,0.722
615600000000,0.705,0.684,0.693,0.718,0.72
615900000000,0.708,0.686,0.695,0.724,0.723
616200000000,0.706,0.685,0.693,0.721,0.721
616500000000,0.707,0.685,0.693,0.721,0.722
616800000000,0.712,0.687,0.696,0.726,0.727
617100000000,0.716,0.69,0.699,0.732,0.731
617400000000,0.717,0.69,0.702,0.735,0.735
617700000000,0.719,0.692,0.705,0.738,0.737
618000000000,0.717,0.692,0.704,0.737,0.737
618300000000,0.719,0.698,0.707,0.738,0.739
618600000000,0.716,0.697,0.707,0.737,0.738
618900000000,0.713,0.696,0.705,0.737,0.737
619200000000,0.713,0.696,0.704,0.734,0.735
619500000000,0.712,0.694,0.703,0.733,0.734
619800000000,0.716,0.698,0.708,0.735,0.737
620100000000,0.713,0.695,0.704,0.73,0.732
620400000000,0.713,0.694,0.703,0.73,0.731
620700000000,0.711,0.693,0.702,0.729,0.729
621000000000,0.715,0.696,0.705,0.733,0.734
621300000000,0.716,0.697,0.707,0.736,0.737
621600000000,0.715,0.697,0.708,0.734,0.734
621900000000,0.717,0.699,0.708,0.735,0.734
622200000000,0.721,0.702,0.711,0.739,0.74
622500000000,0.723,0.704,0.713,0.742,0.744
622800000000,0.717,0.699,0.709,0.736,0.738
623100000000,0.717,0.698,0.71,0.738,0.738
623400000000,0.716,0.698,0.71,0.739,0.739
623700000000,0.714,0.698,0.707,0.737,0.737
624000000000,0.716,0.698,0.709,0.738,0.737
624300000000,0.715,0.698,0.71,0.737,0.737
624600000000,0.71,0.694,0.707,0.732,0.732
624900000000,0.706,0.692,0.704,0.729,0.728
625200000000,0.704,0.692,0.703,0.726,0.727
625500000000,0.705,0.693,0.704,0.729,0.73
625800000000,0.708,0.696,0.706,0.732,0.732
626100000000,0.713,0.699,0.709,0.736,0.737
626400000000,0.717,0.701,0.713,0.74,0.741
626700000000,0.721,0.704,0.717,0.744,0.746
627000000000,0.717,0.701,0.715,0.74,0.743
627300000000,0.711,0.697,0.71,0.732,0.735
627600000000,0.708,0.695,0.705,0.727,0.73
627900000000,0.707,0.694,0.705,0.726,0.729
628200000000,0.705,0.693,0.705,0.726,0.728
628500000000,0.706,0.694,0.707,0.729,0.729
628800000000,0.713,0.699,0.71,0.735,0.735
629100000000,0.718,0.703,0.713,0.74,0.742
629400000000,0.722,0.704,0.715,0.744,0.746
629700000000,0.723,0.705,0.716,0.745,0.748
630000000000,0.723,0.705,0.716,0.746,0.75
630300000000,0.727,0.709,0.72,0.751,0.755
630600000000,0.726,0.708,0.72,0.748,0.752
630900000000,0.726,0.707,0.72,0.748,0.751
631200000000,0.722,0.704,0.716,0.744,0.747
631500000000,0.716,0.699,0.711,0.737,0.741
631800000000,0.713,0.698,0.709,0.735,0.739
632100000000,0.709,0.696,0.707,0.731,0.735
632400000000,0.7,0.687,0.701,0.722,0.726
632700000000,0.701,0.689,0.703,0.724,0.727
633000000000,0.703,0.691,0.703,0.725,0.728
633300000000,0.702,0.69,0.7,0.722,0.727
633600000000,0.699,0.687,0.696,0.718,0.723
633900000000,0.702,0.689,0.7,0.721,0.725
634200000000,0.71,0.696,0.708,0.73,0.733
634500000000,0.717,0.701,0.715,0.737,0.741
634800000000,0.717,0.7,0.715,0.736,0.74
635100000000,0.717,0.698,0.714,0.737,0.739
635400000000,0.714,0.696,0.711,0.733,0.736
635700000000,0.708,0.688,0.704,0.728,0.73
636000000000,0.707,0.688,0.704,0.727,0.729
636300000000,0.702,0.684,0.701,0.723,0.725
636600000000,0.697,0.681,0.698,0.716,0.718
636900000000,0.695,0.68,0.696,0.713,0.717
637200000000,0.696,0.679,0.696,0.711,0.714
637500000000,0.69,0.675,0.691,0.706,0.709
637800000000,0.692,0.679,0.693,0.709,0.712
638100000000,0.702,0.689,0.7,0.719,0.723
638400000000,0.71,0.693,0.706,0.727,0.732
638700000000,0.71,0.694,0.706,0.726,0.73
639000000000,0.707,0.693,0.705,0.724,0.728
639300000000,0.706,0.694,0.707,0.725,0.729
639600000000,0.716,0.7,0.714,0.737,0.741
639900000000,0.725,0.703,0.717,0.746,0.752
640200000000,0.731,0.708,0.721,0.752,0.758
640500000000,0.736,0.711,0.725,0.757,0.764
640800000000,0.736,0.712,0.726,0.758,0.765
641100000000,0.734,0.711,0.724,0.756,0.762
641400000000,0.735,0.712,0.725,0.757,0.762
641700000000,0.735,0.711,0.724,0.757,0.763
642000000000,0.735,0.709,0.722,0.755,0.761
642300000000,0.735,0.71,0.722,0.753,0.759
642600000000,0.737,0.71,0.724,0.756,0.762
642900000000,0.738,0.714,0.725,0.758,0.764
643200000000,0.739,0.715,0.727,0.759,0.766
643500000000,0.735,0.711,0.722,0.755,0.761
643800000000,0.728,0.706,0.715,0.747,0.752
644100000000,0.728,0.708,0.715,0.746,0.751
644400000000,0.727,0.708,0.714,0.745,0.748
644700000000,0.726,0.707,0.713,0.744,0.748
645000000000,0.72,0.701,0.707,0.737,0.741
645300000000,0.709,0.693,0.7,0.724,0.728
645600000000,0.718,0.701,0.71,0.736,0.741
645900000000,0.73,0.709,0.72,0.748,0.755
646200000000,0.737,0.712,0.725,0.757,0.764
646500000000,0.737,0.714,0.725,0.758,0.764
646800000000,0.734,0.712,0.723,0.755,0.761
647100000000,0.731,0.71,0.721,0.753,0.759
647400000000,0.731,0.71,0.72,0.752,0.758
647700000000,0.733,0.71,0.72,0.753,0.759
648000000000,0.735,0.711,0.722,0.756,0.763
648300000000,0.737,0.713,0.724,0.758,0.764
648600000000,0.738,0.715,0.725,0.759,0.765
648900000000,0.737,0.714,0.725,0.758,0.765
649200000000,0.735,0.712,0.724,0.757,0.763
649500000000,0.732,0.711,0.721,0.755,0.76
649800000000,0.732,0.71,0.719,0.754,0.76
650100000000,0.733,0.71,0.721,0.755,0.76
650400000000,0.733,0.711,0.721,0.755,0.76
650700000000,0.732,0.71,0.719,0.753,0.759
651000000000,0.73,0.709,0.716,0.749,0.755
651300000000,0.734,0.712,0.72,0.752,0.759
651600000000,0.733,0.711,0.719,0.751,0.758
651900000000,0.729,0.709,0.715,0.746,0.753
652200000000,0.73,0.71,0.717,0.751,0.757
652500000000,0.734,0.712,0.72,0.756,0.763
652800000000,0.73,0.709,0.716,0.751,0.758
653100000000,0.729,0.709,0.716,0.749,0.754
653400000000,0.733,0.712,0.721,0.755,0.76
653700000000,0.736,0.716,0.725,0.758,0.765
654000000000,0.739,0.718,0.727,0.759,0.767
654300000000,0.734,0.714,0.721,0.752,0.76
654600000000,0.726,0.706,0.714,0.742,0.748
654900000000,0.731,0.709,0.721,0.75,0.755
655200000000,0.735,0.712,0.725,0.756,0.762
655500000000,0.729,0.708,0.719,0.751,0.756
655800000000,0.73,0.708,0.72,0.75,0.755
656100000000,0.737,0.713,0.726,0.757,0.763
656400000000,0.735,0.711,0.723,0.755,0.761
656700000000,0.731,0.708,0.717,0.751,0.757
657000000000,0.73,0.706,0.715,0.75,0.757
657300000000,0.73,0.707,0.716,0.751,0.758
657600000000,0.732,0.708,0.717,0.753,0.759
657900000000,0.73,0.707,0.716,0.75,0.757
658200000000,0.732,0.709,0.717,0.751,0.758
658500000000,0.734,0.712,0.719,0.753,0.761
658800000000,0.734,0.713,0.72,0.754,0.762
659100000000,0.732,0.711,0.717,0.751,0.759
659400000000,0.724,0.696,0.708,0.742,0.748
659700000000,0.718,0.692,0.702,0.734,0.739
660000000000,0.703,0.683,0.691,0.717,0.721
660300000000,0.696,0.677,0.688,0.71,0.714
660600000000,0.694,0.674,0.687,0.708,0.712
660900000000,0.698,0.677,0.691,0.713,0.719
661200000000,0.701,0.68,0.692,0.716,0.721
661500000000,0.708,0.686,0.697,0.725,0.729
661800000000,0.717,0.691,0.705,0.736,0.74
662100000000,0.728,0.699,0.714,0.749,0.753
662400000000,0.728,0.699,0.713,0.749,0.754
662700000000,0.722,0.696,0.708,0.742,0.746
663000000000,0.706,0.684,0.692,0.72,0.724
663300000000,0.701,0.688,0.69,0.713,0.717
663600000000,0.706,0.692,0.697,0.72,0.725
663900000000,0.71,0.696,0.701,0.724,0.73
664200000000,0.709,0.697,0.7,0.723,0.729
664500000000,0.714,0.7,0.705,0.728,0.734
664800000000,0.728,0.709,0.716,0.746,0.752
665100000000,0.733,0.712,0.717,0.752,0.759
665400000000,0.729,0.711,0.714,0.748,0.754
665700000000,0.728,0.709,0.713,0.745,0.75
666000000000,0.72,0.701,0.705,0.735,0.739
666300000000,0.705,0.689,0.691,0.713,0.718
666600000000,0.7,0.686,0.689,0.71,0.714
666900000000,0.72,0.702,0.707,0.736,0.74
667200000000,0.73,0.709,0.714,0.746,0.752
667500000000,0.737,0.715,0.719,0.755,0.76
667800000000,0.74,0.717,0.721,0.759,0.764
668100000000,0.738,0.714,0.719,0.756,0.763
668400000000,0.73,0.708,0.711,0.745,0.751
668700000000,0.71,0.695,0.696,0.72,0.727
669000000000,0.696,0.683,0.686,0.703,0.71
669300000000,0.689,0.68,0.683,0.696,0.703
669600000000,0.7,0.69,0.692,0.712,0.718
669900000000,0.714,0.699,0.703,0.73,0.735
670200000000,0.727,0.708,0.714,0.745,0.75
670500000000,0.735,0.715,0.721,0.755,0.762
670800000000,0.739,0.718,0.725,0.758,0.766
671100000000,0.741,0.718,0.725,0.758,0.766
671400000000,0.738,0.715,0.721,0.754,0.762
671700000000,0.729,0.708,0.713,0.741,0.748
672000000000,0.714,0.697,0.701,0.724,0.727
672300000000,0.7,0.686,0.691,0.709,0.713
672600000000,0.692,0.68,0.688,0.702,0.707
672900000000,0.686,0.675,0.685,0.694,0.702
673200000000,0.688,0.678,0.687,0.698,0.705
673500000000,0.693,0.682,0.693,0.707,0.714
673800000000,0.696,0.683,0.697,0.711,0.719
674100000000,0.7,0.687,0.701,0.714,0.722
674400000000,0.704,0.69,0.703,0.718,0.726
674700000000,0.708,0.692,0.707,0.722,0.73
675000000000,0.708,0.691,0.706,0.723,0.731
675300000000,0.709,0.693,0.707,0.725,0.732
675600000000,0.711,0.694,0.708,0.727,0.735
675900000000,0.706,0.69,0.704,0.721,0.73
676200000000,0.702,0.688,0.701,0.717,0.725
676500000000,0.701,0.687,0.7,0.717,0.723
676800000000,0.701,0.686,0.699,0.716,0.722
677100000000,0.699,0.686,0.699,0.716,0.722
677400000000,0.691,0.681,0.692,0.708,0.715
677700000000,0.695,0.683,0.694,0.711,0.716
678000000000,0.696,0.683,0.693,0.707,0.715
678300000000,0.699,0.686,0.694,0.711,0.718
678600000000,0.703,0.689,0.697,0.714,0.722
678900000000,0.706,0.691,0.7,0.721,0.727
679200000000,0.705,0.69,0.699,0.721,0.728
679500000000,0.703,0.689,0.698,0.72,0.727
679800000000,0.694,0.683,0.693,0.714,0.721
680100000000,0.697,0.686,0.695,0.717,0.722
680400000000,0.704,0.689,0.696,0.72,0.725
680700000000,0.711,0.694,0.699,0.727,0.733
681000000000,0.713,0.696,0.701,0.728,0.735
681300000000,0.707,0.69,0.697,0.723,0.728
681600000000,0.714,0.693,0.701,0.731,0.735
681900000000,0.72,0.697,0.704,0.736,0.741
682200000000,0.72,0.697,0.704,0.736,0.741
682500000000,0.718,0.695,0.703,0.735,0.739
682800000000,0.717,0.696,0.702,0.734,0.737
683100000000,0.712,0.692,0.697,0.727,0.731
683400000000,0.703,0.684,0.689,0.717,0.721
683700000000,0.703,0.685,0.689,0.718,0.721
684000000000,0.709,0.69,0.695,0.726,0.728
684300000000,0.714,0.693,0.699,0.731,0.733
684600000000,0.717,0.696,0.703,0.735,0.736
684900000000,0.72,0.699,0.706,0.737,0.738
685200000000,0.722,0.7,0.706,0.738,0.738
685500000000,0.722,0.699,0.704,0.736,0.738
685800000000,0.717,0.696,0.701,0.732,0.733
686100000000,0.718,0.697,0.702,0.734,0.735
686400000000,0.716,0.695,0.7,0.731,0.733
686700000000,0.716,0.694,0.701,0.731,0.732
687000000000,0.711,0.692,0.7,0.727,0.728
687300000000,0.716,0.696,0.703,0.733,0.734
687600000000,0.726,0.702,0.71,0.744,0.746
687900000000,0.734,0.708,0.717,0.753,0.756
688200000000,0.738,0.712,0.72,0.758,0.761
688500000000,0.737,0.711,0.721,0.759,0.763
688800000000,0.737,0.71,0.72,0.759,0.763
689100000000,0.737,0.71,0.719,0.757,0.761
689400000000,0.739,0.712,0.721,0.758,0.763
689700000000,0.739,0.712,0.722,0.758,0.763
690000000000,0.738,0.71,0.72,0.756,0.761
690300000000,0.734,0.708,0.719,0.753,0.757
690600000000,0.729,0.704,0.716,0.75,0.754
690900000000,0.729,0.704,0.716,0.748,0.752
691200000000,0.729,0.705,0.716,0.747,0.752
691500000000,0.727,0.703,0.714,0.743,0.749
691800000000,0.724,0.699,0.708,0.735,0.742
692100000000,0.723,0.698,0.704,0.732,0.738
692400000000,0.726,0.702,0.709,0.734,0.741
692700000000,0.731,0.709,0.716,0.741,0.748
693000000000,0.731,0.708,0.718,0.743,0.751
693300000000,0.723,0.701,0.71,0.734,0.742
693600000000,0.72,0.699,0.708,0.731,0.739
693900000000,0.715,0.695,0.704,0.726,0.732
694200000000,0.717,0.697,0.706,0.73,0.736
694500000000,0.717,0.697,0.706,0.73,0.735
694800000000,0.715,0.696,0.705,0.728,0.733
695100000000,0.713,0.696,0.703,0.726,0.73
695400000000,0.713,0.696,0.703,0.727,0.729
695700000000,0.713,0.695,0.702,0.725,0.728
696000000000,0.711,0.695,0.702,0.724,0.729
696300000000,0.716,0.7,0.707,0.73,0.734
696600000000,0.722,0.703,0.712,0.736,0.74
696900000000,0.725,0.704,0.715,0.739,0.743
697200000000,0.725,0.705,0.715,0.741,0.745
697500000000,0.726,0.706,0.716,0.742,0.747
697800000000,0.729,0.707,0.718,0.745,0.749
698100000000,0.732,0.709,0.719,0.748,0.753
698400000000,0.737,0.713,0.723,0.753,0.759
698700000000,0.739,0.714,0.724,0.756,0.762
699000000000,0.738,0.713,0.722,0.754,0.76
699300000000,0.736,0.711,0.721,0.753,0.759
699600000000,0.732,0.708,0.717,0.751,0.755
699900000000,0.729,0.706,0.715,0.747,0.752
700200000000,0.725,0.703,0.711,0.742,0.748
700500000000,0.725,0.705,0.713,0.743,0.749
700800000000,0.723,0.702,0.712,0.742,0.747
701100000000,0.724,0.702,0.711,0.742,0.747
701400000000,0.726,0.709,0.71,0.739,0.745
701700000000,0.733,0.717,0.715,0.745,0.75
702000000000,0.734,0.718,0.717,0.747,0.751
702300000000,0.733,0.717,0.715,0.747,0.75
702600000000,0.735,0.718,0.717,0.748,0.752
702900000000,0.734,0.717,0.716,0.747,0.752
703200000000,0.731,0.716,0.714,0.743,0.748
703500000000,0.727,0.713,0.711,0.739,0.745
703800000000,0.728,0.713,0.711,0.74,0.745
704100000000,0.727,0.712,0.711,0.738,0.743
704400000000,0.724,0.71,0.709,0.735,0.738
704700000000,0.723,0.71,0.709,0.735,0.737
705000000000,0.721,0.708,0.708,0.732,0.733
705300000000,0.715,0.703,0.702,0.725,0.726
705600000000,0.716,0.706,0.704,0.729,0.729
705900000000,0.718,0.707,0.707,0.731,0.731
706200000000,0.719,0.709,0.707,0.73,0.73
706500000000,0.72,0.709,0.706,0.731,0.731
706800000000,0.726,0.713,0.711,0.741,0.742
707100000000,0.731,0.716,0.715,0.748,0.751
707400000000,0.734,0.718,0.718,0.752,0.755
707700000000,0.739,0.721,0.72,0.754,0.758
708000000000,0.744,0.724,0.722,0.757,0.76
708300000000,0.747,0.726,0.725,0.759,0.763
708600000000,0.747,0.726,0.725,0.76,0.764
708900000000,0.748,0.726,0.724,0.76,0.765
709200000000,0.749,0.727,0.724,0.761,0.767
709500000000,0.75,0.728,0.727,0.763,0.769
709800000000,0.751,0.728,0.729,0.763,0.769
710100000000,0.749,0.727,0.727,0.759,0.766
710400000000,0.747,0.726,0.725,0.759,0.766
710700000000,0.75,0.729,0.731,0.765,0.771
711000000000,0.753,0.731,0.734,0.768,0.773
711300000000,0.751,0.731,0.733,0.768,0.774
711600000000,0.753,0.731,0.733,0.768,0.774
711900000000,0.751,0.73,0.731,0.766,0.772
712200000000,0.749,0.728,0.729,0.764,0.769
712500000000,0.751,0.73,0.73,0.766,0.77
712800000000,0.752,0.731,0.73,0.765,0.77
713100000000,0.751,0.73,0.73,0.764,0.769
713400000000,0.751,0.731,0.73,0.764,0.769
713700000000,0.751,0.731,0.73,0.764,0.77
714000000000,0.75,0.728,0.727,0.761,0.767
714300000000,0.751,0.729,0.728,0.762,0.769
714600000000,0.752,0.731,0.731,0.764,0.77
714900000000,0.753,0.731,0.731,0.765,0.771
715200000000,0.752,0.73,0.73,0.765,0.77
715500000000,0.753,0.731,0.731,0.768,0.772
715800000000,0.754,0.732,0.732,0.768,0.773
716100000000,0.757,0.734,0.735,0.771,0.776
716400000000,0.758,0.735,0.736,0.772,0.777
716700000000,0.757,0.735,0.736,0.771,0.776
717000000000,0.758,0.736,0.737,0.773,0.778
717300000000,0.761,0.739,0.741,0.777,0.782
717600000000,0.758,0.736,0.74,0.773,0.777
717900000000,0.751,0.73,0.733,0.763,0.768
718200000000,0.747,0.728,0.728,0.759,0.764
718500000000,0.746,0.727,0.727,0.757,0.762
718800000000,0.734,0.719,0.719,0.742,0.747
719100000000,0.735,0.719,0.721,0.743,0.748
719400000000,0.731,0.717,0.72,0.74,0.745
719700000000,0.73,0.718,0.72,0.74,0.744
720000000000,0.726,0.714,0.717,0.736,0.74
720300000000,0.725,0.714,0.715,0.735,0.738
720600000000,0.72,0.71,0.71,0.728,0.731
720900000000,0.721,0.711,0.712,0.73,0.732
721200000000,0.72,0.709,0.711,0.728,0.732
721500000000,0.728,0.713,0.715,0.736,0.739
721800000000,0.733,0.716,0.718,0.741,0.745
722100000000,0.736,0.718,0.72,0.745,0.749
722400000000,0.74,0.723,0.725,0.749,0.754
722700000000,0.747,0.729,0.731,0.757,0.761
723000000000,0.749,0.73,0.733,0.76,0.765
723300000000,0.751,0.732,0.734,0.762,0.767
723600000000,0.75,0.731,0.733,0.761,0.766
723900000000,0.745,0.727,0.728,0.755,0.762
724200000000,0.738,0.722,0.722,0.746,0.752
724500000000,0.733,0.718,0.718,0.74,0.744
724800000000,0.728,0.715,0.714,0.735,0.741
725100000000,0.737,0.72,0.719,0.744,0.749
725400000000,0.743,0.723,0.724,0.75,0.756
725700000000,0.729,0.712,0.713,0.734,0.741
726000000000,0.715,0.702,0.704,0.718,0.726
726300000000,0.713,0.7,0.702,0.714,0.724
726600000000,0.735,0.719,0.717,0.741,0.75
726900000000,0.751,0.732,0.73,0.763,0.771
727200000000,0.758,0.737,0.736,0.772,0.779
727500000000,0.76,0.739,0.739,0.774,0.78
727800000000,0.76,0.738,0.738,0.773,0.778
728100000000,0.757,0.734,0.734,0.768,0.774
728400000000,0.754,0.732,0.729,0.763,0.77
728700000000,0.752,0.73,0.725,0.76,0.768
729000000000,0.753,0.731,0.726,0.76,0.77
729300000000,0.753,0.732,0.727,0.76,0.77
729600000000,0.753,0.735,0.728,0.761,0.77
729900000000,0.755,0.737,0.73,0.763,0.772
730200000000,0.753,0.734,0.73,0.764,0.772
730500000000,0.753,0.734,0.729,0.763,0.771
730800000000,0.752,0.733,0.727,0.762,0.769
731100000000,0.752,0.734,0.729,0.764,0.77
731400000000,0.752,0.732,0.73,0.764,0.77
731700000000,0.749,0.729,0.727,0.76,0.766
732000000000,0.739,0.722,0.719,0.747,0.753
732300000000,0.736,0.722,0.721,0.744,0.751
732600000000,0.729,0.719,0.717,0.738,0.745
732900000000,0.725,0.715,0.714,0.733,0.739
733200000000,0.727,0.714,0.713,0.733,0.739
733500000000,0.744,0.731,0.727,0.754,0.76
733800000000,0.755,0.739,0.737,0.768,0.775
734100000000,0.76,0.74,0.74,0.773,0.78
734400000000,0.761,0.739,0.741,0.774,0.782
734700000000,0.76,0.74,0.741,0.774,0.781
735000000000,0.758,0.738,0.738,0.77,0.778
735300000000,0.755,0.736,0.733,0.765,0.772
735600000000,0.753,0.733,0.731,0.763,0.771
735900000000,0.755,0.737,0.735,0.766,0.772
736200000000,0.756,0.738,0.737,0.769,0.774
736500000000,0.757,0.737,0.737,0.769,0.775
736800000000,0.758,0.741,0.737,0.769,0.776
737100000000,0.759,0.741,0.737,0.769,0.777
737400000000,0.757,0.738,0.736,0.766,0.774
737700000000,0.751,0.732,0.73,0.758,0.767
738000000000,0.744,0.729,0.726,0.749,0.759
738300000000,0.741,0.727,0.724,0.745,0.755
738600000000,0.736,0.722,0.719,0.739,0.748
738900000000,0.738,0.723,0.719,0.743,0.751
739200000000,0.741,0.727,0.722,0.748,0.757
739500000000,0.746,0.73,0.725,0.756,0.765
739800000000,0.748,0.732,0.728,0.759,0.768
740100000000,0.753,0.736,0.733,0.764,0.772
740400000000,0.756,0.739,0.734,0.766,0.774
740700000000,0.754,0.737,0.732,0.764,0.772
741000000000,0.755,0.738,0.734,0.766,0.774
741300000000,0.756,0.738,0.734,0.766,0.775
741600000000,0.758,0.74,0.736,0.768,0.775
741900000000,0.76,0.746,0.738,0.769,0.777
742200000000,0.76,0.745,0.738,0.768,0.777
742500000000,0.758,0.743,0.735,0.766,0.773
742800000000,0.753,0.74,0.731,0.761,0.767
743100000000,0.744,0.733,0.723,0.751,0.756
743400000000,0.735,0.728,0.717,0.743,0.748
743700000000,0.734,0.728,0.718,0.741,0.747
744000000000,0.737,0.729,0.721,0.745,0.751
744300000000,0.739,0.731,0.72,0.744,0.752
744600000000,0.743,0.733,0.725,0.751,0.759
744900000000,0.753,0.742,0.735,0.762,0.772
745200000000,0.761,0.749,0.742,0.771,0.781
745500000000,0.76,0.745,0.742,0.772,0.781
745800000000,0.754,0.73,0.741,0.77,0.779
746100000000,0.754,0.73,0.739,0.768,0.777
746400000000,0.75,0.725,0.735,0.765,0.774
746700000000,0.749,0.725,0.735,0.765,0.774
747000000000,0.752,0.732,0.735,0.765,0.774
747300000000,0.756,0.741,0.736,0.765,0.774
747600000000,0.757,0.742,0.737,0.767,0.776
747900000000,0.757,0.741,0.736,0.767,0.775
748200000000,0.754,0.738,0.732,0.764,0.773
748500000000,0.754,0.745,0.73,0.761,0.771
748800000000,0.749,0.735,0.729,0.759,0.769
749100000000,0.752,0.736,0.734,0.765,0.774
749400000000,0.753,0.735,0.734,0.765,0.775
749700000000,0.758,0.747,0.735,0.766,0.776
750000000000,0.759,0.753,0.735,0.766,0.775
750300000000,0.759,0.755,0.738,0.767,0.776
750600000000,0.76,0.757,0.739,0.767,0.775
750900000000,0.753,0.752,0.733,0.76,0.768
751200000000,0.738,0.738,0.717,0.741,0.751
751500000000,0.73,0.733,0.71,0.731,0.741
751800000000,0.734,0.735,0.714,0.736,0.747
752100000000,0.749,0.748,0.729,0.754,0.765
752400000000,0.757,0.745,0.736,0.765,0.775
752700000000,0.757,0.744,0.737,0.765,0.774
753000000000,0.758,0.746,0.736,0.765,0.774
753300000000,0.758,0.746,0.735,0.765,0.774
753600000000,0.755,0.744,0.73,0.762,0.77
753900000000,0.756,0.745,0.73,0.763,0.771
754200000000,0.755,0.745,0.729,0.762,0.771
754500000000,0.757,0.746,0.731,0.764,0.774
754800000000,0.758,0.746,0.733,0.765,0.774
755100000000,0.758,0.747,0.733,0.764,0.773
755400000000,0.755,0.743,0.73,0.761,0.77
755700000000,0.745,0.736,0.722,0.751,0.76
756000000000,0.741,0.735,0.719,0.747,0.756
756300000000,0.747,0.739,0.725,0.753,0.762
756600000000,0.754,0.745,0.732,0.761,0.77
756900000000,0.757,0.746,0.733,0.764,0.773
757200000000,0.75,0.74,0.726,0.758,0.766
757500000000,0.739,0.73,0.715,0.743,0.752
757800000000,0.729,0.723,0.707,0.732,0.742
758100000000,0.74,0.733,0.718,0.744,0.753
758400000000,0.754,0.745,0.734,0.762,0.772
758700000000,0.762,0.752,0.744,0.774,0.782
759000000000,0.763,0.752,0.744,0.774,0.783
759300000000,0.763,0.752,0.744,0.773,0.783
759600000000,0.763,0.753,0.743,0.772,0.782
759900000000,0.759,0.75,0.74,0.768,0.777
760200000000,0.752,0.744,0.731,0.759,0.767
760500000000,0.754,0.746,0.735,0.764,0.771
760800000000,0.757,0.748,0.739,0.768,0.777
761100000000,0.759,0.748,0.74,0.769,0.778
761400000000,0.753,0.742,0.732,0.76,0.769
761700000000,0.734,0.729,0.714,0.741,0.749
762000000000,0.723,0.72,0.705,0.73,0.738
762300000000,0.716,0.715,0.699,0.721,0.729
762600000000,0.716,0.714,0.699,0.718,0.729
762900000000,0.715,0.712,0.698,0.714,0.727
763200000000,0.72,0.716,0.703,0.717,0.732
763500000000,0.726,0.719,0.707,0.725,0.739
763800000000,0.728,0.721,0.709,0.729,0.741
764100000000,0.725,0.719,0.706,0.726,0.738
764400000000,0.719,0.714,0.701,0.719,0.731
764700000000,0.718,0.715,0.701,0.718,0.73
765000000000,0.713,0.711,0.696,0.713,0.725
765300000000,0.703,0.702,0.685,0.701,0.713
765600000000,0.702,0.702,0.684,0.7,0.712
765900000000,0.701,0.704,0.687,0.703,0.715
766200000000,0.701,0.704,0.689,0.703,0.716
766500000000,0.702,0.705,0.69,0.704,0.716
766800000000,0.703,0.705,0.691,0.706,0.717
767100000000,0.697,0.701,0.687,0.701,0.711
767400000000,0.698,0.702,0.688,0.701,0.71
767700000000,0.693,0.696,0.682,0.696,0.704
768000000000,0.691,0.694,0.679,0.694,0.702
768300000000,0.694,0.697,0.682,0.697,0.705
768600000000,0.697,0.699,0.685,0.701,0.709
768900000000,0.701,0.702,0.689,0.707,0.713
769200000000,0.7,0.702,0.689,0.705,0.712
769500000000,0.694,0.699,0.685,0.7,0.707
769800000000,0.693,0.698,0.686,0.701,0.708
770100000000,0.7,0.702,0.691,0.707,0.716
770400000000,0.702,0.704,0.693,0.71,0.718
770700000000,0.705,0.706,0.695,0.713,0.72
771000000000,0.712,0.711,0.701,0.721,0.727
771300000000,0.718,0.717,0.706,0.73,0.735
771600000000,0.715,0.715,0.703,0.728,0.732
771900000000,0.716,0.714,0.704,0.73,0.733
772200000000,0.719,0.717,0.706,0.73,0.733
772500000000,0.714,0.713,0.7,0.724,0.726
772800000000,0.718,0.715,0.703,0.728,0.729
773100000000,0.716,0.713,0.701,0.724,0.727
773400000000,0.721,0.716,0.707,0.729,0.731
773700000000,0.721,0.717,0.708,0.73,0.731
774000000000,0.723,0.717,0.71,0.733,0.734
774300000000,0.719,0.712,0.706,0.727,0.729
774600000000,0.719,0.712,0.704,0.725,0.728
774900000000,0.721,0.713,0.705,0.728,0.73
775200000000,0.722,0.714,0.703,0.729,0.73
775500000000,0.729,0.72,0.708,0.736,0.737
775800000000,0.732,0.725,0.713,0.741,0.743
776100000000,0.734,0.726,0.716,0.743,0.745
776400000000,0.736,0.726,0.717,0.745,0.747
776700000000,0.733,0.726,0.716,0.743,0.744
777000000000,0.733,0.726,0.716,0.744,0.745
777300000000,0.735,0.726,0.717,0.745,0.746
777600000000,0.737,0.728,0.718,0.746,0.748
777900000000,0.736,0.726,0.717,0.745,0.747
778200000000,0.732,0.721,0.714,0.742,0.744
778500000000,0.729,0.718,0.71,0.738,0.74
778800000000,0.73,0.721,0.714,0.739,0.742
779100000000,0.733,0.725,0.717,0.741,0.744
779400000000,0.733,0.725,0.714,0.74,0.743
779700000000,0.727,0.72,0.709,0.733,0.735
780000000000,0.725,0.719,0.706,0.731,0.733
780300000000,0.719,0.715,0.702,0.724,0.728
780600000000,0.719,0.716,0.703,0.726,0.73
780900000000,0.725,0.72,0.708,0.732,0.736
781200000000,0.727,0.722,0.711,0.735,0.738
781500000000,0.725,0.722,0.712,0.735,0.738
781800000000,0.724,0.721,0.71,0.732,0.735
782100000000,0.722,0.719,0.708,0.732,0.734
782400000000,0.719,0.716,0.706,0.731,0.733
782700000000,0.723,0.722,0.71,0.735,0.738
783000000000,0.723,0.719,0.708,0.733,0.737
783300000000,0.725,0.719,0.71,0.736,0.741
783600000000,0.729,0.721,0.712,0.738,0.744
783900000000,0.729,0.721,0.713,0.739,0.744
784200000000,0.726,0.719,0.71,0.737,0.742
784500000000,0.73,0.721,0.713,0.741,0.745
784800000000,0.738,0.729,0.72,0.749,0.753
785100000000,0.741,0.731,0.723,0.752,0.756
785400000000,0.743,0.732,0.723,0.753,0.757
785700000000,0.743,0.732,0.722,0.753,0.757
786000000000,0.742,0.731,0.72,0.751,0.755
786300000000,0.744,0.732,0.722,0.754,0.759
786600000000,0.743,0.732,0.722,0.753,0.758
786900000000,0.74,0.73,0.72,0.748,0.754
787200000000,0.737,0.728,0.719,0.745,0.75
787500000000,0.735,0.727,0.718,0.743,0.748
787800000000,0.733,0.724,0.715,0.742,0.746
788100000000,0.734,0.724,0.715,0.742,0.746
788400000000,0.734,0.724,0.713,0.74,0.744
788700000000,0.73,0.721,0.71,0.734,0.74
789000000000,0.73,0.721,0.711,0.736,0.74
789300000000,0.727,0.719,0.709,0.732,0.738
789600000000,0.725,0.717,0.705,0.729,0.735
789900000000,0.726,0.718,0.706,0.73,0.736
790200000000,0.728,0.718,0.706,0.732,0.737
790500000000,0.731,0.719,0.71,0.737,0.742
790800000000,0.728,0.716,0.708,0.734,0.739
791100000000,0.727,0.714,0.707,0.733,0.737
791400000000,0.726,0.712,0.707,0.731,0.736
791700000000,0.729,0.714,0.708,0.735,0.739
792000000000,0.73,0.716,0.709,0.736,0.74
792300000000,0.728,0.715,0.707,0.735,0.739
792600000000,0.729,0.716,0.709,0.736,0.739
792900000000,0.727,0.715,0.708,0.733,0.737
793200000000,0.724,0.713,0.705,0.731,0.735
793500000000,0.73,0.719,0.713,0.739,0.743
793800000000,0.734,0.721,0.716,0.744,0.748
794100000000,0.733,0.72,0.715,0.742,0.746
794400000000,0.735,0.721,0.715,0.742,0.747
794700000000,0.74,0.726,0.72,0.748,0.753
795000000000,0.743,0.728,0.722,0.751,0.757
795300000000,0.749,0.732,0.725,0.756,0.763
795600000000,0.752,0.734,0.728,0.759,0.764
795900000000,0.75,0.732,0.726,0.756,0.762
796200000000,0.747,0.731,0.724,0.753,0.76
796500000000,0.751,0.734,0.727,0.757,0.764
796800000000,0.752,0.734,0.728,0.758,0.765
797100000000,0.755,0.736,0.73,0.762,0.769
797400000000,0.754,0.735,0.729,0.76,0.767
797700000000,0.754,0.735,0.728,0.757,0.766
798000000000,0.755,0.737,0.729,0.759,0.768
798300000000,0.758,0.739,0.733,0.764,0.772
798600000000,0.759,0.739,0.733,0.765,0.773
798900000000,0.753,0.733,0.727,0.757,0.766
799200000000,0.751,0.73,0.723,0.755,0.763
799500000000,0.751,0.731,0.723,0.755,0.763
799800000000,0.754,0.734,0.727,0.76,0.768
800100000000,0.755,0.735,0.73,0.763,0.771
800400000000,0.752,0.733,0.728,0.76,0.769
800700000000,0.75,0.73,0.725,0.756,0.765
801000000000,0.746,0.728,0.723,0.753,0.761
801300000000,0.741,0.723,0.718,0.748,0.754
801600000000,0.742,0.725,0.718,0.749,0.755
801900000000,0.739,0.722,0.716,0.745,0.751
802200000000,0.74,0.723,0.718,0.745,0.752
802500000000,0.749,0.731,0.726,0.757,0.763
802800000000,0.757,0.737,0.733,0.767,0.774
803100000000,0.762,0.742,0.737,0.773,0.78
803400000000,0.768,0.748,0.743,0.779,0.786
803700000000,0.77,0.75,0.747,0.782,0.787
804000000000,0.77,0.751,0.749,0.782,0.787
804300000000,0.77,0.75,0.748,0.781,0.785
804600000000,0.771,0.751,0.748,0.782,0.786
804900000000,0.769,0.749,0.747,0.781,0.784
805200000000,0.766,0.746,0.745,0.778,0.781
805500000000,0.765,0.746,0.744,0.777,0.78
805800000000,0.764,0.745,0.743,0.776,0.779
806100000000,0.764,0.745,0.743,0.774,0.778
806400000000,0.764,0.743,0.742,0.773,0.778
806700000000,0.764,0.744,0.742,0.773,0.778
807000000000,0.764,0.744,0.742,0.773,0.778
807300000000,0.764,0.744,0.742,0.773,0.778
807600000000,0.763,0.743,0.74,0.772,0.777
807900000000,0.762,0.742,0.74,0.771,0.776
808200000000,0.762,0.742,0.739,0.77,0.775
808500000000,0.758,0.737,0.735,0.766,0.771
808800000000,0.757,0.737,0.734,0.765,0.77
809100000000,0.756,0.735,0.733,0.764,0.769
809400000000,0.757,0.736,0.733,0.765,0.77
809700000000,0.761,0.74,0.738,0.771,0.775
810000000000,0.762,0.742,0.741,0.773,0.778
810300000000,0.762,0.743,0.741,0.774,0.779
810600000000,0.763,0.744,0.742,0.775,0.78
810900000000,0.76,0.741,0.739,0.771,0.777
811200000000,0.756,0.738,0.735,0.767,0.773
811500000000,0.756,0.738,0.735,0.767,0.772
811800000000,0.752,0.736,0.731,0.763,0.768
812100000000,0.754,0.737,0.732,0.765,0.77
812400000000,0.751,0.735,0.73,0.761,0.765
812700000000,0.745,0.731,0.726,0.755,0.758
813000000000,0.74,0.726,0.723,0.75,0.753
813300000000,0.743,0.729,0.727,0.753,0.755
813600000000,0.749,0.733,0.73,0.757,0.761
813900000000,0.755,0.737,0.733,0.764,0.768
814200000000,0.756,0.737,0.731,0.764,0.77
814500000000,0.756,0.736,0.731,0.765,0.77
814800000000,0.756,0.737,0.731,0.765,0.771
815100000000,0.756,0.737,0.73,0.764,0.771
815400000000,0.757,0.737,0.729,0.764,0.771
815700000000,0.76,0.739,0.732,0.768,0.773
816000000000,0.761,0.74,0.734,0.77,0.774
816300000000,0.761,0.74,0.733,0.77,0.775
816600000000,0.761,0.74,0.734,0.77,0.775
816900000000,0.759,0.739,0.733,0.768,0.774
817200000000,0.757,0.737,0.731,0.767,0.773
817500000000,0.757,0.737,0.732,0.768,0.773
817800000000,0.759,0.739,0.734,0.769,0.775
818100000000,0.76,0.74,0.735,0.771,0.776
818400000000,0.76,0.74,0.735,0.771,0.776
818700000000,0.76,0.74,0.735,0.77,0.776
819000000000,0.758,0.737,0.733,0.768,0.774
819300000000,0.755,0.735,0.731,0.766,0.771
819600000000,0.754,0.733,0.729,0.764,0.769
819900000000,0.754,0.734,0.729,0.763,0.769
820200000000,0.761,0.739,0.736,0.772,0.778
820500000000,0.764,0.743,0.741,0.776,0.783
820800000000,0.766,0.747,0.743,0.775,0.782
821100000000,0.762,0.744,0.74,0.773,0.779
821400000000,0.762,0.744,0.739,0.772,0.778
821700000000,0.763,0.745,0.739,0.772,0.778
822000000000,0.762,0.743,0.738,0.77,0.775
822300000000,0.76,0.743,0.738,0.77,0.776
822600000000,0.762,0.756,0.74,0.772,0.778
822900000000,0.761,0.754,0.738,0.77,0.776
823200000000,0.761,0.752,0.737,0.769,0.775
823500000000,0.761,0.753,0.738,0.769,0.775
823800000000,0.759,0.752,0.738,0.768,0.773
824100000000,0.761,0.755,0.74,0.769,0.774
824400000000,0.759,0.752,0.739,0.768,0.773
824700000000,0.758,0.752,0.739,0.768,0.773
825000000000,0.758,0.752,0.739,0.767,0.772
825300000000,0.756,0.751,0.736,0.763,0.769
825600000000,0.755,0.75,0.735,0.763,0.768
825900000000,0.759,0.754,0.738,0.766,0.771
826200000000,0.759,0.755,0.738,0.766,0.77
826500000000,0.746,0.735,0.725,0.752,0.756
826800000000,0.75,0.742,0.729,0.755,0.76
827100000000,0.757,0.746,0.734,0.761,0.767
827400000000,0.758,0.745,0.734,0.763,0.769
827700000000,0.757,0.745,0.734,0.763,0.77
828000000000,0.759,0.75,0.735,0.764,0.771
828300000000,0.758,0.749,0.735,0.764,0.772
828600000000,0.761,0.751,0.737,0.766,0.774
828900000000,0.76,0.75,0.736,0.764,0.772
829200000000,0.761,0.752,0.736,0.765,0.774
829500000000,0.762,0.751,0.737,0.766,0.775
829800000000,0.76,0.749,0.735,0.764,0.772
830100000000,0.747,0.735,0.72,0.747,0.757
830400000000,0.732,0.723,0.707,0.733,0.741
830700000000,0.735,0.725,0.711,0.738,0.747
831000000000,0.741,0.73,0.717,0.745,0.754
831300000000,0.738,0.727,0.713,0.74,0.748
831600000000,0.748,0.737,0.723,0.753,0.76
831900000000,0.758,0.744,0.732,0.764,0.771
832200000000,0.757,0.743,0.734,0.766,0.772
832500000000,0.755,0.742,0.732,0.764,0.77
832800000000,0.753,0.74,0.731,0.762,0.769
833100000000,0.753,0.74,0.731,0.761,0.768
833400000000,0.751,0.739,0.729,0.759,0.767
833700000000,0.748,0.737,0.725,0.755,0.764
834000000000,0.739,0.729,0.718,0.745,0.755
834300000000,0.723,0.718,0.703,0.725,0.735
834600000000,0.702,0.699,0.685,0.701,0.709
834900000000,0.706,0.705,0.688,0.706,0.715
835200000000,0.718,0.713,0.695,0.718,0.728
835500000000,0.725,0.719,0.702,0.725,0.735
835800000000,0.744,0.733,0.72,0.747,0.756
836100000000,0.758,0.745,0.734,0.764,0.772
836400000000,0.763,0.749,0.739,0.77,0.778
836700000000,0.76,0.745,0.735,0.766,0.774
837000000000,0.748,0.737,0.722,0.752,0.761
837300000000,0.737,0.726,0.711,0.739,0.748
837600000000,0.733,0.724,0.71,0.735,0.745
837900000000,0.736,0.728,0.714,0.74,0.75
838200000000,0.738,0.728,0.714,0.742,0.75
838500000000,0.742,0.731,0.716,0.745,0.753
838800000000,0.753,0.74,0.727,0.757,0.765
839100000000,0.749,0.737,0.724,0.753,0.76
839400000000,0.744,0.732,0.72,0.748,0.754
839700000000,0.746,0.734,0.722,0.75,0.756
840000000000,0.745,0.734,0.722,0.75,0.756
840300000000,0.747,0.735,0.724,0.753,0.758
840600000000,0.752,0.74,0.729,0.758,0.764
840900000000,0.755,0.742,0.73,0.761,0.768
841200000000,0.758,0.744,0.732,0.763,0.771
841500000000,0.754,0.742,0.73,0.759,0.767
841800000000,0.747,0.735,0.723,0.75,0.758
842100000000,0.746,0.735,0.724,0.751,0.758
842400000000,0.748,0.737,0.726,0.753,0.759
842700000000,0.749,0.739,0.727,0.755,0.761
843000000000,0.749,0.738,0.728,0.754,0.761
843300000000,0.745,0.735,0.724,0.75,0.758
843600000000,0.745,0.734,0.722,0.748,0.756
843900000000,0.75,0.738,0.727,0.754,0.761
844200000000,0.754,0.741,0.729,0.759,0.767
844500000000,0.747,0.735,0.72,0.751,0.759
844800000000,0.743,0.732,0.717,0.747,0.755
845100000000,0.747,0.736,0.721,0.752,0.76
845400000000,0.743,0.733,0.72,0.749,0.757
845700000000,0.74,0.732,0.717,0.745,0.753
846000000000,0.743,0.734,0.721,0.748,0.756
846300000000,0.747,0.737,0.725,0.751,0.76
846600000000,0.751,0.74,0.727,0.754,0.764
846900000000,0.753,0.741,0.727,0.756,0.766
847200000000,0.751,0.739,0.725,0.754,0.765
847500000000,0.746,0.736,0.72,0.749,0.76
847800000000,0.731,0.723,0.707,0.732,0.744
848100000000,0.717,0.712,0.695,0.716,0.728
848400000000,0.719,0.715,0.7,0.722,0.734
848700000000,0.735,0.727,0.715,0.741,0.752
849000000000,0.75,0.739,0.729,0.757,0.768
849300000000,0.757,0.744,0.733,0.764,0.774
849600000000,0.755,0.743,0.731,0.762,0.771
849900000000,0.754,0.742,0.731,0.762,0.77
850200000000,0.757,0.744,0.732,0.765,0.773
850500000000,0.758,0.743,0.73,0.765,0.773
850800000000,0.757,0.743,0.729,0.764,0.772
851100000000,0.757,0.742,0.728,0.762,0.771
851400000000,0.757,0.742,0.729,0.762,0.77
851700000000,0.753,0.738,0.725,0.758,0.767
852000000000,0.752,0.738,0.726,0.758,0.767
852300000000,0.75,0.736,0.723,0.754,0.763
852600000000,0.738,0.725,0.71,0.74,0.749
852900000000,0.721,0.713,0.695,0.721,0.73
853200000000,0.71,0.705,0.685,0.707,0.718
853500000000,0.709,0.704,0.685,0.707,0.718
853800000000,0.708,0.704,0.685,0.708,0.718
854100000000,0.711,0.706,0.688,0.713,0.723
854400000000,0.719,0.713,0.695,0.723,0.733
854700000000,0.728,0.721,0.703,0.733,0.743
855000000000,0.728,0.719,0.702,0.733,0.742
855300000000,0.726,0.716,0.7,0.73,0.741
855600000000,0.73,0.719,0.702,0.734,0.745
855900000000,0.728,0.717,0.701,0.731,0.742
856200000000,0.721,0.712,0.694,0.723,0.733
856500000000,0.723,0.714,0.696,0.725,0.735
856800000000,0.724,0.714,0.697,0.727,0.736
857100000000,0.725,0.716,0.698,0.73,0.739
857400000000,0.729,0.718,0.702,0.733,0.743
857700000000,0.731,0.72,0.706,0.736,0.746
858000000000,0.728,0.716,0.703,0.734,0.744
858300000000,0.724,0.713,0.7,0.731,0.74
858600000000,0.724,0.713,0.7,0.73,0.739
858900000000,0.721,0.712,0.698,0.728,0.736
859200000000,0.718,0.71,0.696,0.726,0.735
859500000000,0.722,0.713,0.701,0.73,0.74
859800000000,0.736,0.723,0.712,0.743,0.753
860100000000,0.744,0.729,0.718,0.75,0.761
860400000000,0.742,0.728,0.717,0.747,0.759
860700000000,0.743,0.728,0.718,0.749,0.76
861000000000,0.748,0.732,0.721,0.753,0.764
861300000000,0.745,0.73,0.719,0.751,0.761
861600000000,0.741,0.726,0.715,0.747,0.756
861900000000,0.74,0.725,0.713,0.745,0.755
862200000000,0.736,0.723,0.709,0.741,0.751
862500000000,0.734,0.721,0.709,0.74,0.75
862800000000,0.735,0.722,0.713,0.743,0.752
863100000000,0.736,0.723,0.714,0.746,0.754
863400000000,0.737,0.724,0.715,0.746,0.754
863700000000,0.738,0.725,0.716,0.748,0.756
864000000000,0.738,0.726,0.716,0.749,0.758
864300000000,0.739,0.727,0.718,0.752,0.76
864600000000,0.74,0.727,0.718,0.752,0.761
864900000000,0.743,0.728,0.719,0.753,0.762
865200000000,0.746,0.732,0.723,0.756,0.765
865500000000,0.747,0.734,0.724,0.758,0.767
865800000000,0.748,0.735,0.725,0.758,0.767
866100000000,0.745,0.732,0.723,0.757,0.765
866400000000,0.746,0.732,0.724,0.759,0.767
866700000000,0.743,0.73,0.721,0.756,0.763
867000000000,0.739,0.727,0.717,0.751,0.759
867300000000,0.741,0.728,0.717,0.752,0.76
867600000000,0.745,0.73,0.719,0.753,0.762
867900000000,0.747,0.731,0.721,0.755,0.764
868200000000,0.748,0.733,0.723,0.757,0.767
868500000000,0.749,0.733,0.724,0.759,0.767
868800000000,0.747,0.732,0.723,0.756,0.764
869100000000,0.747,0.733,0.723,0.756,0.765
869400000000,0.741,0.729,0.718,0.75,0.759
869700000000,0.74,0.727,0.715,0.747,0.756
870000000000,0.738,0.725,0.712,0.742,0.753
870300000000,0.738,0.725,0.711,0.741,0.752
870600000000,0.731,0.719,0.706,0.734,0.744
870900000000,0.73,0.719,0.705,0.735,0.745
871200000000,0.728,0.717,0.705,0.734,0.744
871500000000,0.727,0.716,0.704,0.734,0.744
871800000000,0.723,0.712,0.701,0.731,0.74
872100000000,0.72,0.71,0.698,0.729,0.739
872400000000,0.718,0.71,0.696,0.726,0.738
872700000000,0.724,0.715,0.698,0.729,0.741
873000000000,0.724,0.715,0.7,0.729,0.741
873300000000,0.724,0.714,0.702,0.732,0.742
873600000000,0.726,0.717,0.706,0.736,0.745
873900000000,0.729,0.721,0.709,0.739,0.75
874200000000,0.731,0.723,0.712,0.742,0.752
874500000000,0.735,0.725,0.715,0.745,0.755
874800000000,0.734,0.724,0.713,0.742,0.753
875100000000,0.735,0.725,0.714,0.744,0.755
875400000000,0.736,0.725,0.714,0.744,0.755
875700000000,0.734,0.724,0.712,0.742,0.753
876000000000,0.731,0.721,0.708,0.739,0.749
876300000000,0.73,0.719,0.707,0.738,0.749
876600000000,0.728,0.716,0.706,0.736,0.746
876900000000,0.732,0.719,0.711,0.74,0.749
877200000000,0.734,0.721,0.713,0.742,0.752
877500000000,0.74,0.726,0.719,0.749,0.757
877800000000,0.746,0.731,0.724,0.754,0.764
878100000000,0.745,0.73,0.722,0.752,0.764
878400000000,0.741,0.725,0.716,0.749,0.76
878700000000,0.74,0.722,0.714,0.748,0.758
879000000000,0.74,0.722,0.714,0.747,0.757
879300000000,0.739,0.722,0.713,0.746,0.756
879600000000,0.741,0.722,0.715,0.748,0.757
879900000000,0.742,0.723,0.717,0.75,0.76
880200000000,0.74,0.722,0.715,0.748,0.758
880500000000,0.741,0.723,0.715,0.748,0.758
880800000000,0.742,0.724,0.716,0.749,0.758
881100000000,0.745,0.726,0.716,0.749,0.76
881400000000,0.751,0.73,0.723,0.757,0.767
881700000000,0.755,0.734,0.729,0.761,0.772
882000000000,0.752,0.731,0.725,0.755,0.766
882300000000,0.749,0.727,0.72,0.75,0.763
882600000000,0.749,0.728,0.721,0.753,0.765
882900000000,0.745,0.726,0.719,0.752,0.764
883200000000,0.74,0.722,0.716,0.748,0.758
883500000000,0.743,0.724,0.717,0.75,0.76
883800000000,0.75,0.73,0.723,0.756,0.767
884100000000,0.752,0.732,0.725,0.757,0.767
884400000000,0.753,0.734,0.727,0.76,0.769
884700000000,0.75,0.732,0.726,0.758,0.767
885000000000,0.74,0.724,0.719,0.749,0.759
885300000000,0.739,0.724,0.718,0.749,0.759
885600000000,0.737,0.721,0.717,0.747,0.756
885900000000,0.736,0.72,0.714,0.744,0.754
886200000000,0.737,0.72,0.713,0.745,0.754
886500000000,0.738,0.72,0.713,0.745,0.754
886800000000,0.741,0.723,0.716,0.749,0.758
887100000000,0.748,0.729,0.723,0.758,0.766
887400000000,0.754,0.735,0.73,0.766,0.773
887700000000,0.753,0.734,0.729,0.765,0.772
888000000000,0.75,0.731,0.727,0.763,0.769
888300000000,0.747,0.728,0.724,0.76,0.767
888600000000,0.745,0.728,0.722,0.758,0.765
888900000000,0.751,0.733,0.728,0.765,0.771
889200000000,0.754,0.736,0.733,0.768,0.774
889500000000,0.757,0.739,0.736,0.772,0.777
889800000000,0.759,0.741,0.738,0.774,0.78
890100000000,0.763,0.744,0.741,0.777,0.783
890400000000,0.757,0.739,0.737,0.771,0.777
890700000000,0.752,0.736,0.734,0.768,0.774
891000000000,0.753,0.736,0.734,0.769,0.774
891300000000,0.753,0.736,0.735,0.769,0.774
891600000000,0.75,0.734,0.735,0.768,0.773
891900000000,0.75,0.734,0.735,0.768,0.773
892200000000,0.752,0.735,0.736,0.769,0.774
892500000000,0.753,0.737,0.737,0.77,0.776
892800000000,0.754,0.737,0.737,0.769,0.776
893100000000,0.754,0.736,0.735,0.768,0.775
893400000000,0.755,0.736,0.736,0.77,0.775
893700000000,0.753,0.735,0.735,0.768,0.774
894000000000,0.753,0.735,0.734,0.767,0.773
894300000000,0.753,0.735,0.734,0.768,0.773
894600000000,0.754,0.736,0.735,0.768,0.773
894900000000,0.754,0.736,0.735,0.769,0.774
895200000000,0.753,0.736,0.735,0.769,0.774
895500000000,0.752,0.736,0.735,0.769,0.774
895800000000,0.752,0.736,0.736,0.77,0.774
896100000000,0.753,0.737,0.737,0.771,0.774
896400000000,0.75,0.735,0.735,0.768,0.772
896700000000,0.748,0.734,0.732,0.765,0.769
897000000000,0.746,0.733,0.73,0.763,0.768
897300000000,0.747,0.734,0.731,0.764,0.769
897600000000,0.748,0.734,0.732,0.765,0.77
897900000000,0.751,0.737,0.735,0.767,0.774
898200000000,0.753,0.739,0.737,0.768,0.775
898500000000,0.753,0.74,0.737,0.769,0.776
898800000000,0.753,0.742,0.738,0.77,0.776
899100000000,0.753,0.741,0.736,0.767,0.774
899400000000,0.754,0.739,0.736,0.767,0.775
899700000000,0.757,0.74,0.736,0.767,0.775
900000000000,0.756,0.741,0.734,0.766,0.774
900300000000,0.755,0.74,0.734,0.766,0.774
900600000000,0.751,0.737,0.732,0.765,0.772
900900000000,0.751,0.737,0.731,0.763,0.771
901200000000,0.753,0.738,0.732,0.764,0.772
901500000000,0.753,0.739,0.733,0.766,0.773
901800000000,0.755,0.742,0.735,0.768,0.774
902100000000,0.754,0.741,0.735,0.768,0.774
902400000000,0.752,0.739,0.733,0.766,0.772
902700000000,0.751,0.737,0.731,0.763,0.771
903000000000,0.751,0.736,0.73,0.762,0.769
903300000000,0.751,0.735,0.73,0.762,0.77
903600000000,0.751,0.735,0.73,0.763,0.77
903900000000,0.751,0.734,0.73,0.763,0.771
904200000000,0.752,0.734,0.732,0.766,0.773
904500000000,0.753,0.737,0.734,0.767,0.774
904800000000,0.753,0.736,0.735,0.768,0.775
905100000000,0.753,0.737,0.734,0.767,0.775
905400000000,0.753,0.736,0.733,0.766,0.774
905700000000,0.752,0.734,0.731,0.764,0.772
906000000000,0.753,0.735,0.732,0.765,0.773
906300000000,0.751,0.734,0.732,0.764,0.772
906600000000,0.752,0.736,0.733,0.765,0.773
906900000000,0.753,0.737,0.734,0.766,0.774
907200000000,0.754,0.738,0.735,0.767,0.775
907500000000,0.75,0.735,0.732,0.764,0.772
907800000000,0.748,0.734,0.729,0.761,0.77
908100000000,0.746,0.731,0.727,0.759,0.766
908400000000,0.744,0.728,0.724,0.755,0.762
908700000000,0.746,0.731,0.724,0.757,0.763
909000000000,0.742,0.727,0.721,0.752,0.761
909300000000,0.735,0.722,0.715,0.746,0.755
909600000000,0.734,0.721,0.715,0.747,0.754
909900000000,0.734,0.721,0.715,0.747,0.754
910200000000,0.733,0.721,0.715,0.747,0.754
910500000000,0.732,0.72,0.714,0.744,0.751
910800000000,0.731,0.721,0.713,0.744,0.751
911100000000,0.732,0.722,0.715,0.745,0.752
911400000000,0.729,0.719,0.715,0.744,0.75
911700000000,0.726,0.717,0.712,0.741,0.746
912000000000,0.729,0.72,0.715,0.744,0.749
912300000000,0.73,0.722,0.716,0.746,0.751
912600000000,0.728,0.721,0.715,0.743,0.748
912900000000,0.734,0.725,0.717,0.746,0.751
913200000000,0.738,0.727,0.721,0.75,0.756
913500000000,0.737,0.727,0.72,0.75,0.756
913800000000,0.738,0.729,0.72,0.75,0.756
914100000000,0.739,0.729,0.721,0.751,0.757
914400000000,0.74,0.729,0.72,0.751,0.757
914700000000,0.737,0.726,0.717,0.748,0.754
915000000000,0.735,0.726,0.718,0.747,0.753
915300000000,0.735,0.727,0.72,0.749,0.754
915600000000,0.737,0.729,0.721,0.75,0.756
915900000000,0.74,0.732,0.724,0.753,0.759
916200000000,0.743,0.733,0.724,0.754,0.76
916500000000,0.741,0.731,0.723,0.752,0.759
916800000000,0.731,0.725,0.717,0.746,0.751
917100000000,0.729,0.723,0.715,0.744,0.75
917400000000,0.732,0.725,0.717,0.747,0.753
917700000000,0.734,0.727,0.719,0.749,0.754
918000000000,0.728,0.722,0.714,0.744,0.748
918300000000,0.728,0.722,0.715,0.746,0.749
918600000000,0.733,0.726,0.719,0.75,0.754
918900000000,0.735,0.728,0.72,0.75,0.755
919200000000,0.733,0.727,0.719,0.749,0.754
919500000000,0.735,0.728,0.721,0.753,0.757
919800000000,0.736,0.73,0.722,0.754,0.758
920100000000,0.738,0.731,0.723,0.755,0.759
920400000000,0.739,0.731,0.724,0.755,0.759
920700000000,0.728,0.723,0.714,0.743,0.749
921000000000,0.725,0.721,0.712,0.74,0.745
921300000000,0.729,0.724,0.715,0.744,0.749
921600000000,0.729,0.723,0.714,0.745,0.749
921900000000,0.732,0.726,0.716,0.747,0.752
922200000000,0.74,0.73,0.722,0.752,0.758
922500000000,0.742,0.733,0.723,0.753,0.76
922800000000,0.736,0.729,0.72,0.749,0.756
923100000000,0.735,0.729,0.721,0.751,0.756
923400000000,0.739,0.731,0.725,0.755,0.761
923700000000,0.74,0.732,0.724,0.754,0.76
924000000000,0.744,0.735,0.728,0.757,0.764
924300000000,0.741,0.731,0.725,0.754,0.762
924600000000,0.741,0.732,0.725,0.754,0.761
924900000000,0.743,0.733,0.727,0.755,0.762
925200000000,0.743,0.733,0.728,0.757,0.763
925500000000,0.74,0.732,0.726,0.756,0.761
925800000000,0.741,0.733,0.727,0.756,0.763
926100000000,0.743,0.734,0.728,0.757,0.763
926400000000,0.741,0.732,0.724,0.753,0.76
926700000000,0.74,0.731,0.72,0.751,0.758
927000000000,0.738,0.729,0.718,0.749,0.757
927300000000,0.737,0.729,0.719,0.75,0.757
927600000000,0.742,0.732,0.723,0.756,0.761
927900000000,0.738,0.73,0.721,0.752,0.758
928200000000,0.719,0.716,0.705,0.734,0.738
928500000000,0.699,0.7,0.691,0.715,0.717
928800000000,0.684,0.688,0.68,0.7,0.702
929100000000,0.676,0.683,0.674,0.689,0.695
929400000000,0.676,0.686,0.676,0.689,0.697
929700000000,0.674,0.684,0.675,0.687,0.695
930000000000,0.676,0.685,0.676,0.689,0.695
930300000000,0.677,0.684,0.676,0.688,0.694
930600000000,0.68,0.686,0.678,0.691,0.697
930900000000,0.677,0.684,0.676,0.69,0.695
931200000000,0.68,0.686,0.679,0.694,0.699
931500000000,0.673,0.68,0.674,0.689,0.693
931800000000,0.68,0.687,0.681,0.697,0.701
932100000000,0.687,0.692,0.686,0.703,0.707
932400000000,0.688,0.693,0.687,0.704,0.708
932700000000,0.687,0.692,0.686,0.703,0.708
933000000000,0.686,0.691,0.685,0.7,0.706
933300000000,0.688,0.692,0.686,0.702,0.708
933600000000,0.691,0.695,0.687,0.704,0.71
933900000000,0.701,0.702,0.696,0.715,0.72
934200000000,0.715,0.712,0.706,0.731,0.736
934500000000,0.733,0.724,0.717,0.747,0.752
934800000000,0.743,0.731,0.723,0.755,0.761
935100000000,0.721,0.715,0.708,0.735,0.741
935400000000,0.709,0.706,0.7,0.724,0.73
935700000000,0.713,0.71,0.705,0.729,0.733
936000000000,0.719,0.716,0.709,0.735,0.74
936300000000,0.721,0.717,0.71,0.736,0.741
936600000000,0.712,0.71,0.701,0.726,0.73
936900000000,0.707,0.705,0.696,0.72,0.724
937200000000,0.701,0.701,0.692,0.714,0.718
937500000000,0.697,0.699,0.69,0.712,0.716
937800000000,0.702,0.703,0.693,0.718,0.722
938100000000,0.706,0.705,0.696,0.72,0.724
938400000000,0.721,0.715,0.704,0.733,0.737
938700000000,0.733,0.723,0.71,0.742,0.747
939000000000,0.746,0.734,0.719,0.753,0.759
939300000000,0.745,0.732,0.718,0.752,0.759
939600000000,0.735,0.723,0.707,0.74,0.748
939900000000,0.728,0.717,0.7,0.732,0.739
940200000000,0.723,0.715,0.699,0.729,0.737
940500000000,0.718,0.711,0.695,0.725,0.732
940800000000,0.709,0.702,0.688,0.717,0.724
941100000000,0.716,0.71,0.697,0.725,0.733
941400000000,0.718,0.711,0.698,0.727,0.733
941700000000,0.719,0.711,0.699,0.729,0.733
942000000000,0.718,0.71,0.698,0.728,0.731
942300000000,0.717,0.709,0.697,0.726,0.73
942600000000,0.717,0.71,0.698,0.727,0.732
942900000000,0.716,0.71,0.699,0.729,0.733
943200000000,0.72,0.714,0.702,0.732,0.736
943500000000,0.718,0.711,0.702,0.73,0.734
943800000000,0.712,0.707,0.698,0.726,0.73
944100000000,0.713,0.708,0.699,0.726,0.731
944400000000,0.717,0.711,0.702,0.73,0.735
944700000000,0.717,0.711,0.7,0.729,0.734
945000000000,0.707,0.703,0.693,0.717,0.723
945300000000,0.706,0.703,0.69,0.714,0.72
945600000000,0.707,0.703,0.69,0.715,0.721
945900000000,0.713,0.707,0.695,0.722,0.728
946200000000,0.722,0.713,0.702,0.732,0.738
946500000000,0.733,0.72,0.71,0.741,0.748
946800000000,0.727,0.715,0.704,0.734,0.741
947100000000,0.711,0.702,0.69,0.718,0.725
947400000000,0.713,0.706,0.694,0.721,0.727
947700000000,0.711,0.704,0.692,0.722,0.727
948000000000,0.701,0.696,0.683,0.711,0.716
948300000000,0.701,0.697,0.684,0.711,0.717
948600000000,0.696,0.693,0.679,0.704,0.71
948900000000,0.688,0.685,0.671,0.694,0.701
949200000000,0.693,0.689,0.676,0.699,0.705
949500000000,0.701,0.694,0.681,0.704,0.711
949800000000,0.703,0.697,0.685,0.707,0.713
950100000000,0.7,0.694,0.682,0.706,0.713
950400000000,0.697,0.692,0.679,0.702,0.71
950700000000,0.698,0.694,0.681,0.704,0.711
951000000000,0.686,0.682,0.669,0.691,0.7
951300000000,0.68,0.679,0.666,0.685,0.694
951600000000,0.691,0.688,0.676,0.694,0.704
951900000000,0.697,0.693,0.681,0.701,0.709
952200000000,0.693,0.688,0.676,0.697,0.705
952500000000,0.696,0.69,0.677,0.698,0.706
952800000000,0.695,0.688,0.674,0.694,0.704
953100000000,0.691,0.686,0.672,0.692,0.703
953400000000,0.688,0.683,0.672,0.694,0.703
953700000000,0.687,0.684,0.671,0.695,0.703
954000000000,0.685,0.683,0.671,0.695,0.702
954300000000,0.699,0.694,0.682,0.707,0.713
954600000000,0.708,0.701,0.689,0.716,0.722
954900000000,0.707,0.7,0.69,0.715,0.721
955200000000,0.708,0.701,0.692,0.717,0.721
955500000000,0.713,0.706,0.696,0.721,0.725
955800000000,0.71,0.703,0.694,0.72,0.724
956100000000,0.702,0.697,0.689,0.714,0.718
956400000000,0.702,0.698,0.689,0.715,0.719
956700000000,0.706,0.702,0.695,0.722,0.724
957000000000,0.703,0.7,0.693,0.719,0.721
957300000000,0.706,0.703,0.695,0.722,0.723
957600000000,0.708,0.701,0.696,0.724,0.724
957900000000,0.712,0.704,0.7,0.728,0.729
958200000000,0.714,0.706,0.702,0.729,0.731
958500000000,0.711,0.703,0.698,0.725,0.727
958800000000,0.714,0.705,0.7,0.727,0.73
959100000000,0.715,0.706,0.701,0.728,0.731
959400000000,0.712,0.703,0.698,0.725,0.727
959700000000,0.708,0.701,0.696,0.723,0.725
960000000000,0.711,0.704,0.7,0.726,0.728
960300000000,0.706,0.699,0.695,0.72,0.721
960600000000,0.698,0.692,0.687,0.711,0.712
960900000000,0.695,0.69,0.685,0.708,0.71
961200000000,0.697,0.691,0.686,0.709,0.713
961500000000,0.699,0.692,0.687,0.712,0.715
961800000000,0.696,0.69,0.683,0.706,0.711
962100000000,0.697,0.69,0.682,0.704,0.71
962400000000,0.701,0.691,0.684,0.706,0.713
962700000000,0.704,0.695,0.687,0.712,0.718
963000000000,0.706,0.697,0.691,0.717,0.723
963300000000,0.716,0.705,0.699,0.729,0.733
963600000000,0.712,0.703,0.696,0.727,0.73
963900000000,0.71,0.702,0.695,0.725,0.73
964200000000,0.713,0.703,0.696,0.726,0.732
964500000000,0.721,0.71,0.703,0.735,0.741
964800000000,0.726,0.712,0.706,0.738,0.745
965100000000,0.723,0.709,0.703,0.734,0.741
965400000000,0.714,0.697,0.697,0.727,0.735
965700000000,0.707,0.688,0.692,0.721,0.73
966000000000,0.706,0.686,0.691,0.72,0.729
966300000000,0.717,0.694,0.701,0.732,0.74
966600000000,0.729,0.703,0.711,0.743,0.751
966900000000,0.74,0.713,0.72,0.754,0.761
967200000000,0.743,0.716,0.724,0.758,0.764
967500000000,0.742,0.716,0.724,0.757,0.764
967800000000,0.743,0.718,0.726,0.76,0.766
968100000000,0.735,0.711,0.719,0.751,0.758
968400000000,0.729,0.706,0.715,0.747,0.752
968700000000,0.722,0.701,0.712,0.742,0.746
969000000000,0.716,0.697,0.709,0.739,0.741
969300000000,0.714,0.695,0.708,0.737,0.739
969600000000,0.709,0.689,0.703,0.732,0.733
969900000000,0.709,0.691,0.704,0.734,0.736
970200000000,0.717,0.697,0.709,0.741,0.743
970500000000,0.734,0.711,0.72,0.756,0.759
970800000000,0.74,0.715,0.727,0.762,0.766
971100000000,0.738,0.713,0.725,0.761,0.764
971400000000,0.738,0.713,0.724,0.759,0.765
971700000000,0.746,0.72,0.73,0.766,0.771
972000000000,0.753,0.725,0.735,0.77,0.776
972300000000,0.748,0.721,0.732,0.766,0.771
972600000000,0.74,0.715,0.725,0.759,0.766
972900000000,0.74,0.714,0.723,0.758,0.766
973200000000,0.748,0.721,0.731,0.768,0.774
973500000000,0.75,0.722,0.733,0.77,0.776
973800000000,0.733,0.707,0.719,0.753,0.759
974100000000,0.721,0.696,0.708,0.743,0.749
974400000000,0.721,0.696,0.709,0.744,0.75
974700000000,0.723,0.698,0.711,0.747,0.752
975000000000,0.734,0.707,0.721,0.757,0.763
975300000000,0.742,0.715,0.728,0.764,0.77
975600000000,0.746,0.719,0.733,0.768,0.774
975900000000,0.753,0.725,0.738,0.774,0.78
976200000000,0.754,0.726,0.739,0.775,0.781
976500000000,0.757,0.73,0.742,0.778,0.784
976800000000,0.752,0.726,0.74,0.774,0.78
977100000000,0.749,0.723,0.736,0.77,0.776
977400000000,0.747,0.722,0.734,0.768,0.775
977700000000,0.745,0.719,0.732,0.766,0.772
978000000000,0.746,0.72,0.733,0.768,0.774
978300000000,0.747,0.72,0.735,0.768,0.774
978600000000,0.746,0.72,0.735,0.768,0.774
978900000000,0.745,0.719,0.734,0.769,0.774
979200000000,0.745,0.719,0.734,0.768,0.774
979500000000,0.742,0.717,0.733,0.766,0.772
979800000000,0.743,0.717,0.733,0.766,0.772
980100000000,0.745,0.719,0.735,0.767,0.774
980400000000,0.744,0.719,0.734,0.767,0.773
980700000000,0.743,0.718,0.733,0.766,0.772
981000000000,0.743,0.718,0.733,0.766,0.772
981300000000,0.742,0.716,0.732,0.765,0.77
981600000000,0.739,0.714,0.728,0.762,0.768
981900000000,0.742,0.715,0.729,0.763,0.768
982200000000,0.741,0.714,0.728,0.762,0.767
982500000000,0.741,0.715,0.729,0.763,0.768
982800000000,0.742,0.716,0.731,0.765,0.77
983100000000,0.742,0.716,0.733,0.766,0.772
983400000000,0.745,0.719,0.735,0.768,0.775
983700000000,0.748,0.722,0.736,0.769,0.777
984000000000,0.748,0.724,0.737,0.77,0.777
984300000000,0.746,0.723,0.736,0.769,0.776
984600000000,0.747,0.723,0.736,0.769,0.776
984900000000,0.746,0.723,0.736,0.768,0.775
985200000000,0.747,0.723,0.736,0.768,0.775
985500000000,0.747,0.723,0.735,0.768,0.775
985800000000,0.748,0.724,0.736,0.769,0.775
986100000000,0.748,0.726,0.735,0.768,0.775
986400000000,0.75,0.729,0.736,0.769,0.776
986700000000,0.752,0.733,0.737,0.77,0.777
987000000000,0.751,0.731,0.736,0.77,0.777
987300000000,0.747,0.729,0.734,0.767,0.774
987600000000,0.746,0.728,0.733,0.766,0.774
987900000000,0.748,0.728,0.735,0.768,0.774
988200000000,0.747,0.725,0.734,0.768,0.775
988500000000,0.748,0.725,0.734,0.767,0.774
988800000000,0.746,0.722,0.731,0.766,0.773
989100000000,0.747,0.723,0.732,0.766,0.773
989400000000,0.747,0.725,0.733,0.766,0.773
989700000000,0.746,0.723,0.732,0.765,0.772
990000000000,0.746,0.722,0.731,0.765,0.771
990300000000,0.745,0.722,0.73,0.764,0.771
990600000000,0.746,0.722,0.731,0.765,0.771
990900000000,0.747,0.724,0.733,0.767,0.774
991200000000,0.746,0.722,0.732,0.767,0.773
991500000000,0.744,0.722,0.729,0.764,0.77
991800000000,0.743,0.721,0.729,0.762,0.769
992100000000,0.742,0.72,0.728,0.761,0.768
992400000000,0.739,0.716,0.726,0.759,0.766
992700000000,0.739,0.717,0.726,0.76,0.765
993000000000,0.74,0.72,0.728,0.761,0.767
993300000000,0.745,0.724,0.73,0.764,0.77
993600000000,0.746,0.725,0.731,0.764,0.771
993900000000,0.744,0.724,0.73,0.763,0.769
994200000000,0.746,0.726,0.732,0.766,0.772
994500000000,0.747,0.726,0.733,0.766,0.772
994800000000,0.745,0.724,0.731,0.764,0.77
995100000000,0.745,0.724,0.731,0.764,0.77
995400000000,0.741,0.72,0.726,0.758,0.764
995700000000,0.74,0.719,0.724,0.756,0.762
996000000000,0.735,0.716,0.722,0.753,0.759
996300000000,0.732,0.714,0.719,0.75,0.757
996600000000,0.728,0.711,0.715,0.747,0.752
996900000000,0.726,0.71,0.714,0.746,0.75
997200000000,0.718,0.704,0.709,0.739,0.742
997500000000,0.715,0.701,0.707,0.736,0.738
997800000000,0.715,0.703,0.707,0.735,0.738
998100000000,0.718,0.704,0.71,0.738,0.74
998400000000,0.719,0.706,0.712,0.74,0.742
998700000000,0.726,0.711,0.716,0.745,0.749
999000000000,0.726,0.712,0.717,0.746,0.751
999300000000,0.726,0.712,0.717,0.747,0.751
999600000000,0.727,0.711,0.717,0.746,0.751
999900000000,0.723,0.709,0.714,0.742,0.747
1000200000000,0.722,0.708,0.714,0.742,0.747
1000500000000,0.725,0.71,0.717,0.746,0.75
1000800000000,0.726,0.71,0.718,0.747,0.75
1001100000000,0.724,0.709,0.715,0.745,0.749
1001400000000,0.725,0.709,0.715,0.744,0.749
1001700000000,0.727,0.711,0.716,0.746,0.75
1002000000000,0.73,0.714,0.718,0.749,0.754
1002300000000,0.733,0.716,0.719,0.751,0.756
1002600000000,0.733,0.716,0.719,0.751,0.757
1002900000000,0.733,0.715,0.718,0.75,0.755
1003200000000,0.733,0.715,0.716,0.748,0.754
1003500000000,0.73,0.712,0.714,0.746,0.752
1003800000000,0.725,0.709,0.713,0.744,0.749
1004100000000,0.729,0.712,0.716,0.748,0.753
1004400000000,0.732,0.715,0.719,0.75,0.755
1004700000000,0.732,0.715,0.718,0.749,0.754
1005000000000,0.73,0.713,0.718,0.749,0.754
1005300000000,0.734,0.717,0.722,0.754,0.759
1005600000000,0.737,0.72,0.722,0.755,0.762
1005900000000,0.735,0.719,0.722,0.755,0.762
1006200000000,0.729,0.714,0.716,0.749,0.755
1006500000000,0.727,0.713,0.715,0.748,0.754
1006800000000,0.728,0.713,0.716,0.749,0.756
1007100000000,0.727,0.712,0.715,0.749,0.754
1007400000000,0.722,0.709,0.712,0.744,0.75
1007700000000,0.726,0.711,0.716,0.749,0.753
1008000000000,0.728,0.712,0.716,0.749,0.754
1008300000000,0.731,0.714,0.719,0.751,0.756
1008600000000,0.732,0.715,0.721,0.753,0.759
1008900000000,0.732,0.716,0.721,0.753,0.76
1009200000000,0.733,0.716,0.721,0.753,0.759
1009500000000,0.732,0.715,0.72,0.752,0.758
1009800000000,0.732,0.715,0.72,0.752,0.759
1010100000000,0.73,0.714,0.718,0.751,0.757
1010400000000,0.73,0.714,0.717,0.75,0.756
1010700000000,0.726,0.709,0.714,0.746,0.752
1011000000000,0.728,0.712,0.717,0.748,0.754
1011300000000,0.732,0.715,0.72,0.752,0.759
1011600000000,0.732,0.714,0.72,0.754,0.76
1011900000000,0.731,0.714,0.72,0.753,0.76
1012200000000,0.731,0.714,0.72,0.752,0.759
1012500000000,0.735,0.717,0.724,0.756,0.763
1012800000000,0.738,0.719,0.724,0.755,0.765
1013100000000,0.734,0.715,0.72,0.752,0.76
1013400000000,0.724,0.708,0.713,0.744,0.749
1013700000000,0.706,0.694,0.698,0.725,0.729
1014000000000,0.689,0.679,0.685,0.705,0.71
1014300000000,0.674,0.668,0.674,0.691,0.696
1014600000000,0.672,0.668,0.674,0.689,0.695
1014900000000,0.67,0.666,0.673,0.688,0.696
1015200000000,0.674,0.669,0.677,0.692,0.699
1015500000000,0.674,0.67,0.676,0.692,0.697
1015800000000,0.677,0.672,0.679,0.693,0.698
1016100000000,0.68,0.673,0.68,0.696,0.7
1016400000000,0.681,0.674,0.681,0.697,0.701
1016700000000,0.683,0.677,0.682,0.7,0.702
1017000000000,0.685,0.676,0.682,0.7,0.703
1017300000000,0.69,0.682,0.687,0.708,0.712
1017600000000,0.704,0.691,0.695,0.72,0.726
1017900000000,0.704,0.691,0.696,0.72,0.726
1018200000000,0.699,0.687,0.693,0.716,0.722
1018500000000,0.694,0.682,0.687,0.708,0.713
1018800000000,0.688,0.677,0.682,0.702,0.705
1019100000000,0.694,0.685,0.688,0.71,0.712
1019400000000,0.699,0.689,0.693,0.713,0.715
1019700000000,0.716,0.704,0.708,0.733,0.736
1020000000000,0.736,0.719,0.724,0.755,0.76
1020300000000,0.752,0.731,0.734,0.769,0.774
1020600000000,0.756,0.734,0.737,0.773,0.778
1020900000000,0.758,0.734,0.736,0.773,0.778
1021200000000,0.757,0.734,0.736,0.774,0.78
1021500000000,0.75,0.729,0.733,0.768,0.773
1021800000000,0.732,0.713,0.718,0.75,0.756
1022100000000,0.715,0.7,0.703,0.732,0.738
1022400000000,0.706,0.692,0.693,0.722,0.728
1022700000000,0.71,0.696,0.694,0.723,0.73
1023000000000,0.72,0.704,0.702,0.732,0.738
1023300000000,0.721,0.704,0.703,0.733,0.739
1023600000000,0.717,0.701,0.7,0.729,0.735
1023900000000,0.721,0.705,0.703,0.733,0.739
1024200000000,0.721,0.704,0.703,0.734,0.74
1024500000000,0.719,0.702,0.702,0.732,0.738
1024800000000,0.718,0.7,0.701,0.731,0.738
1025100000000,0.715,0.698,0.698,0.728,0.736
1025400000000,0.714,0.698,0.698,0.728,0.734
1025700000000,0.722,0.704,0.703,0.733,0.741
1026000000000,0.727,0.709,0.707,0.738,0.746
1026300000000,0.724,0.706,0.706,0.736,0.744
1026600000000,0.72,0.702,0.703,0.733,0.741
1026900000000,0.72,0.704,0.706,0.737,0.743
1027200000000,0.731,0.712,0.716,0.749,0.755
1027500000000,0.738,0.717,0.721,0.754,0.762
1027800000000,0.741,0.719,0.725,0.759,0.767
1028100000000,0.746,0.723,0.729,0.764,0.772
1028400000000,0.745,0.723,0.729,0.764,0.771
1028700000000,0.741,0.719,0.725,0.76,0.768
1029000000000,0.741,0.718,0.722,0.758,0.766
1029300000000,0.736,0.713,0.72,0.755,0.763
1029600000000,0.736,0.713,0.719,0.753,0.761
1029900000000,0.737,0.714,0.719,0.753,0.761
1030200000000,0.739,0.715,0.721,0.756,0.764
1030500000000,0.737,0.713,0.719,0.753,0.761
1030800000000,0.734,0.712,0.715,0.748,0.756
1031100000000,0.737,0.714,0.717,0.75,0.758
1031400000000,0.734,0.711,0.715,0.748,0.755
1031700000000,0.732,0.712,0.714,0.746,0.754
1032000000000,0.726,0.707,0.711,0.743,0.75
1032300000000,0.722,0.703,0.707,0.739,0.746
1032600000000,0.723,0.703,0.708,0.741,0.747
1032900000000,0.728,0.708,0.714,0.747,0.753
1033200000000,0.723,0.702,0.712,0.742,0.749
1033500000000,0.713,0.693,0.705,0.734,0.74
1033800000000,0.713,0.694,0.705,0.733,0.74
1034100000000,0.706,0.689,0.7,0.727,0.734
1034400000000,0.697,0.681,0.69,0.716,0.722
1034700000000,0.693,0.678,0.685,0.709,0.717
1035000000000,0.693,0.679,0.687,0.71,0.718
1035300000000,0.687,0.675,0.684,0.707,0.715
1035600000000,0.695,0.681,0.69,0.716,0.722
1035900000000,0.706,0.689,0.697,0.725,0.731
1036200000000,0.702,0.684,0.694,0.719,0.726
1036500000000,0.697,0.681,0.69,0.715,0.722
1036800000000,0.701,0.685,0.694,0.721,0.727
1037100000000,0.706,0.689,0.699,0.727,0.732
1037400000000,0.708,0.689,0.697,0.724,0.729
1037700000000,0.711,0.69,0.696,0.725,0.73
1038000000000,0.715,0.691,0.701,0.731,0.736
1038300000000,0.717,0.694,0.706,0.737,0.742
1038600000000,0.715,0.692,0.705,0.733,0.739
1038900000000,0.713,0.689,0.702,0.73,0.734
1039200000000,0.71,0.687,0.698,0.724,0.728
1039500000000,0.709,0.686,0.696,0.722,0.727
1039800000000,0.707,0.685,0.693,0.719,0.724
1040100000000,0.699,0.679,0.686,0.712,0.717
1040400000000,0.691,0.672,0.679,0.704,0.709
1040700000000,0.687,0.669,0.676,0.702,0.707
1041000000000,0.682,0.664,0.67,0.692,0.698
1041300000000,0.677,0.66,0.667,0.686,0.694
1041600000000,0.682,0.665,0.673,0.692,0.699
1041900000000,0.687,0.667,0.675,0.694,0.702
1042200000000,0.693,0.674,0.681,0.702,0.71
1042500000000,0.694,0.676,0.684,0.706,0.711
1042800000000,0.7,0.681,0.691,0.714,0.719
1043100000000,0.705,0.687,0.696,0.721,0.725
1043400000000,0.708,0.688,0.699,0.725,0.729
1043700000000,0.715,0.694,0.706,0.733,0.737
1044000000000,0.712,0.69,0.704,0.73,0.735
1044300000000,0.71,0.691,0.704,0.73,0.734
1044600000000,0.715,0.693,0.708,0.736,0.738
1044900000000,0.716,0.695,0.71,0.738,0.74
1045200000000,0.714,0.694,0.709,0.736,0.739
1045500000000,0.712,0.693,0.706,0.734,0.737
1045800000000,0.712,0.692,0.705,0.732,0.734
1046100000000,0.708,0.689,0.702,0.727,0.731
1046400000000,0.708,0.69,0.702,0.728,0.732
1046700000000,0.708,0.691,0.702,0.728,0.733
1047000000000,0.704,0.687,0.698,0.725,0.73
1047300000000,0.704,0.687,0.698,0.725,0.73
1047600000000,0.71,0.69,0.699,0.726,0.733
1047900000000,0.714,0.692,0.702,0.729,0.736
1048200000000,0.719,0.697,0.706,0.735,0.743
1048500000000,0.726,0.702,0.711,0.743,0.75
1048800000000,0.728,0.703,0.712,0.745,0.752
1049100000000,0.727,0.701,0.71,0.744,0.751
1049400000000,0.723,0.699,0.707,0.741,0.747
1049700000000,0.726,0.701,0.709,0.742,0.748
1050000000000,0.715,0.692,0.701,0.732,0.738
1050300000000,0.707,0.686,0.695,0.724,0.73
1050600000000,0.701,0.681,0.69,0.718,0.725
1050900000000,0.705,0.685,0.694,0.723,0.729
1051200000000,0.706,0.687,0.695,0.723,0.73
1051500000000,0.712,0.69,0.697,0.724,0.731
1051800000000,0.716,0.692,0.699,0.725,0.733
1052100000000,0.716,0.691,0.699,0.725,0.734
1052400000000,0.711,0.688,0.697,0.723,0.732
1052700000000,0.709,0.687,0.697,0.725,0.733
1053000000000,0.707,0.686,0.697,0.725,0.733
1053300000000,0.709,0.688,0.699,0.727,0.734
1053600000000,0.714,0.692,0.703,0.733,0.74
1053900000000,0.714,0.692,0.703,0.734,0.741
1054200000000,0.715,0.693,0.704,0.734,0.741
1054500000000,0.722,0.699,0.71,0.743,0.747
1054800000000,0.733,0.707,0.719,0.752,0.758
1055100000000,0.742,0.713,0.726,0.76,0.767
1055400000000,0.746,0.716,0.727,0.763,0.771
1055700000000,0.748,0.719,0.731,0.767,0.774
1056000000000,0.743,0.715,0.728,0.764,0.771
1056300000000,0.741,0.713,0.725,0.76,0.768
1056600000000,0.735,0.708,0.721,0.755,0.763
1056900000000,0.729,0.704,0.715,0.75,0.757
1057200000000,0.727,0.701,0.714,0.748,0.754
1057500000000,0.727,0.701,0.713,0.745,0.753
1057800000000,0.72,0.695,0.705,0.736,0.744
1058100000000,0.712,0.69,0.7,0.73,0.737
1058400000000,0.709,0.687,0.695,0.724,0.732
1058700000000,0.709,0.687,0.695,0.724,0.731
1059000000000,0.708,0.687,0.695,0.724,0.732
1059300000000,0.709,0.688,0.696,0.727,0.734
1059600000000,0.711,0.689,0.699,0.73,0.737
1059900000000,0.718,0.694,0.704,0.738,0.744
1060200000000,0.723,0.698,0.711,0.743,0.751
1060500000000,0.723,0.698,0.71,0.743,0.75
1060800000000,0.73,0.703,0.716,0.749,0.757
1061100000000,0.729,0.703,0.719,0.751,0.758
1061400000000,0.738,0.711,0.725,0.759,0.766
1061700000000,0.752,0.722,0.735,0.77,0.778
1062000000000,0.761,0.73,0.743,0.778,0.786
1062300000000,0.763,0.732,0.745,0.781,0.788
1062600000000,0.765,0.734,0.748,0.783,0.791
1062900000000,0.766,0.734,0.748,0.783,0.79
1063200000000,0.763,0.732,0.744,0.779,0.787
1063500000000,0.759,0.728,0.741,0.775,0.783
1063800000000,0.755,0.725,0.737,0.772,0.78
1064100000000,0.751,0.721,0.733,0.767,0.775
1064400000000,0.752,0.722,0.734,0.769,0.776
1064700000000,0.754,0.725,0.736,0.771,0.779
1065000000000,0.753,0.724,0.737,0.771,0.778
1065300000000,0.754,0.724,0.736,0.771,0.778
1065600000000,0.749,0.72,0.732,0.767,0.774
1065900000000,0.75,0.72,0.732,0.767,0.775
1066200000000,0.751,0.721,0.734,0.769,0.777
1066500000000,0.752,0.721,0.735,0.77,0.777
1066800000000,0.752,0.721,0.735,0.77,0.777
1067100000000,0.75,0.72,0.733,0.768,0.775
1067400000000,0.751,0.719,0.731,0.766,0.773
1067700000000,0.75,0.718,0.731,0.766,0.773
1068000000000,0.749,0.717,0.73,0.765,0.772
1068300000000,0.745,0.714,0.726,0.761,0.768
1068600000000,0.745,0.715,0.725,0.76,0.767
1068900000000,0.744,0.715,0.726,0.759,0.767
1069200000000,0.744,0.714,0.725,0.759,0.766
1069500000000,0.742,0.713,0.725,0.758,0.765
1069800000000,0.74,0.712,0.725,0.756,0.763
1070100000000,0.741,0.713,0.726,0.756,0.762
1070400000000,0.747,0.718,0.731,0.762,0.769
1070700000000,0.75,0.72,0.733,0.764,0.772
1071000000000,0.748,0.72,0.732,0.763,0.771
1071300000000,0.74,0.713,0.726,0.755,0.762
1071600000000,0.734,0.709,0.721,0.749,0.756
1071900000000,0.717,0.694,0.706,0.729,0.737
1072200000000,0.705,0.685,0.693,0.715,0.724
1072500000000,0.717,0.694,0.705,0.729,0.737
1072800000000,0.731,0.705,0.717,0.745,0.754
1073100000000,0.733,0.707,0.72,0.75,0.758
1073400000000,0.735,0.709,0.72,0.751,0.758
1073700000000,0.738,0.713,0.722,0.753,0.76
1074000000000,0.736,0.712,0.72,0.751,0.758
1074300000000,0.738,0.713,0.721,0.75,0.759
1074600000000,0.738,0.714,0.722,0.751,0.759
1074900000000,0.735,0.711,0.719,0.747,0.754
1075200000000,0.737,0.713,0.721,0.75,0.757
1075500000000,0.739,0.716,0.723,0.752,0.761
1075800000000,0.74,0.718,0.724,0.754,0.762
1076100000000,0.743,0.72,0.725,0.756,0.764
1076400000000,0.743,0.719,0.724,0.756,0.764
1076700000000,0.742,0.719,0.723,0.754,0.763
1077000000000,0.741,0.718,0.723,0.754,0.762
1077300000000,0.74,0.719,0.722,0.752,0.76
1077600000000,0.737,0.717,0.72,0.75,0.757
1077900000000,0.74,0.719,0.724,0.754,0.761
1078200000000,0.742,0.72,0.724,0.755,0.763
1078500000000,0.739,0.718,0.721,0.752,0.76
1078800000000,0.737,0.716,0.719,0.749,0.758
1079100000000,0.737,0.715,0.721,0.75,0.759
1079400000000,0.739,0.717,0.724,0.754,0.761
1079700000000,0.741,0.718,0.726,0.757,0.764
1080000000000,0.74,0.718,0.726,0.757,0.764
1080300000000,0.74,0.718,0.725,0.756,0.762
1080600000000,0.731,0.709,0.716,0.746,0.751
1080900000000,0.718,0.7,0.707,0.733,0.737
1081200000000,0.724,0.705,0.713,0.739,0.744
1081500000000,0.732,0.711,0.718,0.745,0.753
1081800000000,0.731,0.709,0.715,0.744,0.751
1082100000000,0.73,0.709,0.715,0.744,0.751
1082400000000,0.735,0.713,0.718,0.749,0.757
1082700000000,0.734,0.711,0.717,0.748,0.757
1083000000000,0.731,0.709,0.714,0.744,0.752
1083300000000,0.732,0.711,0.716,0.745,0.753
1083600000000,0.719,0.7,0.704,0.73,0.737
1083900000000,0.71,0.692,0.698,0.722,0.728
1084200000000,0.721,0.701,0.706,0.733,0.739
1084500000000,0.722,0.703,0.708,0.734,0.742
1084800000000,0.722,0.703,0.707,0.735,0.743
1085100000000,0.723,0.704,0.708,0.735,0.743
1085400000000,0.714,0.698,0.701,0.724,0.731
1085700000000,0.707,0.693,0.698,0.719,0.725
1086000000000,0.724,0.706,0.712,0.738,0.744
1086300000000,0.735,0.715,0.72,0.75,0.759
1086600000000,0.741,0.721,0.724,0.754,0.764
1086900000000,0.745,0.725,0.729,0.758,0.768
1087200000000,0.747,0.725,0.729,0.76,0.769
1087500000000,0.744,0.722,0.726,0.756,0.766
1087800000000,0.746,0.724,0.728,0.757,0.766
1088100000000,0.744,0.722,0.726,0.755,0.764
1088400000000,0.74,0.72,0.721,0.751,0.76
1088700000000,0.736,0.716,0.718,0.747,0.755
1089000000000,0.729,0.71,0.713,0.742,0.748
1089300000000,0.73,0.712,0.716,0.744,0.751
1089600000000,0.731,0.711,0.716,0.745,0.753
1089900000000,0.73,0.71,0.715,0.744,0.752
1090200000000,0.725,0.708,0.709,0.737,0.745
1090500000000,0.719,0.703,0.704,0.731,0.737
1090800000000,0.722,0.706,0.706,0.733,0.74
1091100000000,0.727,0.709,0.71,0.739,0.747
1091400000000,0.733,0.714,0.716,0.745,0.753
1091700000000,0.731,0.712,0.713,0.742,0.749
1092000000000,0.71,0.694,0.694,0.719,0.723
1092300000000,0.696,0.681,0.682,0.704,0.708
1092600000000,0.693,0.681,0.682,0.701,0.707
1092900000000,0.707,0.694,0.695,0.717,0.724
1093200000000,0.723,0.706,0.71,0.736,0.743
1093500000000,0.735,0.715,0.72,0.749,0.756
1093800000000,0.738,0.718,0.721,0.752,0.759
1094100000000,0.739,0.718,0.721,0.752,0.76
1094400000000,0.74,0.718,0.721,0.753,0.76
1094700000000,0.735,0.714,0.718,0.749,0.756
1095000000000,0.734,0.715,0.718,0.748,0.756
1095300000000,0.731,0.711,0.715,0.745,0.754
1095600000000,0.727,0.706,0.711,0.74,0.749
1095900000000,0.727,0.707,0.712,0.741,0.748
1096200000000,0.73,0.709,0.714,0.742,0.75
1096500000000,0.729,0.707,0.713,0.741,0.749
1096800000000,0.731,0.71,0.717,0.744,0.751
1097100000000,0.737,0.715,0.724,0.752,0.76
1097400000000,0.743,0.721,0.73,0.759,0.767
1097700000000,0.748,0.726,0.734,0.764,0.773
1098000000000,0.749,0.727,0.734,0.763,0.773
1098300000000,0.744,0.725,0.73,0.759,0.768
1098600000000,0.742,0.723,0.728,0.757,0.766
1098900000000,0.744,0.723,0.729,0.758,0.766
1099200000000,0.744,0.723,0.729,0.758,0.766
1099500000000,0.743,0.723,0.728,0.755,0.765
1099800000000,0.74,0.719,0.725,0.752,0.761
1100100000000,0.739,0.718,0.725,0.751,0.76
1100400000000,0.729,0.711,0.717,0.741,0.749
1100700000000,0.716,0.702,0.706,0.727,0.735
1101000000000,0.71,0.698,0.7,0.72,0.728
1101300000000,0.708,0.696,0.698,0.717,0.727
1101600000000,0.708,0.696,0.699,0.717,0.726
1101900000000,0.705,0.694,0.697,0.713,0.722
1102200000000,0.706,0.695,0.696,0.713,0.722
1102500000000,0.711,0.699,0.701,0.72,0.729
1102800000000,0.711,0.7,0.703,0.722,0.731
1103100000000,0.716,0.704,0.707,0.728,0.737
1103400000000,0.716,0.702,0.706,0.727,0.736
1103700000000,0.711,0.699,0.703,0.723,0.732
1104000000000,0.709,0.697,0.701,0.72,0.729
1104300000000,0.706,0.694,0.697,0.715,0.724
1104600000000,0.705,0.694,0.697,0.714,0.724
1104900000000,0.708,0.696,0.7,0.719,0.728
1105200000000,0.711,0.698,0.702,0.721,0.73
1105500000000,0.709,0.696,0.7,0.718,0.727
1105800000000,0.704,0.692,0.695,0.713,0.721
1106100000000,0.7,0.688,0.692,0.709,0.717
1106400000000,0.698,0.687,0.69,0.708,0.715
1106700000000,0.704,0.691,0.694,0.715,0.72
1107000000000,0.716,0.702,0.704,0.727,0.733
1107300000000,0.721,0.706,0.709,0.733,0.739
1107600000000,0.721,0.706,0.708,0.733,0.738
1107900000000,0.719,0.705,0.708,0.732,0.737
1108200000000,0.721,0.706,0.71,0.734,0.738
1108500000000,0.723,0.707,0.711,0.735,0.739
1108800000000,0.722,0.705,0.709,0.734,0.738
1109100000000,0.721,0.704,0.708,0.733,0.736
1109400000000,0.724,0.707,0.71,0.735,0.739
1109700000000,0.721,0.706,0.708,0.734,0.738
1110000000000,0.715,0.701,0.704,0.729,0.732
1110300000000,0.712,0.698,0.701,0.726,0.73
1110600000000,0.71,0.696,0.699,0.724,0.727
1110900000000,0.708,0.693,0.697,0.721,0.724
1111200000000,0.71,0.695,0.699,0.723,0.727
1111500000000,0.716,0.7,0.703,0.729,0.733
1111800000000,0.716,0.701,0.703,0.727,0.733
1112100000000,0.718,0.703,0.704,0.728,0.735
1112400000000,0.721,0.706,0.703,0.73,0.737
1112700000000,0.735,0.718,0.715,0.746,0.753
1113000000000,0.743,0.723,0.72,0.752,0.76
1113300000000,0.739,0.718,0.716,0.748,0.756
1113600000000,0.733,0.712,0.713,0.743,0.751
1113900000000,0.731,0.712,0.712,0.743,0.749
1114200000000,0.728,0.71,0.709,0.739,0.746
1114500000000,0.731,0.711,0.712,0.742,0.747
1114800000000,0.731,0.711,0.713,0.743,0.747
1115100000000,0.734,0.713,0.716,0.745,0.749
1115400000000,0.733,0.713,0.716,0.743,0.749
1115700000000,0.726,0.708,0.71,0.736,0.742
1116000000000,0.723,0.705,0.708,0.734,0.739
1116300000000,0.716,0.698,0.702,0.726,0.731
1116600000000,0.711,0.693,0.697,0.721,0.724
1116900000000,0.708,0.691,0.695,0.717,0.719
1117200000000,0.708,0.693,0.697,0.718,0.722
1117500000000,0.713,0.698,0.7,0.724,0.726
1117800000000,0.718,0.702,0.704,0.728,0.732
1118100000000,0.722,0.706,0.707,0.731,0.735
1118400000000,0.719,0.704,0.705,0.728,0.731
1118700000000,0.714,0.698,0.7,0.722,0.725
1119000000000,0.704,0.69,0.69,0.711,0.716
1119300000000,0.709,0.694,0.695,0.717,0.721
1119600000000,0.703,0.689,0.691,0.713,0.717
1119900000000,0.694,0.68,0.685,0.702,0.708
1120200000000,0.696,0.683,0.688,0.707,0.712
1120500000000,0.706,0.689,0.694,0.716,0.722
1120800000000,0.708,0.69,0.694,0.718,0.726
1121100000000,0.72,0.7,0.702,0.729,0.736
1121400000000,0.734,0.711,0.714,0.744,0.751
1121700000000,0.743,0.717,0.722,0.753,0.761
1122000000000,0.743,0.717,0.721,0.753,0.76
1122300000000,0.743,0.718,0.721,0.753,0.76
1122600000000,0.731,0.707,0.709,0.739,0.747
1122900000000,0.725,0.702,0.705,0.735,0.74
1123200000000,0.723,0.7,0.705,0.734,0.74
1123500000000,0.723,0.7,0.704,0.733,0.739
1123800000000,0.722,0.701,0.703,0.732,0.739
1124100000000,0.723,0.703,0.705,0.733,0.74
1124400000000,0.722,0.703,0.707,0.733,0.74
1124700000000,0.726,0.706,0.709,0.736,0.744
1125000000000,0.725,0.705,0.707,0.734,0.742
1125300000000,0.727,0.707,0.708,0.735,0.743
1125600000000,0.73,0.709,0.711,0.739,0.746
1125900000000,0.719,0.701,0.705,0.73,0.738
1126200000000,0.707,0.692,0.698,0.721,0.727
1126500000000,0.694,0.682,0.688,0.707,0.714
1126800000000,0.691,0.679,0.684,0.703,0.71
1127100000000,0.697,0.685,0.689,0.711,0.716
1127400000000,0.707,0.693,0.697,0.721,0.728
1127700000000,0.711,0.695,0.701,0.726,0.733
1128000000000,0.71,0.693,0.703,0.727,0.734
1128300000000,0.705,0.689,0.699,0.722,0.729
1128600000000,0.703,0.688,0.698,0.72,0.728
1128900000000,0.703,0.689,0.699,0.72,0.727
1129200000000,0.703,0.691,0.699,0.72,0.726
1129500000000,0.703,0.689,0.698,0.718,0.724
1129800000000,0.708,0.692,0.702,0.723,0.728
1130100000000,0.712,0.696,0.705,0.728,0.733
1130400000000,0.712,0.697,0.705,0.729,0.735
1130700000000,0.715,0.699,0.706,0.731,0.737
1131000000000,0.718,0.702,0.708,0.732,0.739
1131300000000,0.715,0.698,0.705,0.727,0.736
1131600000000,0.704,0.689,0.695,0.716,0.723
1131900000000,0.699,0.682,0.689,0.71,0.718
1132200000000,0.708,0.69,0.698,0.72,0.727
1132500000000,0.714,0.695,0.702,0.725,0.732
1132800000000,0.715,0.697,0.705,0.728,0.735
1133100000000,0.717,0.698,0.708,0.731,0.738
1133400000000,0.714,0.694,0.705,0.727,0.733
1133700000000,0.711,0.692,0.702,0.725,0.731
1134000000000,0.706,0.688,0.696,0.717,0.725
1134300000000,0.7,0.684,0.691,0.71,0.719
1134600000000,0.696,0.681,0.689,0.709,0.716
1134900000000,0.688,0.674,0.684,0.702,0.71
1135200000000,0.685,0.669,0.683,0.699,0.707
1135500000000,0.687,0.67,0.684,0.698,0.707
1135800000000,0.697,0.679,0.691,0.707,0.716
1136100000000,0.705,0.687,0.697,0.714,0.723
1136400000000,0.706,0.689,0.698,0.716,0.723
1136700000000,0.707,0.69,0.701,0.719,0.725
1137000000000,0.708,0.691,0.701,0.718,0.724
1137300000000,0.708,0.689,0.698,0.718,0.722
1137600000000,0.711,0.691,0.7,0.72,0.725
1137900000000,0.709,0.69,0.697,0.717,0.723
1138200000000,0.718,0.697,0.704,0.726,0.732
1138500000000,0.724,0.701,0.709,0.732,0.739
1138800000000,0.727,0.704,0.712,0.738,0.745
1139100000000,0.734,0.709,0.716,0.744,0.751
1139400000000,0.739,0.712,0.72,0.749,0.755
1139700000000,0.731,0.706,0.715,0.741,0.748
1140000000000,0.722,0.699,0.707,0.73,0.739
1140300000000,0.718,0.696,0.702,0.723,0.735
1140600000000,0.724,0.701,0.708,0.731,0.742
1140900000000,0.724,0.7,0.709,0.733,0.743
1141200000000,0.721,0.698,0.708,0.731,0.742
1141500000000,0.717,0.695,0.704,0.729,0.738
1141800000000,0.716,0.694,0.704,0.727,0.735
1142100000000,0.718,0.696,0.707,0.729,0.736
1142400000000,0.718,0.696,0.706,0.727,0.735
1142700000000,0.723,0.7,0.71,0.735,0.742
1143000000000,0.731,0.706,0.718,0.744,0.752
1143300000000,0.732,0.706,0.719,0.747,0.754
1143600000000,0.724,0.699,0.71,0.736,0.744
1143900000000,0.721,0.697,0.708,0.733,0.741
1144200000000,0.726,0.703,0.714,0.739,0.747
1144500000000,0.732,0.708,0.72,0.747,0.754
1144800000000,0.73,0.705,0.72,0.744,0.752
1145100000000,0.73,0.704,0.719,0.742,0.751
1145400000000,0.735,0.708,0.723,0.747,0.755
1145700000000,0.736,0.709,0.725,0.75,0.758
1146000000000,0.737,0.709,0.726,0.752,0.759
1146300000000,0.737,0.71,0.728,0.757,0.762
1146600000000,0.737,0.709,0.725,0.756,0.762
1146900000000,0.73,0.704,0.721,0.75,0.756
1147200000000,0.727,0.702,0.719,0.746,0.753
1147500000000,0.727,0.703,0.719,0.745,0.752
1147800000000,0.735,0.709,0.724,0.752,0.758
1148100000000,0.74,0.714,0.727,0.757,0.763
1148400000000,0.745,0.718,0.73,0.762,0.768
1148700000000,0.745,0.717,0.73,0.761,0.767
1149000000000,0.746,0.718,0.73,0.761,0.767
1149300000000,0.747,0.719,0.73,0.761,0.767
1149600000000,0.733,0.707,0.72,0.748,0.755
1149900000000,0.718,0.695,0.709,0.733,0.74
1150200000000,0.71,0.689,0.702,0.723,0.729
1150500000000,0.709,0.689,0.703,0.725,0.728
1150800000000,0.707,0.687,0.703,0.724,0.726
1151100000000,0.708,0.688,0.704,0.725,0.727
1151400000000,0.713,0.692,0.708,0.731,0.732
1151700000000,0.728,0.704,0.719,0.745,0.747
1152000000000,0.739,0.713,0.727,0.756,0.761
1152300000000,0.743,0.716,0.73,0.761,0.767
1152600000000,0.744,0.716,0.73,0.762,0.767
1152900000000,0.747,0.719,0.732,0.765,0.771
1153200000000,0.747,0.719,0.732,0.764,0.771
1153500000000,0.746,0.718,0.73,0.762,0.77
1153800000000,0.746,0.717,0.73,0.763,0.77
1154100000000,0.745,0.717,0.73,0.762,0.769
1154400000000,0.744,0.716,0.73,0.761,0.769
1154700000000,0.744,0.716,0.729,0.761,0.767
1155000000000,0.744,0.716,0.729,0.761,0.767
1155300000000,0.744,0.715,0.728,0.761,0.766
1155600000000,0.74,0.71,0.724,0.756,0.762
1155900000000,0.739,0.71,0.724,0.756,0.761
1156200000000,0.74,0.712,0.725,0.756,0.761
1156500000000,0.74,0.711,0.724,0.757,0.762
1156800000000,0.738,0.71,0.723,0.755,0.76
1157100000000,0.723,0.697,0.711,0.74,0.744
1157400000000,0.714,0.691,0.703,0.73,0.732
1157700000000,0.72,0.697,0.711,0.737,0.741
1158000000000,0.733,0.707,0.721,0.751,0.756
1158300000000,0.74,0.713,0.727,0.758,0.764
1158600000000,0.739,0.712,0.726,0.757,0.763
1158900000000,0.74,0.713,0.726,0.757,0.763
1159200000000,0.742,0.714,0.728,0.76,0.766
1159500000000,0.741,0.713,0.727,0.759,0.765
1159800000000,0.741,0.713,0.727,0.758,0.763
1160100000000,0.743,0.714,0.729,0.76,0.767
1160400000000,0.742,0.713,0.727,0.759,0.765
1160700000000,0.738,0.711,0.723,0.755,0.76
1161000000000,0.738,0.711,0.723,0.754,0.761
1161300000000,0.733,0.706,0.721,0.751,0.757
1161600000000,0.738,0.71,0.725,0.756,0.762
1161900000000,0.739,0.71,0.726,0.757,0.763
1162200000000,0.738,0.709,0.726,0.757,0.762
1162500000000,0.738,0.709,0.726,0.756,0.762
1162800000000,0.739,0.71,0.726,0.757,0.762
1163100000000,0.739,0.711,0.724,0.755,0.761
1163400000000,0.739,0.712,0.724,0.755,0.76
1163700000000,0.738,0.713,0.724,0.755,0.76
1164000000000,0.741,0.715,0.727,0.758,0.763
1164300000000,0.741,0.715,0.727,0.757,0.763
1164600000000,0.739,0.712,0.724,0.754,0.76
1164900000000,0.738,0.712,0.724,0.754,0.759
1165200000000,0.743,0.716,0.729,0.759,0.765
1165500000000,0.745,0.721,0.73,0.762,0.768
1165800000000,0.739,0.715,0.724,0.756,0.76
1166100000000,0.735,0.71,0.72,0.749,0.754
1166400000000,0.724,0.698,0.712,0.739,0.743
1166700000000,0.732,0.707,0.72,0.748,0.753
1167000000000,0.743,0.717,0.729,0.76,0.766
1167300000000,0.747,0.72,0.733,0.766,0.771
1167600000000,0.745,0.719,0.729,0.763,0.768
1167900000000,0.745,0.719,0.729,0.763,0.768
1168200000000,0.744,0.717,0.728,0.761,0.767
1168500000000,0.743,0.716,0.726,0.759,0.765
1168800000000,0.742,0.716,0.725,0.758,0.764
1169100000000,0.742,0.718,0.726,0.759,0.764
1169400000000,0.743,0.719,0.726,0.759,0.764
1169700000000,0.74,0.716,0.724,0.756,0.761
1170000000000,0.736,0.71,0.721,0.752,0.757
1170300000000,0.734,0.71,0.719,0.751,0.754
1170600000000,0.722,0.702,0.71,0.736,0.738
1170900000000,0.718,0.7,0.708,0.732,0.734
1171200000000,0.729,0.708,0.717,0.744,0.747
1171500000000,0.737,0.713,0.723,0.752,0.758
1171800000000,0.738,0.713,0.723,0.753,0.76
1172100000000,0.735,0.711,0.722,0.752,0.758
1172400000000,0.735,0.712,0.721,0.75,0.757
1172700000000,0.735,0.71,0.72,0.75,0.756
1173000000000,0.736,0.711,0.722,0.752,0.758
1173300000000,0.739,0.714,0.726,0.756,0.761
1173600000000,0.739,0.714,0.725,0.754,0.759
1173900000000,0.729,0.707,0.716,0.743,0.746
1174200000000,0.728,0.705,0.714,0.741,0.745
1174500000000,0.731,0.709,0.717,0.745,0.749
1174800000000,0.737,0.715,0.722,0.75,0.756
1175100000000,0.742,0.72,0.726,0.755,0.761
1175400000000,0.739,0.717,0.723,0.753,0.758
1175700000000,0.733,0.712,0.717,0.746,0.75
1176000000000,0.735,0.713,0.72,0.747,0.753
1176300000000,0.73,0.708,0.718,0.745,0.751
1176600000000,0.731,0.71,0.718,0.746,0.752
1176900000000,0.732,0.709,0.718,0.746,0.753
1177200000000,0.73,0.708,0.716,0.744,0.751
1177500000000,0.729,0.707,0.714,0.74,0.747
1177800000000,0.723,0.702,0.71,0.734,0.74
1178100000000,0.711,0.692,0.702,0.723,0.727
1178400000000,0.676,0.665,0.673,0.685,0.689
1178700000000,0.662,0.655,0.658,0.668,0.675
1179000000000,0.651,0.647,0.648,0.656,0.667
1179300000000,0.667,0.662,0.664,0.676,0.686
1179600000000,0.697,0.687,0.691,0.711,0.718
1179900000000,0.723,0.707,0.713,0.74,0.744
1180200000000,0.735,0.716,0.722,0.75,0.756
1180500000000,0.73,0.711,0.717,0.744,0.749
1180800000000,0.725,0.707,0.714,0.74,0.743
1181100000000,0.725,0.708,0.714,0.741,0.744
1181400000000,0.726,0.708,0.714,0.741,0.744
1181700000000,0.728,0.71,0.715,0.742,0.746
1182000000000,0.728,0.709,0.714,0.741,0.746
1182300000000,0.729,0.71,0.714,0.742,0.747
1182600000000,0.73,0.713,0.717,0.744,0.749
1182900000000,0.735,0.715,0.72,0.749,0.754
1183200000000,0.737,0.715,0.721,0.75,0.756
1183500000000,0.738,0.718,0.723,0.753,0.759
1183800000000,0.738,0.717,0.723,0.753,0.759
1184100000000,0.738,0.716,0.723,0.752,0.758
1184400000000,0.737,0.716,0.721,0.75,0.755
1184700000000,0.74,0.718,0.724,0.754,0.76
1185000000000,0.736,0.715,0.721,0.752,0.758
1185300000000,0.736,0.715,0.721,0.751,0.756
1185600000000,0.738,0.718,0.723,0.753,0.758
1185900000000,0.739,0.719,0.724,0.753,0.758
1186200000000,0.736,0.717,0.721,0.751,0.756
1186500000000,0.736,0.717,0.723,0.752,0.759
1186800000000,0.733,0.713,0.72,0.748,0.756
1187100000000,0.728,0.709,0.717,0.745,0.751
1187400000000,0.724,0.705,0.714,0.742,0.747
1187700000000,0.734,0.713,0.724,0.751,0.758
1188000000000,0.74,0.718,0.729,0.757,0.766
1188300000000,0.741,0.72,0.729,0.757,0.766
1188600000000,0.737,0.719,0.726,0.752,0.761
1188900000000,0.717,0.702,0.708,0.731,0.736
1189200000000,0.701,0.688,0.694,0.714,0.719
1189500000000,0.713,0.697,0.704,0.727,0.733
1189800000000,0.714,0.696,0.703,0.728,0.736
1190100000000,0.698,0.683,0.69,0.712,0.719
1190400000000,0.69,0.679,0.686,0.704,0.712
1190700000000,0.685,0.676,0.684,0.698,0.709
1191000000000,0.681,0.672,0.681,0.692,0.704
1191300000000,0.684,0.675,0.684,0.696,0.707
1191600000000,0.691,0.681,0.691,0.703,0.714
1191900000000,0.691,0.68,0.69,0.703,0.713
1192200000000,0.689,0.678,0.69,0.703,0.711
1192500000000,0.688,0.676,0.689,0.701,0.709
1192800000000,0.687,0.676,0.687,0.7,0.708
1193100000000,0.685,0.674,0.685,0.698,0.706
1193400000000,0.683,0.673,0.683,0.696,0.704
1193700000000,0.688,0.679,0.688,0.7,0.709
1194000000000,0.691,0.682,0.692,0.705,0.713
1194300000000,0.69,0.682,0.691,0.703,0.711
1194600000000,0.689,0.681,0.691,0.702,0.711
1194900000000,0.693,0.682,0.693,0.706,0.713
1195200000000,0.694,0.685,0.692,0.706,0.714
1195500000000,0.692,0.688,0.689,0.701,0.709
1195800000000,0.686,0.687,0.682,0.692,0.7
1196100000000,0.683,0.685,0.679,0.688,0.696
1196400000000,0.679,0.682,0.675,0.683,0.692
1196700000000,0.685,0.687,0.677,0.688,0.698
1197000000000,0.684,0.687,0.677,0.689,0.699
1197300000000,0.681,0.685,0.675,0.687,0.696
1197600000000,0.679,0.682,0.672,0.684,0.694
1197900000000,0.678,0.683,0.673,0.684,0.693
1198200000000,0.671,0.677,0.669,0.678,0.687
1198500000000,0.673,0.679,0.671,0.681,0.689
1198800000000,0.679,0.682,0.676,0.686,0.694
1199100000000,0.691,0.692,0.685,0.699,0.704
1199400000000,0.7,0.699,0.692,0.71,0.714
1199700000000,0.706,0.703,0.697,0.714,0.719
1200000000000,0.707,0.702,0.697,0.714,0.717
1200300000000,0.709,0.706,0.7,0.72,0.724
1200600000000,0.711,0.708,0.701,0.722,0.727
1200900000000,0.712,0.708,0.7,0.722,0.728
1201200000000,0.712,0.708,0.699,0.721,0.727
1201500000000,0.704,0.701,0.693,0.713,0.719
1201800000000,0.696,0.695,0.687,0.706,0.711
1202100000000,0.695,0.695,0.687,0.707,0.71
1202400000000,0.693,0.694,0.687,0.707,0.71
1202700000000,0.694,0.695,0.688,0.708,0.711
1203000000000,0.694,0.694,0.689,0.707,0.71
1203300000000,0.689,0.69,0.686,0.701,0.705
1203600000000,0.682,0.685,0.68,0.695,0.698
1203900000000,0.689,0.69,0.684,0.7,0.703
1204200000000,0.696,0.696,0.691,0.707,0.71
1204500000000,0.696,0.696,0.691,0.706,0.71
1204800000000,0.694,0.694,0.689,0.704,0.707
1205100000000,0.695,0.695,0.69,0.705,0.707
1205400000000,0.699,0.698,0.693,0.709,0.711
1205700000000,0.705,0.703,0.697,0.716,0.717
1206000000000,0.709,0.704,0.699,0.721,0.722
1206300000000,0.712,0.706,0.701,0.721,0.723
1206600000000,0.708,0.705,0.7,0.718,0.72
1206900000000,0.712,0.707,0.703,0.723,0.725
1207200000000,0.712,0.705,0.702,0.722,0.726
1207500000000,0.709,0.705,0.699,0.719,0.723
1207800000000,0.701,0.693,0.695,0.714,0.717
1208100000000,0.699,0.688,0.695,0.715,0.717
1208400000000,0.696,0.686,0.695,0.715,0.715
1208700000000,0.696,0.685,0.696,0.716,0.715
1209000000000,0.696,0.685,0.696,0.716,0.716
1209300000000,0.698,0.688,0.698,0.719,0.719
1209600000000,0.703,0.692,0.701,0.724,0.724
1209900000000,0.703,0.692,0.701,0.723,0.724
1210200000000,0.7,0.687,0.689,0.708,0.708
1210500000000,0.694,0.683,0.684,0.702,0.701
1210800000000,0.694,0.683,0.684,0.701,0.699
1211100000000,0.697,0.687,0.686,0.704,0.702
1211400000000,0.701,0.69,0.691,0.71,0.708
1211700000000,0.702,0.692,0.692,0.71,0.709
1212000000000,0.7,0.69,0.691,0.708,0.708
1212300000000,0.695,0.686,0.687,0.707,0.706
1212600000000,0.694,0.686,0.687,0.706,0.706
1212900000000,0.693,0.685,0.685,0.703,0.703
1213200000000,0.699,0.689,0.688,0.708,0.706
1213500000000,0.707,0.695,0.693,0.715,0.713
1213800000000,0.713,0.698,0.696,0.719,0.719
1214100000000,0.716,0.701,0.699,0.722,0.722
1214400000000,0.717,0.702,0.699,0.723,0.724
1214700000000,0.72,0.705,0.702,0.727,0.728
1215000000000,0.721,0.706,0.703,0.727,0.729
1215300000000,0.722,0.706,0.702,0.727,0.729
1215600000000,0.72,0.705,0.701,0.727,0.728
1215900000000,0.718,0.703,0.699,0.724,0.725
1216200000000,0.716,0.701,0.698,0.722,0.723
1216500000000,0.719,0.703,0.699,0.725,0.726
1216800000000,0.726,0.707,0.704,0.731,0.734
1217100000000,0.732,0.714,0.711,0.739,0.741
1217400000000,0.733,0.714,0.711,0.739,0.742
1217700000000,0.735,0.716,0.713,0.741,0.743
1218000000000,0.735,0.716,0.714,0.742,0.745
1218300000000,0.733,0.716,0.712,0.74,0.743
1218600000000,0.731,0.714,0.709,0.737,0.74
1218900000000,0.729,0.713,0.709,0.736,0.739
1219200000000,0.731,0.713,0.71,0.738,0.741
1219500000000,0.73,0.711,0.71,0.736,0.74
1219800000000,0.728,0.709,0.707,0.735,0.737
1220100000000,0.729,0.71,0.708,0.736,0.738
1220400000000,0.728,0.708,0.707,0.733,0.736
1220700000000,0.725,0.706,0.705,0.732,0.734
1221000000000,0.724,0.706,0.705,0.732,0.734
1221300000000,0.723,0.705,0.704,0.73,0.732
1221600000000,0.723,0.706,0.704,0.729,0.731
1221900000000,0.721,0.705,0.703,0.726,0.73
1222200000000,0.723,0.706,0.703,0.726,0.73
1222500000000,0.725,0.708,0.706,0.729,0.733
1222800000000,0.726,0.709,0.706,0.729,0.733
1223100000000,0.727,0.711,0.707,0.73,0.734
1223400000000,0.725,0.71,0.707,0.731,0.735
1223700000000,0.725,0.71,0.708,0.734,0.737
1224000000000,0.724,0.708,0.706,0.733,0.736
1224300000000,0.722,0.705,0.705,0.733,0.737
1224600000000,0.724,0.702,0.708,0.736,0.74
1224900000000,0.726,0.705,0.709,0.737,0.742
1225200000000,0.733,0.709,0.713,0.741,0.748
1225500000000,0.738,0.712,0.714,0.744,0.75
1225800000000,0.744,0.717,0.718,0.752,0.756
1226100000000,0.753,0.724,0.726,0.76,0.765
1226400000000,0.753,0.724,0.727,0.761,0.766
1226700000000,0.75,0.722,0.725,0.757,0.763
1227000000000,0.749,0.72,0.724,0.756,0.761
1227300000000,0.748,0.72,0.724,0.756,0.76
1227600000000,0.743,0.716,0.72,0.752,0.756
1227900000000,0.749,0.72,0.724,0.757,0.76
1228200000000,0.751,0.722,0.725,0.759,0.762
1228500000000,0.747,0.719,0.722,0.754,0.757
1228800000000,0.738,0.711,0.715,0.747,0.749
1229100000000,0.736,0.71,0.714,0.745,0.747
1229400000000,0.735,0.71,0.713,0.744,0.746
1229700000000,0.735,0.711,0.714,0.745,0.747
1230000000000,0.739,0.715,0.719,0.75,0.751
1230300000000,0.738,0.714,0.72,0.75,0.751
1230600000000,0.73,0.709,0.714,0.743,0.743
1230900000000,0.729,0.708,0.713,0.741,0.74
1231200000000,0.73,0.708,0.712,0.739,0.739
1231500000000,0.729,0.707,0.71,0.738,0.739
1231800000000,0.724,0.703,0.708,0.734,0.736
1232100000000,0.721,0.701,0.706,0.732,0.733
1232400000000,0.724,0.703,0.708,0.735,0.735
1232700000000,0.725,0.704,0.709,0.736,0.737
1233000000000,0.725,0.703,0.708,0.734,0.737
1233300000000,0.713,0.693,0.699,0.724,0.726
1233600000000,0.708,0.69,0.696,0.718,0.721
1233900000000,0.709,0.69,0.695,0.717,0.72
1234200000000,0.708,0.689,0.694,0.717,0.72
1234500000000,0.704,0.686,0.69,0.714,0.718
1234800000000,0.701,0.683,0.688,0.712,0.716
1235100000000,0.699,0.682,0.686,0.71,0.714
1235400000000,0.692,0.677,0.682,0.704,0.709
1235700000000,0.689,0.674,0.679,0.699,0.705
1236000000000,0.689,0.674,0.679,0.697,0.702
1236300000000,0.697,0.68,0.686,0.705,0.708
1236600000000,0.702,0.684,0.691,0.711,0.713
1236900000000,0.698,0.681,0.689,0.709,0.71
1237200000000,0.697,0.681,0.689,0.709,0.709
1237500000000,0.7,0.684,0.692,0.711,0.712
1237800000000,0.713,0.693,0.701,0.722,0.723
1238100000000,0.721,0.7,0.707,0.731,0.733
1238400000000,0.723,0.701,0.709,0.734,0.735
1238700000000,0.728,0.705,0.713,0.739,0.74
1239000000000,0.739,0.713,0.722,0.749,0.751
1239300000000,0.743,0.716,0.724,0.753,0.756
1239600000000,0.741,0.714,0.722,0.752,0.754
1239900000000,0.741,0.713,0.721,0.749,0.751
1240200000000,0.737,0.71,0.717,0.746,0.748
1240500000000,0.737,0.71,0.718,0.746,0.748
1240800000000,0.739,0.712,0.719,0.747,0.75
1241100000000,0.74,0.713,0.72,0.749,0.752
1241400000000,0.738,0.711,0.718,0.748,0.751
1241700000000,0.741,0.714,0.721,0.75,0.754
1242000000000,0.74,0.714,0.72,0.748,0.752
1242300000000,0.741,0.714,0.721,0.75,0.754
1242600000000,0.743,0.716,0.722,0.751,0.755
1242900000000,0.743,0.716,0.722,0.751,0.757
1243200000000,0.745,0.718,0.725,0.754,0.759
1243500000000,0.746,0.718,0.726,0.755,0.76
1243800000000,0.745,0.716,0.723,0.753,0.758
1244100000000,0.744,0.716,0.722,0.752,0.758
1244400000000,0.743,0.716,0.72,0.751,0.756
1244700000000,0.738,0.712,0.716,0.746,0.75
1245000000000,0.738,0.712,0.715,0.746,0.751
1245300000000,0.74,0.713,0.718,0.748,0.754
1245600000000,0.742,0.715,0.72,0.751,0.757
1245900000000,0.747,0.718,0.725,0.757,0.762
1246200000000,0.749,0.72,0.727,0.758,0.764
1246500000000,0.748,0.719,0.726,0.758,0.764
1246800000000,0.748,0.718,0.725,0.757,0.763
1247100000000,0.743,0.714,0.721,0.751,0.757
1247400000000,0.741,0.713,0.719,0.75,0.755
1247700000000,0.739,0.712,0.718,0.748,0.752
1248000000000,0.734,0.708,0.713,0.742,0.747
1248300000000,0.726,0.701,0.706,0.733,0.737
1248600000000,0.73,0.704,0.709,0.737,0.74
1248900000000,0.734,0.707,0.713,0.741,0.745
1249200000000,0.738,0.711,0.716,0.746,0.75
1249500000000,0.738,0.712,0.718,0.747,0.751
1249800000000,0.738,0.711,0.718,0.746,0.751
1250100000000,0.735,0.708,0.714,0.742,0.747
1250400000000,0.738,0.71,0.717,0.747,0.751
1250700000000,0.743,0.715,0.721,0.752,0.757
1251000000000,0.744,0.716,0.722,0.754,0.759
1251300000000,0.746,0.718,0.724,0.756,0.761
1251600000000,0.747,0.719,0.725,0.757,0.763
1251900000000,0.744,0.717,0.722,0.754,0.759
1252200000000,0.731,0.705,0.71,0.741,0.745
1252500000000,0.725,0.7,0.707,0.734,0.738
1252800000000,0.725,0.701,0.708,0.734,0.738
1253100000000,0.74,0.713,0.723,0.751,0.754
1253400000000,0.752,0.724,0.734,0.763,0.769
1253700000000,0.754,0.726,0.736,0.765,0.77
1254000000000,0.749,0.722,0.732,0.76,0.765
1254300000000,0.741,0.714,0.724,0.751,0.756
1254600000000,0.743,0.715,0.724,0.752,0.756
1254900000000,0.748,0.719,0.728,0.757,0.761
1255200000000,0.748,0.719,0.728,0.757,0.762
1255500000000,0.745,0.716,0.725,0.754,0.758
1255800000000,0.747,0.719,0.726,0.755,0.758
1256100000000,0.747,0.719,0.727,0.755,0.76
1256400000000,0.744,0.719,0.724,0.751,0.755
1256700000000,0.746,0.722,0.726,0.753,0.756
1257000000000,0.749,0.724,0.729,0.755,0.76
1257300000000,0.751,0.725,0.729,0.756,0.763
1257600000000,0.75,0.724,0.727,0.754,0.766
1257900000000,0.753,0.727,0.73,0.759,0.769
1258200000000,0.756,0.728,0.733,0.765,0.771
1258500000000,0.755,0.728,0.731,0.764,0.771
1258800000000,0.752,0.729,0.729,0.76,0.769
1259100000000,0.754,0.73,0.731,0.762,0.77
1259400000000,0.755,0.732,0.733,0.765,0.772
1259700000000,0.757,0.733,0.736,0.767,0.775
1260000000000,0.756,0.731,0.737,0.767,0.773
1260300000000,0.754,0.729,0.736,0.765,0.773
1260600000000,0.751,0.727,0.732,0.762,0.77
1260900000000,0.749,0.724,0.73,0.759,0.766
1261200000000,0.746,0.722,0.729,0.757,0.764
1261500000000,0.738,0.716,0.723,0.749,0.755
1261800000000,0.727,0.708,0.714,0.737,0.744
1262100000000,0.728,0.709,0.716,0.739,0.746
1262400000000,0.733,0.712,0.719,0.744,0.751
1262700000000,0.741,0.722,0.726,0.753,0.76
1263000000000,0.747,0.727,0.732,0.759,0.767
1263300000000,0.749,0.726,0.734,0.762,0.77
1263600000000,0.75,0.727,0.736,0.764,0.772
1263900000000,0.748,0.726,0.735,0.762,0.771
1264200000000,0.744,0.723,0.73,0.758,0.766
1264500000000,0.744,0.723,0.729,0.756,0.765
1264800000000,0.746,0.724,0.73,0.758,0.768
1265100000000,0.748,0.725,0.732,0.761,0.77
1265400000000,0.749,0.726,0.734,0.763,0.771
1265700000000,0.749,0.726,0.734,0.764,0.772
1266000000000,0.749,0.726,0.734,0.763,0.771
1266300000000,0.746,0.723,0.732,0.761,0.768
1266600000000,0.749,0.726,0.734,0.763,0.771
1266900000000,0.748,0.727,0.735,0.763,0.771
1267200000000,0.744,0.722,0.732,0.76,0.767
1267500000000,0.746,0.724,0.734,0.762,0.769
1267800000000,0.745,0.723,0.731,0.759,0.767
1268100000000,0.744,0.723,0.73,0.758,0.765
1268400000000,0.736,0.715,0.722,0.747,0.755
1268700000000,0.721,0.703,0.71,0.731,0.738
1269000000000,0.73,0.71,0.717,0.74,0.747
1269300000000,0.74,0.72,0.725,0.751,0.757
1269600000000,0.743,0.722,0.725,0.754,0.759
1269900000000,0.741,0.719,0.722,0.751,0.755
1270200000000,0.738,0.716,0.72,0.75,0.753
1270500000000,0.738,0.716,0.721,0.752,0.755
1270800000000,0.739,0.717,0.723,0.753,0.756
1271100000000,0.732,0.712,0.716,0.744,0.75
1271400000000,0.728,0.71,0.715,0.741,0.745
1271700000000,0.711,0.696,0.702,0.722,0.728
1272000000000,0.712,0.697,0.703,0.724,0.729
1272300000000,0.721,0.704,0.711,0.734,0.74
1272600000000,0.722,0.705,0.711,0.735,0.74
1272900000000,0.724,0.707,0.712,0.733,0.739
1273200000000,0.722,0.705,0.71,0.734,0.741
1273500000000,0.725,0.708,0.712,0.738,0.745
1273800000000,0.729,0.71,0.714,0.741,0.749
1274100000000,0.721,0.703,0.708,0.732,0.74
1274400000000,0.712,0.695,0.703,0.724,0.731
1274700000000,0.704,0.689,0.696,0.717,0.724
1275000000000,0.718,0.702,0.709,0.733,0.739
1275300000000,0.733,0.715,0.722,0.747,0.754
1275600000000,0.735,0.715,0.72,0.748,0.754
1275900000000,0.727,0.71,0.712,0.737,0.743
1276200000000,0.71,0.697,0.697,0.718,0.723
1276500000000,0.687,0.677,0.677,0.693,0.698
1276800000000,0.67,0.663,0.664,0.675,0.683
1277100000000,0.661,0.656,0.656,0.665,0.676
1277400000000,0.658,0.654,0.653,0.661,0.675
1277700000000,0.664,0.66,0.66,0.67,0.684
1278000000000,0.663,0.659,0.659,0.668,0.681
1278300000000,0.661,0.657,0.656,0.665,0.676
1278600000000,0.668,0.663,0.662,0.672,0.683
1278900000000,0.671,0.666,0.665,0.676,0.686
1279200000000,0.675,0.67,0.67,0.684,0.691
1279500000000,0.681,0.676,0.678,0.692,0.697
1279800000000,0.676,0.67,0.674,0.688,0.691
1280100000000,0.677,0.672,0.674,0.688,0.692
1280400000000,0.673,0.668,0.669,0.684,0.687
1280700000000,0.677,0.673,0.673,0.689,0.692
1281000000000,0.676,0.672,0.674,0.689,0.691
1281300000000,0.682,0.676,0.679,0.693,0.695
1281600000000,0.683,0.677,0.68,0.694,0.696
1281900000000,0.682,0.676,0.68,0.694,0.696
1282200000000,0.681,0.676,0.68,0.694,0.695
1282500000000,0.687,0.681,0.684,0.701,0.701
1282800000000,0.697,0.69,0.693,0.711,0.711
1283100000000,0.708,0.699,0.701,0.723,0.722
1283400000000,0.715,0.704,0.707,0.729,0.729
1283700000000,0.719,0.707,0.71,0.733,0.733
1284000000000,0.721,0.708,0.71,0.735,0.735
1284300000000,0.722,0.709,0.711,0.735,0.736
1284600000000,0.722,0.71,0.713,0.737,0.737
1284900000000,0.724,0.711,0.715,0.739,0.739
1285200000000,0.729,0.712,0.718,0.742,0.744
1285500000000,0.729,0.713,0.715,0.741,0.742
1285800000000,0.727,0.711,0.714,0.74,0.74
1286100000000,0.73,0.713,0.716,0.743,0.743
1286400000000,0.73,0.712,0.716,0.743,0.743
1286700000000,0.732,0.714,0.717,0.744,0.745
1287000000000,0.734,0.717,0.719,0.746,0.746
1287300000000,0.738,0.721,0.723,0.75,0.75
1287600000000,0.733,0.717,0.72,0.746,0.746
1287900000000,0.73,0.714,0.716,0.742,0.742
1288200000000,0.729,0.713,0.716,0.743,0.742
1288500000000,0.732,0.716,0.719,0.746,0.747
1288800000000,0.734,0.716,0.72,0.748,0.749
1289100000000,0.73,0.711,0.716,0.743,0.745
1289400000000,0.726,0.711,0.715,0.741,0.741
1289700000000,0.728,0.712,0.716,0.742,0.742
1290000000000,0.728,0.712,0.716,0.743,0.742
1290300000000,0.72,0.705,0.708,0.733,0.732
1290600000000,0.718,0.704,0.706,0.73,0.73
1290900000000,0.718,0.704,0.706,0.731,0.729
1291200000000,0.718,0.704,0.708,0.732,0.73
1291500000000,0.723,0.707,0.712,0.736,0.734
1291800000000,0.723,0.707,0.713,0.737,0.735
1292100000000,0.721,0.705,0.712,0.735,0.734
1292400000000,0.715,0.7,0.706,0.729,0.729
1292700000000,0.707,0.691,0.698,0.722,0.721
1293000000000,0.714,0.697,0.703,0.728,0.728
1293300000000,0.719,0.701,0.707,0.733,0.734
1293600000000,0.719,0.7,0.708,0.734,0.735
1293900000000,0.719,0.699,0.707,0.734,0.734
1294200000000,0.717,0.698,0.705,0.733,0.733
1294500000000,0.716,0.698,0.705,0.732,0.732
1294800000000,0.71,0.694,0.7,0.727,0.726
1295100000000,0.713,0.696,0.703,0.729,0.728
1295400000000,0.716,0.698,0.706,0.733,0.731
1295700000000,0.717,0.699,0.708,0.736,0.734
1296000000000,0.717,0.7,0.708,0.737,0.734
1296300000000,0.717,0.7,0.708,0.735,0.735
1296600000000,0.713,0.696,0.703,0.73,0.73
1296900000000,0.704,0.689,0.694,0.718,0.719
1297200000000,0.702,0.69,0.692,0.716,0.718
1297500000000,0.709,0.695,0.699,0.723,0.725
1297800000000,0.712,0.697,0.701,0.728,0.729
1298100000000,0.709,0.695,0.697,0.725,0.727
1298400000000,0.706,0.693,0.694,0.722,0.724
1298700000000,0.701,0.69,0.691,0.718,0.719
1299000000000,0.696,0.685,0.687,0.713,0.714
1299300000000,0.691,0.681,0.682,0.707,0.709
1299600000000,0.688,0.679,0.68,0.704,0.707
1299900000000,0.688,0.678,0.683,0.706,0.707
1300200000000,0.686,0.676,0.681,0.702,0.704
1300500000000,0.687,0.677,0.682,0.703,0.705
1300800000000,0.688,0.677,0.682,0.704,0.705
1301100000000,0.691,0.68,0.686,0.708,0.709
1301400000000,0.691,0.68,0.687,0.709,0.71
1301700000000,0.696,0.684,0.692,0.715,0.714
1302000000000,0.697,0.688,0.693,0.715,0.715
1302300000000,0.703,0.697,0.694,0.716,0.715
1302600000000,0.701,0.7,0.693,0.715,0.715
1302900000000,0.702,0.699,0.693,0.716,0.715
1303200000000,0.702,0.698,0.692,0.713,0.712
1303500000000,0.708,0.703,0.696,0.717,0.716
1303800000000,0.71,0.705,0.698,0.721,0.719
1304100000000,0.706,0.702,0.695,0.717,0.715
1304400000000,0.703,0.7,0.693,0.714,0.713
1304700000000,0.701,0.699,0.691,0.713,0.713
1305000000000,0.701,0.696,0.692,0.715,0.714
1305300000000,0.705,0.699,0.696,0.719,0.718
1305600000000,0.711,0.704,0.699,0.724,0.722
1305900000000,0.72,0.712,0.706,0.733,0.731
1306200000000,0.727,0.717,0.71,0.738,0.737
1306500000000,0.729,0.72,0.712,0.74,0.74
1306800000000,0.727,0.717,0.712,0.74,0.74
1307100000000,0.725,0.715,0.711,0.741,0.74
1307400000000,0.72,0.71,0.708,0.737,0.737
1307700000000,0.718,0.707,0.706,0.734,0.734
1308000000000,0.712,0.703,0.7,0.726,0.727
1308300000000,0.709,0.7,0.696,0.721,0.722
1308600000000,0.709,0.699,0.694,0.718,0.721
1308900000000,0.709,0.699,0.694,0.717,0.722
1309200000000,0.709,0.699,0.695,0.717,0.721
1309500000000,0.711,0.702,0.697,0.719,0.722
1309800000000,0.715,0.705,0.7,0.725,0.727
1310100000000,0.72,0.71,0.704,0.731,0.733
1310400000000,0.72,0.71,0.705,0.732,0.734
1310700000000,0.724,0.713,0.707,0.736,0.739
1311000000000,0.722,0.712,0.706,0.736,0.738
1311300000000,0.721,0.71,0.705,0.735,0.737
1311600000000,0.725,0.713,0.708,0.737,0.74
1311900000000,0.734,0.72,0.713,0.744,0.747
1312200000000,0.729,0.717,0.71,0.742,0.745
1312500000000,0.727,0.716,0.709,0.741,0.744
1312800000000,0.732,0.719,0.713,0.745,0.749
1313100000000,0.736,0.722,0.717,0.749,0.753
1313400000000,0.742,0.726,0.721,0.754,0.758
1313700000000,0.75,0.731,0.726,0.76,0.762
1314000000000,0.757,0.737,0.731,0.767,0.769
1314300000000,0.762,0.741,0.735,0.771,0.774
1314600000000,0.761,0.74,0.735,0.769,0.773
1314900000000,0.759,0.737,0.732,0.768,0.772
1315200000000,0.759,0.737,0.733,0.769,0.772
1315500000000,0.758,0.736,0.731,0.767,0.77
1315800000000,0.755,0.734,0.729,0.764,0.766
1316100000000,0.754,0.733,0.729,0.763,0.766
1316400000000,0.753,0.732,0.727,0.762,0.765
1316700000000,0.752,0.732,0.728,0.762,0.765
1317000000000,0.752,0.733,0.728,0.762,0.765
1317300000000,0.752,0.731,0.727,0.762,0.765
1317600000000,0.754,0.732,0.727,0.763,0.765
1317900000000,0.757,0.736,0.729,0.765,0.767
1318200000000,0.753,0.733,0.726,0.762,0.764
1318500000000,0.753,0.732,0.725,0.761,0.764
1318800000000,0.755,0.735,0.729,0.765,0.768
1319100000000,0.759,0.738,0.732,0.768,0.771
1319400000000,0.76,0.739,0.733,0.769,0.772
1319700000000,0.753,0.732,0.727,0.761,0.764
1320000000000,0.749,0.728,0.724,0.757,0.76
1320300000000,0.747,0.728,0.723,0.755,0.758
1320600000000,0.751,0.73,0.726,0.759,0.762
1320900000000,0.754,0.733,0.728,0.762,0.765
1321200000000,0.755,0.734,0.729,0.764,0.767
1321500000000,0.754,0.733,0.729,0.763,0.766
1321800000000,0.752,0.731,0.729,0.763,0.765
1322100000000,0.754,0.733,0.731,0.765,0.767
1322400000000,0.754,0.732,0.73,0.764,0.767
1322700000000,0.753,0.732,0.73,0.765,0.767
1323000000000,0.749,0.729,0.727,0.761,0.763
1323300000000,0.743,0.723,0.722,0.755,0.757
1323600000000,0.73,0.713,0.713,0.741,0.744
1323900000000,0.726,0.71,0.711,0.737,0.741
1324200000000,0.725,0.709,0.711,0.736,0.739
1324500000000,0.725,0.711,0.712,0.736,0.74
1324800000000,0.724,0.709,0.71,0.735,0.738
1325100000000,0.728,0.712,0.713,0.74,0.742
1325400000000,0.74,0.722,0.722,0.751,0.754
1325700000000,0.744,0.725,0.725,0.756,0.76
1326000000000,0.745,0.727,0.726,0.757,0.761
1326300000000,0.748,0.728,0.728,0.759,0.763
1326600000000,0.752,0.732,0.73,0.763,0.767
1326900000000,0.753,0.733,0.732,0.764,0.768
1327200000000,0.753,0.733,0.731,0.764,0.767
1327500000000,0.752,0.732,0.73,0.763,0.767
1327800000000,0.753,0.733,0.731,0.763,0.767
1328100000000,0.755,0.734,0.733,0.766,0.769
1328400000000,0.754,0.734,0.733,0.766,0.769
1328700000000,0.755,0.735,0.734,0.767,0.771
1329000000000,0.755,0.735,0.734,0.767,0.771
1329300000000,0.754,0.734,0.733,0.766,0.77
1329600000000,0.754,0.734,0.732,0.765,0.768
1329900000000,0.755,0.735,0.733,0.765,0.769
1330200000000,0.756,0.736,0.734,0.767,0.772
1330500000000,0.756,0.736,0.735,0.768,0.773
1330800000000,0.755,0.735,0.734,0.767,0.772
1331100000000,0.754,0.734,0.733,0.767,0.771
1331400000000,0.753,0.733,0.732,0.765,0.769
1331700000000,0.754,0.733,0.733,0.766,0.77
1332000000000,0.754,0.733,0.733,0.767,0.77
1332300000000,0.754,0.734,0.733,0.766,0.77
1332600000000,0.753,0.733,0.731,0.766,0.769
1332900000000,0.754,0.733,0.731,0.767,0.77
1333200000000,0.755,0.733,0.732,0.767,0.771
1333500000000,0.756,0.735,0.733,0.768,0.772
1333800000000,0.757,0.736,0.733,0.769,0.773
1334100000000,0.757,0.735,0.732,0.767,0.771
1334400000000,0.757,0.735,0.732,0.767,0.771
1334700000000,0.756,0.734,0.732,0.767,0.771
1335000000000,0.757,0.735,0.733,0.769,0.772
1335300000000,0.758,0.736,0.735,0.77,0.774
1335600000000,0.756,0.735,0.734,0.769,0.772
1335900000000,0.755,0.735,0.733,0.767,0.771
1336200000000,0.755,0.734,0.733,0.768,0.771
1336500000000,0.754,0.734,0.734,0.768,0.772
1336800000000,0.753,0.733,0.732,0.766,0.77
1337100000000,0.755,0.734,0.732,0.766,0.77
1337400000000,0.755,0.734,0.732,0.767,0.77
1337700000000,0.754,0.734,0.731,0.766,0.77
1338000000000,0.755,0.735,0.732,0.767,0.771
1338300000000,0.755,0.736,0.732,0.767,0.771
1338600000000,0.755,0.736,0.732,0.767,0.771
1338900000000,0.756,0.737,0.733,0.767,0.772
1339200000000,0.757,0.738,0.733,0.767,0.772
1339500000000,0.755,0.736,0.732,0.767,0.771
1339800000000,0.756,0.739,0.733,0.767,0.772
1340100000000,0.758,0.741,0.734,0.768,0.773
1340400000000,0.757,0.739,0.734,0.768,0.773
1340700000000,0.758,0.74,0.734,0.768,0.773
1341000000000,0.756,0.74,0.733,0.766,0.771
1341300000000,0.755,0.737,0.732,0.765,0.77
1341600000000,0.755,0.736,0.731,0.765,0.769
1341900000000,0.753,0.735,0.73,0.764,0.769
1342200000000,0.753,0.735,0.73,0.764,0.77
1342500000000,0.754,0.736,0.73,0.765,0.771
1342800000000,0.757,0.739,0.733,0.767,0.773
1343100000000,0.757,0.741,0.733,0.767,0.773
1343400000000,0.758,0.741,0.733,0.767,0.773
1343700000000,0.758,0.74,0.732,0.767,0.772
1344000000000,0.758,0.74,0.732,0.767,0.773
1344300000000,0.757,0.741,0.732,0.767,0.774
1344600000000,0.757,0.74,0.732,0.767,0.773
1344900000000,0.755,0.739,0.732,0.766,0.772
1345200000000,0.755,0.74,0.732,0.766,0.772
1345500000000,0.755,0.74,0.731,0.765,0.77
1345800000000,0.755,0.739,0.731,0.766,0.771
1346100000000,0.757,0.74,0.733,0.767,0.773
1346400000000,0.757,0.741,0.733,0.768,0.773
1346700000000,0.755,0.739,0.731,0.766,0.771
1347000000000,0.757,0.74,0.732,0.767,0.772
1347300000000,0.755,0.739,0.73,0.765,0.77
1347600000000,0.755,0.737,0.728,0.763,0.768
1347900000000,0.754,0.737,0.729,0.763,0.768
1348200000000,0.755,0.739,0.729,0.763,0.769
1348500000000,0.752,0.737,0.727,0.761,0.766
1348800000000,0.751,0.736,0.727,0.76,0.766
1349100000000,0.752,0.737,0.728,0.761,0.766
1349400000000,0.754,0.737,0.729,0.762,0.768
1349700000000,0.754,0.738,0.73,0.762,0.769
1350000000000,0.755,0.739,0.73,0.763,0.769
1350300000000,0.752,0.737,0.728,0.761,0.767
1350600000000,0.75,0.735,0.727,0.759,0.764
1350900000000,0.748,0.733,0.724,0.755,0.76
1351200000000,0.746,0.731,0.723,0.752,0.757
1351500000000,0.742,0.728,0.72,0.748,0.752
1351800000000,0.737,0.723,0.716,0.744,0.747
1352100000000,0.719,0.708,0.701,0.726,0.727
1352400000000,0.698,0.692,0.684,0.703,0.704
1352700000000,0.686,0.685,0.674,0.688,0.693
1353000000000,0.7,0.698,0.687,0.704,0.71
1353300000000,0.716,0.711,0.699,0.72,0.726
1353600000000,0.731,0.723,0.712,0.736,0.74
1353900000000,0.734,0.724,0.715,0.741,0.743
1354200000000,0.729,0.72,0.712,0.737,0.738
1354500000000,0.726,0.719,0.709,0.733,0.735
1354800000000,0.73,0.72,0.711,0.736,0.74
1355100000000,0.733,0.723,0.713,0.74,0.743
1355400000000,0.733,0.723,0.714,0.739,0.74
1355700000000,0.73,0.721,0.711,0.737,0.737
1356000000000,0.731,0.722,0.712,0.738,0.739
1356300000000,0.735,0.725,0.714,0.742,0.743
1356600000000,0.735,0.724,0.714,0.742,0.743
1356900000000,0.735,0.723,0.713,0.741,0.743
1357200000000,0.734,0.722,0.713,0.74,0.743
1357500000000,0.73,0.718,0.711,0.736,0.74
1357800000000,0.735,0.723,0.715,0.742,0.745
1358100000000,0.731,0.721,0.713,0.738,0.741
1358400000000,0.728,0.72,0.711,0.734,0.736
1358700000000,0.719,0.712,0.703,0.725,0.726
1359000000000,0.705,0.7,0.693,0.711,0.714
1359300000000,0.693,0.69,0.682,0.698,0.701
1359600000000,0.692,0.691,0.683,0.697,0.701
1359900000000,0.71,0.708,0.7,0.719,0.722
1360200000000,0.721,0.716,0.708,0.731,0.732
1360500000000,0.73,0.723,0.715,0.738,0.74
1360800000000,0.737,0.727,0.72,0.745,0.748
1361100000000,0.742,0.732,0.724,0.751,0.755
1361400000000,0.743,0.733,0.723,0.75,0.753
1361700000000,0.735,0.725,0.715,0.74,0.742
1362000000000,0.731,0.72,0.712,0.735,0.737
1362300000000,0.733,0.721,0.713,0.737,0.738
1362600000000,0.722,0.712,0.703,0.726,0.725
1362900000000,0.693,0.689,0.678,0.695,0.695
1363200000000,0.689,0.689,0.678,0.692,0.695
1363500000000,0.682,0.683,0.673,0.685,0.69
1363800000000,0.684,0.684,0.676,0.688,0.693
1364100000000,0.674,0.674,0.665,0.675,0.681
1364400000000,0.666,0.669,0.657,0.664,0.671
1364700000000,0.665,0.669,0.655,0.663,0.671
1365000000000,0.666,0.671,0.658,0.666,0.674
1365300000000,0.666,0.67,0.659,0.667,0.674
1365600000000,0.667,0.671,0.661,0.668,0.675
1365900000000,0.673,0.674,0.666,0.673,0.68
1366200000000,0.668,0.671,0.661,0.666,0.674
1366500000000,0.667,0.671,0.662,0.667,0.674
1366800000000,0.669,0.673,0.663,0.668,0.675
1367100000000,0.671,0.674,0.664,0.67,0.678
1367400000000,0.676,0.678,0.67,0.68,0.685
1367700000000,0.676,0.678,0.671,0.68,0.684
1368000000000,0.675,0.679,0.671,0.678,0.683
1368300000000,0.683,0.685,0.676,0.686,0.69
1368600000000,0.679,0.681,0.673,0.682,0.686
1368900000000,0.677,0.678,0.672,0.68,0.683
1369200000000,0.68,0.68,0.673,0.684,0.688
1369500000000,0.681,0.682,0.676,0.686,0.689
1369800000000,0.679,0.68,0.673,0.684,0.688
1370100000000,0.673,0.675,0.668,0.678,0.681
1370400000000,0.67,0.672,0.665,0.672,0.677
1370700000000,0.665,0.667,0.66,0.668,0.672
1371000000000,0.664,0.666,0.66,0.668,0.672
1371300000000,0.666,0.669,0.661,0.672,0.676
1371600000000,0.676,0.676,0.671,0.681,0.686
1371900000000,0.675,0.677,0.67,0.682,0.685
1372200000000,0.67,0.673,0.666,0.676,0.679
1372500000000,0.668,0.671,0.662,0.672,0.675
1372800000000,0.668,0.671,0.662,0.673,0.676
1373100000000,0.678,0.679,0.67,0.683,0.687
1373400000000,0.678,0.679,0.672,0.684,0.688
1373700000000,0.675,0.675,0.669,0.681,0.684
1374000000000,0.673,0.674,0.667,0.677,0.681
1374300000000,0.673,0.674,0.667,0.678,0.681
1374600000000,0.673,0.673,0.667,0.679,0.681
1374900000000,0.671,0.673,0.666,0.678,0.68
1375200000000,0.672,0.674,0.665,0.676,0.679
1375500000000,0.672,0.674,0.665,0.676,0.679
1375800000000,0.671,0.674,0.665,0.676,0.68
1376100000000,0.671,0.674,0.666,0.678,0.681
1376400000000,0.683,0.684,0.676,0.689,0.691
1376700000000,0.692,0.691,0.683,0.697,0.698
1377000000000,0.696,0.695,0.686,0.7,0.702
1377300000000,0.698,0.697,0.689,0.702,0.704
1377600000000,0.701,0.698,0.691,0.706,0.707
1377900000000,0.705,0.7,0.693,0.71,0.709
1378200000000,0.707,0.703,0.695,0.713,0.712
1378500000000,0.707,0.704,0.696,0.714,0.713
1378800000000,0.709,0.705,0.698,0.716,0.716
1379100000000,0.715,0.71,0.702,0.721,0.722
1379400000000,0.718,0.712,0.704,0.723,0.724
1379700000000,0.721,0.716,0.706,0.726,0.728
1380000000000,0.715,0.712,0.701,0.72,0.722
1380300000000,0.713,0.711,0.699,0.719,0.719
1380600000000,0.714,0.713,0.699,0.72,0.72
1380900000000,0.719,0.716,0.704,0.725,0.726
1381200000000,0.717,0.714,0.704,0.722,0.724
1381500000000,0.715,0.712,0.702,0.721,0.722
1381800000000,0.711,0.709,0.699,0.717,0.717
1382100000000,0.712,0.709,0.701,0.718,0.719
1382400000000,0.71,0.708,0.698,0.714,0.715
1382700000000,0.711,0.71,0.699,0.716,0.718
1383000000000,0.706,0.705,0.692,0.708,0.709
1383300000000,0.709,0.707,0.695,0.71,0.71
1383600000000,0.719,0.715,0.704,0.721,0.722
1383900000000,0.718,0.714,0.704,0.72,0.722
1384200000000,0.714,0.712,0.701,0.717,0.718
1384500000000,0.712,0.71,0.7,0.716,0.717
1384800000000,0.708,0.707,0.696,0.714,0.715
1385100000000,0.708,0.705,0.695,0.714,0.716
1385400000000,0.71,0.707,0.697,0.717,0.718
1385700000000,0.717,0.713,0.702,0.723,0.724
1386000000000,0.715,0.711,0.7,0.721,0.722
1386300000000,0.713,0.708,0.698,0.718,0.719
1386600000000,0.715,0.711,0.7,0.72,0.721
1386900000000,0.709,0.706,0.695,0.714,0.716
1387200000000,0.709,0.705,0.696,0.713,0.715
1387500000000,0.711,0.706,0.696,0.713,0.715
1387800000000,0.712,0.709,0.698,0.715,0.717
1388100000000,0.714,0.711,0.7,0.718,0.72
1388400000000,0.716,0.712,0.701,0.72,0.72
1388700000000,0.715,0.711,0.702,0.72,0.72
1389000000000,0.718,0.713,0.705,0.724,0.723
1389300000000,0.72,0.713,0.706,0.726,0.726
1389600000000,0.721,0.715,0.705,0.726,0.727
1389900000000,0.72,0.714,0.705,0.725,0.726
1390200000000,0.715,0.709,0.701,0.719,0.719
1390500000000,0.712,0.707,0.699,0.716,0.716
1390800000000,0.712,0.708,0.699,0.718,0.716
1391100000000,0.713,0.709,0.7,0.719,0.717
1391400000000,0.716,0.713,0.703,0.723,0.721
1391700000000,0.719,0.714,0.704,0.724,0.723
1392000000000,0.724,0.717,0.708,0.728,0.727
1392300000000,0.729,0.719,0.712,0.733,0.733
1392600000000,0.725,0.716,0.709,0.729,0.729
1392900000000,0.725,0.718,0.711,0.731,0.73
1393200000000,0.726,0.718,0.712,0.731,0.732
1393500000000,0.725,0.716,0.711,0.731,0.731
1393800000000,0.723,0.713,0.708,0.728,0.728
1394100000000,0.721,0.713,0.707,0.727,0.726
1394400000000,0.722,0.713,0.708,0.729,0.728
1394700000000,0.723,0.714,0.708,0.73,0.73
1395000000000,0.717,0.708,0.702,0.723,0.722
1395300000000,0.715,0.709,0.702,0.721,0.719
1395600000000,0.714,0.709,0.702,0.72,0.72
1395900000000,0.715,0.71,0.702,0.72,0.721
1396200000000,0.715,0.709,0.702,0.721,0.722
1396500000000,0.72,0.713,0.706,0.726,0.727
1396800000000,0.718,0.712,0.704,0.724,0.726
1397100000000,0.711,0.707,0.699,0.717,0.718
1397400000000,0.707,0.704,0.697,0.714,0.715
1397700000000,0.711,0.707,0.699,0.718,0.719
1398000000000,0.728,0.719,0.711,0.733,0.736
1398300000000,0.74,0.727,0.718,0.743,0.748
1398600000000,0.743,0.728,0.72,0.748,0.754
1398900000000,0.747,0.728,0.725,0.755,0.76
1399200000000,0.751,0.73,0.727,0.758,0.764
1399500000000,0.745,0.723,0.722,0.752,0.757
1399800000000,0.748,0.726,0.724,0.755,0.76
1400100000000,0.749,0.727,0.727,0.759,0.763
1400400000000,0.754,0.733,0.732,0.764,0.769
1400700000000,0.759,0.737,0.735,0.767,0.773
1401000000000,0.762,0.74,0.737,0.768,0.775
1401300000000,0.765,0.742,0.739,0.771,0.778
1401600000000,0.763,0.74,0.737,0.768,0.774
1401900000000,0.748,0.729,0.727,0.755,0.761
1402200000000,0.748,0.729,0.726,0.753,0.759
1402500000000,0.745,0.726,0.722,0.749,0.754
1402800000000,0.74,0.723,0.718,0.744,0.749
1403100000000,0.742,0.724,0.721,0.748,0.752
1403400000000,0.743,0.724,0.723,0.752,0.756
1403700000000,0.744,0.726,0.725,0.754,0.758
1404000000000,0.741,0.723,0.722,0.75,0.754
1404300000000,0.736,0.718,0.719,0.745,0.749
1404600000000,0.726,0.711,0.712,0.735,0.741
1404900000000,0.723,0.707,0.709,0.73,0.735
1405200000000,0.725,0.709,0.709,0.731,0.735
1405500000000,0.728,0.712,0.71,0.733,0.737
1405800000000,0.726,0.711,0.708,0.73,0.734
1406100000000,0.713,0.7,0.698,0.715,0.719
1406400000000,0.697,0.687,0.686,0.699,0.703
1406700000000,0.697,0.687,0.686,0.7,0.702
1407000000000,0.706,0.694,0.694,0.711,0.714
1407300000000,0.71,0.696,0.697,0.715,0.718
1407600000000,0.704,0.692,0.692,0.71,0.713
1407900000000,0.707,0.695,0.696,0.715,0.718
1408200000000,0.714,0.7,0.7,0.722,0.727
1408500000000,0.722,0.705,0.705,0.728,0.733
1408800000000,0.713,0.699,0.7,0.718,0.722
1409100000000,0.705,0.692,0.695,0.711,0.714
1409400000000,0.702,0.692,0.694,0.71,0.712
1409700000000,0.699,0.69,0.692,0.707,0.708
1410000000000,0.696,0.688,0.69,0.705,0.707
1410300000000,0.701,0.692,0.695,0.711,0.713
1410600000000,0.707,0.697,0.699,0.717,0.718
1410900000000,0.712,0.7,0.703,0.723,0.724
1411200000000,0.72,0.707,0.709,0.733,0.735
1411500000000,0.728,0.713,0.715,0.742,0.742
1411800000000,0.732,0.716,0.719,0.748,0.747
1412100000000,0.739,0.721,0.724,0.754,0.753
1412400000000,0.741,0.723,0.726,0.756,0.756
1412700000000,0.746,0.727,0.729,0.761,0.763
1413000000000,0.749,0.73,0.731,0.764,0.766
1413300000000,0.749,0.73,0.731,0.764,0.767
1413600000000,0.756,0.735,0.736,0.768,0.772
1413900000000,0.759,0.738,0.739,0.771,0.776
1414200000000,0.76,0.738,0.739,0.772,0.776
1414500000000,0.759,0.737,0.738,0.771,0.775
1414800000000,0.757,0.736,0.735,0.768,0.773
1415100000000,0.755,0.734,0.734,0.766,0.771
1415400000000,0.754,0.733,0.733,0.766,0.77
1415700000000,0.754,0.732,0.732,0.766,0.77
1416000000000,0.754,0.732,0.732,0.766,0.77
1416300000000,0.757,0.735,0.734,0.768,0.773
1416600000000,0.758,0.736,0.735,0.768,0.774
1416900000000,0.757,0.735,0.734,0.767,0.774
1417200000000,0.753,0.732,0.732,0.765,0.771
1417500000000,0.75,0.729,0.729,0.763,0.768
1417800000000,0.75,0.728,0.729,0.763,0.767
1418100000000,0.751,0.729,0.729,0.764,0.768
1418400000000,0.753,0.731,0.731,0.765,0.769
1418700000000,0.752,0.731,0.731,0.765,0.77
1419000000000,0.751,0.73,0.73,0.763,0.768
1419300000000,0.748,0.728,0.726,0.76,0.764
1419600000000,0.753,0.733,0.729,0.763,0.768
1419900000000,0.756,0.736,0.733,0.767,0.772
1420200000000,0.759,0.739,0.735,0.77,0.774
1420500000000,0.758,0.739,0.735,0.768,0.773
1420800000000,0.757,0.737,0.734,0.768,0.773
1421100000000,0.756,0.736,0.733,0.766,0.771
1421400000000,0.754,0.735,0.731,0.765,0.769
1421700000000,0.755,0.735,0.733,0.766,0.77
1422000000000,0.759,0.74,0.736,0.768,0.773
1422300000000,0.757,0.74,0.735,0.767,0.773
1422600000000,0.758,0.74,0.736,0.768,0.773
1422900000000,0.759,0.741,0.736,0.769,0.774
1423200000000,0.759,0.741,0.736,0.769,0.774
1423500000000,0.758,0.74,0.735,0.768,0.773
1423800000000,0.759,0.742,0.736,0.768,0.773
1424100000000,0.76,0.743,0.737,0.77,0.774
1424400000000,0.76,0.744,0.737,0.77,0.775
1424700000000,0.759,0.744,0.736,0.768,0.773
1425000000000,0.757,0.741,0.734,0.767,0.772
1425300000000,0.755,0.742,0.734,0.766,0.771
1425600000000,0.754,0.741,0.733,0.766,0.769
1425900000000,0.756,0.742,0.736,0.768,0.772
1426200000000,0.755,0.74,0.735,0.766,0.77
1426500000000,0.752,0.738,0.732,0.762,0.766
1426800000000,0.75,0.735,0.73,0.76,0.764
1427100000000,0.75,0.736,0.73,0.76,0.764
1427400000000,0.753,0.738,0.732,0.763,0.767
1427700000000,0.752,0.737,0.732,0.763,0.767
1428000000000,0.748,0.733,0.728,0.758,0.762
1428300000000,0.753,0.737,0.732,0.764,0.768
1428600000000,0.758,0.742,0.736,0.768,0.773
1428900000000,0.759,0.743,0.737,0.768,0.774
1429200000000,0.753,0.737,0.732,0.763,0.768
1429500000000,0.753,0.738,0.731,0.762,0.767
1429800000000,0.754,0.739,0.731,0.762,0.767
1430100000000,0.753,0.736,0.73,0.761,0.767
1430400000000,0.75,0.733,0.727,0.758,0.762
1430700000000,0.75,0.734,0.728,0.759,0.763
1431000000000,0.753,0.738,0.731,0.763,0.767
1431300000000,0.754,0.737,0.731,0.764,0.769
1431600000000,0.745,0.731,0.723,0.755,0.76
1431900000000,0.737,0.725,0.716,0.746,0.75
1432200000000,0.737,0.725,0.716,0.746,0.749
1432500000000,0.735,0.722,0.714,0.743,0.746
1432800000000,0.726,0.715,0.707,0.735,0.738
1433100000000,0.727,0.716,0.709,0.737,0.741
1433400000000,0.74,0.727,0.72,0.75,0.755
1433700000000,0.747,0.733,0.729,0.759,0.763
1434000000000,0.747,0.735,0.729,0.759,0.762
1434300000000,0.746,0.734,0.728,0.757,0.76
1434600000000,0.746,0.734,0.727,0.755,0.759
1434900000000,0.743,0.731,0.725,0.752,0.756
1435200000000,0.737,0.725,0.719,0.744,0.749
1435500000000,0.733,0.721,0.716,0.741,0.745
1435800000000,0.724,0.715,0.71,0.734,0.736
1436100000000,0.733,0.722,0.717,0.743,0.744
1436400000000,0.743,0.731,0.725,0.752,0.756
1436700000000,0.744,0.731,0.725,0.753,0.756
1437000000000,0.739,0.727,0.721,0.748,0.751
1437300000000,0.742,0.729,0.724,0.751,0.754
1437600000000,0.741,0.729,0.724,0.751,0.754
1437900000000,0.735,0.725,0.719,0.744,0.746
1438200000000,0.724,0.716,0.71,0.733,0.734
1438500000000,0.726,0.718,0.712,0.736,0.737
1438800000000,0.718,0.712,0.707,0.728,0.732
1439100000000,0.72,0.715,0.709,0.73,0.735
1439400000000,0.719,0.712,0.707,0.73,0.733
1439700000000,0.718,0.711,0.706,0.729,0.73
1440000000000,0.731,0.722,0.715,0.741,0.744
1440300000000,0.74,0.729,0.722,0.749,0.753
1440600000000,0.744,0.733,0.725,0.754,0.757
1440900000000,0.743,0.73,0.724,0.752,0.755
1441200000000,0.74,0.729,0.722,0.749,0.751
1441500000000,0.74,0.727,0.722,0.749,0.75
1441800000000,0.735,0.723,0.718,0.743,0.745
1442100000000,0.73,0.721,0.716,0.739,0.74
1442400000000,0.733,0.723,0.719,0.742,0.743
1442700000000,0.732,0.722,0.718,0.741,0.743
1443000000000,0.71,0.705,0.699,0.719,0.721
1443300000000,0.689,0.686,0.681,0.696,0.698
1443600000000,0.698,0.696,0.689,0.708,0.709
1443900000000,0.706,0.702,0.696,0.715,0.716
1444200000000,0.703,0.701,0.694,0.711,0.712
1444500000000,0.708,0.705,0.698,0.717,0.718
1444800000000,0.713,0.708,0.701,0.721,0.724
1445100000000,0.721,0.713,0.707,0.728,0.731
1445400000000,0.713,0.706,0.7,0.719,0.721
1445700000000,0.714,0.708,0.703,0.721,0.723
1446000000000,0.717,0.711,0.704,0.725,0.725
1446300000000,0.723,0.716,0.709,0.731,0.731
1446600000000,0.723,0.715,0.71,0.732,0.734
1446900000000,0.725,0.717,0.713,0.737,0.738
1447200000000,0.729,0.721,0.715,0.738,0.74
1447500000000,0.726,0.72,0.712,0.735,0.738
1447800000000,0.72,0.714,0.708,0.73,0.731
1448100000000,0.717,0.711,0.705,0.728,0.728
1448400000000,0.72,0.712,0.708,0.731,0.733
1448700000000,0.726,0.716,0.711,0.737,0.738
1449000000000,0.729,0.718,0.714,0.74,0.742
1449300000000,0.729,0.719,0.714,0.742,0.743
1449600000000,0.719,0.71,0.704,0.73,0.729
1449900000000,0.7,0.693,0.685,0.708,0.706
1450200000000,0.682,0.678,0.669,0.688,0.687
1450500000000,0.672,0.672,0.661,0.676,0.679
1450800000000,0.676,0.673,0.663,0.677,0.683
1451100000000,0.68,0.677,0.667,0.681,0.688
1451400000000,0.685,0.682,0.673,0.689,0.696
1451700000000,0.687,0.684,0.675,0.693,0.699
1452000000000,0.681,0.68,0.672,0.689,0.694
1452300000000,0.675,0.675,0.668,0.684,0.686
1452600000000,0.669,0.671,0.662,0.675,0.679
1452900000000,0.681,0.681,0.673,0.688,0.691
1453200000000,0.699,0.696,0.691,0.71,0.711
1453500000000,0.713,0.706,0.704,0.728,0.727
1453800000000,0.715,0.709,0.708,0.733,0.732
1454100000000,0.716,0.708,0.708,0.733,0.732
1454400000000,0.715,0.708,0.707,0.732,0.731
1454700000000,0.719,0.712,0.711,0.735,0.736
1455000000000,0.719,0.711,0.71,0.733,0.734
1455300000000,0.717,0.709,0.707,0.731,0.731
1455600000000,0.721,0.713,0.711,0.736,0.737
1455900000000,0.733,0.723,0.721,0.748,0.748
1456200000000,0.738,0.728,0.725,0.753,0.753
1456500000000,0.742,0.73,0.727,0.756,0.755
1456800000000,0.741,0.728,0.726,0.755,0.754
1457100000000,0.737,0.726,0.724,0.752,0.75
1457400000000,0.734,0.723,0.722,0.75,0.748
1457700000000,0.732,0.721,0.72,0.747,0.745
1458000000000,0.736,0.725,0.724,0.752,0.75
1458300000000,0.737,0.726,0.724,0.753,0.751
1458600000000,0.729,0.719,0.718,0.743,0.743
1458900000000,0.728,0.718,0.717,0.742,0.742
1459200000000,0.728,0.717,0.716,0.741,0.74
1459500000000,0.729,0.718,0.716,0.741,0.74
1459800000000,0.73,0.72,0.718,0.743,0.742
1460100000000,0.734,0.724,0.721,0.747,0.745
1460400000000,0.734,0.724,0.72,0.747,0.746
1460700000000,0.738,0.728,0.722,0.751,0.75
1461000000000,0.738,0.727,0.723,0.752,0.751
1461300000000,0.741,0.729,0.725,0.754,0.753
1461600000000,0.741,0.73,0.725,0.754,0.752
1461900000000,0.736,0.726,0.723,0.751,0.749
1462200000000,0.737,0.726,0.724,0.752,0.749
1462500000000,0.738,0.727,0.724,0.752,0.75
1462800000000,0.738,0.726,0.723,0.75,0.748
1463100000000,0.739,0.727,0.723,0.752,0.749
1463400000000,0.737,0.726,0.722,0.75,0.748
1463700000000,0.733,0.724,0.72,0.747,0.745
1464000000000,0.726,0.718,0.714,0.74,0.737
1464300000000,0.72,0.711,0.709,0.733,0.73
1464600000000,0.715,0.706,0.704,0.728,0.724
1464900000000,0.717,0.708,0.707,0.73,0.726
1465200000000,0.721,0.71,0.71,0.733,0.729
1465500000000,0.726,0.715,0.714,0.74,0.736
1465800000000,0.729,0.718,0.718,0.744,0.74
1466100000000,0.725,0.715,0.715,0.742,0.738
1466400000000,0.718,0.71,0.711,0.737,0.733
1466700000000,0.719,0.711,0.712,0.737,0.734
1467000000000,0.719,0.711,0.71,0.736,0.734
1467300000000,0.716,0.71,0.708,0.734,0.731
1467600000000,0.713,0.707,0.705,0.73,0.727
1467900000000,0.714,0.707,0.704,0.73,0.726
1468200000000,0.717,0.71,0.707,0.734,0.729
1468500000000,0.727,0.719,0.714,0.745,0.741
1468800000000,0.732,0.723,0.717,0.749,0.746
1469100000000,0.728,0.72,0.713,0.744,0.743
1469400000000,0.719,0.712,0.706,0.733,0.732
1469700000000,0.716,0.708,0.702,0.726,0.725
1470000000000,0.721,0.714,0.706,0.73,0.73
1470300000000,0.721,0.714,0.708,0.734,0.734
1470600000000,0.721,0.716,0.711,0.738,0.738
1470900000000,0.723,0.717,0.712,0.74,0.74
1471200000000,0.725,0.717,0.714,0.742,0.742
1471500000000,0.723,0.716,0.712,0.739,0.741
1471800000000,0.715,0.71,0.705,0.732,0.732
1472100000000,0.716,0.71,0.704,0.733,0.732
1472400000000,0.717,0.712,0.706,0.735,0.733
1472700000000,0.711,0.707,0.701,0.729,0.728
1473000000000,0.711,0.705,0.7,0.727,0.727
1473300000000,0.711,0.704,0.699,0.724,0.724
1473600000000,0.708,0.703,0.697,0.721,0.721
1473900000000,0.709,0.703,0.698,0.719,0.72
1474200000000,0.708,0.704,0.699,0.72,0.72
1474500000000,0.709,0.705,0.701,0.722,0.721
1474800000000,0.718,0.712,0.709,0.732,0.731
1475100000000,0.719,0.712,0.709,0.734,0.732
1475400000000,0.717,0.709,0.707,0.732,0.73
1475700000000,0.716,0.707,0.707,0.732,0.731
1476000000000,0.718,0.705,0.708,0.737,0.734
1476300000000,0.718,0.706,0.708,0.737,0.735
1476600000000,0.719,0.707,0.71,0.738,0.736
1476900000000,0.724,0.711,0.714,0.742,0.74
1477200000000,0.727,0.713,0.716,0.743,0.742
1477500000000,0.723,0.71,0.714,0.739,0.738
1477800000000,0.721,0.71,0.711,0.737,0.735
1478100000000,0.722,0.71,0.711,0.739,0.736
1478400000000,0.722,0.71,0.711,0.741,0.737
1478700000000,0.724,0.711,0.714,0.742,0.739
1479000000000,0.722,0.708,0.712,0.74,0.737
1479300000000,0.717,0.705,0.708,0.736,0.733
1479600000000,0.713,0.703,0.705,0.733,0.73
1479900000000,0.712,0.702,0.704,0.733,0.73
1480200000000,0.713,0.702,0.704,0.733,0.731
1480500000000,0.708,0.697,0.699,0.727,0.725
1480800000000,0.705,0.695,0.697,0.724,0.723
1481100000000,0.706,0.694,0.694,0.719,0.721
1481400000000,0.703,0.692,0.689,0.713,0.716
1481700000000,0.704,0.692,0.69,0.713,0.716
1482000000000,0.706,0.694,0.692,0.716,0.719
1482300000000,0.708,0.695,0.694,0.719,0.721
1482600000000,0.707,0.694,0.693,0.72,0.721
1482900000000,0.706,0.694,0.694,0.72,0.722
1483200000000,0.709,0.696,0.695,0.724,0.725
1483500000000,0.718,0.704,0.703,0.734,0.734
1483800000000,0.726,0.712,0.713,0.743,0.742
1484100000000,0.733,0.717,0.719,0.75,0.75
1484400000000,0.735,0.718,0.72,0.751,0.752
1484700000000,0.738,0.72,0.721,0.752,0.754
1485000000000,0.738,0.718,0.72,0.752,0.755
1485300000000,0.739,0.719,0.721,0.752,0.755
1485600000000,0.74,0.72,0.721,0.752,0.756
1485900000000,0.741,0.72,0.721,0.754,0.756
1486200000000,0.738,0.719,0.721,0.753,0.755
1486500000000,0.738,0.72,0.72,0.752,0.755
1486800000000,0.74,0.722,0.72,0.749,0.754
1487100000000,0.739,0.721,0.718,0.747,0.752
1487400000000,0.734,0.717,0.715,0.744,0.748
1487700000000,0.738,0.72,0.719,0.746,0.75
1488000000000,0.736,0.718,0.717,0.744,0.747
1488300000000,0.729,0.712,0.712,0.739,0.742
1488600000000,0.718,0.703,0.702,0.728,0.731
1488900000000,0.714,0.7,0.698,0.724,0.727
1489200000000,0.719,0.705,0.701,0.729,0.733
1489500000000,0.721,0.705,0.705,0.736,0.741
1489800000000,0.727,0.708,0.711,0.743,0.748
1490100000000,0.731,0.711,0.715,0.747,0.752
1490400000000,0.733,0.712,0.716,0.75,0.755
1490700000000,0.735,0.713,0.717,0.751,0.755
1491000000000,0.73,0.71,0.713,0.745,0.75
1491300000000,0.725,0.706,0.707,0.738,0.744
1491600000000,0.714,0.697,0.698,0.726,0.732
1491900000000,0.711,0.695,0.694,0.723,0.729
1492200000000,0.707,0.691,0.69,0.719,0.725
1492500000000,0.7,0.684,0.683,0.71,0.717
1492800000000,0.696,0.683,0.683,0.708,0.715
1493100000000,0.703,0.689,0.689,0.713,0.721
1493400000000,0.705,0.692,0.691,0.715,0.723
1493700000000,0.715,0.7,0.699,0.725,0.732
1494000000000,0.73,0.712,0.713,0.744,0.749
1494300000000,0.74,0.721,0.723,0.757,0.76
1494600000000,0.744,0.725,0.729,0.762,0.764
1494900000000,0.747,0.728,0.732,0.764,0.765
1495200000000,0.739,0.722,0.727,0.758,0.759
1495500000000,0.741,0.723,0.728,0.758,0.758
1495800000000,0.742,0.724,0.729,0.759,0.759
1496100000000,0.743,0.726,0.732,0.761,0.762
1496400000000,0.743,0.727,0.734,0.764,0.764
1496700000000,0.742,0.728,0.734,0.763,0.765
1497000000000,0.74,0.726,0.733,0.762,0.763
1497300000000,0.739,0.726,0.732,0.761,0.763
1497600000000,0.741,0.727,0.733,0.763,0.763
1497900000000,0.741,0.727,0.733,0.763,0.764
1498200000000,0.742,0.728,0.734,0.765,0.766
1498500000000,0.741,0.727,0.734,0.764,0.765
1498800000000,0.744,0.728,0.735,0.766,0.766
1499100000000,0.742,0.726,0.733,0.763,0.763
1499400000000,0.732,0.719,0.725,0.755,0.755
1499700000000,0.727,0.715,0.72,0.749,0.749
1500000000000,0.73,0.717,0.721,0.751,0.751
1500300000000,0.733,0.718,0.724,0.752,0.753
1500600000000,0.733,0.719,0.724,0.753,0.753
1500900000000,0.732,0.719,0.724,0.754,0.754
1501200000000,0.729,0.717,0.723,0.753,0.752
1501500000000,0.731,0.718,0.723,0.754,0.753
1501800000000,0.727,0.716,0.72,0.751,0.749
1502100000000,0.73,0.717,0.721,0.752,0.751
1502400000000,0.729,0.716,0.721,0.752,0.75
1502700000000,0.729,0.717,0.721,0.752,0.751
1503000000000,0.73,0.718,0.723,0.753,0.752
1503300000000,0.727,0.716,0.72,0.751,0.749
1503600000000,0.728,0.716,0.721,0.751,0.75
1503900000000,0.733,0.719,0.723,0.755,0.754
1504200000000,0.735,0.72,0.725,0.757,0.757
1504500000000,0.74,0.724,0.728,0.761,0.76
1504800000000,0.744,0.726,0.731,0.764,0.763
1505100000000,0.745,0.727,0.731,0.765,0.764
1505400000000,0.742,0.725,0.73,0.763,0.762
1505700000000,0.74,0.723,0.728,0.762,0.761
1506000000000,0.739,0.722,0.726,0.759,0.759
1506300000000,0.73,0.715,0.721,0.752,0.751
1506600000000,0.725,0.711,0.717,0.747,0.746
1506900000000,0.723,0.71,0.716,0.746,0.744
1507200000000,0.724,0.711,0.717,0.748,0.746
1507500000000,0.719,0.707,0.713,0.744,0.742
1507800000000,0.717,0.706,0.712,0.742,0.74
1508100000000,0.72,0.71,0.713,0.743,0.741
1508400000000,0.724,0.714,0.717,0.746,0.744
1508700000000,0.728,0.717,0.718,0.748,0.746
1509000000000,0.724,0.715,0.717,0.747,0.743
1509300000000,0.724,0.714,0.717,0.748,0.744
1509600000000,0.723,0.713,0.716,0.745,0.741
1509900000000,0.723,0.715,0.716,0.745,0.741
1510200000000,0.724,0.717,0.717,0.745,0.742
1510500000000,0.724,0.718,0.718,0.747,0.744
1510800000000,0.727,0.72,0.72,0.749,0.747
1511100000000,0.726,0.72,0.718,0.747,0.746
1511400000000,0.725,0.719,0.716,0.745,0.744
1511700000000,0.724,0.718,0.714,0.742,0.742
1512000000000,0.723,0.717,0.714,0.743,0.74
1512300000000,0.725,0.718,0.715,0.745,0.745
1512600000000,0.727,0.718,0.715,0.744,0.744
1512900000000,0.728,0.718,0.715,0.743,0.743
1513200000000,0.726,0.715,0.712,0.739,0.738
1513500000000,0.721,0.712,0.71,0.737,0.735
1513800000000,0.715,0.708,0.708,0.734,0.732
1514100000000,0.71,0.705,0.705,0.73,0.728
1514400000000,0.708,0.704,0.704,0.729,0.727
1514700000000,0.706,0.702,0.703,0.727,0.724
1515000000000,0.707,0.703,0.704,0.728,0.725
1515300000000,0.711,0.705,0.705,0.73,0.728
1515600000000,0.712,0.707,0.706,0.733,0.731
1515900000000,0.712,0.707,0.705,0.732,0.73
1516200000000,0.712,0.707,0.706,0.733,0.731
1516500000000,0.711,0.707,0.707,0.731,0.729
1516800000000,0.712,0.708,0.707,0.731,0.729
1517100000000,0.718,0.713,0.713,0.738,0.735
1517400000000,0.722,0.716,0.716,0.742,0.739
1517700000000,0.725,0.718,0.718,0.746,0.743
1518000000000,0.726,0.72,0.719,0.747,0.744
1518300000000,0.723,0.716,0.716,0.742,0.74
1518600000000,0.725,0.718,0.718,0.744,0.742
1518900000000,0.731,0.721,0.721,0.748,0.747
1519200000000,0.732,0.722,0.719,0.747,0.747
1519500000000,0.732,0.722,0.721,0.747,0.747
1519800000000,0.736,0.725,0.724,0.75,0.75
1520100000000,0.734,0.723,0.722,0.748,0.748
1520400000000,0.729,0.721,0.72,0.746,0.745
1520700000000,0.726,0.718,0.718,0.744,0.743
1521000000000,0.726,0.72,0.718,0.745,0.743
1521300000000,0.727,0.72,0.718,0.744,0.742
1521600000000,0.726,0.719,0.717,0.744,0.742
1521900000000,0.728,0.721,0.719,0.747,0.746
1522200000000,0.73,0.722,0.72,0.75,0.749
1522500000000,0.727,0.718,0.718,0.748,0.746
1522800000000,0.725,0.718,0.717,0.746,0.745
1523100000000,0.729,0.719,0.719,0.748,0.747
1523400000000,0.734,0.724,0.723,0.752,0.752
1523700000000,0.736,0.726,0.725,0.752,0.754
1524000000000,0.733,0.724,0.722,0.75,0.752
1524300000000,0.735,0.725,0.723,0.751,0.754
1524600000000,0.732,0.722,0.721,0.749,0.751
1524900000000,0.733,0.722,0.721,0.749,0.75
1525200000000,0.731,0.722,0.719,0.748,0.75
1525500000000,0.727,0.719,0.716,0.745,0.747
1525800000000,0.723,0.716,0.713,0.741,0.742
1526100000000,0.724,0.716,0.713,0.743,0.743
1526400000000,0.729,0.721,0.718,0.749,0.749
1526700000000,0.73,0.721,0.719,0.749,0.75
1527000000000,0.73,0.722,0.72,0.749,0.75
1527300000000,0.733,0.724,0.722,0.751,0.752
1527600000000,0.736,0.725,0.724,0.753,0.754
1527900000000,0.741,0.727,0.727,0.756,0.758
1528200000000,0.742,0.728,0.727,0.757,0.759
1528500000000,0.742,0.728,0.727,0.757,0.759
1528800000000,0.738,0.726,0.725,0.754,0.757
1529100000000,0.735,0.724,0.723,0.752,0.754
1529400000000,0.734,0.724,0.723,0.751,0.754
1529700000000,0.729,0.72,0.718,0.748,0.75
1530000000000,0.729,0.721,0.717,0.747,0.749
1530300000000,0.733,0.723,0.719,0.748,0.75
1530600000000,0.733,0.723,0.723,0.75,0.751
1530900000000,0.735,0.725,0.725,0.751,0.754
1531200000000,0.737,0.726,0.727,0.755,0.756
1531500000000,0.738,0.727,0.729,0.758,0.759
1531800000000,0.737,0.725,0.727,0.756,0.756
1532100000000,0.735,0.725,0.725,0.753,0.754
1532400000000,0.735,0.723,0.723,0.752,0.753
1532700000000,0.734,0.723,0.723,0.751,0.753
1533000000000,0.735,0.724,0.724,0.752,0.754
1533300000000,0.74,0.726,0.725,0.755,0.758
1533600000000,0.739,0.724,0.724,0.754,0.757
1533900000000,0.738,0.724,0.724,0.753,0.757
1534200000000,0.741,0.726,0.725,0.756,0.759
1534500000000,0.74,0.725,0.727,0.756,0.759
1534800000000,0.737,0.723,0.725,0.753,0.756
1535100000000,0.738,0.724,0.725,0.753,0.756
1535400000000,0.737,0.723,0.724,0.753,0.756
1535700000000,0.727,0.716,0.716,0.744,0.745
1536000000000,0.705,0.698,0.697,0.723,0.724
1536300000000,0.685,0.682,0.682,0.703,0.706
1536600000000,0.676,0.673,0.672,0.691,0.696
1536900000000,0.666,0.665,0.662,0.678,0.686
1537200000000,0.67,0.669,0.665,0.682,0.691
1537500000000,0.681,0.679,0.676,0.695,0.704
1537800000000,0.685,0.681,0.68,0.698,0.707
1538100000000,0.68,0.676,0.678,0.693,0.704
1538400000000,0.674,0.671,0.672,0.688,0.697
1538700000000,0.673,0.671,0.671,0.685,0.696
1539000000000,0.67,0.668,0.667,0.681,0.692
1539300000000,0.675,0.672,0.672,0.686,0.697
1539600000000,0.682,0.678,0.677,0.693,0.704
1539900000000,0.688,0.683,0.682,0.698,0.708
1540200000000,0.693,0.687,0.685,0.703,0.712
1540500000000,0.69,0.685,0.683,0.702,0.71
1540800000000,0.685,0.681,0.68,0.699,0.707
1541100000000,0.687,0.683,0.68,0.699,0.708
1541400000000,0.686,0.682,0.679,0.695,0.706
1541700000000,0.697,0.691,0.687,0.704,0.714
1542000000000,0.713,0.704,0.701,0.722,0.731
1542300000000,0.725,0.714,0.71,0.736,0.744
1542600000000,0.731,0.718,0.715,0.743,0.75
1542900000000,0.738,0.724,0.72,0.751,0.756
1543200000000,0.733,0.719,0.714,0.745,0.75
1543500000000,0.725,0.712,0.707,0.737,0.743
1543800000000,0.715,0.703,0.698,0.725,0.733
1544100000000,0.704,0.695,0.69,0.715,0.724
1544400000000,0.704,0.698,0.693,0.717,0.725
1544700000000,0.71,0.702,0.697,0.723,0.729
1545000000000,0.715,0.708,0.701,0.729,0.735
1545300000000,0.72,0.713,0.707,0.735,0.741
1545600000000,0.73,0.72,0.715,0.746,0.75
1545900000000,0.728,0.718,0.712,0.743,0.747
1546200000000,0.723,0.713,0.707,0.738,0.743
1546500000000,0.722,0.713,0.706,0.737,0.742
1546800000000,0.715,0.708,0.702,0.731,0.736
1547100000000,0.714,0.706,0.7,0.728,0.734
1547400000000,0.712,0.705,0.699,0.727,0.733
1547700000000,0.712,0.704,0.697,0.726,0.732
1548000000000,0.718,0.709,0.702,0.733,0.738
1548300000000,0.723,0.712,0.707,0.739,0.743
1548600000000,0.722,0.711,0.709,0.74,0.745
1548900000000,0.725,0.712,0.711,0.742,0.745
1549200000000,0.721,0.709,0.708,0.736,0.74
1549500000000,0.722,0.711,0.708,0.735,0.74
1549800000000,0.723,0.711,0.707,0.736,0.74
1550100000000,0.718,0.709,0.703,0.732,0.735
1550400000000,0.706,0.699,0.695,0.721,0.725
1550700000000,0.705,0.699,0.695,0.721,0.725
1551000000000,0.71,0.702,0.699,0.727,0.729
1551300000000,0.718,0.708,0.705,0.735,0.736
1551600000000,0.722,0.712,0.709,0.74,0.74
1551900000000,0.72,0.71,0.707,0.738,0.738
1552200000000,0.722,0.711,0.709,0.74,0.74
1552500000000,0.728,0.715,0.713,0.744,0.746
1552800000000,0.727,0.716,0.713,0.744,0.745
1553100000000,0.723,0.712,0.709,0.738,0.741
1553400000000,0.719,0.71,0.708,0.735,0.739
1553700000000,0.72,0.711,0.708,0.738,0.74
1554000000000,0.725,0.714,0.71,0.743,0.745
1554300000000,0.724,0.71,0.707,0.737,0.741
1554600000000,0.717,0.701,0.703,0.733,0.736
1554900000000,0.714,0.7,0.702,0.733,0.735
1555200000000,0.712,0.698,0.7,0.731,0.734
1555500000000,0.711,0.698,0.697,0.726,0.73
1555800000000,0.699,0.688,0.684,0.714,0.72
1556100000000,0.69,0.683,0.678,0.705,0.713
1556400000000,0.703,0.694,0.69,0.718,0.724
1556700000000,0.716,0.703,0.698,0.729,0.735
1557000000000,0.719,0.705,0.7,0.733,0.739
1557300000000,0.714,0.702,0.698,0.731,0.736
1557600000000,0.712,0.7,0.696,0.728,0.733
1557900000000,0.707,0.695,0.689,0.719,0.726
1558200000000,0.702,0.692,0.686,0.715,0.722
1558500000000,0.701,0.688,0.686,0.716,0.721
1558800000000,0.698,0.686,0.684,0.715,0.718
1559100000000,0.694,0.682,0.679,0.708,0.713
1559400000000,0.689,0.678,0.676,0.702,0.709
1559700000000,0.682,0.673,0.669,0.696,0.704
1560000000000,0.686,0.677,0.673,0.699,0.707
1560300000000,0.697,0.686,0.684,0.712,0.717
1560600000000,0.707,0.692,0.693,0.724,0.727
1560900000000,0.713,0.698,0.699,0.73,0.732
1561200000000,0.705,0.693,0.697,0.726,0.726
1561500000000,0.698,0.688,0.691,0.718,0.718
1561800000000,0.696,0.686,0.69,0.716,0.716
1562100000000,0.697,0.687,0.691,0.717,0.716
1562400000000,0.7,0.69,0.693,0.719,0.719
1562700000000,0.698,0.688,0.692,0.719,0.718
1563000000000,0.707,0.696,0.7,0.728,0.726
1563300000000,0.704,0.694,0.698,0.725,0.725
1563600000000,0.7,0.692,0.696,0.721,0.722
1563900000000,0.696,0.69,0.693,0.717,0.718
1564200000000,0.689,0.684,0.687,0.71,0.71
1564500000000,0.686,0.681,0.683,0.705,0.705
1564800000000,0.685,0.679,0.681,0.702,0.703
1565100000000,0.677,0.674,0.674,0.694,0.697
1565400000000,0.673,0.671,0.671,0.69,0.695
1565700000000,0.674,0.671,0.67,0.689,0.695
1566000000000,0.676,0.672,0.669,0.69,0.697
1566300000000,0.673,0.67,0.666,0.686,0.695
1566600000000,0.673,0.669,0.666,0.685,0.696
1566900000000,0.682,0.676,0.673,0.694,0.704
1567200000000,0.694,0.685,0.683,0.705,0.714
1567500000000,0.694,0.685,0.685,0.707,0.714
1567800000000,0.686,0.678,0.678,0.698,0.705
1568100000000,0.685,0.678,0.677,0.697,0.704
1568400000000,0.682,0.675,0.674,0.693,0.7
1568700000000,0.671,0.667,0.667,0.685,0.693
1569000000000,0.671,0.667,0.667,0.685,0.693
1569300000000,0.67,0.667,0.665,0.683,0.692
1569600000000,0.669,0.666,0.663,0.682,0.69
1569900000000,0.673,0.669,0.665,0.686,0.693
1570200000000,0.667,0.665,0.66,0.68,0.687
1570500000000,0.672,0.668,0.663,0.683,0.692
1570800000000,0.675,0.669,0.666,0.683,0.692
1571100000000,0.679,0.676,0.671,0.69,0.698
1571400000000,0.676,0.673,0.669,0.688,0.696
1571700000000,0.678,0.674,0.671,0.69,0.698
1572000000000,0.686,0.68,0.679,0.699,0.707
1572300000000,0.69,0.683,0.683,0.706,0.714
1572600000000,0.691,0.684,0.683,0.707,0.716
1572900000000,0.69,0.684,0.681,0.705,0.714
1573200000000,0.686,0.681,0.679,0.702,0.711
1573500000000,0.688,0.681,0.679,0.7,0.711
1573800000000,0.697,0.687,0.686,0.709,0.717
1574100000000,0.707,0.695,0.695,0.723,0.729
1574400000000,0.72,0.705,0.706,0.735,0.74
1574700000000,0.729,0.712,0.712,0.742,0.747
1575000000000,0.729,0.712,0.712,0.744,0.748
1575300000000,0.725,0.71,0.711,0.743,0.746
1575600000000,0.729,0.713,0.714,0.747,0.751
1575900000000,0.73,0.714,0.716,0.749,0.753
1576200000000,0.726,0.711,0.713,0.746,0.75
1576500000000,0.722,0.707,0.709,0.742,0.746
1576800000000,0.719,0.706,0.706,0.739,0.743
1577100000000,0.715,0.704,0.703,0.734,0.739
1577400000000,0.711,0.702,0.7,0.73,0.737
1577700000000,0.706,0.699,0.695,0.726,0.733
1578000000000,0.706,0.698,0.694,0.724,0.731
1578300000000,0.705,0.696,0.692,0.721,0.73
1578600000000,0.704,0.695,0.691,0.72,0.729
1578900000000,0.684,0.678,0.677,0.701,0.71
1579200000000,0.673,0.669,0.669,0.691,0.699
1579500000000,0.678,0.673,0.673,0.696,0.703
1579800000000,0.68,0.674,0.674,0.698,0.705
1580100000000,0.689,0.682,0.682,0.708,0.716
1580400000000,0.691,0.683,0.683,0.71,0.717
1580700000000,0.71,0.7,0.699,0.729,0.734
1581000000000,0.732,0.717,0.717,0.75,0.753
1581300000000,0.746,0.727,0.729,0.763,0.766
1581600000000,0.736,0.719,0.724,0.756,0.76
1581900000000,0.733,0.716,0.721,0.755,0.756
1582200000000,0.737,0.718,0.723,0.756,0.758
1582500000000,0.737,0.718,0.722,0.756,0.757
1582800000000,0.742,0.722,0.726,0.76,0.762
1583100000000,0.744,0.724,0.729,0.764,0.765
1583400000000,0.743,0.724,0.73,0.764,0.766
1583700000000,0.742,0.724,0.73,0.764,0.766
1584000000000,0.739,0.72,0.726,0.761,0.763
1584300000000,0.741,0.722,0.727,0.762,0.764
1584600000000,0.741,0.723,0.727,0.762,0.765
1584900000000,0.739,0.721,0.725,0.76,0.763
1585200000000,0.737,0.719,0.723,0.758,0.761
1585500000000,0.736,0.719,0.723,0.757,0.76
1585800000000,0.733,0.717,0.721,0.755,0.757
1586100000000,0.734,0.716,0.722,0.755,0.757
1586400000000,0.736,0.718,0.723,0.757,0.758
1586700000000,0.733,0.716,0.721,0.754,0.756
1587000000000,0.73,0.714,0.719,0.752,0.754
1587300000000,0.729,0.713,0.718,0.752,0.753
1587600000000,0.731,0.715,0.72,0.754,0.755
1587900000000,0.734,0.718,0.723,0.758,0.757
1588200000000,0.735,0.719,0.723,0.758,0.758
1588500000000,0.733,0.716,0.722,0.756,0.756
1588800000000,0.737,0.719,0.723,0.757,0.759
1589100000000,0.737,0.721,0.724,0.758,0.759
1589400000000,0.736,0.721,0.723,0.757,0.758
1589700000000,0.734,0.719,0.722,0.755,0.755
1590000000000,0.734,0.719,0.722,0.755,0.755
1590300000000,0.736,0.72,0.724,0.757,0.758
1590600000000,0.736,0.72,0.724,0.757,0.759
1590900000000,0.74,0.723,0.724,0.757,0.76
1591200000000,0.745,0.729,0.727,0.759,0.762
1591500000000,0.742,0.729,0.727,0.759,0.761
1591800000000,0.739,0.728,0.725,0.758,0.76
1592100000000,0.737,0.725,0.724,0.757,0.76
1592400000000,0.736,0.724,0.723,0.756,0.759
1592700000000,0.74,0.726,0.725,0.759,0.761
1593000000000,0.742,0.725,0.725,0.759,0.761
1593300000000,0.737,0.721,0.723,0.756,0.758
1593600000000,0.734,0.719,0.72,0.753,0.754
1593900000000,0.74,0.723,0.724,0.756,0.757
1594200000000,0.736,0.719,0.72,0.752,0.753
1594500000000,0.73,0.714,0.716,0.748,0.748
1594800000000,0.73,0.712,0.717,0.751,0.751
1595100000000,0.728,0.705,0.718,0.752,0.752
1595400000000,0.726,0.705,0.718,0.752,0.751
1595700000000,0.727,0.705,0.719,0.752,0.752
1596000000000,0.726,0.705,0.719,0.753,0.753
1596300000000,0.728,0.706,0.72,0.753,0.754
1596600000000,0.725,0.703,0.717,0.751,0.751
1596900000000,0.728,0.706,0.72,0.753,0.752
1597200000000,0.724,0.703,0.717,0.75,0.75
1597500000000,0.722,0.702,0.716,0.748,0.748
1597800000000,0.723,0.702,0.717,0.748,0.747
1598100000000,0.722,0.702,0.716,0.747,0.747
1598400000000,0.72,0.702,0.716,0.745,0.746
1598700000000,0.713,0.696,0.709,0.738,0.739
1599000000000,0.706,0.69,0.705,0.732,0.733
1599300000000,0.706,0.691,0.706,0.733,0.732
1599600000000,0.709,0.695,0.708,0.736,0.735
1599900000000,0.708,0.693,0.706,0.733,0.732
1600200000000,0.707,0.692,0.705,0.73,0.73
1600500000000,0.702,0.689,0.702,0.727,0.727
1600800000000,0.691,0.68,0.694,0.717,0.716
1601100000000,0.684,0.676,0.689,0.711,0.71
1601400000000,0.683,0.675,0.687,0.71,0.708
1601700000000,0.684,0.676,0.689,0.711,0.708
1602000000000,0.687,0.678,0.692,0.715,0.712
1602300000000,0.694,0.682,0.697,0.721,0.719
1602600000000,0.694,0.683,0.698,0.724,0.722
1602900000000,0.692,0.681,0.696,0.72,0.719
1603200000000,0.692,0.681,0.695,0.718,0.718
1603500000000,0.693,0.683,0.696,0.72,0.719
1603800000000,0.688,0.679,0.692,0.714,0.713
1604100000000,0.685,0.677,0.691,0.713,0.71
1604400000000,0.685,0.677,0.691,0.714,0.71
1604700000000,0.686,0.678,0.693,0.715,0.712
1605000000000,0.687,0.679,0.694,0.716,0.713
1605300000000,0.699,0.689,0.702,0.727,0.725
1605600000000,0.708,0.697,0.709,0.737,0.736
1605900000000,0.712,0.699,0.711,0.74,0.738
1606200000000,0.713,0.699,0.713,0.741,0.74
1606500000000,0.712,0.698,0.711,0.739,0.738
1606800000000,0.712,0.697,0.71,0.738,0.736
1607100000000,0.711,0.697,0.71,0.737,0.735
1607400000000,0.708,0.695,0.708,0.735,0.733
1607700000000,0.699,0.689,0.701,0.727,0.724
1608000000000,0.692,0.684,0.697,0.722,0.72
1608300000000,0.693,0.685,0.697,0.723,0.72
1608600000000,0.701,0.691,0.703,0.73,0.728
1608900000000,0.709,0.696,0.709,0.736,0.735
1609200000000,0.711,0.698,0.71,0.738,0.737
1609500000000,0.706,0.693,0.706,0.735,0.734
1609800000000,0.702,0.691,0.703,0.731,0.73
1610100000000,0.702,0.688,0.702,0.728,0.728
1610400000000,0.702,0.686,0.701,0.728,0.727
1610700000000,0.707,0.693,0.705,0.732,0.732
1611000000000,0.705,0.692,0.705,0.731,0.73
1611300000000,0.707,0.694,0.706,0.733,0.731
1611600000000,0.699,0.688,0.701,0.727,0.724
1611900000000,0.701,0.691,0.704,0.73,0.726
1612200000000,0.702,0.691,0.705,0.731,0.728
1612500000000,0.704,0.692,0.706,0.732,0.73
1612800000000,0.711,0.698,0.711,0.737,0.736
1613100000000,0.715,0.7,0.713,0.74,0.74
1613400000000,0.711,0.697,0.71,0.737,0.736
1613700000000,0.706,0.693,0.705,0.732,0.731
1614000000000,0.708,0.695,0.706,0.734,0.734
1614300000000,0.717,0.701,0.712,0.742,0.743
1614600000000,0.713,0.697,0.71,0.738,0.74
1614900000000,0.703,0.691,0.702,0.728,0.729
1615200000000,0.701,0.69,0.7,0.726,0.726
1615500000000,0.708,0.695,0.706,0.732,0.733
1615800000000,0.715,0.7,0.713,0.74,0.741
1616100000000,0.717,0.701,0.716,0.744,0.745
1616400000000,0.72,0.704,0.719,0.749,0.75
1616700000000,0.724,0.706,0.721,0.752,0.753
1617000000000,0.725,0.708,0.721,0.753,0.753
1617300000000,0.721,0.704,0.717,0.748,0.748
1617600000000,0.719,0.702,0.716,0.746,0.746
1617900000000,0.72,0.702,0.716,0.747,0.747
1618200000000,0.712,0.696,0.708,0.739,0.738
1618500000000,0.697,0.683,0.696,0.724,0.723
1618800000000,0.694,0.68,0.693,0.719,0.721
1619100000000,0.689,0.675,0.688,0.711,0.714
1619400000000,0.674,0.663,0.675,0.695,0.699
1619700000000,0.664,0.656,0.666,0.685,0.69
1620000000000,0.666,0.658,0.668,0.688,0.694
1620300000000,0.665,0.658,0.666,0.685,0.692
1620600000000,0.665,0.659,0.667,0.685,0.692
1620900000000,0.667,0.661,0.67,0.687,0.694
1621200000000,0.664,0.657,0.665,0.682,0.689
1621500000000,0.658,0.652,0.659,0.676,0.682
1621800000000,0.655,0.651,0.655,0.671,0.678
1622100000000,0.657,0.653,0.657,0.673,0.68
1622400000000,0.653,0.65,0.653,0.668,0.675
1622700000000,0.654,0.651,0.655,0.669,0.676
1623000000000,0.667,0.661,0.664,0.681,0.688
1623300000000,0.674,0.667,0.668,0.686,0.695
1623600000000,0.685,0.674,0.675,0.696,0.706
1623900000000,0.687,0.676,0.678,0.699,0.709
1624200000000,0.691,0.679,0.681,0.702,0.711
1624500000000,0.688,0.677,0.679,0.698,0.707
1624800000000,0.68,0.671,0.673,0.691,0.701
1625100000000,0.69,0.68,0.681,0.701,0.711
1625400000000,0.702,0.69,0.693,0.715,0.725
1625700000000,0.723,0.706,0.711,0.739,0.746
1626000000000,0.724,0.708,0.715,0.745,0.751
1626300000000,0.719,0.703,0.711,0.741,0.747
1626600000000,0.717,0.703,0.71,0.74,0.744
1626900000000,0.715,0.702,0.708,0.738,0.741
1627200000000,0.713,0.7,0.705,0.734,0.738
1627500000000,0.712,0.698,0.703,0.731,0.734
1627800000000,0.709,0.694,0.701,0.727,0.73
1628100000000,0.702,0.69,0.696,0.722,0.725
1628400000000,0.698,0.688,0.695,0.719,0.721
1628700000000,0.697,0.686,0.691,0.714,0.718
1629000000000,0.696,0.686,0.69,0.711,0.715
1629300000000,0.692,0.681,0.685,0.708,0.712
1629600000000,0.69,0.68,0.686,0.709,0.714
1629900000000,0.695,0.684,0.691,0.714,0.72
1630200000000,0.7,0.687,0.694,0.719,0.725
1630500000000,0.7,0.687,0.695,0.72,0.726
1630800000000,0.699,0.687,0.694,0.72,0.725
1631100000000,0.702,0.69,0.698,0.723,0.727
1631400000000,0.705,0.692,0.699,0.725,0.729
1631700000000,0.701,0.688,0.695,0.718,0.725
1632000000000,0.695,0.683,0.688,0.711,0.719
1632300000000,0.693,0.682,0.686,0.71,0.718
1632600000000,0.688,0.677,0.681,0.705,0.714
1632900000000,0.687,0.677,0.679,0.702,0.712
1633200000000,0.689,0.677,0.68,0.702,0.712
1633500000000,0.69,0.677,0.68,0.704,0.714
1633800000000,0.692,0.679,0.681,0.706,0.716
1634100000000,0.7,0.685,0.688,0.715,0.724
1634400000000,0.707,0.691,0.696,0.723,0.731
1634700000000,0.711,0.695,0.701,0.729,0.733
1635000000000,0.72,0.704,0.711,0.739,0.742
1635300000000,0.727,0.709,0.715,0.744,0.748
1635600000000,0.727,0.707,0.714,0.743,0.748
1635900000000,0.726,0.705,0.711,0.739,0.744
1636200000000,0.722,0.702,0.709,0.736,0.74
1636500000000,0.714,0.697,0.702,0.729,0.732
1636800000000,0.704,0.687,0.696,0.721,0.724
1637100000000,0.702,0.685,0.694,0.721,0.723
1637400000000,0.703,0.686,0.695,0.722,0.725
1637700000000,0.702,0.684,0.694,0.721,0.722
1638000000000,0.696,0.681,0.69,0.717,0.718
1638300000000,0.69,0.677,0.685,0.71,0.712
1638600000000,0.69,0.678,0.688,0.711,0.714
1638900000000,0.686,0.675,0.685,0.708,0.709
1639200000000,0.684,0.674,0.685,0.707,0.708
1639500000000,0.69,0.677,0.688,0.709,0.713
1639800000000,0.686,0.674,0.682,0.703,0.707
1640100000000,0.677,0.667,0.674,0.694,0.698
1640400000000,0.676,0.667,0.675,0.694,0.698
1640700000000,0.676,0.668,0.676,0.696,0.699
1641000000000,0.678,0.67,0.679,0.7,0.702
1641300000000,0.683,0.673,0.681,0.702,0.705
1641600000000,0.678,0.67,0.678,0.698,0.7
1641900000000,0.674,0.663,0.672,0.692,0.694
1642200000000,0.664,0.655,0.663,0.68,0.683
1642500000000,0.66,0.652,0.66,0.677,0.681
1642800000000,0.666,0.657,0.669,0.686,0.69
1643100000000,0.68,0.669,0.682,0.703,0.705
1643400000000,0.679,0.668,0.682,0.703,0.703
1643700000000,0.682,0.671,0.685,0.706,0.705
1644000000000,0.692,0.678,0.693,0.717,0.716
1644300000000,0.695,0.68,0.695,0.72,0.718
1644600000000,0.695,0.68,0.696,0.718,0.716
1644900000000,0.695,0.68,0.694,0.718,0.716
1645200000000,0.698,0.682,0.696,0.722,0.72
1645500000000,0.701,0.683,0.698,0.722,0.721
1645800000000,0.705,0.687,0.703,0.726,0.724
1646100000000,0.703,0.685,0.703,0.726,0.723
1646400000000,0.697,0.681,0.698,0.719,0.717
1646700000000,0.697,0.68,0.694,0.715,0.714
1647000000000,0.7,0.683,0.698,0.719,0.717
1647300000000,0.703,0.684,0.698,0.72,0.718
1647600000000,0.699,0.682,0.696,0.716,0.717
1647900000000,0.695,0.678,0.691,0.712,0.713
1648200000000,0.696,0.678,0.692,0.713,0.714
1648500000000,0.698,0.681,0.695,0.717,0.716
1648800000000,0.701,0.683,0.698,0.721,0.718
1649100000000,0.695,0.679,0.692,0.712,0.711
1649400000000,0.696,0.681,0.694,0.712,0.711
1649700000000,0.702,0.687,0.701,0.722,0.721
1650000000000,0.71,0.693,0.706,0.731,0.732
1650300000000,0.717,0.698,0.712,0.74,0.74
1650600000000,0.72,0.7,0.714,0.742,0.743
1650900000000,0.717,0.698,0.712,0.737,0.739
1651200000000,0.715,0.696,0.712,0.735,0.736
1651500000000,0.714,0.695,0.71,0.734,0.734
1651800000000,0.711,0.691,0.706,0.73,0.73
1652100000000,0.711,0.692,0.707,0.731,0.731
1652400000000,0.713,0.694,0.71,0.734,0.734
1652700000000,0.715,0.695,0.711,0.735,0.735
1653000000000,0.706,0.686,0.702,0.724,0.724
1653300000000,0.7,0.681,0.697,0.718,0.718
1653600000000,0.7,0.681,0.698,0.718,0.718
1653900000000,0.704,0.685,0.702,0.723,0.722
1654200000000,0.704,0.686,0.702,0.724,0.723
1654500000000,0.704,0.686,0.701,0.723,0.722
1654800000000,0.705,0.687,0.701,0.724,0.723
1655100000000,0.703,0.685,0.701,0.723,0.722
1655400000000,0.7,0.683,0.699,0.721,0.72
1655700000000,0.703,0.686,0.703,0.726,0.725
1656000000000,0.703,0.685,0.702,0.726,0.726
1656300000000,0.71,0.691,0.706,0.73,0.731
1656600000000,0.717,0.696,0.71,0.736,0.738
1656900000000,0.73,0.706,0.718,0.747,0.75
1657200000000,0.74,0.714,0.725,0.756,0.759
1657500000000,0.744,0.716,0.728,0.759,0.762
1657800000000,0.741,0.714,0.725,0.755,0.76
1658100000000,0.74,0.714,0.724,0.755,0.761
1658400000000,0.732,0.708,0.718,0.749,0.753
1658700000000,0.728,0.704,0.716,0.745,0.749
1659000000000,0.727,0.704,0.715,0.743,0.748
1659300000000,0.729,0.705,0.717,0.746,0.751
1659600000000,0.731,0.707,0.719,0.75,0.753
1659900000000,0.731,0.708,0.72,0.752,0.756
1660200000000,0.73,0.709,0.721,0.753,0.757
1660500000000,0.733,0.711,0.723,0.754,0.759
1660800000000,0.74,0.716,0.726,0.759,0.763
1661100000000,0.744,0.718,0.729,0.762,0.766
1661400000000,0.749,0.723,0.734,0.768,0.772
1661700000000,0.752,0.726,0.738,0.773,0.776
1662000000000,0.747,0.723,0.736,0.77,0.773
1662300000000,0.742,0.719,0.733,0.765,0.769
1662600000000,0.738,0.715,0.73,0.761,0.765
1662900000000,0.737,0.714,0.728,0.759,0.764
1663200000000,0.738,0.715,0.729,0.76,0.765
1663500000000,0.735,0.712,0.727,0.756,0.761
1663800000000,0.734,0.713,0.726,0.756,0.76
1664100000000,0.734,0.712,0.727,0.755,0.76
1664400000000,0.739,0.715,0.73,0.76,0.764
1664700000000,0.738,0.714,0.728,0.757,0.761
1665000000000,0.734,0.711,0.726,0.755,0.758
1665300000000,0.736,0.713,0.727,0.757,0.761
1665600000000,0.735,0.715,0.727,0.759,0.763
1665900000000,0.737,0.716,0.728,0.76,0.764
1666200000000,0.746,0.722,0.734,0.768,0.771
1666500000000,0.75,0.725,0.739,0.773,0.776
1666800000000,0.753,0.727,0.741,0.775,0.778
1667100000000,0.754,0.727,0.741,0.775,0.779
1667400000000,0.755,0.727,0.743,0.776,0.78
1667700000000,0.756,0.728,0.744,0.778,0.782
1668000000000,0.75,0.723,0.74,0.77,0.775
1668300000000,0.744,0.717,0.734,0.763,0.767
1668600000000,0.74,0.714,0.731,0.76,0.763
1668900000000,0.742,0.714,0.731,0.76,0.764
1669200000000,0.745,0.717,0.734,0.764,0.768
1669500000000,0.747,0.719,0.736,0.765,0.77
1669800000000,0.749,0.72,0.738,0.767,0.772
1670100000000,0.75,0.722,0.74,0.77,0.774
1670400000000,0.748,0.721,0.74,0.77,0.774
1670700000000,0.745,0.718,0.736,0.766,0.769
1671000000000,0.746,0.719,0.737,0.767,0.772
1671300000000,0.745,0.718,0.736,0.766,0.771
1671600000000,0.744,0.716,0.734,0.765,0.768
1671900000000,0.742,0.715,0.732,0.762,0.766
1672200000000,0.743,0.716,0.732,0.762,0.766
1672500000000,0.745,0.717,0.734,0.764,0.769
1672800000000,0.741,0.714,0.732,0.762,0.765
1673100000000,0.737,0.71,0.73,0.759,0.761
1673400000000,0.735,0.709,0.728,0.757,0.759
1673700000000,0.733,0.708,0.727,0.754,0.756
1674000000000,0.733,0.708,0.728,0.755,0.756
1674300000000,0.739,0.713,0.733,0.761,0.762
1674600000000,0.742,0.715,0.735,0.763,0.765
1674900000000,0.737,0.712,0.732,0.76,0.761
1675200000000,0.736,0.71,0.73,0.757,0.758
1675500000000,0.738,0.711,0.731,0.758,0.76
1675800000000,0.734,0.708,0.728,0.755,0.756
1676100000000,0.735,0.709,0.728,0.756,0.757
1676400000000,0.734,0.709,0.728,0.755,0.757
1676700000000,0.737,0.711,0.731,0.757,0.759
1677000000000,0.737,0.711,0.731,0.758,0.759
1677300000000,0.736,0.709,0.729,0.757,0.758
1677600000000,0.722,0.698,0.717,0.741,0.742
1677900000000,0.726,0.701,0.721,0.746,0.747
1678200000000,0.729,0.704,0.724,0.75,0.752
1678500000000,0.734,0.707,0.727,0.755,0.757
1678800000000,0.738,0.709,0.73,0.759,0.76
1679100000000,0.74,0.712,0.732,0.761,0.765
1679400000000,0.742,0.715,0.733,0.762,0.766
1679700000000,0.739,0.714,0.73,0.758,0.762
1680000000000,0.739,0.714,0.73,0.758,0.762
1680300000000,0.739,0.714,0.731,0.759,0.763
1680600000000,0.742,0.717,0.733,0.762,0.768
1680900000000,0.743,0.717,0.734,0.764,0.77
1681200000000,0.744,0.717,0.734,0.764,0.77
1681500000000,0.745,0.719,0.734,0.765,0.771
1681800000000,0.746,0.723,0.735,0.765,0.772
1682100000000,0.747,0.724,0.736,0.766,0.773
1682400000000,0.747,0.724,0.736,0.766,0.773
1682700000000,0.745,0.721,0.734,0.765,0.772
1683000000000,0.744,0.72,0.733,0.764,0.77
1683300000000,0.746,0.723,0.735,0.766,0.772
1683600000000,0.747,0.725,0.736,0.767,0.772
1683900000000,0.746,0.723,0.736,0.766,0.772
1684200000000,0.743,0.718,0.733,0.765,0.77
1684500000000,0.745,0.72,0.734,0.765,0.77
1684800000000,0.746,0.722,0.735,0.766,0.771
1685100000000,0.747,0.723,0.737,0.768,0.772
1685400000000,0.747,0.722,0.738,0.768,0.773
1685700000000,0.748,0.721,0.736,0.767,0.772
1686000000000,0.746,0.721,0.735,0.765,0.77
1686300000000,0.747,0.722,0.736,0.765,0.771
1686600000000,0.745,0.719,0.735,0.765,0.771
1686900000000,0.75,0.726,0.74,0.769,0.776
1687200000000,0.754,0.729,0.741,0.772,0.779
1687500000000,0.755,0.731,0.742,0.773,0.78
1687800000000,0.752,0.729,0.741,0.772,0.779
1688100000000,0.748,0.725,0.738,0.769,0.776
1688400000000,0.748,0.724,0.736,0.768,0.775
1688700000000,0.746,0.723,0.736,0.767,0.773
1689000000000,0.741,0.719,0.732,0.761,0.766
1689300000000,0.736,0.714,0.727,0.756,0.76
1689600000000,0.725,0.705,0.684,0.743,0.748
1689900000000,0.724,0.705,0.699,0.742,0.746
1690200000000,0.725,0.706,0.697,0.743,0.748
1690500000000,0.738,0.717,0.72,0.758,0.763
1690800000000,0.747,0.724,0.736,0.768,0.774
1691100000000,0.747,0.724,0.738,0.768,0.774
1691400000000,0.744,0.721,0.737,0.765,0.77
1691700000000,0.745,0.721,0.737,0.765,0.771
1692000000000,0.744,0.72,0.735,0.763,0.769
1692300000000,0.743,0.719,0.734,0.763,0.768
1692600000000,0.744,0.72,0.736,0.764,0.769
1692900000000,0.743,0.719,0.734,0.761,0.767
1693200000000,0.742,0.719,0.734,0.76,0.766
1693500000000,0.743,0.72,0.735,0.763,0.768
1693800000000,0.743,0.72,0.734,0.762,0.768
1694100000000,0.743,0.721,0.735,0.764,0.769
1694400000000,0.744,0.721,0.736,0.765,0.771
1694700000000,0.742,0.719,0.734,0.763,0.768
1695000000000,0.746,0.722,0.738,0.767,0.772
1695300000000,0.748,0.724,0.738,0.768,0.775
1695600000000,0.747,0.723,0.736,0.766,0.773
1695900000000,0.74,0.717,0.729,0.758,0.764
1696200000000,0.736,0.712,0.726,0.754,0.759
1696500000000,0.735,0.713,0.726,0.754,0.758
1696800000000,0.736,0.713,0.725,0.754,0.759
1697100000000,0.741,0.717,0.729,0.759,0.764
1697400000000,0.742,0.717,0.729,0.76,0.766
1697700000000,0.743,0.718,0.73,0.761,0.767
1698000000000,0.74,0.715,0.729,0.758,0.764
1698300000000,0.728,0.706,0.717,0.744,0.751
1698600000000,0.716,0.696,0.705,0.729,0.737
1698900000000,0.718,0.698,0.708,0.731,0.742
1699200000000,0.724,0.703,0.714,0.74,0.749
1699500000000,0.735,0.712,0.724,0.753,0.761
1699800000000,0.742,0.718,0.731,0.761,0.769
1700100000000,0.744,0.72,0.734,0.764,0.77
1700400000000,0.74,0.716,0.73,0.76,0.766
1700700000000,0.742,0.715,0.731,0.76,0.766
1701000000000,0.741,0.715,0.73,0.76,0.765
1701300000000,0.743,0.717,0.731,0.761,0.767
1701600000000,0.741,0.716,0.729,0.758,0.764
1701900000000,0.739,0.715,0.728,0.756,0.762
1702200000000,0.738,0.711,0.728,0.756,0.761
1702500000000,0.741,0.712,0.731,0.761,0.764
1702800000000,0.742,0.713,0.733,0.762,0.766
1703100000000,0.738,0.711,0.73,0.759,0.763
1703400000000,0.732,0.705,0.724,0.752,0.754
1703700000000,0.724,0.698,0.715,0.742,0.743
1704000000000,0.715,0.692,0.708,0.731,0.732
1704300000000,0.711,0.689,0.705,0.725,0.726
1704600000000,0.718,0.695,0.712,0.735,0.733
1704900000000,0.727,0.702,0.72,0.746,0.744
1705200000000,0.734,0.706,0.724,0.752,0.75
1705500000000,0.736,0.707,0.725,0.753,0.753
1705800000000,0.736,0.706,0.724,0.752,0.754
1706100000000,0.739,0.715,0.726,0.754,0.757
1706400000000,0.743,0.719,0.729,0.758,0.762
1706700000000,0.74,0.716,0.726,0.755,0.759
1707000000000,0.736,0.713,0.724,0.752,0.754
1707300000000,0.73,0.71,0.718,0.746,0.749
1707600000000,0.721,0.702,0.71,0.737,0.74
1707900000000,0.703,0.686,0.692,0.716,0.719
1708200000000,0.685,0.671,0.676,0.693,0.699
1708500000000,0.674,0.662,0.667,0.679,0.688
1708800000000,0.667,0.655,0.661,0.669,0.68
1709100000000,0.667,0.656,0.662,0.67,0.682
1709400000000,0.668,0.657,0.664,0.672,0.683
1709700000000,0.67,0.66,0.667,0.676,0.686
1710000000000,0.678,0.667,0.674,0.686,0.694
1710300000000,0.678,0.667,0.674,0.687,0.695
1710600000000,0.673,0.664,0.671,0.682,0.689
1710900000000,0.674,0.665,0.671,0.683,0.69
1711200000000,0.674,0.665,0.672,0.684,0.691
1711500000000,0.682,0.672,0.679,0.692,0.7
1711800000000,0.686,0.675,0.681,0.695,0.703
1712100000000,0.683,0.673,0.679,0.692,0.7
1712400000000,0.687,0.676,0.683,0.695,0.703
1712700000000,0.691,0.678,0.687,0.7,0.707
1713000000000,0.69,0.678,0.687,0.701,0.707
1713300000000,0.688,0.676,0.685,0.7,0.707
1713600000000,0.69,0.678,0.685,0.7,0.71
1713900000000,0.693,0.68,0.688,0.702,0.713
1714200000000,0.69,0.678,0.686,0.698,0.709
1714500000000,0.692,0.677,0.686,0.698,0.708
1714800000000,0.692,0.677,0.685,0.699,0.709
1715100000000,0.695,0.68,0.688,0.702,0.712
1715400000000,0.699,0.684,0.692,0.706,0.716
1715700000000,0.702,0.686,0.694,0.709,0.719
1716000000000,0.699,0.682,0.69,0.705,0.714
1716300000000,0.694,0.679,0.685,0.701,0.71
1716600000000,0.696,0.681,0.686,0.703,0.711
1716900000000,0.697,0.682,0.689,0.705,0.712
1717200000000,0.7,0.684,0.691,0.708,0.713
1717500000000,0.705,0.688,0.696,0.714,0.717
1717800000000,0.702,0.686,0.694,0.71,0.713
1718100000000,0.703,0.687,0.692,0.707,0.711
1718400000000,0.698,0.684,0.689,0.702,0.708
1718700000000,0.695,0.682,0.688,0.701,0.707
1719000000000,0.701,0.686,0.693,0.707,0.713
1719300000000,0.711,0.696,0.701,0.719,0.725
1719600000000,0.718,0.701,0.707,0.728,0.734
1719900000000,0.723,0.704,0.712,0.735,0.741
1720200000000,0.729,0.709,0.717,0.742,0.748
1720500000000,0.73,0.709,0.718,0.743,0.746
1720800000000,0.73,0.71,0.721,0.745,0.746
1721100000000,0.73,0.71,0.722,0.746,0.746
1721400000000,0.733,0.713,0.727,0.751,0.75
1721700000000,0.736,0.715,0.73,0.756,0.756
1722000000000,0.731,0.711,0.727,0.751,0.751
1722300000000,0.722,0.704,0.719,0.74,0.739
1722600000000,0.721,0.703,0.716,0.737,0.737
1722900000000,0.725,0.706,0.719,0.741,0.741
1723200000000,0.724,0.705,0.717,0.739,0.74
1723500000000,0.721,0.703,0.713,0.735,0.736
1723800000000,0.713,0.696,0.706,0.728,0.729
1724100000000,0.704,0.69,0.697,0.717,0.719
1724400000000,0.696,0.684,0.692,0.711,0.713
1724700000000,0.699,0.686,0.694,0.714,0.715
1725000000000,0.701,0.688,0.696,0.716,0.717
1725300000000,0.699,0.687,0.694,0.713,0.716
1725600000000,0.698,0.686,0.693,0.712,0.715
1725900000000,0.7,0.686,0.694,0.714,0.717
1726200000000,0.705,0.69,0.698,0.717,0.721
1726500000000,0.703,0.69,0.698,0.716,0.719
1726800000000,0.706,0.694,0.703,0.721,0.722
1727100000000,0.704,0.691,0.702,0.72,0.72
1727400000000,0.698,0.688,0.697,0.715,0.715
1727700000000,0.693,0.683,0.692,0.709,0.709
1728000000000,0.695,0.684,0.692,0.709,0.71
1728300000000,0.698,0.686,0.695,0.713,0.714
1728600000000,0.694,0.682,0.692,0.708,0.709
1728900000000,0.691,0.679,0.691,0.704,0.707
1729200000000,0.702,0.69,0.701,0.718,0.72
1729500000000,0.713,0.699,0.71,0.729,0.731
1729800000000,0.713,0.698,0.709,0.728,0.73
1730100000000,0.71,0.695,0.706,0.724,0.726
1730400000000,0.706,0.691,0.702,0.718,0.72
1730700000000,0.702,0.687,0.698,0.713,0.714
1731000000000,0.702,0.688,0.697,0.712,0.713
1731300000000,0.702,0.688,0.696,0.712,0.713
1731600000000,0.703,0.689,0.698,0.715,0.716
1731900000000,0.703,0.688,0.698,0.715,0.716
1732200000000,0.699,0.683,0.693,0.71,0.711
1732500000000,0.69,0.674,0.686,0.703,0.702
1732800000000,0.686,0.67,0.683,0.697,0.696
1733100000000,0.688,0.673,0.683,0.697,0.698
1733400000000,0.691,0.676,0.687,0.701,0.703
1733700000000,0.695,0.681,0.692,0.707,0.707
1734000000000,0.698,0.683,0.695,0.712,0.711
1734300000000,0.698,0.684,0.699,0.717,0.715
1734600000000,0.697,0.684,0.699,0.718,0.715
1734900000000,0.698,0.685,0.699,0.717,0.714
1735200000000,0.695,0.678,0.696,0.714,0.711
1735500000000,0.693,0.677,0.696,0.713,0.71
1735800000000,0.691,0.676,0.694,0.712,0.708
1736100000000,0.691,0.676,0.695,0.713,0.709
1736400000000,0.692,0.676,0.695,0.714,0.71
1736700000000,0.697,0.68,0.698,0.718,0.715
1737000000000,0.705,0.687,0.705,0.727,0.724
1737300000000,0.705,0.688,0.705,0.727,0.725
1737600000000,0.706,0.687,0.705,0.725,0.724
1737900000000,0.704,0.686,0.703,0.723,0.722
1738200000000,0.702,0.684,0.701,0.72,0.718
1738500000000,0.694,0.679,0.696,0.714,0.712
1738800000000,0.692,0.678,0.694,0.712,0.71
1739100000000,0.693,0.679,0.694,0.711,0.71
1739400000000,0.693,0.679,0.694,0.711,0.71
1739700000000,0.693,0.678,0.694,0.712,0.71
1740000000000,0.69,0.676,0.694,0.712,0.71
1740300000000,0.684,0.672,0.688,0.705,0.704
1740600000000,0.68,0.668,0.684,0.7,0.699
1740900000000,0.678,0.668,0.683,0.699,0.697
1741200000000,0.683,0.672,0.689,0.706,0.704
1741500000000,0.689,0.677,0.695,0.715,0.712
1741800000000,0.689,0.677,0.696,0.716,0.713
1742100000000,0.685,0.673,0.693,0.711,0.709
1742400000000,0.69,0.677,0.696,0.714,0.712
1742700000000,0.692,0.68,0.696,0.714,0.712
1743000000000,0.695,0.682,0.699,0.715,0.713
1743300000000,0.684,0.672,0.688,0.705,0.704
1743600000000,0.678,0.666,0.685,0.703,0.704
1743900000000,0.683,0.671,0.69,0.709,0.712
1744200000000,0.691,0.676,0.694,0.714,0.719
1744500000000,0.696,0.68,0.697,0.717,0.723
1744800000000,0.695,0.679,0.695,0.714,0.72
1745100000000,0.689,0.675,0.691,0.709,0.714
1745400000000,0.684,0.671,0.687,0.705,0.709
1745700000000,0.684,0.67,0.687,0.704,0.708
1746000000000,0.688,0.672,0.691,0.71,0.713
1746300000000,0.691,0.672,0.693,0.712,0.715
1746600000000,0.698,0.68,0.7,0.718,0.72
1746900000000,0.702,0.683,0.701,0.719,0.722
1747200000000,0.706,0.686,0.703,0.72,0.725
1747500000000,0.714,0.692,0.706,0.724,0.731
1747800000000,0.725,0.701,0.714,0.738,0.745
1748100000000,0.733,0.707,0.723,0.753,0.76
1748400000000,0.737,0.711,0.728,0.76,0.767
1748700000000,0.741,0.714,0.73,0.763,0.771
1749000000000,0.746,0.717,0.734,0.767,0.774
1749300000000,0.743,0.714,0.731,0.762,0.77
1749600000000,0.741,0.713,0.729,0.759,0.766
1749900000000,0.737,0.71,0.724,0.755,0.761
1750200000000,0.733,0.706,0.72,0.749,0.757
1750500000000,0.726,0.7,0.714,0.743,0.751
1750800000000,0.723,0.698,0.711,0.739,0.747
1751100000000,0.723,0.699,0.711,0.74,0.746
1751400000000,0.726,0.702,0.714,0.744,0.75
1751700000000,0.733,0.708,0.721,0.752,0.759
1752000000000,0.72,0.697,0.71,0.737,0.744
1752300000000,0.716,0.693,0.71,0.734,0.74
1752600000000,0.716,0.693,0.711,0.736,0.742
1752900000000,0.718,0.696,0.716,0.743,0.748
1753200000000,0.72,0.697,0.716,0.741,0.747
1753500000000,0.723,0.699,0.717,0.742,0.747
1753800000000,0.726,0.701,0.718,0.743,0.748
1754100000000,0.73,0.704,0.72,0.747,0.751
1754400000000,0.729,0.703,0.72,0.746,0.751
1754700000000,0.728,0.703,0.721,0.746,0.749
1755000000000,0.728,0.704,0.723,0.748,0.749
1755300000000,0.726,0.702,0.721,0.747,0.747
1755600000000,0.724,0.701,0.72,0.745,0.745
1755900000000,0.724,0.7,0.718,0.744,0.746
1756200000000,0.72,0.695,0.713,0.738,0.742
1756500000000,0.703,0.683,0.697,0.717,0.722
1756800000000,0.693,0.675,0.686,0.704,0.71
1757100000000,0.697,0.679,0.689,0.706,0.713
1757400000000,0.7,0.681,0.693,0.71,0.716
1757700000000,0.704,0.684,0.699,0.717,0.722
1758000000000,0.705,0.686,0.702,0.722,0.724
1758300000000,0.702,0.685,0.702,0.721,0.723
1758600000000,0.693,0.678,0.694,0.711,0.712
1758900000000,0.694,0.678,0.693,0.711,0.71
1759200000000,0.698,0.681,0.696,0.714,0.714
1759500000000,0.7,0.682,0.699,0.717,0.717
1759800000000,0.702,0.683,0.701,0.72,0.72
1760100000000,0.703,0.682,0.703,0.723,0.723
1760400000000,0.7,0.68,0.701,0.719,0.719
1760700000000,0.701,0.681,0.701,0.72,0.72
1761000000000,0.701,0.683,0.701,0.72,0.719
1761300000000,0.697,0.68,0.697,0.714,0.715
1761600000000,0.691,0.673,0.69,0.706,0.706
1761900000000,0.687,0.671,0.686,0.701,0.702
1762200000000,0.69,0.674,0.688,0.705,0.705
1762500000000,0.695,0.678,0.692,0.71,0.711
1762800000000,0.697,0.678,0.693,0.711,0.712
1763100000000,0.696,0.676,0.692,0.709,0.711
1763400000000,0.695,0.675,0.692,0.71,0.711
1763700000000,0.708,0.686,0.703,0.724,0.725
1764000000000,0.72,0.696,0.713,0.738,0.739
1764300000000,0.727,0.703,0.719,0.745,0.747
1764600000000,0.729,0.705,0.722,0.747,0.748
1764900000000,0.732,0.707,0.724,0.748,0.751
1765200000000,0.733,0.708,0.725,0.75,0.752
1765500000000,0.737,0.711,0.728,0.755,0.758
1765800000000,0.736,0.711,0.728,0.756,0.759
1766100000000,0.738,0.714,0.73,0.758,0.761
1766400000000,0.741,0.716,0.731,0.76,0.764
1766700000000,0.742,0.717,0.732,0.761,0.765
1767000000000,0.743,0.718,0.733,0.763,0.767
1767300000000,0.744,0.718,0.734,0.765,0.769
1767600000000,0.745,0.719,0.734,0.765,0.768
1767900000000,0.745,0.719,0.734,0.764,0.767
1768200000000,0.746,0.72,0.735,0.764,0.767
1768500000000,0.747,0.723,0.735,0.764,0.768
1768800000000,0.746,0.724,0.736,0.765,0.768
1769100000000,0.747,0.726,0.736,0.765,0.769
1769400000000,0.746,0.725,0.735,0.764,0.768
1769700000000,0.745,0.723,0.735,0.765,0.767
1770000000000,0.744,0.722,0.734,0.764,0.768
1770300000000,0.744,0.72,0.733,0.764,0.766
1770600000000,0.745,0.722,0.733,0.764,0.768
1770900000000,0.745,0.724,0.735,0.765,0.769
1771200000000,0.745,0.723,0.735,0.766,0.769
1771500000000,0.743,0.719,0.733,0.763,0.767
1771800000000,0.742,0.718,0.733,0.762,0.765
1772100000000,0.742,0.719,0.734,0.763,0.767
1772400000000,0.741,0.717,0.733,0.762,0.766
1772700000000,0.743,0.718,0.734,0.764,0.768
1773000000000,0.744,0.719,0.734,0.765,0.769
1773300000000,0.746,0.72,0.735,0.765,0.77
1773600000000,0.745,0.719,0.734,0.764,0.769
1773900000000,0.744,0.718,0.733,0.763,0.767
1774200000000,0.742,0.718,0.731,0.761,0.764
1774500000000,0.743,0.718,0.731,0.76,0.762
1774800000000,0.744,0.719,0.732,0.762,0.765
1775100000000,0.744,0.719,0.733,0.763,0.766
1775400000000,0.745,0.721,0.734,0.763,0.766
1775700000000,0.744,0.72,0.733,0.762,0.765
1776000000000,0.744,0.719,0.734,0.762,0.765
1776300000000,0.745,0.72,0.735,0.765,0.767
1776600000000,0.745,0.72,0.735,0.765,0.767
1776900000000,0.743,0.718,0.734,0.764,0.766
1777200000000,0.741,0.717,0.733,0.762,0.764
1777500000000,0.739,0.716,0.73,0.759,0.761
1777800000000,0.739,0.717,0.729,0.759,0.76
1778100000000,0.74,0.718,0.731,0.759,0.76
1778400000000,0.734,0.713,0.725,0.751,0.753
1778700000000,0.736,0.716,0.727,0.755,0.756
1779000000000,0.741,0.719,0.731,0.758,0.761
1779300000000,0.739,0.716,0.728,0.756,0.757
1779600000000,0.738,0.716,0.728,0.755,0.757
1779900000000,0.738,0.716,0.73,0.759,0.761
1780200000000,0.739,0.716,0.73,0.76,0.761
1780500000000,0.738,0.715,0.73,0.759,0.761
1780800000000,0.739,0.715,0.73,0.76,0.76
1781100000000,0.739,0.715,0.731,0.761,0.761
1781400000000,0.735,0.711,0.727,0.757,0.758
1781700000000,0.722,0.701,0.717,0.742,0.744
1782000000000,0.7,0.684,0.698,0.717,0.719
1782300000000,0.692,0.681,0.691,0.707,0.709
1782600000000,0.699,0.686,0.696,0.714,0.716
1782900000000,0.71,0.694,0.707,0.728,0.729
1783200000000,0.725,0.707,0.721,0.747,0.746
1783500000000,0.736,0.714,0.729,0.758,0.757
1783800000000,0.737,0.714,0.73,0.76,0.76
1784100000000,0.736,0.713,0.729,0.758,0.758
1784400000000,0.738,0.714,0.731,0.759,0.759
1784700000000,0.736,0.713,0.729,0.758,0.757
1785000000000,0.734,0.712,0.727,0.755,0.755
1785300000000,0.735,0.713,0.727,0.755,0.755
1785600000000,0.734,0.713,0.726,0.754,0.753
1785900000000,0.732,0.713,0.727,0.754,0.752
1786200000000,0.73,0.711,0.725,0.751,0.749
1786500000000,0.729,0.711,0.721,0.747,0.745
1786800000000,0.73,0.713,0.722,0.748,0.746
1787100000000,0.722,0.707,0.717,0.74,0.739
1787400000000,0.704,0.691,0.7,0.72,0.719
1787700000000,0.716,0.7,0.71,0.732,0.733
1788000000000,0.727,0.71,0.719,0.745,0.748
1788300000000,0.732,0.712,0.723,0.749,0.752
1788600000000,0.73,0.711,0.723,0.748,0.749
1788900000000,0.729,0.711,0.723,0.748,0.75
1789200000000,0.718,0.701,0.714,0.736,0.737
1789500000000,0.721,0.704,0.717,0.74,0.739
1789800000000,0.721,0.705,0.718,0.739,0.74
1790100000000,0.718,0.704,0.715,0.736,0.736
1790400000000,0.718,0.702,0.716,0.736,0.736
1790700000000,0.72,0.7,0.716,0.738,0.737
1791000000000,0.72,0.701,0.716,0.739,0.737
1791300000000,0.725,0.706,0.719,0.742,0.742
1791600000000,0.724,0.711,0.718,0.74,0.741
1791900000000,0.723,0.712,0.717,0.74,0.739
1792200000000,0.722,0.711,0.716,0.739,0.737
1792500000000,0.721,0.706,0.715,0.738,0.737
1792800000000,0.711,0.693,0.704,0.725,0.725
1793100000000,0.72,0.7,0.713,0.735,0.736
1793400000000,0.726,0.705,0.718,0.741,0.742
1793700000000,0.729,0.706,0.721,0.745,0.746
1794000000000,0.727,0.705,0.721,0.746,0.747
1794300000000,0.723,0.702,0.717,0.741,0.742
1794600000000,0.702,0.684,0.696,0.715,0.716
1794900000000,0.681,0.668,0.678,0.694,0.695
1795200000000,0.687,0.675,0.685,0.702,0.704
1795500000000,0.7,0.687,0.7,0.72,0.72
1795800000000,0.7,0.687,0.7,0.718,0.717
1796100000000,0.707,0.693,0.703,0.724,0.723
1796400000000,0.714,0.698,0.706,0.729,0.729
1796700000000,0.714,0.697,0.707,0.731,0.73
1797000000000,0.705,0.69,0.7,0.721,0.72
1797300000000,0.689,0.676,0.684,0.7,0.701
1797600000000,0.675,0.663,0.671,0.684,0.688
1797900000000,0.669,0.658,0.667,0.677,0.683
1798200000000,0.672,0.662,0.672,0.681,0.688
1798500000000,0.67,0.66,0.67,0.68,0.689
1798800000000,0.668,0.659,0.668,0.677,0.688
1799100000000,0.668,0.659,0.669,0.678,0.689
1799400000000,0.669,0.66,0.67,0.679,0.689
1799700000000,0.665,0.656,0.665,0.676,0.683
1800000000000,0.659,0.652,0.658,0.668,0.677
1800300000000,0.657,0.65,0.658,0.666,0.674
1800600000000,0.653,0.645,0.655,0.66,0.671
1800900000000,0.653,0.645,0.656,0.663,0.673
1801200000000,0.651,0.644,0.654,0.662,0.671
1801500000000,0.653,0.646,0.654,0.662,0.67
1801800000000,0.65,0.643,0.65,0.659,0.667
1802100000000,0.65,0.643,0.648,0.658,0.666
1802400000000,0.649,0.641,0.647,0.655,0.664
1802700000000,0.647,0.64,0.646,0.654,0.663
1803000000000,0.646,0.638,0.644,0.652,0.662
1803300000000,0.649,0.641,0.648,0.656,0.667
1803600000000,0.65,0.641,0.651,0.658,0.669
1803900000000,0.659,0.65,0.66,0.669,0.679
1804200000000,0.659,0.65,0.659,0.668,0.678
1804500000000,0.651,0.642,0.651,0.658,0.669
1804800000000,0.646,0.639,0.647,0.654,0.665
1805100000000,0.658,0.651,0.661,0.67,0.678
1805400000000,0.669,0.661,0.671,0.684,0.69
1805700000000,0.674,0.663,0.675,0.693,0.697
1806000000000,0.679,0.666,0.679,0.698,0.7
1806300000000,0.681,0.666,0.678,0.697,0.699
1806600000000,0.681,0.666,0.677,0.692,0.698
1806900000000,0.679,0.665,0.674,0.688,0.695
1807200000000,0.679,0.667,0.674,0.688,0.695
1807500000000,0.684,0.67,0.678,0.694,0.701
1807800000000,0.691,0.676,0.683,0.703,0.709
1808100000000,0.701,0.683,0.694,0.714,0.718
1808400000000,0.704,0.686,0.697,0.718,0.721
1808700000000,0.7,0.682,0.696,0.715,0.717
1809000000000,0.698,0.681,0.694,0.712,0.714
1809300000000,0.7,0.684,0.695,0.714,0.716
1809600000000,0.697,0.68,0.692,0.71,0.712
1809900000000,0.697,0.68,0.692,0.711,0.713
1810200000000,0.7,0.683,0.695,0.713,0.715
1810500000000,0.698,0.682,0.695,0.713,0.714
1810800000000,0.698,0.682,0.696,0.713,0.714
1811100000000,0.698,0.681,0.695,0.712,0.714
1811400000000,0.696,0.681,0.694,0.711,0.713
1811700000000,0.698,0.681,0.696,0.715,0.716
1812000000000,0.693,0.678,0.693,0.713,0.713
1812300000000,0.684,0.672,0.685,0.702,0.702
1812600000000,0.685,0.672,0.685,0.701,0.702
1812900000000,0.68,0.669,0.68,0.697,0.698
1813200000000,0.677,0.667,0.68,0.695,0.696
1813500000000,0.678,0.667,0.68,0.696,0.697
1813800000000,0.678,0.667,0.679,0.694,0.697
1814100000000,0.683,0.671,0.685,0.701,0.703
1814400000000,0.696,0.682,0.697,0.716,0.717
1814700000000,0.702,0.686,0.702,0.722,0.723
1815000000000,0.704,0.686,0.705,0.723,0.724
1815300000000,0.705,0.687,0.705,0.723,0.723
1815600000000,0.704,0.686,0.704,0.721,0.722
1815900000000,0.706,0.688,0.707,0.725,0.726
1816200000000,0.701,0.684,0.702,0.72,0.72
1816500000000,0.694,0.679,0.696,0.711,0.71
1816800000000,0.694,0.678,0.695,0.712,0.71
1817100000000,0.695,0.678,0.694,0.712,0.71
1817400000000,0.697,0.68,0.697,0.714,0.713
1817700000000,0.701,0.683,0.699,0.717,0.716
1818000000000,0.698,0.68,0.697,0.714,0.714
1818300000000,0.701,0.685,0.701,0.719,0.719
1818600000000,0.704,0.687,0.703,0.722,0.721
1818900000000,0.704,0.686,0.701,0.721,0.72
1819200000000,0.695,0.679,0.693,0.712,0.712
1819500000000,0.688,0.674,0.687,0.705,0.706
1819800000000,0.686,0.672,0.685,0.703,0.704
1820100000000,0.689,0.675,0.687,0.706,0.705
1820400000000,0.688,0.674,0.687,0.704,0.704
1820700000000,0.683,0.67,0.685,0.7,0.7
1821000000000,0.682,0.669,0.686,0.701,0.7
1821300000000,0.683,0.67,0.684,0.701,0.7
1821600000000,0.678,0.665,0.68,0.694,0.695
1821900000000,0.676,0.665,0.678,0.691,0.693
1822200000000,0.678,0.667,0.679,0.694,0.694
1822500000000,0.679,0.667,0.681,0.697,0.696
1822800000000,0.684,0.671,0.686,0.703,0.7
1823100000000,0.687,0.675,0.689,0.706,0.704
1823400000000,0.686,0.674,0.688,0.706,0.704
1823700000000,0.69,0.676,0.691,0.708,0.707
1824000000000,0.69,0.675,0.69,0.709,0.707
1824300000000,0.689,0.675,0.689,0.706,0.705
1824600000000,0.686,0.673,0.687,0.705,0.704
1824900000000,0.691,0.677,0.692,0.712,0.71
1825200000000,0.694,0.68,0.695,0.715,0.713
1825500000000,0.695,0.679,0.697,0.717,0.715
1825800000000,0.697,0.681,0.7,0.721,0.718
1826100000000,0.694,0.678,0.698,0.718,0.715
1826400000000,0.693,0.678,0.697,0.716,0.714
1826700000000,0.699,0.683,0.7,0.718,0.718
1827000000000,0.694,0.679,0.695,0.712,0.714
1827300000000,0.689,0.675,0.69,0.706,0.709
1827600000000,0.679,0.666,0.678,0.691,0.695
1827900000000,0.673,0.662,0.673,0.686,0.691
1828200000000,0.679,0.667,0.681,0.698,0.702
1828500000000,0.692,0.678,0.693,0.713,0.717
1828800000000,0.702,0.686,0.702,0.725,0.726
1829100000000,0.707,0.689,0.705,0.728,0.728
1829400000000,0.704,0.687,0.702,0.723,0.725
1829700000000,0.698,0.681,0.697,0.718,0.72
1830000000000,0.696,0.681,0.697,0.718,0.719
1830300000000,0.697,0.683,0.699,0.721,0.72
1830600000000,0.706,0.689,0.705,0.729,0.728
1830900000000,0.706,0.69,0.706,0.728,0.728
1831200000000,0.706,0.688,0.704,0.726,0.726
1831500000000,0.707,0.688,0.704,0.726,0.727
1831800000000,0.703,0.686,0.701,0.721,0.723
1832100000000,0.701,0.684,0.699,0.719,0.722
1832400000000,0.703,0.685,0.7,0.721,0.723
1832700000000,0.704,0.685,0.7,0.722,0.724
1833000000000,0.704,0.686,0.701,0.722,0.725
1833300000000,0.706,0.687,0.701,0.724,0.727
1833600000000,0.708,0.686,0.701,0.725,0.728
1833900000000,0.716,0.694,0.709,0.736,0.738
1834200000000,0.727,0.702,0.718,0.746,0.75
1834500000000,0.732,0.707,0.723,0.751,0.756
1834800000000,0.731,0.706,0.722,0.749,0.753
1835100000000,0.726,0.703,0.719,0.745,0.748
1835400000000,0.722,0.701,0.716,0.741,0.744
1835700000000,0.718,0.698,0.713,0.737,0.74
1836000000000,0.712,0.693,0.706,0.731,0.734
1836300000000,0.709,0.691,0.701,0.725,0.729
1836600000000,0.707,0.689,0.701,0.725,0.729
1836900000000,0.703,0.686,0.698,0.719,0.724
1837200000000,0.699,0.682,0.693,0.714,0.719
1837500000000,0.7,0.683,0.695,0.717,0.72
1837800000000,0.698,0.681,0.693,0.715,0.719
1838100000000,0.696,0.68,0.691,0.715,0.719
1838400000000,0.704,0.688,0.698,0.724,0.728
1838700000000,0.716,0.697,0.707,0.734,0.74
1839000000000,0.72,0.7,0.71,0.737,0.743
1839300000000,0.722,0.7,0.711,0.739,0.745
1839600000000,0.723,0.701,0.712,0.741,0.747
1839900000000,0.716,0.694,0.705,0.731,0.738
1840200000000,0.716,0.695,0.706,0.731,0.737
1840500000000,0.718,0.697,0.709,0.736,0.742
1840800000000,0.71,0.69,0.703,0.729,0.733
1841100000000,0.705,0.687,0.701,0.724,0.728
1841400000000,0.712,0.693,0.71,0.733,0.735
1841700000000,0.722,0.702,0.72,0.745,0.747
1842000000000,0.724,0.703,0.723,0.748,0.75
1842300000000,0.727,0.706,0.726,0.753,0.754
1842600000000,0.728,0.705,0.727,0.754,0.755
1842900000000,0.729,0.706,0.727,0.755,0.756
1843200000000,0.731,0.708,0.726,0.755,0.756
1843500000000,0.725,0.703,0.721,0.748,0.749
1843800000000,0.718,0.697,0.715,0.74,0.741
1844100000000,0.712,0.692,0.71,0.735,0.735
1844400000000,0.705,0.684,0.703,0.726,0.726
1844700000000,0.696,0.677,0.694,0.717,0.717
1845000000000,0.69,0.672,0.689,0.708,0.71
1845300000000,0.688,0.67,0.687,0.706,0.707
1845600000000,0.693,0.676,0.692,0.712,0.712
1845900000000,0.699,0.682,0.698,0.719,0.72
1846200000000,0.704,0.686,0.701,0.723,0.724
1846500000000,0.707,0.689,0.704,0.726,0.728
1846800000000,0.706,0.687,0.703,0.726,0.727
1847100000000,0.704,0.686,0.703,0.725,0.727
1847400000000,0.704,0.687,0.703,0.726,0.727
1847700000000,0.706,0.687,0.704,0.726,0.728
1848000000000,0.703,0.684,0.701,0.722,0.723
1848300000000,0.701,0.684,0.7,0.721,0.722
1848600000000,0.703,0.685,0.7,0.722,0.722
1848900000000,0.704,0.687,0.702,0.724,0.724
1849200000000,0.704,0.687,0.704,0.725,0.725
1849500000000,0.7,0.683,0.698,0.719,0.721
1849800000000,0.678,0.664,0.679,0.695,0.698
1850100000000,0.671,0.658,0.673,0.686,0.69
1850400000000,0.671,0.658,0.674,0.687,0.691
1850700000000,0.668,0.655,0.671,0.682,0.688
1851000000000,0.664,0.653,0.669,0.68,0.685
1851300000000,0.667,0.653,0.672,0.684,0.688
1851600000000,0.662,0.649,0.666,0.678,0.682
1851900000000,0.668,0.654,0.671,0.682,0.687
1852200000000,0.675,0.661,0.676,0.688,0.693
1852500000000,0.674,0.662,0.677,0.687,0.692
1852800000000,0.668,0.658,0.672,0.681,0.685
1853100000000,0.671,0.662,0.677,0.688,0.69
1853400000000,0.679,0.667,0.684,0.697,0.699
1853700000000,0.681,0.67,0.685,0.699,0.702
1854000000000,0.68,0.669,0.683,0.696,0.699
1854300000000,0.692,0.679,0.695,0.712,0.713
1854600000000,0.716,0.699,0.716,0.738,0.739
1854900000000,0.731,0.712,0.728,0.756,0.758
1855200000000,0.735,0.714,0.729,0.758,0.761
1855500000000,0.733,0.712,0.728,0.755,0.758
1855800000000,0.733,0.711,0.727,0.755,0.757
1856100000000,0.735,0.712,0.729,0.756,0.758
1856400000000,0.736,0.713,0.729,0.758,0.76
1856700000000,0.737,0.715,0.73,0.758,0.76
1857000000000,0.735,0.713,0.729,0.758,0.759
1857300000000,0.734,0.711,0.728,0.757,0.758
1857600000000,0.736,0.716,0.731,0.758,0.759
1857900000000,0.737,0.716,0.731,0.759,0.76
1858200000000,0.736,0.714,0.73,0.758,0.759
1858500000000,0.735,0.715,0.731,0.759,0.76
1858800000000,0.735,0.714,0.729,0.759,0.759
1859100000000,0.735,0.712,0.73,0.758,0.759
1859400000000,0.733,0.71,0.728,0.757,0.757
1859700000000,0.732,0.709,0.728,0.756,0.756
1860000000000,0.722,0.701,0.718,0.744,0.744
1860300000000,0.722,0.701,0.717,0.742,0.743
1860600000000,0.727,0.707,0.723,0.749,0.751
1860900000000,0.733,0.712,0.727,0.755,0.757
1861200000000,0.735,0.713,0.729,0.757,0.759
1861500000000,0.736,0.713,0.73,0.758,0.761
1861800000000,0.736,0.713,0.731,0.759,0.761
1862100000000,0.732,0.709,0.727,0.754,0.756
1862400000000,0.729,0.705,0.725,0.752,0.753
1862700000000,0.73,0.708,0.726,0.753,0.753
1863000000000,0.728,0.707,0.725,0.75,0.75
1863300000000,0.72,0.7,0.718,0.744,0.742
1863600000000,0.711,0.694,0.711,0.734,0.732
1863900000000,0.719,0.701,0.719,0.743,0.741
1864200000000,0.727,0.707,0.726,0.751,0.75
1864500000000,0.731,0.709,0.727,0.754,0.753
1864800000000,0.728,0.707,0.724,0.75,0.75
1865100000000,0.723,0.702,0.719,0.743,0.746
1865400000000,0.721,0.7,0.718,0.741,0.742
1865700000000,0.725,0.706,0.722,0.746,0.746
1866000000000,0.722,0.704,0.721,0.745,0.744
1866300000000,0.724,0.705,0.722,0.748,0.746
1866600000000,0.727,0.707,0.723,0.749,0.749
1866900000000,0.726,0.706,0.723,0.749,0.747
1867200000000,0.72,0.701,0.717,0.742,0.74
1867500000000,0.721,0.703,0.718,0.744,0.742
1867800000000,0.718,0.7,0.715,0.741,0.739
1868100000000,0.717,0.699,0.714,0.739,0.737
1868400000000,0.716,0.698,0.714,0.738,0.736
1868700000000,0.714,0.697,0.713,0.736,0.734
1869000000000,0.721,0.703,0.719,0.743,0.741
1869300000000,0.723,0.704,0.72,0.746,0.745
1869600000000,0.725,0.705,0.722,0.749,0.747
1869900000000,0.725,0.705,0.724,0.749,0.748
1870200000000,0.723,0.703,0.721,0.745,0.745
1870500000000,0.723,0.704,0.722,0.747,0.745
1870800000000,0.726,0.706,0.725,0.75,0.749
1871100000000,0.719,0.701,0.718,0.741,0.741
1871400000000,0.711,0.696,0.712,0.733,0.732
1871700000000,0.704,0.69,0.707,0.724,0.724
1872000000000,0.712,0.697,0.714,0.733,0.732
1872300000000,0.723,0.705,0.722,0.744,0.745
1872600000000,0.732,0.712,0.728,0.754,0.755
1872900000000,0.73,0.71,0.726,0.752,0.752
1873200000000,0.728,0.708,0.725,0.75,0.75
1873500000000,0.728,0.709,0.724,0.75,0.749
1873800000000,0.727,0.707,0.724,0.75,0.748
1874100000000,0.727,0.708,0.724,0.75,0.748
1874400000000,0.73,0.71,0.727,0.752,0.751
1874700000000,0.729,0.711,0.726,0.751,0.751
1875000000000,0.724,0.706,0.722,0.746,0.747
1875300000000,0.712,0.694,0.709,0.731,0.733
1875600000000,0.695,0.68,0.694,0.712,0.714
1875900000000,0.706,0.689,0.706,0.726,0.727
1876200000000,0.718,0.699,0.717,0.739,0.74
1876500000000,0.723,0.704,0.723,0.745,0.745
1876800000000,0.726,0.706,0.723,0.746,0.746
1877100000000,0.727,0.707,0.725,0.747,0.748
1877400000000,0.726,0.703,0.723,0.748,0.747
1877700000000,0.726,0.702,0.723,0.748,0.745
1878000000000,0.722,0.7,0.718,0.742,0.741
1878300000000,0.725,0.703,0.722,0.747,0.745
1878600000000,0.73,0.707,0.727,0.752,0.75
1878900000000,0.732,0.709,0.728,0.754,0.753
1879200000000,0.729,0.706,0.725,0.751,0.749
1879500000000,0.726,0.704,0.724,0.75,0.748
1879800000000,0.724,0.703,0.722,0.748,0.747
1880100000000,0.724,0.703,0.722,0.749,0.747
1880400000000,0.722,0.701,0.721,0.748,0.747
1880700000000,0.721,0.7,0.72,0.747,0.745
1881000000000,0.723,0.702,0.721,0.747,0.746
1881300000000,0.718,0.697,0.717,0.742,0.741
1881600000000,0.712,0.692,0.712,0.735,0.733
1881900000000,0.718,0.696,0.716,0.74,0.74
1882200000000,0.722,0.699,0.72,0.745,0.746
1882500000000,0.72,0.701,0.718,0.744,0.743
1882800000000,0.72,0.703,0.719,0.744,0.744
1883100000000,0.72,0.702,0.718,0.744,0.743
1883400000000,0.719,0.701,0.717,0.743,0.741
1883700000000,0.72,0.703,0.719,0.744,0.743
1884000000000,0.72,0.7,0.717,0.742,0.741
1884300000000,0.721,0.701,0.718,0.743,0.742
1884600000000,0.725,0.704,0.721,0.747,0.747
1884900000000,0.724,0.704,0.72,0.746,0.746
1885200000000,0.721,0.701,0.717,0.742,0.742
1885500000000,0.713,0.696,0.71,0.734,0.733
1885800000000,0.714,0.697,0.712,0.735,0.734
1886100000000,0.714,0.698,0.711,0.735,0.735
1886400000000,0.706,0.69,0.7,0.725,0.724
1886700000000,0.691,0.676,0.686,0.708,0.706
1887000000000,0.676,0.663,0.674,0.69,0.689
1887300000000,0.666,0.654,0.664,0.676,0.68
1887600000000,0.663,0.652,0.661,0.672,0.678
1887900000000,0.662,0.652,0.662,0.671,0.678
1888200000000,0.655,0.647,0.657,0.665,0.673
1888500000000,0.655,0.647,0.658,0.664,0.674
1888800000000,0.654,0.648,0.657,0.662,0.673
1889100000000,0.653,0.647,0.657,0.662,0.671
1889400000000,0.657,0.651,0.66,0.665,0.673
1889700000000,0.658,0.65,0.659,0.662,0.671
1890000000000,0.667,0.659,0.666,0.671,0.681
1890300000000,0.678,0.668,0.679,0.688,0.695
1890600000000,0.686,0.672,0.687,0.698,0.703
1890900000000,0.679,0.666,0.682,0.691,0.697
1891200000000,0.678,0.665,0.684,0.693,0.697
1891500000000,0.682,0.67,0.689,0.701,0.702
1891800000000,0.687,0.674,0.694,0.709,0.708
1892100000000,0.694,0.68,0.7,0.716,0.716
1892400000000,0.702,0.686,0.705,0.723,0.723
1892700000000,0.706,0.69,0.709,0.728,0.728
1893000000000,0.707,0.692,0.712,0.732,0.732
1893300000000,0.708,0.692,0.712,0.733,0.733
1893600000000,0.709,0.692,0.713,0.734,0.734
1893900000000,0.71,0.694,0.714,0.733,0.734
1894200000000,0.708,0.692,0.712,0.73,0.732
1894500000000,0.701,0.687,0.707,0.723,0.725
1894800000000,0.7,0.686,0.705,0.723,0.723
1895100000000,0.703,0.688,0.707,0.723,0.724
1895400000000,0.706,0.69,0.709,0.727,0.726
1895700000000,0.703,0.687,0.707,0.724,0.724
1896000000000,0.701,0.686,0.705,0.722,0.722
1896300000000,0.704,0.689,0.708,0.726,0.726
1896600000000,0.704,0.689,0.707,0.727,0.727
1896900000000,0.708,0.693,0.711,0.731,0.731
1897200000000,0.709,0.694,0.712,0.732,0.732
1897500000000,0.711,0.695,0.713,0.734,0.733
1897800000000,0.717,0.699,0.718,0.74,0.737
1898100000000,0.715,0.697,0.716,0.738,0.736
1898400000000,0.716,0.698,0.718,0.74,0.738
1898700000000,0.718,0.701,0.721,0.744,0.741
1899000000000,0.719,0.701,0.719,0.743,0.741
1899300000000,0.719,0.701,0.72,0.743,0.742
1899600000000,0.721,0.703,0.723,0.746,0.746
1899900000000,0.723,0.705,0.724,0.748,0.748
1900200000000,0.722,0.703,0.722,0.746,0.745
1900500000000,0.719,0.7,0.72,0.744,0.743
1900800000000,0.717,0.698,0.719,0.742,0.741
1901100000000,0.71,0.693,0.714,0.734,0.733
1901400000000,0.708,0.691,0.711,0.73,0.73
1901700000000,0.706,0.689,0.71,0.729,0.727
1902000000000,0.709,0.692,0.713,0.733,0.731
1902300000000,0.713,0.694,0.716,0.738,0.736
1902600000000,0.712,0.694,0.715,0.738,0.736
1902900000000,0.708,0.69,0.711,0.733,0.73
1903200000000,0.707,0.69,0.71,0.731,0.729
1903500000000,0.711,0.694,0.714,0.737,0.736
1903800000000,0.709,0.692,0.712,0.735,0.734
1904100000000,0.695,0.682,0.701,0.72,0.72
1904400000000,0.688,0.676,0.693,0.709,0.71
1904700000000,0.686,0.675,0.69,0.706,0.706
1905000000000,0.681,0.67,0.684,0.7,0.7
1905300000000,0.67,0.662,0.675,0.69,0.691
1905600000000,0.674,0.664,0.677,0.693,0.695
1905900000000,0.688,0.675,0.689,0.706,0.708
1906200000000,0.7,0.686,0.701,0.72,0.721
1906500000000,0.7,0.686,0.701,0.72,0.721
1906800000000,0.696,0.682,0.698,0.715,0.717
1907100000000,0.695,0.681,0.696,0.714,0.715
1907400000000,0.701,0.686,0.702,0.721,0.722
1907700000000,0.704,0.689,0.706,0.726,0.728
1908000000000,0.7,0.687,0.706,0.725,0.726
1908300000000,0.699,0.685,0.705,0.723,0.724
1908600000000,0.697,0.683,0.7,0.719,0.72
1908900000000,0.694,0.679,0.696,0.715,0.716
1909200000000,0.696,0.682,0.697,0.717,0.718
1909500000000,0.701,0.684,0.7,0.721,0.722
1909800000000,0.697,0.683,0.699,0.72,0.721
1910100000000,0.696,0.684,0.699,0.72,0.719
1910400000000,0.692,0.681,0.695,0.714,0.713
1910700000000,0.692,0.68,0.695,0.713,0.712
1911000000000,0.69,0.679,0.694,0.711,0.71
1911300000000,0.692,0.68,0.694,0.712,0.711
1911600000000,0.696,0.684,0.7,0.718,0.717
1911900000000,0.698,0.685,0.702,0.722,0.723
1912200000000,0.703,0.69,0.708,0.73,0.731
1912500000000,0.714,0.698,0.715,0.739,0.741
1912800000000,0.718,0.7,0.718,0.743,0.745
1913100000000,0.723,0.703,0.723,0.75,0.751
1913400000000,0.725,0.705,0.726,0.754,0.755
1913700000000,0.722,0.703,0.722,0.751,0.752
1914000000000,0.718,0.699,0.717,0.744,0.746
1914300000000,0.716,0.699,0.716,0.741,0.742
1914600000000,0.713,0.696,0.712,0.737,0.739
1914900000000,0.712,0.693,0.709,0.733,0.737
1915200000000,0.718,0.698,0.716,0.74,0.744
1915500000000,0.728,0.707,0.726,0.753,0.755
1915800000000,0.733,0.711,0.732,0.76,0.761
1916100000000,0.737,0.714,0.736,0.763,0.763
1916400000000,0.737,0.713,0.734,0.763,0.763
1916700000000,0.737,0.713,0.734,0.763,0.763
1917000000000,0.733,0.711,0.731,0.76,0.759
1917300000000,0.726,0.707,0.726,0.753,0.752
1917600000000,0.727,0.707,0.727,0.753,0.753
1917900000000,0.727,0.706,0.726,0.752,0.753
1918200000000,0.723,0.703,0.723,0.749,0.75
1918500000000,0.722,0.702,0.722,0.748,0.749
1918800000000,0.72,0.702,0.72,0.746,0.747
1919100000000,0.722,0.704,0.721,0.747,0.748
1919400000000,0.722,0.702,0.72,0.745,0.746
1919700000000,0.722,0.7,0.72,0.745,0.746
1920000000000,0.719,0.699,0.716,0.741,0.741
1920300000000,0.715,0.697,0.713,0.737,0.738
1920600000000,0.714,0.697,0.713,0.739,0.739
1920900000000,0.715,0.697,0.715,0.741,0.742
1921200000000,0.712,0.695,0.714,0.742,0.742
1921500000000,0.713,0.696,0.716,0.743,0.742
1921800000000,0.713,0.696,0.716,0.742,0.741
1922100000000,0.712,0.696,0.715,0.739,0.739
1922400000000,0.714,0.697,0.716,0.74,0.739
1922700000000,0.713,0.695,0.715,0.738,0.737
1923000000000,0.712,0.695,0.714,0.737,0.737
1923300000000,0.711,0.695,0.715,0.737,0.737
1923600000000,0.707,0.691,0.711,0.732,0.733
1923900000000,0.704,0.688,0.708,0.73,0.73
1924200000000,0.705,0.688,0.709,0.73,0.73
1924500000000,0.708,0.689,0.711,0.732,0.732
1924800000000,0.707,0.689,0.71,0.731,0.731
1925100000000,0.708,0.69,0.712,0.733,0.733
1925400000000,0.706,0.689,0.71,0.731,0.732
1925700000000,0.704,0.688,0.708,0.728,0.729
1926000000000,0.704,0.688,0.707,0.728,0.728
1926300000000,0.711,0.694,0.713,0.734,0.735
1926600000000,0.718,0.699,0.718,0.742,0.743
1926900000000,0.719,0.698,0.719,0.741,0.743
1927200000000,0.716,0.694,0.715,0.737,0.738
1927500000000,0.714,0.694,0.714,0.736,0.737
1927800000000,0.719,0.699,0.718,0.742,0.742
1928100000000,0.725,0.704,0.724,0.75,0.75
1928400000000,0.726,0.705,0.725,0.751,0.751
1928700000000,0.719,0.699,0.72,0.744,0.746
1929000000000,0.712,0.692,0.714,0.738,0.739
1929300000000,0.712,0.692,0.714,0.737,0.737
1929600000000,0.712,0.693,0.714,0.736,0.737
1929900000000,0.71,0.69,0.711,0.733,0.733
1930200000000,0.714,0.695,0.715,0.737,0.736
1930500000000,0.715,0.695,0.716,0.737,0.737
1930800000000,0.71,0.691,0.713,0.733,0.733
1931100000000,0.707,0.689,0.709,0.729,0.73
1931400000000,0.701,0.684,0.704,0.722,0.723
1931700000000,0.699,0.683,0.702,0.721,0.721
1932000000000,0.701,0.683,0.703,0.723,0.722
1932300000000,0.701,0.68,0.702,0.723,0.722
1932600000000,0.705,0.683,0.705,0.726,0.726
1932900000000,0.705,0.683,0.704,0.726,0.727
1933200000000,0.705,0.684,0.706,0.728,0.729
1933500000000,0.709,0.687,0.709,0.733,0.733
1933800000000,0.711,0.688,0.71,0.733,0.735
1934100000000,0.712,0.689,0.71,0.734,0.735
1934400000000,0.713,0.688,0.709,0.734,0.735
1934700000000,0.71,0.685,0.708,0.73,0.731
1935000000000,0.709,0.685,0.708,0.731,0.731
1935300000000,0.707,0.683,0.705,0.727,0.727
1935600000000,0.708,0.685,0.706,0.728,0.729
1935900000000,0.693,0.672,0.691,0.71,0.712
1936200000000,0.686,0.668,0.687,0.704,0.706
1936500000000,0.71,0.687,0.709,0.73,0.732
1936800000000,0.733,0.704,0.728,0.755,0.758
1937100000000,0.744,0.713,0.736,0.767,0.771
1937400000000,0.745,0.714,0.737,0.769,0.773
1937700000000,0.745,0.715,0.736,0.769,0.772
1938000000000,0.743,0.715,0.735,0.767,0.77
1938300000000,0.741,0.713,0.733,0.765,0.769
1938600000000,0.739,0.712,0.731,0.763,0.766
1938900000000,0.734,0.707,0.727,0.757,0.76
1939200000000,0.729,0.703,0.722,0.752,0.754
1939500000000,0.726,0.7,0.719,0.748,0.749
1939800000000,0.723,0.697,0.717,0.745,0.747
1940100000000,0.723,0.698,0.717,0.745,0.746
1940400000000,0.722,0.696,0.716,0.744,0.746
1940700000000,0.722,0.699,0.715,0.742,0.745
1941000000000,0.72,0.697,0.714,0.74,0.742
1941300000000,0.722,0.7,0.716,0.743,0.744
1941600000000,0.724,0.701,0.718,0.746,0.747
1941900000000,0.728,0.705,0.723,0.75,0.751
1942200000000,0.729,0.706,0.725,0.751,0.752
1942500000000,0.732,0.709,0.729,0.755,0.756
1942800000000,0.733,0.709,0.729,0.756,0.757
1943100000000,0.734,0.71,0.729,0.756,0.758
1943400000000,0.734,0.71,0.73,0.757,0.759
1943700000000,0.735,0.71,0.73,0.758,0.76
1944000000000,0.734,0.709,0.729,0.757,0.76
1944300000000,0.732,0.708,0.728,0.756,0.76
1944600000000,0.734,0.711,0.73,0.758,0.763
1944900000000,0.736,0.712,0.73,0.759,0.763
1945200000000,0.737,0.711,0.729,0.758,0.761
1945500000000,0.737,0.711,0.728,0.758,0.759
1945800000000,0.736,0.71,0.727,0.757,0.759
1946100000000,0.735,0.71,0.726,0.755,0.759
1946400000000,0.733,0.711,0.727,0.755,0.758
1946700000000,0.733,0.71,0.727,0.755,0.758
1947000000000,0.731,0.707,0.725,0.754,0.756
1947300000000,0.729,0.706,0.724,0.753,0.756
1947600000000,0.729,0.707,0.725,0.753,0.758
1947900000000,0.73,0.707,0.726,0.754,0.759
1948200000000,0.729,0.708,0.724,0.75,0.755
1948500000000,0.729,0.707,0.723,0.75,0.754
1948800000000,0.727,0.706,0.721,0.748,0.751
1949100000000,0.728,0.707,0.723,0.749,0.753
1949400000000,0.728,0.706,0.723,0.749,0.751
1949700000000,0.729,0.707,0.724,0.75,0.751
1950000000000,0.73,0.708,0.724,0.75,0.751
1950300000000,0.73,0.708,0.725,0.75,0.753
1950600000000,0.729,0.708,0.723,0.749,0.753
1950900000000,0.727,0.705,0.72,0.746,0.75
1951200000000,0.73,0.707,0.723,0.751,0.752
1951500000000,0.732,0.71,0.728,0.754,0.756
1951800000000,0.736,0.713,0.731,0.758,0.759
1952100000000,0.736,0.713,0.732,0.759,0.76
1952400000000,0.732,0.71,0.729,0.755,0.756
1952700000000,0.726,0.704,0.725,0.75,0.75
1953000000000,0.719,0.698,0.718,0.744,0.74
1953300000000,0.713,0.693,0.712,0.738,0.734
1953600000000,0.71,0.691,0.709,0.734,0.731
1953900000000,0.71,0.691,0.708,0.733,0.73
1954200000000,0.711,0.69,0.708,0.733,0.731
1954500000000,0.711,0.69,0.708,0.733,0.732
1954800000000,0.71,0.689,0.706,0.73,0.731
1955100000000,0.708,0.688,0.704,0.729,0.729
1955400000000,0.708,0.687,0.704,0.729,0.728
1955700000000,0.708,0.688,0.705,0.729,0.729
1956000000000,0.71,0.689,0.705,0.73,0.73
1956300000000,0.712,0.69,0.706,0.732,0.732
1956600000000,0.718,0.696,0.712,0.737,0.737
1956900000000,0.722,0.701,0.717,0.743,0.744
1957200000000,0.725,0.702,0.719,0.746,0.747
1957500000000,0.727,0.703,0.721,0.747,0.748
1957800000000,0.728,0.706,0.723,0.749,0.749
1958100000000,0.724,0.703,0.722,0.747,0.746
1958400000000,0.722,0.703,0.722,0.747,0.746
1958700000000,0.725,0.701,0.722,0.747,0.746
1959000000000,0.726,0.701,0.721,0.746,0.747
1959300000000,0.725,0.7,0.72,0.745,0.745
1959600000000,0.722,0.699,0.718,0.743,0.742
1959900000000,0.723,0.699,0.719,0.745,0.743
1960200000000,0.723,0.699,0.718,0.745,0.744
1960500000000,0.725,0.701,0.721,0.748,0.747
1960800000000,0.724,0.7,0.721,0.747,0.744
1961100000000,0.72,0.696,0.717,0.742,0.738
1961400000000,0.718,0.693,0.715,0.739,0.736
1961700000000,0.72,0.695,0.716,0.74,0.738
1962000000000,0.723,0.697,0.718,0.742,0.741
1962300000000,0.721,0.696,0.716,0.74,0.741
1962600000000,0.725,0.699,0.719,0.744,0.744
1962900000000,0.728,0.702,0.721,0.746,0.747
1963200000000,0.729,0.706,0.724,0.747,0.749
1963500000000,0.73,0.707,0.725,0.75,0.751
1963800000000,0.729,0.705,0.724,0.748,0.75
1964100000000,0.729,0.706,0.722,0.748,0.749
1964400000000,0.727,0.704,0.72,0.745,0.746
1964700000000,0.731,0.708,0.724,0.75,0.752
1965000000000,0.737,0.711,0.728,0.756,0.76
1965300000000,0.74,0.714,0.73,0.76,0.764
1965600000000,0.738,0.713,0.728,0.758,0.763
1965900000000,0.738,0.713,0.728,0.757,0.763
1966200000000,0.738,0.712,0.729,0.757,0.763
1966500000000,0.735,0.71,0.727,0.755,0.761
1966800000000,0.734,0.708,0.726,0.754,0.757
1967100000000,0.732,0.706,0.724,0.752,0.754
1967400000000,0.733,0.708,0.725,0.753,0.755
1967700000000,0.733,0.71,0.727,0.755,0.758
1968000000000,0.734,0.71,0.726,0.754,0.757
1968300000000,0.731,0.705,0.723,0.751,0.752
1968600000000,0.729,0.703,0.722,0.75,0.75
1968900000000,0.728,0.703,0.722,0.75,0.75
1969200000000,0.728,0.704,0.722,0.749,0.75
1969500000000,0.728,0.704,0.723,0.75,0.751
1969800000000,0.726,0.7,0.721,0.747,0.75
1970100000000,0.73,0.701,0.724,0.751,0.753
1970400000000,0.729,0.702,0.724,0.752,0.753
1970700000000,0.729,0.702,0.723,0.752,0.753
1971000000000,0.73,0.703,0.723,0.752,0.752
1971300000000,0.722,0.698,0.717,0.743,0.743
1971600000000,0.709,0.69,0.706,0.728,0.728
1971900000000,0.709,0.69,0.707,0.726,0.725
1972200000000,0.703,0.684,0.701,0.719,0.716
1972500000000,0.69,0.672,0.689,0.703,0.702
1972800000000,0.679,0.664,0.679,0.692,0.693
1973100000000,0.673,0.659,0.674,0.686,0.687
1973400000000,0.667,0.654,0.67,0.681,0.683
1973700000000,0.664,0.652,0.666,0.675,0.678
1974000000000,0.665,0.654,0.669,0.679,0.682
1974300000000,0.661,0.65,0.661,0.672,0.675
1974600000000,0.656,0.645,0.657,0.667,0.672
1974900000000,0.655,0.645,0.659,0.668,0.673
1975200000000,0.663,0.65,0.665,0.675,0.681
1975500000000,0.667,0.655,0.67,0.679,0.685
1975800000000,0.67,0.657,0.672,0.683,0.688
1976100000000,0.669,0.655,0.673,0.683,0.688
1976400000000,0.664,0.652,0.668,0.679,0.685
1976700000000,0.664,0.649,0.667,0.678,0.683
1977000000000,0.668,0.652,0.672,0.683,0.688
1977300000000,0.664,0.651,0.67,0.682,0.687
1977600000000,0.66,0.648,0.666,0.677,0.682
1977900000000,0.663,0.65,0.667,0.679,0.682
1978200000000,0.664,0.652,0.668,0.681,0.684
1978500000000,0.673,0.659,0.677,0.69,0.692
1978800000000,0.681,0.666,0.686,0.701,0.702
1979100000000,0.688,0.674,0.692,0.709,0.71
1979400000000,0.693,0.675,0.694,0.712,0.71
1979700000000,0.696,0.678,0.696,0.717,0.713
1980000000000,0.698,0.68,0.699,0.72,0.716
1980300000000,0.695,0.677,0.698,0.718,0.713
1980600000000,0.695,0.676,0.698,0.716,0.712
1980900000000,0.693,0.673,0.696,0.713,0.71
1981200000000,0.688,0.668,0.69,0.708,0.703
1981500000000,0.685,0.667,0.687,0.705,0.701
1981800000000,0.688,0.672,0.691,0.709,0.707
1982100000000,0.693,0.677,0.696,0.715,0.713
1982400000000,0.698,0.682,0.702,0.722,0.719
1982700000000,0.71,0.692,0.711,0.734,0.733
1983000000000,0.717,0.697,0.715,0.739,0.74
1983300000000,0.716,0.697,0.714,0.739,0.739
1983600000000,0.712,0.692,0.71,0.734,0.734
1983900000000,0.708,0.687,0.705,0.729,0.729
1984200000000,0.708,0.688,0.705,0.729,0.728
1984500000000,0.709,0.688,0.706,0.729,0.728
1984800000000,0.707,0.687,0.704,0.726,0.724
1985100000000,0.709,0.688,0.706,0.728,0.726
1985400000000,0.705,0.685,0.701,0.723,0.721
1985700000000,0.705,0.686,0.703,0.725,0.725
1986000000000,0.706,0.687,0.705,0.727,0.727
1986300000000,0.712,0.693,0.71,0.734,0.734
1986600000000,0.712,0.691,0.709,0.733,0.735
1986900000000,0.709,0.688,0.705,0.73,0.73
1987200000000,0.704,0.684,0.701,0.724,0.724
1987500000000,0.697,0.676,0.695,0.716,0.716
1987800000000,0.692,0.671,0.691,0.711,0.711
1988100000000,0.688,0.668,0.689,0.709,0.708
1988400000000,0.693,0.674,0.693,0.714,0.713
1988700000000,0.694,0.674,0.693,0.713,0.713
1989000000000,0.701,0.681,0.701,0.722,0.722
1989300000000,0.704,0.685,0.707,0.729,0.728
1989600000000,0.707,0.687,0.711,0.732,0.731
1989900000000,0.713,0.691,0.715,0.737,0.736
1990200000000,0.709,0.686,0.71,0.732,0.731
1990500000000,0.708,0.685,0.709,0.731,0.731
1990800000000,0.707,0.685,0.706,0.729,0.728
1991100000000,0.704,0.683,0.704,0.725,0.724
1991400000000,0.701,0.682,0.701,0.72,0.72
1991700000000,0.701,0.682,0.701,0.72,0.72
1992000000000,0.703,0.684,0.704,0.723,0.723
1992300000000,0.703,0.683,0.704,0.724,0.723
1992600000000,0.698,0.678,0.7,0.718,0.718
1992900000000,0.699,0.681,0.702,0.72,0.72
1993200000000,0.704,0.685,0.705,0.725,0.724
1993500000000,0.713,0.693,0.712,0.733,0.734
1993800000000,0.719,0.698,0.717,0.739,0.742
1994100000000,0.722,0.699,0.719,0.743,0.745
1994400000000,0.722,0.698,0.719,0.744,0.745
1994700000000,0.726,0.699,0.721,0.747,0.748
1995000000000,0.726,0.7,0.723,0.749,0.749
1995300000000,0.726,0.702,0.722,0.749,0.749
1995600000000,0.723,0.7,0.721,0.747,0.749
1995900000000,0.721,0.698,0.719,0.742,0.746
1996200000000,0.719,0.696,0.717,0.741,0.744
1996500000000,0.715,0.693,0.714,0.738,0.739
1996800000000,0.712,0.689,0.709,0.733,0.732
1997100000000,0.704,0.682,0.703,0.726,0.726
1997400000000,0.703,0.683,0.704,0.726,0.727
1997700000000,0.702,0.681,0.704,0.725,0.725
1998000000000,0.702,0.681,0.704,0.727,0.726
1998300000000,0.704,0.682,0.705,0.728,0.728
1998600000000,0.711,0.689,0.711,0.732,0.733
1998900000000,0.718,0.694,0.717,0.74,0.741
1999200000000,0.724,0.698,0.721,0.747,0.748
1999500000000,0.719,0.693,0.717,0.741,0.743
1999800000000,0.713,0.689,0.714,0.738,0.739
2000100000000,0.706,0.684,0.708,0.732,0.732
2000400000000,0.701,0.681,0.705,0.727,0.727
2000700000000,0.703,0.683,0.706,0.728,0.728
2001000000000,0.706,0.686,0.709,0.732,0.732
2001300000000,0.708,0.689,0.711,0.735,0.735
2001600000000,0.713,0.692,0.716,0.74,0.74
2001900000000,0.715,0.693,0.718,0.743,0.742
2002200000000,0.716,0.693,0.718,0.743,0.741
2002500000000,0.711,0.688,0.713,0.736,0.735
2002800000000,0.709,0.686,0.71,0.733,0.732
2003100000000,0.711,0.688,0.71,0.732,0.731
2003400000000,0.711,0.687,0.71,0.731,0.731
2003700000000,0.711,0.688,0.711,0.732,0.731
2004000000000,0.708,0.685,0.709,0.731,0.731
2004300000000,0.708,0.686,0.711,0.735,0.733
2004600000000,0.707,0.686,0.711,0.735,0.733
2004900000000,0.709,0.688,0.712,0.737,0.735
2005200000000,0.712,0.692,0.715,0.738,0.737
2005500000000,0.716,0.694,0.716,0.738,0.737
2005800000000,0.719,0.695,0.717,0.739,0.739
2006100000000,0.72,0.696,0.718,0.74,0.738
2006400000000,0.719,0.696,0.718,0.74,0.739
2006700000000,0.716,0.693,0.716,0.738,0.737
2007000000000,0.718,0.695,0.718,0.74,0.739
2007300000000,0.718,0.694,0.718,0.74,0.739
2007600000000,0.715,0.692,0.716,0.739,0.738
2007900000000,0.718,0.696,0.719,0.743,0.741
2008200000000,0.718,0.697,0.718,0.741,0.74
2008500000000,0.719,0.696,0.716,0.739,0.738
2008800000000,0.722,0.697,0.718,0.742,0.74
2009100000000,0.722,0.697,0.718,0.742,0.741
2009400000000,0.722,0.695,0.717,0.741,0.741
2009700000000,0.716,0.69,0.713,0.73,0.733
2010000000000,0.713,0.688,0.71,0.726,0.73
2010300000000,0.711,0.684,0.706,0.719,0.725
2010600000000,0.708,0.681,0.703,0.714,0.72
2010900000000,0.704,0.678,0.699,0.708,0.716
2011200000000,0.703,0.678,0.699,0.709,0.715
2011500000000,0.704,0.68,0.701,0.711,0.718
2011800000000,0.703,0.681,0.701,0.713,0.718
2012100000000,0.708,0.686,0.707,0.724,0.726
2012400000000,0.715,0.691,0.713,0.736,0.734
2012700000000,0.718,0.694,0.717,0.74,0.737
2013000000000,0.718,0.694,0.717,0.739,0.737
2013300000000,0.722,0.698,0.72,0.743,0.742
2013600000000,0.719,0.695,0.717,0.74,0.739
2013900000000,0.709,0.685,0.709,0.728,0.728
2014200000000,0.706,0.684,0.707,0.723,0.724
2014500000000,0.708,0.686,0.709,0.727,0.726
2014800000000,0.709,0.687,0.711,0.729,0.729
2015100000000,0.705,0.682,0.705,0.72,0.721
2015400000000,0.703,0.682,0.704,0.718,0.721
2015700000000,0.704,0.682,0.704,0.721,0.722
2016000000000,0.706,0.685,0.706,0.725,0.725
2016300000000,0.708,0.687,0.707,0.727,0.726
2016600000000,0.713,0.691,0.711,0.733,0.73
2016900000000,0.715,0.693,0.713,0.736,0.733
2017200000000,0.716,0.692,0.714,0.737,0.735
2017500000000,0.719,0.694,0.714,0.738,0.737
2017800000000,0.717,0.694,0.713,0.736,0.735
2018100000000,0.711,0.691,0.709,0.732,0.73
2018400000000,0.708,0.69,0.707,0.73,0.727
2018700000000,0.712,0.694,0.712,0.735,0.734
2019000000000,0.71,0.691,0.709,0.732,0.731
2019300000000,0.706,0.688,0.706,0.728,0.728
2019600000000,0.705,0.687,0.705,0.726,0.726
2019900000000,0.707,0.689,0.706,0.728,0.728
2020200000000,0.709,0.689,0.708,0.728,0.729
2020500000000,0.704,0.685,0.703,0.722,0.722
2020800000000,0.703,0.685,0.702,0.721,0.721
2021100000000,0.709,0.689,0.707,0.727,0.727
2021400000000,0.712,0.69,0.71,0.731,0.731
2021700000000,0.712,0.69,0.71,0.731,0.731
2022000000000,0.721,0.698,0.72,0.743,0.743
2022300000000,0.732,0.707,0.729,0.754,0.755
2022600000000,0.735,0.709,0.73,0.757,0.758
2022900000000,0.735,0.708,0.73,0.756,0.758
2023200000000,0.735,0.708,0.73,0.756,0.758
2023500000000,0.736,0.709,0.729,0.757,0.758
2023800000000,0.733,0.707,0.728,0.755,0.756
2024100000000,0.732,0.706,0.727,0.754,0.754
2024400000000,0.734,0.708,0.728,0.756,0.756
2024700000000,0.737,0.71,0.73,0.759,0.759
2025000000000,0.739,0.711,0.732,0.76,0.762
2025300000000,0.74,0.713,0.733,0.762,0.764
2025600000000,0.739,0.712,0.732,0.761,0.762
2025900000000,0.737,0.71,0.73,0.759,0.76
2026200000000,0.735,0.708,0.728,0.757,0.757
2026500000000,0.733,0.707,0.727,0.756,0.756
2026800000000,0.732,0.706,0.726,0.754,0.754
2027100000000,0.732,0.708,0.727,0.756,0.755
2027400000000,0.732,0.707,0.727,0.756,0.755
2027700000000,0.732,0.706,0.728,0.757,0.756
2028000000000,0.731,0.707,0.728,0.756,0.756
2028300000000,0.733,0.708,0.728,0.757,0.756
2028600000000,0.734,0.708,0.729,0.758,0.757
2028900000000,0.732,0.708,0.729,0.758,0.759
2029200000000,0.733,0.708,0.73,0.758,0.759
2029500000000,0.733,0.708,0.729,0.759,0.76
2029800000000,0.734,0.708,0.729,0.759,0.76
2030100000000,0.734,0.707,0.73,0.759,0.76
2030400000000,0.737,0.709,0.731,0.762,0.761
2030700000000,0.738,0.711,0.732,0.763,0.763
2031000000000,0.74,0.715,0.734,0.764,0.765
2031300000000,0.744,0.725,0.734,0.765,0.766
2031600000000,0.746,0.728,0.734,0.764,0.764
2031900000000,0.744,0.726,0.732,0.762,0.763
2032200000000,0.742,0.725,0.731,0.76,0.761
2032500000000,0.743,0.725,0.731,0.76,0.761
2032800000000,0.743,0.725,0.732,0.761,0.762
2033100000000,0.74,0.723,0.73,0.759,0.76
2033400000000,0.738,0.723,0.73,0.758,0.759
2033700000000,0.738,0.72,0.73,0.76,0.759
2034000000000,0.74,0.722,0.732,0.761,0.761
2034300000000,0.741,0.725,0.733,0.762,0.762
2034600000000,0.74,0.72,0.731,0.759,0.76
2034900000000,0.74,0.719,0.729,0.757,0.758
2035200000000,0.739,0.719,0.729,0.757,0.758
2035500000000,0.739,0.72,0.73,0.758,0.758
2035800000000,0.74,0.72,0.73,0.757,0.758
2036100000000,0.741,0.723,0.731,0.757,0.759
2036400000000,0.742,0.725,0.732,0.758,0.76
2036700000000,0.743,0.726,0.733,0.76,0.761
2037000000000,0.743,0.725,0.733,0.76,0.762
2037300000000,0.743,0.725,0.733,0.759,0.761
2037600000000,0.744,0.725,0.733,0.759,0.761
2037900000000,0.743,0.724,0.732,0.758,0.76
2038200000000,0.741,0.723,0.73,0.754,0.756
2038500000000,0.741,0.723,0.73,0.754,0.755
2038800000000,0.74,0.723,0.729,0.753,0.755
2039100000000,0.739,0.723,0.728,0.753,0.755
2039400000000,0.737,0.721,0.726,0.751,0.753
2039700000000,0.736,0.721,0.726,0.751,0.753
2040000000000,0.739,0.723,0.729,0.754,0.756
2040300000000,0.743,0.726,0.733,0.758,0.76
2040600000000,0.742,0.724,0.731,0.756,0.759
2040900000000,0.739,0.722,0.729,0.753,0.754
2041200000000,0.74,0.723,0.729,0.754,0.755
2041500000000,0.738,0.723,0.729,0.754,0.755
2041800000000,0.736,0.721,0.728,0.753,0.755
2042100000000,0.738,0.722,0.728,0.754,0.755
2042400000000,0.736,0.721,0.727,0.753,0.752
2042700000000,0.736,0.721,0.726,0.752,0.754
2043000000000,0.736,0.722,0.726,0.753,0.754
2043300000000,0.733,0.72,0.724,0.751,0.753
2043600000000,0.734,0.719,0.724,0.751,0.754
2043900000000,0.736,0.721,0.727,0.754,0.756
2044200000000,0.734,0.719,0.725,0.752,0.754
2044500000000,0.734,0.719,0.724,0.752,0.753
2044800000000,0.734,0.718,0.724,0.752,0.753
2045100000000,0.733,0.718,0.725,0.752,0.753
2045400000000,0.732,0.717,0.723,0.751,0.75
2045700000000,0.731,0.717,0.724,0.753,0.75
2046000000000,0.731,0.717,0.725,0.753,0.751
2046300000000,0.733,0.719,0.726,0.754,0.753
2046600000000,0.735,0.72,0.727,0.755,0.754
2046900000000,0.733,0.717,0.726,0.753,0.753
2047200000000,0.733,0.717,0.725,0.753,0.752
2047500000000,0.733,0.718,0.724,0.752,0.751
2047800000000,0.728,0.714,0.718,0.746,0.746
2048100000000,0.725,0.711,0.715,0.742,0.743
2048400000000,0.726,0.712,0.717,0.743,0.744
2048700000000,0.725,0.711,0.717,0.743,0.744
2049000000000,0.723,0.711,0.716,0.74,0.741
2049300000000,0.722,0.711,0.717,0.741,0.741
2049600000000,0.727,0.715,0.719,0.745,0.745
2049900000000,0.727,0.715,0.72,0.745,0.745
2050200000000,0.727,0.715,0.721,0.745,0.744
2050500000000,0.73,0.718,0.723,0.749,0.748
2050800000000,0.731,0.717,0.724,0.75,0.749
2051100000000,0.734,0.719,0.725,0.752,0.752
2051400000000,0.732,0.718,0.722,0.749,0.75
2051700000000,0.726,0.713,0.716,0.744,0.744
2052000000000,0.724,0.711,0.715,0.742,0.743
2052300000000,0.723,0.711,0.716,0.743,0.744
2052600000000,0.722,0.71,0.716,0.743,0.741
2052900000000,0.724,0.711,0.717,0.744,0.744
2053200000000,0.724,0.712,0.716,0.745,0.744
2053500000000,0.724,0.711,0.714,0.745,0.745
2053800000000,0.724,0.71,0.712,0.743,0.744
2054100000000,0.724,0.711,0.713,0.743,0.745
2054400000000,0.725,0.713,0.715,0.745,0.747
2054700000000,0.724,0.714,0.717,0.747,0.749
2055000000000,0.721,0.711,0.712,0.74,0.744
2055300000000,0.706,0.7,0.698,0.723,0.728
2055600000000,0.685,0.685,0.682,0.702,0.708
2055900000000,0.665,0.666,0.665,0.68,0.687
2056200000000,0.658,0.66,0.662,0.674,0.68
2056500000000,0.657,0.66,0.662,0.671,0.678
2056800000000,0.654,0.658,0.66,0.668,0.674
2057100000000,0.647,0.653,0.654,0.661,0.668
2057400000000,0.649,0.655,0.655,0.663,0.671
2057700000000,0.649,0.654,0.654,0.664,0.672
2058000000000,0.642,0.649,0.649,0.657,0.664
2058300000000,0.642,0.648,0.649,0.658,0.665
2058600000000,0.649,0.653,0.656,0.665,0.671
2058900000000,0.657,0.659,0.665,0.673,0.679
2059200000000,0.663,0.665,0.672,0.675,0.683
2059500000000,0.658,0.659,0.664,0.668,0.677
2059800000000,0.666,0.666,0.668,0.678,0.685
2060100000000,0.68,0.678,0.681,0.694,0.699
2060400000000,0.674,0.673,0.677,0.688,0.693
2060700000000,0.664,0.666,0.669,0.68,0.684
2061000000000,0.67,0.67,0.675,0.689,0.691
2061300000000,0.679,0.676,0.681,0.7,0.7
2061600000000,0.689,0.686,0.69,0.711,0.712
2061900000000,0.7,0.693,0.699,0.721,0.721
2062200000000,0.702,0.694,0.7,0.724,0.723
2062500000000,0.697,0.69,0.696,0.72,0.719
2062800000000,0.7,0.689,0.696,0.723,0.721
2063100000000,0.699,0.687,0.695,0.721,0.719
2063400000000,0.703,0.691,0.699,0.725,0.725
2063700000000,0.706,0.694,0.703,0.728,0.729
2064000000000,0.699,0.689,0.698,0.722,0.723
2064300000000,0.69,0.683,0.692,0.713,0.714
2064600000000,0.69,0.683,0.693,0.713,0.715
2064900000000,0.696,0.686,0.695,0.72,0.721
2065200000000,0.698,0.689,0.698,0.722,0.723
2065500000000,0.702,0.691,0.702,0.724,0.725
2065800000000,0.704,0.694,0.704,0.728,0.729
2066100000000,0.706,0.696,0.707,0.732,0.731
2066400000000,0.711,0.699,0.71,0.735,0.734
2066700000000,0.709,0.697,0.707,0.733,0.732
2067000000000,0.699,0.686,0.699,0.724,0.723
2067300000000,0.698,0.684,0.699,0.722,0.722
2067600000000,0.692,0.681,0.693,0.713,0.715
2067900000000,0.688,0.679,0.69,0.71,0.712
2068200000000,0.69,0.683,0.692,0.713,0.714
2068500000000,0.694,0.686,0.696,0.719,0.718
2068800000000,0.693,0.684,0.696,0.719,0.718
2069100000000,0.698,0.688,0.699,0.724,0.722
2069400000000,0.7,0.689,0.7,0.725,0.723
2069700000000,0.704,0.693,0.701,0.727,0.724
2070000000000,0.706,0.694,0.702,0.727,0.726
2070300000000,0.701,0.691,0.699,0.724,0.723
2070600000000,0.7,0.69,0.699,0.725,0.723
2070900000000,0.705,0.694,0.704,0.73,0.728
2071200000000,0.699,0.69,0.7,0.726,0.725
2071500000000,0.691,0.685,0.693,0.719,0.717
2071800000000,0.697,0.69,0.698,0.723,0.722
2072100000000,0.7,0.691,0.699,0.723,0.723
2072400000000,0.696,0.687,0.697,0.716,0.718
2072700000000,0.691,0.683,0.694,0.715,0.715
2073000000000,0.691,0.684,0.695,0.716,0.715
2073300000000,0.691,0.684,0.695,0.715,0.715
2073600000000,0.689,0.683,0.693,0.714,0.713
2073900000000,0.688,0.682,0.694,0.716,0.714
2074200000000,0.683,0.678,0.689,0.71,0.71
2074500000000,0.68,0.677,0.686,0.708,0.707
2074800000000,0.686,0.682,0.69,0.709,0.711
2075100000000,0.688,0.685,0.693,0.711,0.714
2075400000000,0.69,0.686,0.694,0.713,0.715
2075700000000,0.688,0.684,0.692,0.711,0.712
2076000000000,0.682,0.678,0.686,0.706,0.706
2076300000000,0.683,0.679,0.689,0.708,0.709
2076600000000,0.69,0.683,0.692,0.713,0.713
2076900000000,0.693,0.686,0.695,0.716,0.716
2077200000000,0.692,0.688,0.697,0.721,0.721
2077500000000,0.693,0.689,0.7,0.722,0.722
2077800000000,0.695,0.69,0.702,0.724,0.724
2078100000000,0.689,0.686,0.699,0.719,0.719
2078400000000,0.698,0.692,0.703,0.726,0.725
2078700000000,0.698,0.691,0.701,0.723,0.722
2079000000000,0.704,0.694,0.704,0.726,0.726
2079300000000,0.705,0.697,0.707,0.73,0.73
2079600000000,0.704,0.697,0.708,0.732,0.73
2079900000000,0.706,0.696,0.707,0.732,0.731
2080200000000,0.709,0.7,0.71,0.735,0.735
2080500000000,0.713,0.702,0.712,0.739,0.739
2080800000000,0.713,0.703,0.714,0.74,0.741
2081100000000,0.708,0.698,0.709,0.737,0.738
2081400000000,0.703,0.694,0.705,0.731,0.732
2081700000000,0.703,0.695,0.705,0.729,0.73
2082000000000,0.707,0.699,0.708,0.734,0.734
2082300000000,0.701,0.695,0.705,0.73,0.729
2082600000000,0.698,0.692,0.702,0.728,0.727
2082900000000,0.7,0.693,0.703,0.73,0.728
2083200000000,0.704,0.695,0.706,0.734,0.732
2083500000000,0.71,0.699,0.709,0.737,0.736
2083800000000,0.71,0.7,0.71,0.738,0.739
2084100000000,0.709,0.699,0.709,0.736,0.737
2084400000000,0.708,0.699,0.708,0.735,0.736
2084700000000,0.712,0.702,0.71,0.738,0.739
2085000000000,0.712,0.703,0.711,0.737,0.738
2085300000000,0.71,0.702,0.71,0.736,0.736
2085600000000,0.708,0.701,0.708,0.735,0.735
2085900000000,0.705,0.699,0.706,0.731,0.733
2086200000000,0.708,0.701,0.708,0.734,0.735
2086500000000,0.704,0.698,0.706,0.733,0.733
2086800000000,0.702,0.696,0.705,0.733,0.732
2087100000000,0.702,0.696,0.706,0.734,0.733
2087400000000,0.704,0.697,0.706,0.736,0.733
2087700000000,0.705,0.698,0.707,0.737,0.736
2088000000000,0.709,0.7,0.71,0.739,0.738
2088300000000,0.714,0.703,0.712,0.74,0.739
2088600000000,0.712,0.702,0.71,0.738,0.737
2088900000000,0.709,0.701,0.708,0.736,0.736
2089200000000,0.703,0.697,0.705,0.732,0.73
2089500000000,0.702,0.695,0.704,0.73,0.728
2089800000000,0.701,0.694,0.702,0.726,0.724
2090100000000,0.7,0.693,0.701,0.724,0.723
2090400000000,0.707,0.699,0.708,0.733,0.732
2090700000000,0.712,0.703,0.712,0.739,0.739
2091000000000,0.714,0.703,0.713,0.74,0.741
2091300000000,0.724,0.709,0.719,0.749,0.751
2091600000000,0.734,0.717,0.726,0.759,0.761
2091900000000,0.734,0.716,0.726,0.759,0.761
2092200000000,0.733,0.715,0.725,0.756,0.76
2092500000000,0.735,0.716,0.725,0.755,0.759
2092800000000,0.737,0.718,0.727,0.758,0.761
2093100000000,0.726,0.71,0.72,0.749,0.752
2093400000000,0.721,0.708,0.716,0.746,0.748
2093700000000,0.72,0.707,0.716,0.747,0.748
2094000000000,0.722,0.709,0.718,0.748,0.749
2094300000000,0.724,0.711,0.72,0.75,0.751
2094600000000,0.724,0.711,0.72,0.75,0.751
2094900000000,0.722,0.708,0.718,0.749,0.75
2095200000000,0.722,0.708,0.718,0.75,0.751
2095500000000,0.724,0.709,0.718,0.751,0.752
2095800000000,0.723,0.709,0.719,0.751,0.752
2096100000000,0.728,0.711,0.722,0.753,0.755
2096400000000,0.729,0.713,0.722,0.755,0.757
2096700000000,0.73,0.714,0.723,0.756,0.758
2097000000000,0.729,0.713,0.722,0.756,0.758
2097300000000,0.731,0.714,0.723,0.757,0.759
2097600000000,0.735,0.717,0.726,0.761,0.763
2097900000000,0.735,0.717,0.727,0.762,0.764
2098200000000,0.736,0.718,0.728,0.763,0.765
2098500000000,0.729,0.714,0.724,0.756,0.758
2098800000000,0.719,0.707,0.716,0.746,0.748
2099100000000,0.72,0.71,0.717,0.748,0.748
2099400000000,0.722,0.71,0.717,0.747,0.748
2099700000000,0.719,0.706,0.713,0.743,0.745
2100000000000,0.714,0.704,0.709,0.737,0.741
2100300000000,0.717,0.706,0.713,0.74,0.744
2100600000000,0.727,0.713,0.722,0.748,0.752
2100900000000,0.731,0.716,0.725,0.751,0.754
2101200000000,0.732,0.717,0.726,0.751,0.755
2101500000000,0.732,0.717,0.727,0.751,0.755
2101800000000,0.73,0.716,0.726,0.751,0.754
2102100000000,0.731,0.717,0.726,0.75,0.753
2102400000000,0.733,0.718,0.727,0.751,0.754
2102700000000,0.729,0.715,0.723,0.748,0.751
2103000000000,0.728,0.715,0.723,0.748,0.751
2103300000000,0.73,0.716,0.725,0.749,0.753
2103600000000,0.731,0.716,0.726,0.752,0.755
2103900000000,0.733,0.718,0.727,0.753,0.757
2104200000000,0.734,0.719,0.728,0.755,0.758
2104500000000,0.733,0.718,0.726,0.753,0.756
2104800000000,0.731,0.716,0.724,0.752,0.755
2105100000000,0.731,0.716,0.725,0.753,0.754
2105400000000,0.731,0.715,0.725,0.753,0.753
2105700000000,0.73,0.714,0.724,0.752,0.753
2106000000000,0.733,0.717,0.725,0.755,0.755
2106300000000,0.733,0.716,0.726,0.757,0.756
2106600000000,0.737,0.72,0.73,0.759,0.759
2106900000000,0.734,0.718,0.728,0.756,0.757
2107200000000,0.731,0.714,0.725,0.754,0.755
2107500000000,0.733,0.716,0.726,0.755,0.756
2107800000000,0.734,0.717,0.727,0.756,0.757
2108100000000,0.733,0.717,0.727,0.755,0.757
2108400000000,0.732,0.714,0.726,0.755,0.756
2108700000000,0.731,0.713,0.726,0.753,0.754
2109000000000,0.729,0.712,0.725,0.752,0.752
2109300000000,0.728,0.712,0.724,0.75,0.751
2109600000000,0.731,0.714,0.725,0.751,0.752
2109900000000,0.731,0.715,0.726,0.753,0.755
2110200000000,0.734,0.718,0.728,0.755,0.758
2110500000000,0.734,0.717,0.729,0.755,0.758
2110800000000,0.733,0.719,0.728,0.754,0.757
2111100000000,0.734,0.72,0.73,0.755,0.758
2111400000000,0.735,0.719,0.729,0.754,0.758
2111700000000,0.734,0.719,0.729,0.753,0.757
2112000000000,0.733,0.718,0.728,0.751,0.756
2112300000000,0.73,0.716,0.725,0.749,0.754
2112600000000,0.729,0.715,0.723,0.747,0.752
2112900000000,0.727,0.711,0.722,0.746,0.751
2113200000000,0.726,0.71,0.72,0.744,0.749
2113500000000,0.724,0.709,0.718,0.742,0.747
2113800000000,0.725,0.711,0.718,0.741,0.747
2114100000000,0.727,0.711,0.72,0.743,0.748
2114400000000,0.726,0.71,0.719,0.743,0.748
2114700000000,0.727,0.712,0.721,0.745,0.75
2115000000000,0.726,0.709,0.72,0.745,0.747
2115300000000,0.726,0.71,0.721,0.746,0.749
2115600000000,0.727,0.711,0.723,0.748,0.75
2115900000000,0.728,0.711,0.723,0.749,0.752
2116200000000,0.729,0.712,0.724,0.75,0.752
2116500000000,0.729,0.711,0.724,0.749,0.752
2116800000000,0.733,0.716,0.727,0.751,0.755
2117100000000,0.735,0.72,0.728,0.751,0.756
2117400000000,0.733,0.717,0.726,0.751,0.754
2117700000000,0.73,0.714,0.724,0.749,0.752
2118000000000,0.727,0.711,0.721,0.746,0.75
2118300000000,0.725,0.709,0.72,0.745,0.749
2118600000000,0.726,0.711,0.721,0.745,0.749
2118900000000,0.726,0.712,0.721,0.745,0.749
2119200000000,0.724,0.707,0.719,0.744,0.747
2119500000000,0.723,0.707,0.719,0.744,0.747
2119800000000,0.725,0.709,0.721,0.746,0.749
2120100000000,0.725,0.71,0.721,0.747,0.75
2120400000000,0.726,0.71,0.721,0.747,0.75
2120700000000,0.727,0.711,0.723,0.749,0.752
2121000000000,0.729,0.711,0.724,0.749,0.753
2121300000000,0.728,0.711,0.723,0.749,0.754
2121600000000,0.728,0.711,0.724,0.749,0.754
2121900000000,0.728,0.714,0.724,0.748,0.754
2122200000000,0.728,0.713,0.722,0.747,0.752
2122500000000,0.725,0.712,0.721,0.744,0.749
2122800000000,0.724,0.71,0.719,0.741,0.747
2123100000000,0.719,0.706,0.715,0.738,0.743
2123400000000,0.716,0.704,0.712,0.735,0.741
2123700000000,0.714,0.703,0.711,0.734,0.74
2124000000000,0.716,0.706,0.713,0.737,0.743
2124300000000,0.713,0.703,0.711,0.735,0.741
2124600000000,0.716,0.705,0.713,0.737,0.743
2124900000000,0.717,0.706,0.713,0.737,0.744
2125200000000,0.717,0.707,0.713,0.737,0.744
2125500000000,0.715,0.704,0.71,0.734,0.742
2125800000000,0.717,0.707,0.713,0.737,0.744
2126100000000,0.717,0.707,0.713,0.738,0.744
2126400000000,0.718,0.708,0.715,0.74,0.746
2126700000000,0.716,0.706,0.713,0.738,0.744
2127000000000,0.714,0.704,0.71,0.735,0.742
2127300000000,0.71,0.701,0.707,0.732,0.737
2127600000000,0.707,0.7,0.705,0.731,0.736
2127900000000,0.706,0.7,0.704,0.73,0.736
2128200000000,0.706,0.698,0.703,0.728,0.734
2128500000000,0.704,0.697,0.701,0.726,0.733
2128800000000,0.703,0.697,0.701,0.725,0.731
2129100000000,0.699,0.693,0.696,0.72,0.726
2129400000000,0.702,0.698,0.7,0.724,0.73
2129700000000,0.703,0.699,0.703,0.728,0.733
2130000000000,0.702,0.698,0.703,0.727,0.732
2130300000000,0.701,0.698,0.703,0.726,0.732
2130600000000,0.698,0.695,0.701,0.725,0.73
2130900000000,0.702,0.698,0.704,0.728,0.734
2131200000000,0.702,0.698,0.706,0.729,0.735
2131500000000,0.7,0.696,0.705,0.726,0.733
2131800000000,0.706,0.7,0.709,0.731,0.737
2132100000000,0.709,0.702,0.712,0.736,0.741
2132400000000,0.715,0.707,0.716,0.741,0.746
2132700000000,0.713,0.707,0.715,0.74,0.745
2133000000000,0.71,0.704,0.714,0.738,0.744
2133300000000,0.708,0.702,0.711,0.735,0.74
2133600000000,0.711,0.704,0.711,0.737,0.741
2133900000000,0.713,0.705,0.712,0.738,0.742
2134200000000,0.715,0.706,0.713,0.74,0.742
2134500000000,0.717,0.709,0.716,0.742,0.745
2134800000000,0.719,0.71,0.718,0.743,0.746
2135100000000,0.716,0.708,0.716,0.741,0.745
2135400000000,0.719,0.71,0.72,0.744,0.747
2135700000000,0.722,0.713,0.722,0.747,0.75
2136000000000,0.722,0.711,0.72,0.747,0.75
2136300000000,0.724,0.714,0.723,0.748,0.751
2136600000000,0.724,0.713,0.723,0.747,0.751
2136900000000,0.723,0.711,0.721,0.745,0.749
2137200000000,0.724,0.714,0.722,0.745,0.75
2137500000000,0.725,0.713,0.723,0.746,0.751
2137800000000,0.724,0.713,0.722,0.746,0.75
2138100000000,0.722,0.711,0.721,0.745,0.749
2138400000000,0.719,0.709,0.72,0.744,0.747
2138700000000,0.72,0.711,0.721,0.746,0.749
2139000000000,0.721,0.711,0.723,0.747,0.751
2139300000000,0.721,0.712,0.721,0.747,0.751
2139600000000,0.721,0.711,0.721,0.747,0.749
2139900000000,0.721,0.711,0.721,0.746,0.748
2140200000000,0.713,0.707,0.715,0.74,0.743
2140500000000,0.697,0.696,0.703,0.729,0.734
2140800000000,0.686,0.685,0.695,0.716,0.723
2141100000000,0.673,0.673,0.685,0.701,0.708
2141400000000,0.665,0.667,0.679,0.692,0.7
2141700000000,0.661,0.663,0.676,0.687,0.695
2142000000000,0.672,0.671,0.683,0.697,0.704
2142300000000,0.669,0.669,0.683,0.695,0.702
2142600000000,0.673,0.674,0.688,0.702,0.708
2142900000000,0.686,0.684,0.696,0.712,0.718
2143200000000,0.692,0.687,0.7,0.718,0.723
2143500000000,0.7,0.695,0.706,0.728,0.731
2143800000000,0.697,0.691,0.702,0.723,0.727
2144100000000,0.702,0.695,0.704,0.727,0.731
2144400000000,0.713,0.704,0.711,0.739,0.742
2144700000000,0.715,0.705,0.707,0.735,0.739
2145000000000,0.715,0.705,0.705,0.73,0.731
2145300000000,0.714,0.702,0.706,0.73,0.731
2145600000000,0.711,0.701,0.708,0.733,0.734
2145900000000,0.705,0.697,0.707,0.732,0.735
2146200000000,0.701,0.696,0.707,0.729,0.734
2146500000000,0.704,0.698,0.708,0.732,0.736
2146800000000,0.694,0.691,0.702,0.722,0.728
2147100000000,0.695,0.692,0.702,0.723,0.727
2147400000000,0.696,0.692,0.702,0.722,0.726
2147700000000,0.693,0.689,0.7,0.718,0.724
2148000000000,0.693,0.689,0.7,0.718,0.723
2148300000000,0.686,0.685,0.695,0.713,0.719
2148600000000,0.686,0.684,0.695,0.713,0.719
2148900000000,0.69,0.687,0.696,0.718,0.722
2149200000000,0.688,0.686,0.693,0.715,0.719
2149500000000,0.691,0.689,0.695,0.717,0.719
2149800000000,0.686,0.686,0.693,0.714,0.718
2150100000000,0.684,0.683,0.69,0.709,0.715
2150400000000,0.691,0.687,0.693,0.714,0.719
2150700000000,0.7,0.694,0.699,0.724,0.729
2151000000000,0.717,0.707,0.713,0.742,0.745
2151300000000,0.723,0.712,0.718,0.75,0.752
2151600000000,0.736,0.723,0.728,0.76,0.764
2151900000000,0.74,0.725,0.73,0.764,0.766
2152200000000,0.742,0.725,0.73,0.765,0.767
2152500000000,0.747,0.728,0.734,0.767,0.769
2152800000000,0.743,0.726,0.729,0.763,0.764
2153100000000,0.736,0.721,0.721,0.756,0.758
2153400000000,0.734,0.719,0.717,0.752,0.754
2153700000000,0.727,0.713,0.711,0.743,0.745
2154000000000,0.713,0.704,0.701,0.731,0.732
2154300000000,0.71,0.704,0.702,0.733,0.733
2154600000000,0.709,0.705,0.705,0.734,0.735
2154900000000,0.698,0.696,0.697,0.726,0.728
2155200000000,0.68,0.683,0.683,0.71,0.71
2155500000000,0.681,0.684,0.685,0.712,0.712
2155800000000,0.693,0.693,0.694,0.724,0.723
2156100000000,0.691,0.691,0.694,0.723,0.722
2156400000000,0.697,0.695,0.698,0.727,0.727
2156700000000,0.701,0.698,0.701,0.73,0.73
2157000000000,0.699,0.696,0.698,0.729,0.727
2157300000000,0.691,0.689,0.69,0.722,0.72
2157600000000,0.683,0.684,0.685,0.713,0.715
2157900000000,0.689,0.687,0.689,0.716,0.719
2158200000000,0.689,0.687,0.689,0.717,0.72
2158500000000,0.686,0.685,0.686,0.714,0.717
2158800000000,0.684,0.684,0.684,0.712,0.717
2159100000000,0.688,0.686,0.685,0.711,0.72
2159400000000,0.691,0.688,0.689,0.714,0.723
2159700000000,0.692,0.69,0.691,0.718,0.724
2160000000000,0.692,0.692,0.692,0.718,0.723
2160300000000,0.694,0.692,0.692,0.719,0.723
2160600000000,0.692,0.69,0.689,0.716,0.719
2160900000000,0.691,0.69,0.687,0.716,0.719
2161200000000,0.701,0.698,0.696,0.727,0.73
2161500000000,0.707,0.702,0.702,0.73,0.733
2161800000000,0.71,0.704,0.704,0.734,0.736
2162100000000,0.709,0.702,0.7,0.733,0.733
2162400000000,0.709,0.701,0.702,0.73,0.732
2162700000000,0.698,0.692,0.692,0.719,0.721
2163000000000,0.695,0.69,0.689,0.717,0.719
2163300000000,0.692,0.688,0.687,0.716,0.719
2163600000000,0.681,0.68,0.679,0.705,0.709
2163900000000,0.681,0.68,0.676,0.704,0.707
2164200000000,0.697,0.692,0.687,0.721,0.724
2164500000000,0.709,0.7,0.696,0.731,0.734
2164800000000,0.716,0.706,0.704,0.739,0.743
2165100000000,0.719,0.709,0.708,0.744,0.746
2165400000000,0.726,0.715,0.714,0.75,0.754
2165700000000,0.726,0.716,0.718,0.754,0.757
2166000000000,0.715,0.708,0.713,0.747,0.75
2166300000000,0.706,0.7,0.706,0.738,0.742
2166600000000,0.705,0.699,0.702,0.738,0.741
2166900000000,0.702,0.698,0.703,0.735,0.737
2167200000000,0.705,0.701,0.705,0.737,0.741
2167500000000,0.705,0.701,0.705,0.739,0.741
2167800000000,0.705,0.701,0.705,0.738,0.74
2168100000000,0.697,0.696,0.698,0.731,0.733
2168400000000,0.695,0.695,0.696,0.727,0.73
2168700000000,0.7,0.698,0.7,0.729,0.732
2169000000000,0.705,0.703,0.705,0.735,0.738
2169300000000,0.709,0.705,0.708,0.739,0.742
2169600000000,0.708,0.704,0.707,0.738,0.741
2169900000000,0.706,0.702,0.706,0.736,0.738
2170200000000,0.7,0.696,0.701,0.731,0.732
2170500000000,0.693,0.691,0.695,0.723,0.725
2170800000000,0.695,0.692,0.696,0.724,0.726
2171100000000,0.69,0.688,0.691,0.717,0.72
2171400000000,0.691,0.688,0.69,0.716,0.72
2171700000000,0.688,0.685,0.687,0.712,0.717
2172000000000,0.689,0.684,0.686,0.712,0.718
2172300000000,0.698,0.688,0.691,0.721,0.727
2172600000000,0.703,0.691,0.692,0.724,0.731
2172900000000,0.697,0.686,0.688,0.715,0.724
2173200000000,0.697,0.686,0.689,0.715,0.724
2173500000000,0.688,0.68,0.682,0.706,0.716
2173800000000,0.682,0.676,0.677,0.698,0.709
2174100000000,0.688,0.68,0.68,0.706,0.714
2174400000000,0.697,0.688,0.689,0.719,0.725
2174700000000,0.696,0.688,0.689,0.72,0.726
2175000000000,0.692,0.685,0.686,0.715,0.722
2175300000000,0.691,0.685,0.685,0.714,0.72
2175600000000,0.702,0.691,0.693,0.725,0.731
2175900000000,0.709,0.697,0.7,0.733,0.739
2176200000000,0.706,0.694,0.696,0.729,0.735
2176500000000,0.704,0.691,0.692,0.724,0.73
2176800000000,0.703,0.69,0.69,0.722,0.729
2177100000000,0.704,0.692,0.695,0.727,0.733
2177400000000,0.702,0.691,0.696,0.726,0.732
2177700000000,0.69,0.68,0.685,0.714,0.719
2178000000000,0.694,0.683,0.686,0.717,0.721
2178300000000,0.701,0.688,0.69,0.721,0.726
2178600000000,0.705,0.69,0.692,0.722,0.728
2178900000000,0.714,0.697,0.7,0.729,0.738
2179200000000,0.717,0.699,0.702,0.733,0.742
2179500000000,0.722,0.703,0.703,0.739,0.746
2179800000000,0.732,0.712,0.714,0.752,0.757
2180100000000,0.738,0.717,0.723,0.761,0.766
2180400000000,0.739,0.719,0.728,0.766,0.77
2180700000000,0.734,0.714,0.729,0.767,0.771
2181000000000,0.736,0.716,0.729,0.768,0.772
2181300000000,0.737,0.718,0.73,0.769,0.773
2181600000000,0.74,0.719,0.731,0.769,0.773
2181900000000,0.735,0.715,0.726,0.764,0.768
2182200000000,0.732,0.713,0.723,0.761,0.766
2182500000000,0.734,0.714,0.723,0.762,0.767
2182800000000,0.734,0.714,0.723,0.762,0.767
2183100000000,0.733,0.714,0.722,0.76,0.765
2183400000000,0.731,0.712,0.72,0.758,0.763
2183700000000,0.73,0.711,0.719,0.758,0.763
2184000000000,0.733,0.714,0.723,0.762,0.766
2184300000000,0.732,0.713,0.723,0.761,0.765
2184600000000,0.731,0.712,0.721,0.76,0.763
2184900000000,0.73,0.711,0.72,0.759,0.763
2185200000000,0.734,0.714,0.723,0.762,0.766
2185500000000,0.738,0.718,0.728,0.765,0.769
2185800000000,0.74,0.719,0.73,0.766,0.771
2186100000000,0.741,0.721,0.733,0.768,0.773
2186400000000,0.736,0.717,0.73,0.763,0.767
2186700000000,0.73,0.713,0.725,0.759,0.765
2187000000000,0.729,0.714,0.725,0.758,0.764
2187300000000,0.727,0.712,0.723,0.753,0.759
2187600000000,0.726,0.711,0.721,0.75,0.757
2187900000000,0.724,0.709,0.721,0.748,0.756
2188200000000,0.722,0.709,0.72,0.747,0.755
2188500000000,0.719,0.706,0.718,0.745,0.752
2188800000000,0.716,0.705,0.715,0.744,0.748
2189100000000,0.716,0.706,0.715,0.743,0.748
2189400000000,0.72,0.709,0.718,0.745,0.75
2189700000000,0.725,0.713,0.721,0.751,0.756
2190000000000,0.728,0.717,0.725,0.755,0.761
2190300000000,0.734,0.72,0.728,0.76,0.766
2190600000000,0.737,0.722,0.731,0.763,0.769
2190900000000,0.741,0.725,0.734,0.766,0.772
2191200000000,0.744,0.727,0.735,0.766,0.772
2191500000000,0.745,0.728,0.736,0.768,0.773
2191800000000,0.745,0.728,0.737,0.769,0.774
2192100000000,0.743,0.726,0.735,0.768,0.772
2192400000000,0.742,0.725,0.734,0.764,0.769
2192700000000,0.74,0.723,0.731,0.761,0.766
2193000000000,0.736,0.721,0.729,0.759,0.764
2193300000000,0.733,0.719,0.727,0.756,0.761
2193600000000,0.727,0.715,0.723,0.749,0.755
2193900000000,0.73,0.716,0.725,0.75,0.756
2194200000000,0.734,0.719,0.728,0.753,0.76
2194500000000,0.735,0.72,0.729,0.754,0.761
2194800000000,0.734,0.72,0.729,0.754,0.762
2195100000000,0.737,0.721,0.731,0.756,0.764
2195400000000,0.739,0.722,0.731,0.756,0.762
2195700000000,0.737,0.722,0.73,0.753,0.761
2196000000000,0.737,0.723,0.731,0.755,0.762
2196300000000,0.737,0.722,0.731,0.756,0.763
2196600000000,0.737,0.723,0.731,0.756,0.763
2196900000000,0.737,0.722,0.731,0.754,0.762
2197200000000,0.741,0.723,0.732,0.757,0.764
2197500000000,0.743,0.725,0.734,0.759,0.767
2197800000000,0.741,0.724,0.732,0.757,0.765
2198100000000,0.741,0.725,0.733,0.759,0.766
2198400000000,0.74,0.724,0.733,0.758,0.765
2198700000000,0.74,0.725,0.732,0.758,0.765
2199000000000,0.739,0.724,0.732,0.758,0.765
2199300000000,0.736,0.721,0.729,0.755,0.762
2199600000000,0.736,0.721,0.729,0.755,0.763
2199900000000,0.737,0.721,0.729,0.756,0.764
2200200000000,0.739,0.724,0.731,0.758,0.766
2200500000000,0.74,0.723,0.731,0.757,0.766
2200800000000,0.74,0.724,0.732,0.759,0.766
2201100000000,0.739,0.722,0.731,0.758,0.765
2201400000000,0.74,0.723,0.731,0.758,0.765
2201700000000,0.737,0.72,0.73,0.756,0.764
2202000000000,0.737,0.721,0.73,0.756,0.764
2202300000000,0.738,0.721,0.731,0.758,0.765
2202600000000,0.737,0.72,0.73,0.756,0.763
2202900000000,0.738,0.72,0.73,0.757,0.764
2203200000000,0.741,0.723,0.732,0.757,0.764
2203500000000,0.739,0.724,0.732,0.757,0.764
2203800000000,0.739,0.724,0.731,0.757,0.764
2204100000000,0.738,0.724,0.731,0.755,0.763
2204400000000,0.738,0.723,0.731,0.756,0.763
2204700000000,0.734,0.72,0.728,0.753,0.761
2205000000000,0.732,0.718,0.726,0.752,0.758
2205300000000,0.729,0.715,0.723,0.749,0.756
2205600000000,0.729,0.715,0.724,0.748,0.754
2205900000000,0.728,0.714,0.722,0.747,0.752
2206200000000,0.729,0.715,0.723,0.748,0.754
2206500000000,0.727,0.714,0.721,0.747,0.753
2206800000000,0.725,0.712,0.719,0.745,0.75
2207100000000,0.727,0.715,0.72,0.747,0.753
2207400000000,0.729,0.717,0.722,0.749,0.756
2207700000000,0.73,0.717,0.724,0.75,0.756
2208000000000,0.732,0.717,0.724,0.751,0.758
2208300000000,0.73,0.718,0.724,0.749,0.755
2208600000000,0.73,0.719,0.725,0.75,0.756
2208900000000,0.729,0.718,0.723,0.749,0.754
2209200000000,0.73,0.717,0.723,0.748,0.754
2209500000000,0.728,0.714,0.721,0.746,0.752
2209800000000,0.729,0.715,0.721,0.746,0.752
2210100000000,0.726,0.713,0.72,0.745,0.751
2210400000000,0.724,0.712,0.72,0.744,0.749
2210700000000,0.722,0.711,0.719,0.743,0.749
2211000000000,0.722,0.712,0.719,0.743,0.749
2211300000000,0.719,0.708,0.716,0.741,0.746
2211600000000,0.713,0.702,0.709,0.733,0.739
2211900000000,0.715,0.704,0.71,0.734,0.741
2212200000000,0.716,0.705,0.71,0.737,0.743
2212500000000,0.715,0.704,0.709,0.736,0.743
2212800000000,0.713,0.703,0.708,0.735,0.741
2213100000000,0.711,0.701,0.707,0.734,0.741
2213400000000,0.708,0.699,0.705,0.732,0.739
2213700000000,0.708,0.698,0.705,0.732,0.739
2214000000000,0.711,0.701,0.706,0.733,0.739
2214300000000,0.712,0.702,0.708,0.736,0.741
2214600000000,0.714,0.706,0.711,0.737,0.743
2214900000000,0.716,0.707,0.713,0.739,0.743
2215200000000,0.716,0.706,0.711,0.736,0.74
2215500000000,0.713,0.703,0.71,0.734,0.734
2215800000000,0.715,0.705,0.713,0.739,0.742
2216100000000,0.712,0.701,0.711,0.737,0.743
2216400000000,0.706,0.698,0.707,0.733,0.74
2216700000000,0.703,0.697,0.705,0.732,0.738
2217000000000,0.705,0.699,0.706,0.734,0.739
2217300000000,0.705,0.698,0.705,0.733,0.738
2217600000000,0.699,0.695,0.703,0.73,0.735
2217900000000,0.696,0.693,0.702,0.729,0.734
2218200000000,0.698,0.695,0.701,0.729,0.733
2218500000000,0.702,0.698,0.703,0.731,0.735
2218800000000,0.703,0.698,0.702,0.731,0.735
2219100000000,0.705,0.699,0.704,0.732,0.737
2219400000000,0.707,0.7,0.705,0.731,0.736
2219700000000,0.712,0.701,0.707,0.734,0.737
2220000000000,0.713,0.702,0.709,0.736,0.739
2220300000000,0.709,0.701,0.706,0.733,0.737
2220600000000,0.707,0.699,0.705,0.733,0.736
2220900000000,0.711,0.703,0.708,0.736,0.739
2221200000000,0.711,0.703,0.709,0.737,0.74
2221500000000,0.707,0.7,0.706,0.734,0.738
2221800000000,0.704,0.701,0.708,0.735,0.739
2222100000000,0.701,0.7,0.706,0.733,0.737
2222400000000,0.705,0.701,0.707,0.734,0.739
2222700000000,0.704,0.7,0.705,0.732,0.737
2223000000000,0.706,0.699,0.706,0.734,0.737
2223300000000,0.713,0.704,0.712,0.741,0.744
2223600000000,0.718,0.708,0.717,0.745,0.749
2223900000000,0.717,0.707,0.714,0.742,0.746
2224200000000,0.72,0.707,0.715,0.747,0.75
2224500000000,0.72,0.71,0.718,0.748,0.751
2224800000000,0.719,0.71,0.718,0.747,0.75
2225100000000,0.717,0.707,0.717,0.744,0.748
2225400000000,0.717,0.707,0.715,0.742,0.746
2225700000000,0.7,0.695,0.7,0.727,0.731
2226000000000,0.67,0.671,0.679,0.695,0.699
2226300000000,0.655,0.659,0.667,0.674,0.678
2226600000000,0.672,0.674,0.678,0.693,0.696
2226900000000,0.701,0.694,0.698,0.724,0.732
2227200000000,0.703,0.692,0.703,0.731,0.74
2227500000000,0.702,0.685,0.701,0.731,0.74
2227800000000,0.705,0.689,0.703,0.734,0.742
2228100000000,0.71,0.694,0.705,0.738,0.744
2228400000000,0.721,0.705,0.713,0.747,0.752
2228700000000,0.718,0.698,0.71,0.743,0.75
2229000000000,0.714,0.694,0.706,0.738,0.745
2229300000000,0.715,0.699,0.705,0.737,0.743
2229600000000,0.727,0.71,0.711,0.747,0.752
2229900000000,0.736,0.716,0.718,0.755,0.759
2230200000000,0.739,0.72,0.721,0.757,0.762
2230500000000,0.733,0.715,0.716,0.751,0.757
2230800000000,0.734,0.715,0.718,0.751,0.758
2231100000000,0.732,0.714,0.719,0.751,0.758
2231400000000,0.711,0.696,0.707,0.735,0.741
2231700000000,0.696,0.681,0.694,0.722,0.726
2232000000000,0.681,0.669,0.68,0.705,0.711
2232300000000,0.67,0.661,0.669,0.69,0.699
2232600000000,0.665,0.658,0.663,0.677,0.69
2232900000000,0.681,0.674,0.678,0.696,0.706
2233200000000,0.694,0.687,0.692,0.716,0.723
2233500000000,0.72,0.707,0.713,0.744,0.749
2233800000000,0.738,0.722,0.728,0.763,0.767
2234100000000,0.747,0.729,0.735,0.77,0.774
2234400000000,0.746,0.728,0.733,0.768,0.772
2234700000000,0.736,0.72,0.725,0.761,0.765
2235000000000,0.716,0.705,0.711,0.745,0.75
2235300000000,0.706,0.694,0.703,0.734,0.737
2235600000000,0.704,0.691,0.7,0.731,0.736
2235900000000,0.698,0.686,0.695,0.724,0.73
2236200000000,0.688,0.679,0.688,0.713,0.72
2236500000000,0.683,0.676,0.682,0.705,0.714
2236800000000,0.672,0.666,0.672,0.689,0.699
2237100000000,0.67,0.665,0.668,0.683,0.694
2237400000000,0.667,0.659,0.664,0.677,0.689
2237700000000,0.68,0.669,0.675,0.694,0.705
2238000000000,0.682,0.673,0.679,0.7,0.711
2238300000000,0.686,0.678,0.683,0.704,0.714
2238600000000,0.683,0.675,0.68,0.7,0.71
2238900000000,0.676,0.669,0.675,0.694,0.703
2239200000000,0.67,0.665,0.671,0.688,0.697
2239500000000,0.675,0.672,0.676,0.696,0.704
2239800000000,0.686,0.68,0.682,0.706,0.714
2240100000000,0.692,0.686,0.685,0.714,0.72
2240400000000,0.689,0.683,0.685,0.713,0.718
2240700000000,0.699,0.691,0.692,0.721,0.728
2241000000000,0.695,0.686,0.686,0.715,0.723
2241300000000,0.681,0.674,0.674,0.699,0.708
2241600000000,0.688,0.68,0.678,0.706,0.715
2241900000000,0.694,0.685,0.686,0.718,0.725
2242200000000,0.701,0.691,0.693,0.729,0.735
2242500000000,0.696,0.688,0.689,0.72,0.727
2242800000000,0.697,0.689,0.689,0.719,0.727
2243100000000,0.688,0.681,0.681,0.708,0.717
2243400000000,0.676,0.672,0.672,0.694,0.704
2243700000000,0.676,0.672,0.671,0.692,0.7
2244000000000,0.682,0.677,0.674,0.697,0.705
2244300000000,0.679,0.675,0.666,0.691,0.701
2244600000000,0.678,0.675,0.668,0.689,0.7
2244900000000,0.676,0.674,0.669,0.692,0.702
2245200000000,0.671,0.671,0.667,0.691,0.7
2245500000000,0.687,0.682,0.679,0.703,0.712
2245800000000,0.691,0.685,0.684,0.705,0.715
2246100000000,0.679,0.675,0.677,0.695,0.705
2246400000000,0.669,0.668,0.671,0.687,0.694
2246700000000,0.676,0.675,0.673,0.692,0.7
2247000000000,0.674,0.671,0.664,0.681,0.693
2247300000000,0.671,0.667,0.66,0.672,0.685
2247600000000,0.673,0.67,0.664,0.671,0.685
2247900000000,0.671,0.668,0.664,0.669,0.683
2248200000000,0.667,0.663,0.663,0.665,0.679
2248500000000,0.669,0.662,0.665,0.666,0.681
2248800000000,0.671,0.665,0.667,0.669,0.684
2249100000000,0.665,0.657,0.66,0.664,0.678
2249400000000,0.658,0.653,0.655,0.662,0.675
2249700000000,0.666,0.659,0.662,0.675,0.686
2250000000000,0.673,0.665,0.665,0.678,0.69
2250300000000,0.67,0.663,0.664,0.671,0.685
2250600000000,0.665,0.659,0.66,0.663,0.678
2250900000000,0.677,0.667,0.67,0.678,0.692
2251200000000,0.684,0.676,0.675,0.687,0.7
2251500000000,0.686,0.68,0.678,0.69,0.704
2251800000000,0.696,0.689,0.687,0.705,0.716
2252100000000,0.704,0.698,0.695,0.716,0.724
2252400000000,0.7,0.696,0.695,0.715,0.722
2252700000000,0.693,0.691,0.691,0.711,0.718
2253000000000,0.695,0.693,0.695,0.718,0.723
2253300000000,0.7,0.697,0.7,0.726,0.731
2253600000000,0.694,0.694,0.698,0.724,0.729
2253900000000,0.692,0.693,0.697,0.723,0.728
2254200000000,0.691,0.693,0.696,0.721,0.727
2254500000000,0.696,0.695,0.7,0.724,0.729
2254800000000,0.699,0.697,0.702,0.726,0.733
2255100000000,0.699,0.698,0.703,0.727,0.733
2255400000000,0.701,0.699,0.703,0.73,0.736
2255700000000,0.703,0.7,0.704,0.731,0.737
2256000000000,0.704,0.701,0.705,0.732,0.738
2256300000000,0.705,0.702,0.707,0.733,0.741
2256600000000,0.707,0.703,0.708,0.734,0.743
2256900000000,0.704,0.699,0.704,0.729,0.739
2257200000000,0.699,0.694,0.698,0.722,0.732
2257500000000,0.699,0.694,0.697,0.72,0.73
2257800000000,0.697,0.691,0.691,0.711,0.722
2258100000000,0.701,0.694,0.692,0.71,0.721
2258400000000,0.708,0.7,0.695,0.716,0.727
2258700000000,0.71,0.701,0.698,0.719,0.732
2259000000000,0.705,0.697,0.694,0.714,0.726
2259300000000,0.708,0.7,0.696,0.716,0.728
2259600000000,0.709,0.7,0.695,0.715,0.729
2259900000000,0.709,0.7,0.695,0.715,0.729
2260200000000,0.709,0.7,0.696,0.719,0.731
2260500000000,0.705,0.696,0.693,0.714,0.726
2260800000000,0.703,0.695,0.691,0.714,0.726
2261100000000,0.704,0.697,0.691,0.715,0.729
2261400000000,0.706,0.698,0.693,0.714,0.728
2261700000000,0.71,0.7,0.695,0.715,0.729
2262000000000,0.713,0.703,0.698,0.719,0.732
2262300000000,0.717,0.705,0.701,0.722,0.736
2262600000000,0.718,0.706,0.701,0.723,0.736
2262900000000,0.722,0.709,0.703,0.729,0.741
2263200000000,0.725,0.712,0.708,0.736,0.748
2263500000000,0.725,0.712,0.709,0.735,0.748
2263800000000,0.72,0.707,0.705,0.728,0.741
2264100000000,0.714,0.703,0.699,0.722,0.735
2264400000000,0.716,0.705,0.701,0.726,0.738
2264700000000,0.723,0.712,0.71,0.734,0.748
2265000000000,0.735,0.722,0.721,0.749,0.761
2265300000000,0.742,0.728,0.729,0.759,0.769
2265600000000,0.741,0.728,0.729,0.759,0.769
2265900000000,0.739,0.726,0.727,0.757,0.767
2266200000000,0.738,0.725,0.727,0.757,0.767
2266500000000,0.737,0.725,0.728,0.758,0.768
2266800000000,0.739,0.726,0.73,0.762,0.77
2267100000000,0.743,0.729,0.733,0.765,0.773
2267400000000,0.744,0.729,0.734,0.767,0.775
2267700000000,0.747,0.731,0.736,0.768,0.777
2268000000000,0.749,0.733,0.738,0.769,0.778
2268300000000,0.751,0.735,0.74,0.771,0.779
2268600000000,0.752,0.736,0.741,0.772,0.781
2268900000000,0.752,0.736,0.741,0.772,0.781
2269200000000,0.749,0.735,0.738,0.769,0.778
2269500000000,0.744,0.731,0.733,0.765,0.774
2269800000000,0.741,0.727,0.73,0.762,0.771
2270100000000,0.74,0.726,0.73,0.761,0.77
2270400000000,0.741,0.726,0.729,0.761,0.77
2270700000000,0.741,0.722,0.73,0.763,0.772
2271000000000,0.742,0.722,0.73,0.763,0.773
2271300000000,0.744,0.725,0.733,0.765,0.775
2271600000000,0.744,0.727,0.734,0.766,0.776
2271900000000,0.744,0.729,0.734,0.765,0.776
2272200000000,0.742,0.727,0.732,0.763,0.774
2272500000000,0.736,0.722,0.726,0.756,0.767
2272800000000,0.72,0.711,0.715,0.738,0.749
2273100000000,0.705,0.699,0.704,0.718,0.73
2273400000000,0.693,0.691,0.695,0.705,0.713
2273700000000,0.69,0.69,0.693,0.7,0.707
2274000000000,0.684,0.686,0.689,0.691,0.698
2274300000000,0.683,0.685,0.688,0.691,0.697
2274600000000,0.687,0.688,0.692,0.698,0.703
2274900000000,0.69,0.689,0.694,0.702,0.708
2275200000000,0.69,0.691,0.696,0.707,0.713
2275500000000,0.685,0.687,0.69,0.7,0.707
2275800000000,0.689,0.69,0.692,0.703,0.713
2276100000000,0.698,0.696,0.699,0.712,0.724
2276400000000,0.699,0.694,0.698,0.711,0.722
2276700000000,0.694,0.69,0.695,0.707,0.717
2277000000000,0.692,0.691,0.695,0.71,0.718
2277300000000,0.696,0.696,0.7,0.716,0.723
2277600000000,0.704,0.701,0.704,0.722,0.73
2277900000000,0.701,0.699,0.701,0.718,0.727
2278200000000,0.704,0.701,0.702,0.722,0.73
2278500000000,0.706,0.702,0.702,0.724,0.732
2278800000000,0.702,0.698,0.699,0.722,0.729
2279100000000,0.703,0.698,0.7,0.721,0.73
2279400000000,0.719,0.711,0.714,0.736,0.746
2279700000000,0.729,0.717,0.722,0.744,0.756
2280000000000,0.732,0.719,0.725,0.748,0.759
2280300000000,0.735,0.721,0.727,0.75,0.76
2280600000000,0.734,0.72,0.726,0.749,0.76
2280900000000,0.736,0.721,0.727,0.75,0.76
2281200000000,0.736,0.72,0.726,0.75,0.76
2281500000000,0.735,0.721,0.727,0.75,0.76
2281800000000,0.733,0.72,0.725,0.748,0.758
2282100000000,0.729,0.717,0.722,0.746,0.756
2282400000000,0.73,0.716,0.722,0.745,0.755
2282700000000,0.728,0.715,0.722,0.745,0.755
2283000000000,0.729,0.715,0.723,0.747,0.756
2283300000000,0.73,0.716,0.724,0.747,0.758
2283600000000,0.736,0.72,0.728,0.749,0.761
2283900000000,0.736,0.718,0.727,0.748,0.76
2284200000000,0.738,0.72,0.73,0.751,0.762
2284500000000,0.739,0.721,0.731,0.753,0.763
2284800000000,0.739,0.722,0.732,0.753,0.764
2285100000000,0.738,0.72,0.73,0.751,0.763
2285400000000,0.735,0.719,0.728,0.749,0.76
2285700000000,0.732,0.716,0.726,0.747,0.757
2286000000000,0.734,0.718,0.728,0.749,0.759
2286300000000,0.734,0.718,0.729,0.75,0.76
2286600000000,0.734,0.716,0.73,0.751,0.761
2286900000000,0.736,0.718,0.73,0.751,0.762
2287200000000,0.734,0.716,0.728,0.75,0.761
2287500000000,0.735,0.718,0.728,0.75,0.761
2287800000000,0.736,0.719,0.729,0.751,0.763
2288100000000,0.737,0.72,0.73,0.752,0.764
2288400000000,0.735,0.718,0.728,0.751,0.762
2288700000000,0.735,0.718,0.728,0.751,0.762
2289000000000,0.734,0.715,0.725,0.749,0.76
2289300000000,0.731,0.713,0.725,0.749,0.76
2289600000000,0.732,0.713,0.726,0.75,0.761
2289900000000,0.732,0.713,0.726,0.751,0.76
2290200000000,0.735,0.716,0.728,0.752,0.762
2290500000000,0.737,0.719,0.73,0.754,0.764
2290800000000,0.739,0.72,0.73,0.753,0.764
2291100000000,0.737,0.72,0.73,0.754,0.765
2291400000000,0.735,0.718,0.728,0.752,0.764
2291700000000,0.734,0.717,0.728,0.751,0.763
2292000000000,0.733,0.716,0.727,0.751,0.762
2292300000000,0.733,0.716,0.727,0.751,0.76
2292600000000,0.734,0.715,0.725,0.749,0.76
2292900000000,0.736,0.718,0.726,0.749,0.761
2293200000000,0.732,0.716,0.724,0.748,0.76
2293500000000,0.734,0.717,0.728,0.752,0.763
2293800000000,0.735,0.717,0.729,0.753,0.764
2294100000000,0.735,0.717,0.729,0.753,0.764
2294400000000,0.735,0.717,0.729,0.753,0.764
2294700000000,0.735,0.716,0.729,0.753,0.764
2295000000000,0.733,0.714,0.727,0.751,0.762
2295300000000,0.735,0.716,0.728,0.751,0.762
2295600000000,0.737,0.717,0.729,0.752,0.762
2295900000000,0.734,0.714,0.727,0.751,0.761
2296200000000,0.731,0.712,0.725,0.749,0.759
2296500000000,0.729,0.71,0.724,0.748,0.758
2296800000000,0.729,0.708,0.726,0.75,0.76
2297100000000,0.729,0.704,0.728,0.753,0.763
2297400000000,0.731,0.705,0.729,0.754,0.764
2297700000000,0.73,0.703,0.728,0.753,0.764
2298000000000,0.726,0.7,0.725,0.75,0.761
2298300000000,0.726,0.701,0.725,0.749,0.761
2298600000000,0.728,0.702,0.728,0.752,0.762
2298900000000,0.726,0.699,0.724,0.75,0.76
2299200000000,0.722,0.696,0.719,0.745,0.756
2299500000000,0.719,0.694,0.716,0.743,0.755
2299800000000,0.717,0.693,0.714,0.742,0.753
2300100000000,0.717,0.694,0.714,0.742,0.753
2300400000000,0.719,0.695,0.717,0.744,0.755
2300700000000,0.721,0.697,0.718,0.746,0.756
2301000000000,0.722,0.698,0.72,0.747,0.758
2301300000000,0.72,0.695,0.717,0.744,0.755
2301600000000,0.72,0.697,0.717,0.745,0.756
2301900000000,0.727,0.702,0.721,0.748,0.759
2302200000000,0.725,0.7,0.722,0.749,0.76
2302500000000,0.724,0.698,0.723,0.75,0.761
2302800000000,0.726,0.701,0.723,0.75,0.76
2303100000000,0.725,0.701,0.723,0.75,0.76
2303400000000,0.724,0.7,0.721,0.749,0.759
2303700000000,0.722,0.699,0.72,0.747,0.758
2304000000000,0.721,0.698,0.718,0.745,0.756
2304300000000,0.721,0.698,0.719,0.746,0.757
2304600000000,0.722,0.699,0.719,0.747,0.758
2304900000000,0.723,0.7,0.719,0.747,0.758
2305200000000,0.723,0.7,0.72,0.748,0.758
2305500000000,0.724,0.7,0.721,0.749,0.759
2305800000000,0.724,0.701,0.721,0.749,0.759
2306100000000,0.725,0.702,0.721,0.75,0.76
2306400000000,0.726,0.699,0.721,0.75,0.76
2306700000000,0.725,0.696,0.721,0.75,0.76
2307000000000,0.727,0.701,0.724,0.752,0.762
2307300000000,0.73,0.704,0.726,0.753,0.763
2307600000000,0.73,0.703,0.725,0.754,0.763
2307900000000,0.726,0.7,0.722,0.752,0.761
2308200000000,0.725,0.7,0.722,0.751,0.761
2308500000000,0.724,0.699,0.721,0.749,0.76
2308800000000,0.722,0.693,0.719,0.747,0.759
2309100000000,0.722,0.69,0.719,0.747,0.758
2309400000000,0.721,0.694,0.718,0.747,0.758
2309700000000,0.72,0.695,0.717,0.748,0.758
2310000000000,0.723,0.697,0.72,0.749,0.76
2310300000000,0.724,0.699,0.722,0.75,0.76
2310600000000,0.724,0.698,0.722,0.75,0.759
2310900000000,0.728,0.702,0.725,0.753,0.762
2311200000000,0.727,0.701,0.722,0.752,0.76
2311500000000,0.726,0.697,0.722,0.752,0.757
2311800000000,0.731,0.703,0.726,0.755,0.762
2312100000000,0.734,0.706,0.728,0.757,0.764
2312400000000,0.729,0.702,0.723,0.751,0.761
2312700000000,0.723,0.698,0.717,0.747,0.757
2313000000000,0.715,0.693,0.71,0.742,0.752
2313300000000,0.707,0.686,0.702,0.732,0.742
2313600000000,0.683,0.668,0.682,0.701,0.711
2313900000000,0.656,0.648,0.662,0.67,0.679
2314200000000,0.649,0.64,0.654,0.659,0.669
2314500000000,0.651,0.642,0.657,0.663,0.671
2314800000000,0.656,0.646,0.659,0.665,0.673
2315100000000,0.653,0.644,0.657,0.66,0.669
2315400000000,0.651,0.642,0.654,0.655,0.664
2315700000000,0.651,0.642,0.652,0.653,0.664
2316000000000,0.65,0.642,0.646,0.652,0.663
2316300000000,0.64,0.635,0.642,0.641,0.654
2316600000000,0.635,0.63,0.639,0.635,0.649
2316900000000,0.634,0.63,0.638,0.636,0.65
2317200000000,0.644,0.638,0.647,0.65,0.662
2317500000000,0.657,0.651,0.661,0.671,0.682
2317800000000,0.661,0.654,0.664,0.676,0.686
2318100000000,0.662,0.65,0.664,0.672,0.682
2318400000000,0.678,0.664,0.675,0.691,0.701
2318700000000,0.682,0.667,0.677,0.693,0.705
2319000000000,0.692,0.677,0.686,0.707,0.717
2319300000000,0.69,0.675,0.684,0.704,0.716
2319600000000,0.699,0.682,0.69,0.715,0.727
2319900000000,0.694,0.678,0.687,0.709,0.721
2320200000000,0.663,0.656,0.666,0.676,0.688
2320500000000,0.658,0.652,0.662,0.669,0.681
2320800000000,0.652,0.646,0.657,0.661,0.674
2321100000000,0.651,0.644,0.654,0.657,0.67
2321400000000,0.646,0.641,0.65,0.652,0.665
2321700000000,0.642,0.638,0.646,0.647,0.661
2322000000000,0.649,0.645,0.653,0.655,0.669
2322300000000,0.646,0.645,0.653,0.654,0.667
2322600000000,0.645,0.641,0.648,0.648,0.662
2322900000000,0.646,0.64,0.65,0.649,0.664
2323200000000,0.647,0.638,0.649,0.648,0.664
2323500000000,0.658,0.649,0.657,0.666,0.68
2323800000000,0.68,0.668,0.674,0.694,0.706
2324100000000,0.693,0.677,0.682,0.709,0.721
2324400000000,0.704,0.684,0.689,0.719,0.729
2324700000000,0.703,0.684,0.689,0.717,0.727
2325000000000,0.692,0.674,0.683,0.705,0.717
2325300000000,0.685,0.668,0.678,0.696,0.709
2325600000000,0.69,0.674,0.684,0.704,0.716
2325900000000,0.711,0.691,0.699,0.728,0.739
2326200000000,0.729,0.705,0.713,0.749,0.759
2326500000000,0.733,0.707,0.717,0.754,0.763
2326800000000,0.727,0.703,0.713,0.748,0.757
2327100000000,0.718,0.695,0.703,0.74,0.749
2327400000000,0.715,0.693,0.701,0.738,0.746
2327700000000,0.713,0.693,0.702,0.737,0.745
2328000000000,0.71,0.689,0.698,0.731,0.739
2328300000000,0.708,0.688,0.697,0.732,0.739
2328600000000,0.712,0.693,0.703,0.74,0.747
2328900000000,0.713,0.695,0.707,0.743,0.751
2329200000000,0.7,0.686,0.698,0.732,0.74
2329500000000,0.667,0.661,0.677,0.696,0.704
2329800000000,0.656,0.653,0.671,0.677,0.686
2330100000000,0.665,0.659,0.675,0.681,0.692
2330400000000,0.677,0.668,0.685,0.696,0.708
2330700000000,0.681,0.671,0.688,0.702,0.712
2331000000000,0.674,0.667,0.683,0.698,0.708
2331300000000,0.674,0.668,0.686,0.701,0.707
2331600000000,0.677,0.669,0.685,0.702,0.708
2331900000000,0.666,0.661,0.676,0.69,0.696
2332200000000,0.668,0.662,0.675,0.69,0.696
2332500000000,0.67,0.664,0.676,0.692,0.697
2332800000000,0.674,0.668,0.68,0.698,0.703
2333100000000,0.667,0.661,0.674,0.689,0.694
2333400000000,0.668,0.662,0.67,0.684,0.691
2333700000000,0.665,0.66,0.665,0.677,0.684
2334000000000,0.678,0.672,0.675,0.691,0.697
2334300000000,0.688,0.681,0.684,0.708,0.715
2334600000000,0.684,0.677,0.683,0.705,0.715
2334900000000,0.683,0.677,0.686,0.708,0.717
2335200000000,0.687,0.68,0.69,0.715,0.722
2335500000000,0.681,0.672,0.685,0.707,0.713
2335800000000,0.679,0.671,0.683,0.701,0.709
2336100000000,0.684,0.676,0.685,0.703,0.712
2336400000000,0.684,0.677,0.687,0.706,0.714
2336700000000,0.685,0.679,0.689,0.708,0.716
2337000000000,0.694,0.686,0.692,0.714,0.723
2337300000000,0.697,0.687,0.695,0.718,0.727
2337600000000,0.692,0.683,0.691,0.712,0.722
2337900000000,0.684,0.675,0.683,0.699,0.709
2338200000000,0.677,0.669,0.678,0.692,0.701
2338500000000,0.67,0.666,0.675,0.689,0.696
2338800000000,0.668,0.665,0.675,0.688,0.694
2339100000000,0.663,0.66,0.671,0.681,0.688
2339400000000,0.67,0.665,0.678,0.691,0.695
2339700000000,0.668,0.662,0.677,0.689,0.693
2340000000000,0.667,0.66,0.675,0.685,0.69
2340300000000,0.667,0.662,0.675,0.684,0.689
2340600000000,0.667,0.663,0.674,0.685,0.689
2340900000000,0.672,0.668,0.681,0.692,0.696
2341200000000,0.672,0.669,0.681,0.693,0.696
2341500000000,0.671,0.668,0.679,0.691,0.695
2341800000000,0.674,0.669,0.681,0.691,0.695
2342100000000,0.666,0.662,0.675,0.682,0.687
2342400000000,0.666,0.664,0.675,0.683,0.688
2342700000000,0.667,0.664,0.677,0.685,0.69
2343000000000,0.667,0.664,0.678,0.687,0.69
2343300000000,0.667,0.665,0.678,0.688,0.691
2343600000000,0.668,0.664,0.677,0.685,0.688
2343900000000,0.677,0.671,0.685,0.696,0.699
2344200000000,0.681,0.67,0.686,0.696,0.701
2344500000000,0.686,0.676,0.69,0.701,0.709
2344800000000,0.686,0.675,0.689,0.701,0.71
2345100000000,0.682,0.671,0.685,0.695,0.706
2345400000000,0.682,0.671,0.682,0.694,0.702
2345700000000,0.679,0.667,0.677,0.687,0.697
2346000000000,0.674,0.664,0.674,0.684,0.694
2346300000000,0.679,0.669,0.679,0.691,0.699
2346600000000,0.679,0.669,0.679,0.692,0.699
2346900000000,0.694,0.681,0.69,0.707,0.716
2347200000000,0.702,0.687,0.695,0.715,0.724
2347500000000,0.703,0.688,0.696,0.716,0.726
2347800000000,0.708,0.691,0.699,0.72,0.728
2348100000000,0.715,0.697,0.706,0.729,0.736
2348400000000,0.713,0.694,0.703,0.722,0.728
2348700000000,0.705,0.686,0.694,0.708,0.714
2349000000000,0.704,0.685,0.692,0.703,0.711
2349300000000,0.701,0.683,0.691,0.703,0.711
2349600000000,0.704,0.685,0.693,0.706,0.716
2349900000000,0.71,0.692,0.7,0.717,0.726
2350200000000,0.717,0.699,0.709,0.731,0.74
2350500000000,0.722,0.703,0.714,0.739,0.747
2350800000000,0.728,0.706,0.718,0.743,0.752
2351100000000,0.729,0.708,0.72,0.744,0.753
2351400000000,0.727,0.707,0.719,0.742,0.752
2351700000000,0.721,0.703,0.717,0.739,0.747
2352000000000,0.718,0.701,0.716,0.741,0.747
2352300000000,0.718,0.702,0.717,0.741,0.748
2352600000000,0.719,0.702,0.717,0.742,0.749
2352900000000,0.72,0.702,0.718,0.743,0.749
2353200000000,0.715,0.699,0.715,0.74,0.746
2353500000000,0.719,0.702,0.719,0.745,0.75
2353800000000,0.716,0.702,0.719,0.744,0.749
2354100000000,0.722,0.705,0.722,0.747,0.754
2354400000000,0.72,0.703,0.719,0.744,0.75
2354700000000,0.722,0.705,0.72,0.744,0.751
2355000000000,0.727,0.709,0.725,0.748,0.755
2355300000000,0.728,0.71,0.726,0.751,0.756
2355600000000,0.728,0.709,0.725,0.749,0.754
2355900000000,0.728,0.709,0.724,0.747,0.752
2356200000000,0.731,0.711,0.726,0.752,0.756
2356500000000,0.729,0.709,0.725,0.75,0.754
2356800000000,0.728,0.708,0.724,0.749,0.754
2357100000000,0.73,0.71,0.724,0.749,0.753
2357400000000,0.731,0.71,0.724,0.75,0.754
2357700000000,0.727,0.708,0.72,0.746,0.751
2358000000000,0.721,0.704,0.718,0.743,0.749
2358300000000,0.723,0.707,0.721,0.745,0.75
2358600000000,0.724,0.707,0.721,0.746,0.75
2358900000000,0.725,0.708,0.72,0.744,0.748
2359200000000,0.72,0.701,0.716,0.736,0.739
2359500000000,0.712,0.695,0.71,0.727,0.731
2359800000000,0.705,0.691,0.704,0.718,0.72
2360100000000,0.699,0.686,0.7,0.71,0.712
2360400000000,0.699,0.687,0.703,0.713,0.716
2360700000000,0.699,0.688,0.706,0.716,0.718
2361000000000,0.702,0.691,0.711,0.723,0.726
2361300000000,0.699,0.688,0.711,0.72,0.724
2361600000000,0.689,0.682,0.705,0.711,0.713
2361900000000,0.689,0.681,0.704,0.711,0.711
2362200000000,0.691,0.681,0.703,0.711,0.713
2362500000000,0.687,0.676,0.697,0.703,0.705
2362800000000,0.687,0.674,0.693,0.697,0.701
2363100000000,0.688,0.674,0.692,0.696,0.703
2363400000000,0.696,0.682,0.698,0.705,0.712
2363700000000,0.702,0.684,0.703,0.713,0.72
2364000000000,0.703,0.683,0.704,0.712,0.722
2364300000000,0.714,0.692,0.713,0.727,0.736
2364600000000,0.717,0.693,0.714,0.732,0.741
2364900000000,0.715,0.69,0.71,0.726,0.738
2365200000000,0.698,0.679,0.696,0.707,0.716
2365500000000,0.688,0.673,0.691,0.696,0.701
2365800000000,0.683,0.669,0.688,0.691,0.694
2366100000000,0.68,0.665,0.683,0.684,0.689
2366400000000,0.685,0.67,0.686,0.694,0.701
2366700000000,0.695,0.677,0.693,0.704,0.712
2367000000000,0.705,0.684,0.7,0.714,0.722
2367300000000,0.714,0.691,0.707,0.723,0.732
2367600000000,0.727,0.701,0.719,0.739,0.749
2367900000000,0.736,0.708,0.729,0.751,0.762
2368200000000,0.738,0.709,0.732,0.756,0.766
2368500000000,0.739,0.711,0.733,0.756,0.768
2368800000000,0.738,0.71,0.732,0.757,0.767
2369100000000,0.738,0.711,0.731,0.756,0.768
2369400000000,0.736,0.708,0.73,0.754,0.766
2369700000000,0.734,0.706,0.729,0.753,0.763
2370000000000,0.733,0.706,0.731,0.754,0.764
2370300000000,0.736,0.709,0.733,0.757,0.767
2370600000000,0.738,0.713,0.734,0.758,0.768
2370900000000,0.739,0.713,0.735,0.758,0.769
2371200000000,0.74,0.712,0.734,0.758,0.768
2371500000000,0.74,0.715,0.736,0.758,0.769
2371800000000,0.736,0.712,0.732,0.755,0.766
2372100000000,0.735,0.71,0.73,0.754,0.764
2372400000000,0.734,0.71,0.729,0.752,0.763
2372700000000,0.735,0.713,0.73,0.754,0.765
2373000000000,0.736,0.713,0.73,0.754,0.765
2373300000000,0.735,0.711,0.73,0.754,0.765
2373600000000,0.736,0.712,0.73,0.755,0.765
2373900000000,0.739,0.716,0.733,0.758,0.769
2374200000000,0.739,0.716,0.733,0.759,0.769
2374500000000,0.736,0.714,0.731,0.756,0.767
2374800000000,0.733,0.711,0.729,0.754,0.765
2375100000000,0.73,0.707,0.726,0.752,0.762
2375400000000,0.733,0.71,0.728,0.754,0.764
2375700000000,0.734,0.713,0.73,0.755,0.765
2376000000000,0.735,0.713,0.73,0.755,0.766
2376300000000,0.735,0.712,0.729,0.754,0.765
2376600000000,0.735,0.71,0.728,0.753,0.764
2376900000000,0.734,0.708,0.728,0.752,0.763
2377200000000,0.731,0.708,0.726,0.75,0.761
2377500000000,0.731,0.709,0.726,0.751,0.762
2377800000000,0.732,0.71,0.728,0.752,0.763
2378100000000,0.732,0.712,0.729,0.752,0.763
2378400000000,0.733,0.711,0.729,0.754,0.762
2378700000000,0.734,0.714,0.73,0.755,0.763
2379000000000,0.735,0.713,0.729,0.755,0.764
2379300000000,0.735,0.713,0.728,0.755,0.763
2379600000000,0.732,0.71,0.726,0.752,0.76
2379900000000,0.729,0.707,0.723,0.749,0.757
2380200000000,0.729,0.707,0.723,0.749,0.759
2380500000000,0.729,0.705,0.722,0.748,0.758
2380800000000,0.73,0.708,0.724,0.75,0.758
2381100000000,0.731,0.71,0.727,0.751,0.759
2381400000000,0.731,0.712,0.727,0.751,0.759
2381700000000,0.728,0.709,0.723,0.747,0.755
2382000000000,0.726,0.708,0.721,0.744,0.753
2382300000000,0.726,0.709,0.723,0.745,0.753
2382600000000,0.726,0.709,0.724,0.746,0.755
2382900000000,0.726,0.71,0.724,0.747,0.755
2383200000000,0.73,0.713,0.728,0.752,0.76
2383500000000,0.733,0.714,0.73,0.753,0.762
2383800000000,0.734,0.714,0.73,0.753,0.762
2384100000000,0.733,0.714,0.729,0.752,0.76
2384400000000,0.735,0.715,0.728,0.753,0.76
2384700000000,0.733,0.715,0.727,0.751,0.758
2385000000000,0.733,0.715,0.727,0.751,0.759
2385300000000,0.734,0.714,0.727,0.752,0.76
2385600000000,0.732,0.713,0.726,0.75,0.758
2385900000000,0.732,0.713,0.726,0.75,0.758
2386200000000,0.73,0.713,0.726,0.75,0.758
2386500000000,0.735,0.717,0.729,0.753,0.762
2386800000000,0.734,0.715,0.728,0.751,0.762
2387100000000,0.731,0.712,0.724,0.748,0.758
2387400000000,0.73,0.711,0.723,0.748,0.757
2387700000000,0.728,0.709,0.722,0.747,0.756
2388000000000,0.726,0.711,0.721,0.746,0.756
2388300000000,0.726,0.711,0.72,0.745,0.754
2388600000000,0.725,0.711,0.719,0.744,0.753
2388900000000,0.725,0.709,0.718,0.743,0.753
2389200000000,0.722,0.708,0.717,0.741,0.749
2389500000000,0.714,0.7,0.708,0.731,0.739
2389800000000,0.711,0.699,0.707,0.73,0.736
2390100000000,0.71,0.699,0.706,0.729,0.734
2390400000000,0.714,0.703,0.71,0.733,0.738
2390700000000,0.718,0.707,0.715,0.738,0.743
2391000000000,0.723,0.709,0.718,0.742,0.748
2391300000000,0.721,0.708,0.716,0.742,0.748
2391600000000,0.72,0.707,0.715,0.739,0.745
2391900000000,0.717,0.704,0.711,0.737,0.743
2392200000000,0.718,0.704,0.712,0.737,0.745
2392500000000,0.722,0.707,0.715,0.74,0.749
2392800000000,0.726,0.71,0.719,0.744,0.754
2393100000000,0.73,0.712,0.722,0.746,0.758
2393400000000,0.73,0.713,0.724,0.745,0.758
2393700000000,0.733,0.715,0.726,0.749,0.76
2394000000000,0.735,0.716,0.729,0.753,0.761
2394300000000,0.732,0.714,0.726,0.751,0.76
2394600000000,0.732,0.714,0.726,0.751,0.761
2394900000000,0.734,0.715,0.729,0.754,0.765
2395200000000,0.732,0.712,0.726,0.752,0.763
2395500000000,0.726,0.707,0.721,0.746,0.757
2395800000000,0.724,0.707,0.717,0.743,0.754
2396100000000,0.73,0.717,0.718,0.744,0.755
2396400000000,0.734,0.724,0.721,0.746,0.758
2396700000000,0.735,0.726,0.722,0.748,0.759
2397000000000,0.737,0.727,0.721,0.749,0.758
2397300000000,0.737,0.726,0.723,0.751,0.761
2397600000000,0.736,0.724,0.723,0.752,0.762
2397900000000,0.73,0.714,0.722,0.75,0.76
2398200000000,0.73,0.713,0.722,0.75,0.759
2398500000000,0.727,0.708,0.718,0.745,0.756
2398800000000,0.727,0.707,0.717,0.745,0.756
2399100000000,0.728,0.709,0.719,0.746,0.758
2399400000000,0.729,0.711,0.72,0.747,0.759
2399700000000,0.73,0.711,0.719,0.746,0.759
2400000000000,0.736,0.725,0.72,0.746,0.758
2400300000000,0.737,0.726,0.718,0.745,0.757
2400600000000,0.734,0.719,0.718,0.745,0.757
2400900000000,0.729,0.71,0.717,0.745,0.756
2401200000000,0.731,0.71,0.72,0.747,0.758
2401500000000,0.727,0.708,0.717,0.743,0.755
2401800000000,0.716,0.698,0.704,0.729,0.742
2402100000000,0.7,0.684,0.688,0.708,0.721
2402400000000,0.693,0.685,0.678,0.694,0.708
2402700000000,0.69,0.686,0.675,0.686,0.704
2403000000000,0.69,0.685,0.674,0.684,0.701
2403300000000,0.693,0.686,0.677,0.69,0.706
2403600000000,0.696,0.688,0.68,0.692,0.709
2403900000000,0.698,0.687,0.681,0.696,0.711
2404200000000,0.694,0.677,0.68,0.695,0.71
2404500000000,0.702,0.688,0.684,0.7,0.715
2404800000000,0.708,0.699,0.688,0.703,0.718
2405100000000,0.706,0.696,0.686,0.7,0.716
2405400000000,0.709,0.698,0.689,0.704,0.719
2405700000000,0.71,0.701,0.691,0.707,0.722
2406000000000,0.71,0.699,0.69,0.706,0.722
2406300000000,0.709,0.699,0.691,0.708,0.722
2406600000000,0.714,0.703,0.693,0.712,0.727
2406900000000,0.716,0.704,0.694,0.712,0.728
2407200000000,0.719,0.706,0.696,0.715,0.73
2407500000000,0.722,0.709,0.698,0.718,0.734
2407800000000,0.729,0.714,0.706,0.73,0.744
2408100000000,0.729,0.718,0.707,0.732,0.746
2408400000000,0.725,0.716,0.702,0.728,0.744
2408700000000,0.727,0.718,0.706,0.729,0.745
2409000000000,0.731,0.721,0.709,0.735,0.749
2409300000000,0.73,0.72,0.707,0.735,0.747
2409600000000,0.73,0.719,0.708,0.736,0.749
2409900000000,0.73,0.72,0.709,0.737,0.749
2410200000000,0.73,0.72,0.71,0.736,0.747
2410500000000,0.732,0.723,0.713,0.74,0.75
2410800000000,0.734,0.726,0.716,0.743,0.753
2411100000000,0.735,0.726,0.716,0.744,0.755
2411400000000,0.736,0.724,0.717,0.745,0.756
2411700000000,0.737,0.725,0.719,0.747,0.757
2412000000000,0.736,0.726,0.72,0.747,0.758
2412300000000,0.735,0.724,0.717,0.746,0.756
2412600000000,0.737,0.725,0.718,0.747,0.757
2412900000000,0.737,0.726,0.718,0.748,0.757
2413200000000,0.736,0.725,0.715,0.745,0.755
2413500000000,0.735,0.724,0.714,0.744,0.755
2413800000000,0.736,0.723,0.713,0.744,0.755
2414100000000,0.736,0.723,0.712,0.745,0.755
2414400000000,0.737,0.724,0.713,0.746,0.755
2414700000000,0.735,0.723,0.713,0.744,0.753
2415000000000,0.729,0.717,0.708,0.735,0.745
2415300000000,0.733,0.722,0.711,0.739,0.75
2415600000000,0.736,0.725,0.715,0.746,0.755
2415900000000,0.735,0.724,0.714,0.744,0.753
2416200000000,0.736,0.725,0.713,0.746,0.755
2416500000000,0.733,0.717,0.712,0.742,0.752
2416800000000,0.729,0.708,0.711,0.742,0.751
2417100000000,0.729,0.708,0.71,0.741,0.751
2417400000000,0.733,0.712,0.715,0.746,0.756
2417700000000,0.732,0.712,0.716,0.748,0.757
2418000000000,0.733,0.712,0.717,0.75,0.759
2418300000000,0.735,0.713,0.719,0.751,0.76
2418600000000,0.734,0.713,0.719,0.75,0.76
2418900000000,0.733,0.712,0.718,0.75,0.759
2419200000000,0.735,0.714,0.72,0.752,0.761
2419500000000,0.733,0.712,0.719,0.75,0.759
2419800000000,0.727,0.708,0.714,0.747,0.756
2420100000000,0.728,0.71,0.714,0.747,0.757
2420400000000,0.731,0.712,0.717,0.749,0.759
2420700000000,0.733,0.712,0.718,0.749,0.761
2421000000000,0.731,0.711,0.717,0.748,0.76
2421300000000,0.73,0.711,0.715,0.747,0.759
2421600000000,0.729,0.71,0.715,0.747,0.759
2421900000000,0.729,0.71,0.716,0.747,0.759
2422200000000,0.729,0.709,0.716,0.746,0.758
2422500000000,0.73,0.711,0.718,0.748,0.76
2422800000000,0.727,0.708,0.714,0.744,0.756
2423100000000,0.725,0.707,0.71,0.741,0.753
2423400000000,0.725,0.707,0.71,0.739,0.752
2423700000000,0.728,0.711,0.714,0.744,0.756
2424000000000,0.729,0.711,0.716,0.746,0.757
2424300000000,0.729,0.711,0.716,0.746,0.756
2424600000000,0.724,0.707,0.71,0.739,0.749
2424900000000,0.723,0.706,0.708,0.738,0.748
2425200000000,0.723,0.706,0.709,0.74,0.75
2425500000000,0.724,0.706,0.711,0.742,0.752
2425800000000,0.723,0.705,0.709,0.74,0.75
2426100000000,0.721,0.704,0.709,0.74,0.749
2426400000000,0.718,0.702,0.708,0.739,0.747
2426700000000,0.718,0.703,0.709,0.74,0.748
2427000000000,0.719,0.703,0.709,0.739,0.748
2427300000000,0.719,0.702,0.708,0.739,0.748
2427600000000,0.72,0.703,0.709,0.739,0.749
2427900000000,0.722,0.706,0.712,0.742,0.752
2428200000000,0.725,0.708,0.714,0.745,0.754
2428500000000,0.725,0.707,0.712,0.744,0.753
2428800000000,0.724,0.705,0.711,0.743,0.752
2429100000000,0.726,0.706,0.711,0.744,0.753
2429400000000,0.726,0.706,0.713,0.746,0.755
2429700000000,0.726,0.706,0.714,0.746,0.756
2430000000000,0.726,0.706,0.714,0.747,0.756
2430300000000,0.728,0.707,0.717,0.749,0.758
2430600000000,0.729,0.708,0.719,0.749,0.759
2430900000000,0.732,0.711,0.722,0.751,0.761
2431200000000,0.732,0.711,0.723,0.753,0.762
2431500000000,0.73,0.71,0.72,0.75,0.759
2431800000000,0.729,0.709,0.718,0.747,0.758
2432100000000,0.729,0.709,0.716,0.747,0.758
2432400000000,0.73,0.71,0.717,0.747,0.759
2432700000000,0.73,0.71,0.717,0.746,0.757
2433000000000,0.733,0.711,0.72,0.749,0.76
2433300000000,0.735,0.713,0.723,0.753,0.763
2433600000000,0.733,0.712,0.723,0.753,0.762
2433900000000,0.733,0.711,0.723,0.753,0.762
2434200000000,0.736,0.713,0.726,0.757,0.766
2434500000000,0.739,0.715,0.728,0.76,0.768
2434800000000,0.738,0.715,0.726,0.758,0.767
2435100000000,0.736,0.714,0.725,0.757,0.767
2435400000000,0.734,0.712,0.722,0.753,0.764
2435700000000,0.731,0.709,0.718,0.75,0.76
2436000000000,0.729,0.708,0.718,0.749,0.76
2436300000000,0.729,0.708,0.719,0.749,0.76
2436600000000,0.729,0.708,0.719,0.749,0.761
2436900000000,0.729,0.709,0.718,0.749,0.761
2437200000000,0.731,0.711,0.72,0.751,0.763
2437500000000,0.731,0.712,0.722,0.752,0.763
2437800000000,0.734,0.714,0.724,0.754,0.765
2438100000000,0.733,0.712,0.724,0.754,0.764
2438400000000,0.733,0.712,0.724,0.754,0.763
2438700000000,0.733,0.712,0.724,0.754,0.763
2439000000000,0.732,0.711,0.723,0.752,0.762
2439300000000,0.731,0.711,0.724,0.753,0.763
2439600000000,0.733,0.713,0.727,0.755,0.764
2439900000000,0.732,0.712,0.726,0.755,0.764
2440200000000,0.73,0.71,0.722,0.751,0.76
2440500000000,0.73,0.71,0.722,0.751,0.76
2440800000000,0.729,0.709,0.723,0.753,0.761
2441100000000,0.73,0.709,0.725,0.754,0.761
2441400000000,0.732,0.711,0.727,0.756,0.764
2441700000000,0.734,0.712,0.728,0.756,0.764
2442000000000,0.735,0.712,0.729,0.758,0.766
2442300000000,0.737,0.713,0.729,0.759,0.767
2442600000000,0.734,0.712,0.727,0.758,0.765
2442900000000,0.731,0.709,0.725,0.755,0.763
2443200000000,0.731,0.71,0.726,0.754,0.762
2443500000000,0.73,0.71,0.726,0.755,0.763
2443800000000,0.728,0.709,0.725,0.753,0.761
2444100000000,0.729,0.71,0.725,0.753,0.761
2444400000000,0.727,0.709,0.725,0.753,0.761
2444700000000,0.729,0.711,0.725,0.753,0.761
2445000000000,0.732,0.713,0.727,0.755,0.763
2445300000000,0.732,0.712,0.727,0.755,0.763
2445600000000,0.731,0.707,0.726,0.755,0.762
2445900000000,0.73,0.706,0.725,0.754,0.761
2446200000000,0.73,0.706,0.724,0.753,0.761
2446500000000,0.723,0.7,0.718,0.744,0.751
2446800000000,0.712,0.693,0.71,0.733,0.741
2447100000000,0.703,0.688,0.703,0.722,0.727
2447400000000,0.693,0.681,0.697,0.714,0.717
2447700000000,0.695,0.682,0.698,0.716,0.718
2448000000000,0.699,0.685,0.701,0.72,0.722
2448300000000,0.703,0.688,0.705,0.725,0.727
2448600000000,0.711,0.695,0.713,0.735,0.738
2448900000000,0.71,0.693,0.712,0.733,0.735
2449200000000,0.705,0.689,0.708,0.728,0.731
2449500000000,0.703,0.687,0.706,0.724,0.728
2449800000000,0.694,0.679,0.699,0.712,0.715
2450100000000,0.689,0.676,0.693,0.703,0.707
2450400000000,0.687,0.676,0.69,0.699,0.704
2450700000000,0.692,0.678,0.693,0.702,0.709
2451000000000,0.696,0.682,0.697,0.707,0.715
2451300000000,0.697,0.682,0.696,0.709,0.717
2451600000000,0.702,0.684,0.698,0.713,0.721
2451900000000,0.699,0.683,0.696,0.711,0.719
2452200000000,0.7,0.683,0.697,0.712,0.718
2452500000000,0.703,0.688,0.701,0.718,0.724
2452800000000,0.702,0.685,0.699,0.716,0.721
2453100000000,0.702,0.684,0.697,0.713,0.719
2453400000000,0.699,0.683,0.692,0.707,0.715
2453700000000,0.704,0.686,0.692,0.71,0.718
2454000000000,0.719,0.698,0.705,0.73,0.738
2454300000000,0.729,0.706,0.717,0.744,0.752
2454600000000,0.731,0.707,0.722,0.75,0.758
2454900000000,0.733,0.708,0.724,0.753,0.761
2455200000000,0.733,0.708,0.724,0.753,0.762
2455500000000,0.734,0.71,0.725,0.754,0.763
2455800000000,0.734,0.709,0.726,0.756,0.763
2456100000000,0.733,0.706,0.725,0.755,0.762
2456400000000,0.732,0.705,0.723,0.754,0.76
2456700000000,0.734,0.707,0.726,0.756,0.762
2457000000000,0.734,0.707,0.727,0.757,0.764
2457300000000,0.736,0.709,0.729,0.76,0.766
2457600000000,0.736,0.709,0.73,0.76,0.767
2457900000000,0.733,0.706,0.727,0.757,0.764
2458200000000,0.728,0.702,0.722,0.752,0.76
2458500000000,0.726,0.7,0.72,0.749,0.758
2458800000000,0.724,0.699,0.718,0.747,0.756
2459100000000,0.723,0.698,0.717,0.746,0.754
2459400000000,0.725,0.701,0.72,0.749,0.757
2459700000000,0.725,0.704,0.72,0.749,0.757
2460000000000,0.723,0.704,0.717,0.744,0.753
2460300000000,0.723,0.705,0.718,0.745,0.753
2460600000000,0.722,0.703,0.715,0.744,0.751
2460900000000,0.724,0.704,0.718,0.746,0.753
2461200000000,0.725,0.705,0.719,0.748,0.756
2461500000000,0.724,0.702,0.718,0.746,0.755
2461800000000,0.724,0.703,0.718,0.746,0.755
2462100000000,0.724,0.706,0.718,0.747,0.754
2462400000000,0.725,0.707,0.718,0.747,0.754
2462700000000,0.723,0.706,0.717,0.746,0.754
2463000000000,0.725,0.706,0.718,0.747,0.754
2463300000000,0.725,0.707,0.718,0.747,0.755
2463600000000,0.726,0.708,0.719,0.747,0.755
2463900000000,0.725,0.706,0.717,0.746,0.755
2464200000000,0.725,0.706,0.716,0.746,0.754
2464500000000,0.725,0.705,0.715,0.745,0.754
2464800000000,0.725,0.706,0.716,0.745,0.755
2465100000000,0.725,0.706,0.717,0.746,0.756
2465400000000,0.724,0.707,0.718,0.745,0.755
2465700000000,0.722,0.705,0.716,0.743,0.752
2466000000000,0.72,0.703,0.713,0.741,0.749
2466300000000,0.72,0.703,0.711,0.739,0.747
2466600000000,0.721,0.705,0.713,0.742,0.749
2466900000000,0.723,0.706,0.715,0.744,0.752
2467200000000,0.724,0.707,0.716,0.744,0.752
2467500000000,0.725,0.707,0.718,0.746,0.753
2467800000000,0.727,0.709,0.719,0.747,0.755
2468100000000,0.726,0.71,0.719,0.747,0.755
2468400000000,0.727,0.71,0.72,0.748,0.756
2468700000000,0.727,0.71,0.72,0.749,0.757
2469000000000,0.726,0.708,0.719,0.747,0.756
2469300000000,0.725,0.708,0.719,0.747,0.755
2469600000000,0.723,0.707,0.717,0.745,0.751
2469900000000,0.722,0.706,0.715,0.744,0.75
2470200000000,0.724,0.707,0.717,0.747,0.752
2470500000000,0.724,0.707,0.717,0.746,0.753
2470800000000,0.723,0.707,0.717,0.747,0.753
2471100000000,0.724,0.706,0.718,0.748,0.755
2471400000000,0.725,0.708,0.719,0.749,0.756
2471700000000,0.724,0.708,0.717,0.747,0.753
2472000000000,0.726,0.709,0.719,0.748,0.755
2472300000000,0.726,0.709,0.72,0.748,0.755
2472600000000,0.723,0.706,0.718,0.748,0.754
2472900000000,0.724,0.707,0.718,0.748,0.755
2473200000000,0.724,0.707,0.717,0.747,0.753
2473500000000,0.723,0.706,0.715,0.746,0.752
2473800000000,0.725,0.707,0.718,0.748,0.755
2474100000000,0.727,0.709,0.72,0.752,0.759
2474400000000,0.727,0.71,0.72,0.751,0.759
2474700000000,0.726,0.709,0.72,0.749,0.757
2475000000000,0.725,0.709,0.718,0.747,0.756
2475300000000,0.725,0.708,0.718,0.748,0.755
2475600000000,0.726,0.708,0.719,0.749,0.757
2475900000000,0.725,0.708,0.719,0.748,0.757
2476200000000,0.723,0.707,0.717,0.746,0.754
2476500000000,0.723,0.706,0.715,0.745,0.753
2476800000000,0.718,0.703,0.711,0.74,0.747
2477100000000,0.717,0.703,0.71,0.74,0.747
2477400000000,0.72,0.704,0.712,0.741,0.749
2477700000000,0.719,0.703,0.71,0.74,0.749
2478000000000,0.72,0.704,0.71,0.74,0.75
2478300000000,0.723,0.707,0.714,0.744,0.755
2478600000000,0.726,0.711,0.719,0.748,0.759
2478900000000,0.73,0.713,0.723,0.752,0.761
2479200000000,0.734,0.716,0.726,0.755,0.764
2479500000000,0.732,0.715,0.724,0.753,0.761
2479800000000,0.73,0.712,0.72,0.75,0.757
2480100000000,0.727,0.709,0.716,0.746,0.752
2480400000000,0.725,0.707,0.712,0.743,0.749
2480700000000,0.724,0.707,0.712,0.744,0.75
2481000000000,0.726,0.708,0.714,0.744,0.752
2481300000000,0.727,0.711,0.717,0.746,0.753
2481600000000,0.726,0.71,0.717,0.745,0.753
2481900000000,0.728,0.71,0.715,0.745,0.753
2482200000000,0.728,0.711,0.717,0.747,0.755
2482500000000,0.729,0.712,0.719,0.749,0.757
2482800000000,0.729,0.712,0.721,0.749,0.757
2483100000000,0.73,0.712,0.722,0.75,0.756
2483400000000,0.729,0.711,0.722,0.75,0.756
2483700000000,0.73,0.712,0.723,0.752,0.758
2484000000000,0.73,0.712,0.723,0.751,0.757
2484300000000,0.729,0.711,0.721,0.75,0.756
2484600000000,0.727,0.709,0.718,0.746,0.752
2484900000000,0.726,0.71,0.717,0.746,0.751
2485200000000,0.728,0.71,0.716,0.746,0.752
2485500000000,0.726,0.709,0.714,0.744,0.75
2485800000000,0.727,0.71,0.715,0.745,0.751
2486100000000,0.729,0.71,0.717,0.747,0.752
2486400000000,0.729,0.71,0.717,0.748,0.754
2486700000000,0.731,0.711,0.719,0.75,0.757
2487000000000,0.73,0.712,0.718,0.748,0.757
2487300000000,0.728,0.71,0.715,0.744,0.752
2487600000000,0.721,0.705,0.708,0.738,0.744
2487900000000,0.722,0.706,0.709,0.739,0.744
2488200000000,0.723,0.707,0.711,0.741,0.745
2488500000000,0.724,0.708,0.714,0.744,0.75
2488800000000,0.726,0.71,0.717,0.747,0.753
2489100000000,0.725,0.708,0.717,0.747,0.753
2489400000000,0.725,0.708,0.716,0.746,0.752
2489700000000,0.727,0.709,0.717,0.748,0.754
2490000000000,0.726,0.709,0.716,0.746,0.751
2490300000000,0.712,0.698,0.701,0.728,0.733
2490600000000,0.684,0.675,0.677,0.694,0.702
2490900000000,0.659,0.656,0.66,0.665,0.674
2491200000000,0.65,0.649,0.654,0.654,0.662
2491500000000,0.651,0.651,0.66,0.663,0.668
2491800000000,0.648,0.649,0.658,0.661,0.666
2492100000000,0.64,0.643,0.652,0.651,0.658
2492400000000,0.647,0.648,0.655,0.659,0.662
2492700000000,0.638,0.641,0.648,0.647,0.652
2493000000000,0.631,0.633,0.64,0.635,0.643
2493300000000,0.631,0.632,0.639,0.634,0.643
2493600000000,0.631,0.632,0.638,0.635,0.644
2493900000000,0.632,0.632,0.637,0.634,0.643
2494200000000,0.652,0.648,0.655,0.663,0.669
2494500000000,0.653,0.649,0.656,0.666,0.672
2494800000000,0.658,0.655,0.665,0.675,0.68
2495100000000,0.655,0.655,0.668,0.672,0.676
2495400000000,0.663,0.661,0.676,0.683,0.685
2495700000000,0.659,0.658,0.673,0.683,0.684
2496000000000,0.651,0.651,0.664,0.669,0.671
2496300000000,0.65,0.649,0.659,0.665,0.668
2496600000000,0.644,0.645,0.653,0.657,0.661
2496900000000,0.642,0.651,0.646,0.651,0.656
2497200000000,0.649,0.658,0.651,0.661,0.664
2497500000000,0.646,0.656,0.651,0.661,0.664
2497800000000,0.638,0.648,0.646,0.649,0.652
2498100000000,0.64,0.648,0.647,0.65,0.653
2498400000000,0.653,0.656,0.658,0.667,0.669
2498700000000,0.649,0.652,0.659,0.669,0.671
2499000000000,0.659,0.66,0.667,0.68,0.682
2499300000000,0.664,0.663,0.672,0.688,0.688
2499600000000,0.683,0.678,0.686,0.708,0.709
2499900000000,0.691,0.687,0.696,0.721,0.723
2500200000000,0.696,0.692,0.701,0.729,0.733
2500500000000,0.702,0.696,0.704,0.733,0.739
2500800000000,0.703,0.693,0.701,0.73,0.738
2501100000000,0.702,0.693,0.699,0.728,0.736
2501400000000,0.702,0.693,0.699,0.728,0.734
2501700000000,0.703,0.693,0.701,0.728,0.734
2502000000000,0.699,0.689,0.697,0.723,0.73
2502300000000,0.698,0.688,0.696,0.723,0.729
2502600000000,0.697,0.687,0.694,0.722,0.728
2502900000000,0.694,0.684,0.689,0.718,0.723
2503200000000,0.683,0.675,0.679,0.701,0.709
2503500000000,0.686,0.678,0.682,0.706,0.714
2503800000000,0.687,0.68,0.686,0.714,0.721
2504100000000,0.685,0.68,0.685,0.714,0.721
2504400000000,0.685,0.679,0.685,0.712,0.718
2504700000000,0.682,0.677,0.683,0.705,0.711
2505000000000,0.684,0.678,0.685,0.708,0.713
2505300000000,0.681,0.677,0.686,0.705,0.711
2505600000000,0.677,0.673,0.683,0.699,0.705
2505900000000,0.678,0.674,0.68,0.697,0.703
2506200000000,0.68,0.673,0.679,0.697,0.703
2506500000000,0.678,0.671,0.678,0.695,0.702
2506800000000,0.691,0.681,0.69,0.709,0.716
2507100000000,0.699,0.689,0.698,0.717,0.723
2507400000000,0.703,0.693,0.704,0.722,0.726
2507700000000,0.703,0.693,0.704,0.723,0.728
2508000000000,0.699,0.69,0.7,0.72,0.725
2508300000000,0.696,0.687,0.699,0.718,0.723
2508600000000,0.69,0.682,0.694,0.713,0.717
2508900000000,0.689,0.681,0.693,0.711,0.715
2509200000000,0.69,0.683,0.694,0.714,0.717
2509500000000,0.691,0.683,0.695,0.715,0.718
2509800000000,0.698,0.688,0.7,0.721,0.725
2510100000000,0.7,0.69,0.698,0.719,0.725
2510400000000,0.7,0.689,0.697,0.717,0.723
2510700000000,0.704,0.692,0.701,0.723,0.729
2511000000000,0.701,0.69,0.699,0.72,0.726
2511300000000,0.7,0.69,0.698,0.719,0.725
2511600000000,0.706,0.695,0.703,0.727,0.732
2511900000000,0.714,0.701,0.71,0.736,0.741
2512200000000,0.72,0.705,0.714,0.741,0.747
2512500000000,0.719,0.704,0.714,0.74,0.746
2512800000000,0.717,0.702,0.713,0.741,0.746
2513100000000,0.721,0.705,0.717,0.745,0.751
2513400000000,0.725,0.708,0.72,0.749,0.755
2513700000000,0.726,0.707,0.718,0.749,0.755
2514000000000,0.722,0.703,0.715,0.743,0.75
2514300000000,0.717,0.7,0.711,0.74,0.747
2514600000000,0.711,0.697,0.707,0.733,0.74
2514900000000,0.708,0.695,0.705,0.73,0.736
2515200000000,0.709,0.696,0.706,0.732,0.736
2515500000000,0.713,0.699,0.71,0.738,0.742
2515800000000,0.712,0.697,0.711,0.739,0.743
2516100000000,0.711,0.697,0.712,0.741,0.746
2516400000000,0.713,0.697,0.714,0.744,0.749
2516700000000,0.716,0.699,0.717,0.747,0.753
2517000000000,0.724,0.705,0.721,0.753,0.759
2517300000000,0.73,0.709,0.725,0.757,0.764
2517600000000,0.729,0.708,0.724,0.756,0.762
2517900000000,0.723,0.705,0.72,0.749,0.757
2518200000000,0.719,0.703,0.717,0.745,0.753
2518500000000,0.716,0.701,0.716,0.743,0.751
2518800000000,0.72,0.703,0.719,0.747,0.755
2519100000000,0.726,0.707,0.723,0.752,0.76
2519400000000,0.728,0.708,0.723,0.754,0.762
2519700000000,0.73,0.708,0.724,0.756,0.764
2520000000000,0.727,0.705,0.722,0.754,0.761
2520300000000,0.723,0.704,0.719,0.751,0.759
2520600000000,0.725,0.705,0.719,0.751,0.76
2520900000000,0.73,0.71,0.723,0.756,0.765
2521200000000,0.728,0.709,0.724,0.754,0.762
2521500000000,0.726,0.708,0.724,0.752,0.76
2521800000000,0.724,0.706,0.722,0.752,0.758
2522100000000,0.727,0.707,0.722,0.754,0.761
2522400000000,0.732,0.711,0.727,0.759,0.767
2522700000000,0.733,0.712,0.727,0.759,0.767
2523000000000,0.732,0.71,0.726,0.758,0.765
2523300000000,0.733,0.711,0.728,0.759,0.767
2523600000000,0.735,0.713,0.73,0.761,0.769
2523900000000,0.735,0.713,0.73,0.761,0.769
2524200000000,0.729,0.709,0.725,0.754,0.763
2524500000000,0.723,0.704,0.72,0.748,0.756
2524800000000,0.721,0.704,0.718,0.748,0.754
2525100000000,0.722,0.705,0.72,0.751,0.757
2525400000000,0.723,0.706,0.722,0.752,0.757
2525700000000,0.728,0.71,0.727,0.758,0.764
2526000000000,0.73,0.71,0.728,0.758,0.765
2526300000000,0.731,0.711,0.729,0.758,0.765
2526600000000,0.728,0.709,0.727,0.756,0.763
2526900000000,0.724,0.706,0.723,0.752,0.759
2527200000000,0.724,0.706,0.726,0.755,0.761
2527500000000,0.725,0.708,0.725,0.755,0.76
2527800000000,0.723,0.707,0.723,0.752,0.757
2528100000000,0.722,0.708,0.723,0.752,0.758
2528400000000,0.719,0.705,0.721,0.748,0.755
2528700000000,0.718,0.705,0.721,0.749,0.755
2529000000000,0.718,0.705,0.722,0.749,0.754
2529300000000,0.718,0.705,0.723,0.751,0.755
2529600000000,0.714,0.7,0.72,0.746,0.75
2529900000000,0.712,0.697,0.719,0.745,0.749
2530200000000,0.706,0.692,0.715,0.739,0.742
2530500000000,0.706,0.691,0.714,0.737,0.74
2530800000000,0.702,0.687,0.71,0.729,0.732
2531100000000,0.704,0.688,0.71,0.731,0.734
2531400000000,0.699,0.686,0.708,0.729,0.732
2531700000000,0.698,0.686,0.708,0.727,0.73
2532000000000,0.699,0.686,0.708,0.724,0.728
2532300000000,0.703,0.689,0.71,0.727,0.731
2532600000000,0.704,0.69,0.712,0.729,0.732
2532900000000,0.702,0.687,0.709,0.724,0.729
2533200000000,0.691,0.677,0.698,0.709,0.714
2533500000000,0.697,0.682,0.701,0.716,0.72
2533800000000,0.703,0.686,0.705,0.723,0.727
2534100000000,0.703,0.687,0.705,0.724,0.729
2534400000000,0.705,0.689,0.706,0.726,0.731
2534700000000,0.711,0.693,0.711,0.733,0.737
2535000000000,0.711,0.694,0.713,0.734,0.738
2535300000000,0.705,0.688,0.708,0.727,0.731
2535600000000,0.694,0.679,0.698,0.714,0.716
2535900000000,0.685,0.672,0.689,0.699,0.701
2536200000000,0.676,0.665,0.681,0.688,0.691
2536500000000,0.674,0.664,0.678,0.685,0.689
2536800000000,0.677,0.667,0.681,0.692,0.695
2537100000000,0.68,0.669,0.684,0.696,0.7
2537400000000,0.682,0.671,0.686,0.699,0.702
2537700000000,0.69,0.676,0.693,0.708,0.711
2538000000000,0.693,0.679,0.697,0.713,0.715
2538300000000,0.69,0.676,0.694,0.709,0.711
2538600000000,0.685,0.673,0.69,0.702,0.703
2538900000000,0.686,0.673,0.689,0.701,0.702
2539200000000,0.689,0.676,0.691,0.704,0.705
2539500000000,0.685,0.672,0.687,0.698,0.7
2539800000000,0.683,0.67,0.685,0.693,0.695
2540100000000,0.678,0.666,0.682,0.688,0.691
2540400000000,0.687,0.675,0.692,0.704,0.707
2540700000000,0.704,0.69,0.709,0.729,0.73
2541000000000,0.718,0.699,0.72,0.744,0.747
2541300000000,0.722,0.701,0.723,0.749,0.755
2541600000000,0.727,0.707,0.727,0.753,0.76
2541900000000,0.731,0.709,0.728,0.755,0.763
2542200000000,0.732,0.708,0.728,0.755,0.763
2542500000000,0.734,0.707,0.728,0.755,0.763
2542800000000,0.735,0.709,0.729,0.757,0.765
2543100000000,0.733,0.707,0.727,0.756,0.764
2543400000000,0.733,0.707,0.726,0.756,0.765
2543700000000,0.735,0.709,0.728,0.759,0.768
2544000000000,0.734,0.708,0.728,0.758,0.767
2544300000000,0.734,0.709,0.727,0.758,0.766
2544600000000,0.731,0.707,0.724,0.755,0.763
2544900000000,0.729,0.706,0.722,0.753,0.761
2545200000000,0.726,0.704,0.721,0.751,0.758
2545500000000,0.726,0.704,0.722,0.753,0.759
2545800000000,0.726,0.704,0.723,0.753,0.759
2546100000000,0.729,0.707,0.725,0.755,0.762
2546400000000,0.728,0.709,0.724,0.754,0.76
2546700000000,0.722,0.705,0.72,0.75,0.755
2547000000000,0.724,0.704,0.719,0.75,0.755
2547300000000,0.725,0.704,0.72,0.751,0.755
2547600000000,0.727,0.706,0.723,0.752,0.757
2547900000000,0.728,0.706,0.724,0.752,0.757
2548200000000,0.724,0.702,0.721,0.75,0.755
2548500000000,0.721,0.699,0.718,0.747,0.752
2548800000000,0.722,0.705,0.72,0.747,0.753
2549100000000,0.722,0.705,0.721,0.748,0.753
2549400000000,0.722,0.706,0.722,0.748,0.754
2549700000000,0.719,0.705,0.72,0.745,0.753
2550000000000,0.715,0.703,0.718,0.744,0.751
2550300000000,0.716,0.703,0.717,0.745,0.75
2550600000000,0.718,0.705,0.718,0.746,0.752
2550900000000,0.722,0.706,0.719,0.747,0.753
2551200000000,0.723,0.707,0.719,0.747,0.753
2551500000000,0.725,0.708,0.72,0.749,0.754
2551800000000,0.725,0.711,0.721,0.75,0.755
2552100000000,0.725,0.712,0.722,0.751,0.756
2552400000000,0.726,0.711,0.722,0.75,0.756
2552700000000,0.725,0.71,0.722,0.749,0.755
2553000000000,0.724,0.71,0.722,0.749,0.755
2553300000000,0.726,0.711,0.722,0.749,0.756
2553600000000,0.728,0.713,0.724,0.751,0.757
2553900000000,0.729,0.714,0.726,0.754,0.758
2554200000000,0.731,0.716,0.727,0.757,0.76
2554500000000,0.731,0.716,0.726,0.756,0.76
2554800000000,0.729,0.713,0.723,0.754,0.758
2555100000000,0.729,0.714,0.723,0.754,0.759
2555400000000,0.73,0.713,0.723,0.754,0.759
2555700000000,0.73,0.711,0.723,0.754,0.758
2556000000000,0.731,0.712,0.724,0.754,0.758
2556300000000,0.729,0.713,0.723,0.752,0.756
2556600000000,0.727,0.711,0.722,0.751,0.755
2556900000000,0.722,0.708,0.717,0.745,0.75
2557200000000,0.723,0.705,0.717,0.748,0.751
2557500000000,0.727,0.707,0.719,0.751,0.754
2557800000000,0.727,0.707,0.72,0.751,0.756
2558100000000,0.723,0.704,0.718,0.748,0.753
2558400000000,0.721,0.704,0.717,0.747,0.753
2558700000000,0.721,0.704,0.717,0.746,0.753
2559000000000,0.716,0.7,0.711,0.74,0.746
2559300000000,0.716,0.7,0.71,0.739,0.747
2559600000000,0.719,0.703,0.714,0.743,0.749
2559900000000,0.722,0.705,0.717,0.747,0.752
2560200000000,0.721,0.703,0.716,0.746,0.75
2560500000000,0.72,0.702,0.716,0.745,0.75
2560800000000,0.717,0.7,0.713,0.743,0.748
2561100000000,0.717,0.701,0.714,0.744,0.75
2561400000000,0.721,0.704,0.718,0.748,0.754
2561700000000,0.721,0.703,0.717,0.748,0.754
2562000000000,0.722,0.704,0.718,0.748,0.754
2562300000000,0.72,0.703,0.716,0.747,0.751
2562600000000,0.722,0.704,0.718,0.748,0.752
2562900000000,0.722,0.704,0.717,0.747,0.751
2563200000000,0.721,0.703,0.716,0.746,0.749
2563500000000,0.72,0.703,0.715,0.745,0.749
2563800000000,0.721,0.703,0.716,0.746,0.751
2564100000000,0.72,0.703,0.715,0.745,0.75
2564400000000,0.72,0.703,0.715,0.743,0.75
2564700000000,0.718,0.702,0.715,0.745,0.751
2565000000000,0.721,0.704,0.717,0.748,0.754
2565300000000,0.723,0.706,0.72,0.75,0.755
2565600000000,0.725,0.708,0.72,0.751,0.756
2565900000000,0.728,0.709,0.722,0.752,0.758
2566200000000,0.728,0.709,0.721,0.75,0.757
2566500000000,0.726,0.707,0.718,0.747,0.755
2566800000000,0.723,0.705,0.717,0.746,0.754
2567100000000,0.721,0.703,0.716,0.745,0.752
2567400000000,0.721,0.703,0.717,0.747,0.753
2567700000000,0.723,0.705,0.719,0.749,0.755
2568000000000,0.72,0.704,0.716,0.746,0.751
2568300000000,0.714,0.7,0.711,0.738,0.744
2568600000000,0.719,0.704,0.715,0.743,0.749
2568900000000,0.72,0.702,0.716,0.744,0.751
2569200000000,0.722,0.703,0.717,0.746,0.754
2569500000000,0.726,0.706,0.72,0.749,0.757
2569800000000,0.727,0.707,0.721,0.751,0.758
2570100000000,0.728,0.707,0.721,0.752,0.758
2570400000000,0.728,0.708,0.722,0.752,0.759
2570700000000,0.724,0.705,0.718,0.747,0.755
2571000000000,0.721,0.702,0.713,0.744,0.752
2571300000000,0.719,0.7,0.712,0.742,0.75
2571600000000,0.721,0.701,0.713,0.743,0.751
2571900000000,0.724,0.703,0.715,0.747,0.754
2572200000000,0.728,0.707,0.719,0.751,0.757
2572500000000,0.727,0.707,0.72,0.75,0.757
2572800000000,0.713,0.696,0.709,0.736,0.742
2573100000000,0.705,0.69,0.703,0.726,0.732
2573400000000,0.694,0.682,0.695,0.714,0.717
2573700000000,0.668,0.663,0.676,0.688,0.691
2574000000000,0.651,0.649,0.66,0.666,0.669
2574300000000,0.646,0.645,0.655,0.659,0.664
2574600000000,0.65,0.649,0.658,0.661,0.667
2574900000000,0.652,0.651,0.66,0.664,0.67
2575200000000,0.654,0.654,0.664,0.672,0.677
2575500000000,0.667,0.664,0.678,0.689,0.693
2575800000000,0.682,0.676,0.694,0.71,0.712
2576100000000,0.693,0.685,0.705,0.725,0.727
2576400000000,0.7,0.688,0.71,0.732,0.735
2576700000000,0.702,0.69,0.712,0.733,0.737
2577000000000,0.702,0.691,0.712,0.733,0.736
2577300000000,0.707,0.694,0.715,0.736,0.74
2577600000000,0.712,0.697,0.718,0.742,0.745
2577900000000,0.713,0.699,0.72,0.744,0.747
2578200000000,0.709,0.697,0.718,0.741,0.743
2578500000000,0.709,0.695,0.717,0.739,0.742
2578800000000,0.708,0.695,0.715,0.739,0.743
2579100000000,0.71,0.696,0.716,0.741,0.745
2579400000000,0.706,0.693,0.712,0.739,0.742
2579700000000,0.705,0.693,0.712,0.738,0.741
2580000000000,0.707,0.693,0.712,0.74,0.742
2580300000000,0.713,0.698,0.716,0.745,0.747
2580600000000,0.711,0.696,0.714,0.743,0.746
2580900000000,0.709,0.695,0.713,0.741,0.743
2581200000000,0.711,0.696,0.714,0.742,0.743
2581500000000,0.712,0.696,0.716,0.744,0.746
2581800000000,0.714,0.697,0.718,0.745,0.747
2582100000000,0.714,0.696,0.718,0.744,0.746
2582400000000,0.713,0.694,0.717,0.743,0.746
2582700000000,0.715,0.697,0.718,0.744,0.746
2583000000000,0.719,0.7,0.72,0.748,0.75
2583300000000,0.717,0.7,0.72,0.748,0.75
2583600000000,0.712,0.695,0.717,0.744,0.746
2583900000000,0.711,0.695,0.716,0.743,0.745
2584200000000,0.713,0.697,0.716,0.744,0.746
2584500000000,0.713,0.699,0.717,0.744,0.746
2584800000000,0.711,0.697,0.715,0.742,0.745
2585100000000,0.709,0.695,0.713,0.74,0.743
2585400000000,0.712,0.696,0.714,0.742,0.746
2585700000000,0.718,0.704,0.717,0.745,0.749
2586000000000,0.715,0.706,0.713,0.741,0.745
2586300000000,0.715,0.707,0.714,0.741,0.745
2586600000000,0.714,0.706,0.712,0.738,0.741
2586900000000,0.712,0.704,0.711,0.737,0.74
2587200000000,0.705,0.692,0.71,0.735,0.738
2587500000000,0.702,0.69,0.71,0.735,0.737
2587800000000,0.704,0.692,0.712,0.738,0.74
2588100000000,0.707,0.693,0.712,0.74,0.742
2588400000000,0.708,0.695,0.713,0.741,0.743
2588700000000,0.702,0.691,0.71,0.736,0.738
2589000000000,0.702,0.691,0.71,0.736,0.737
2589300000000,0.706,0.694,0.713,0.738,0.741
2589600000000,0.705,0.692,0.711,0.735,0.737
2589900000000,0.701,0.689,0.707,0.729,0.732
2590200000000,0.693,0.682,0.698,0.719,0.722
2590500000000,0.68,0.671,0.686,0.703,0.706
2590800000000,0.669,0.663,0.675,0.689,0.69
2591100000000,0.662,0.657,0.666,0.679,0.68
2591400000000,0.665,0.66,0.668,0.682,0.682
2591700000000,0.671,0.665,0.673,0.69,0.689
2592000000000,0.691,0.68,0.689,0.716,0.716
2592300000000,0.696,0.686,0.696,0.725,0.727
2592600000000,0.701,0.69,0.699,0.731,0.732
2592900000000,0.703,0.69,0.7,0.733,0.737
2593200000000,0.703,0.693,0.703,0.732,0.737
2593500000000,0.705,0.694,0.707,0.735,0.739
2593800000000,0.704,0.693,0.706,0.733,0.736
2594100000000,0.701,0.69,0.702,0.729,0.731
2594400000000,0.697,0.686,0.697,0.724,0.727
2594700000000,0.696,0.684,0.695,0.722,0.725
2595000000000,0.698,0.686,0.696,0.724,0.727
2595300000000,0.702,0.69,0.701,0.731,0.733
2595600000000,0.705,0.691,0.704,0.736,0.737
2595900000000,0.708,0.693,0.706,0.74,0.742
2596200000000,0.703,0.69,0.704,0.737,0.74
2596500000000,0.696,0.684,0.698,0.728,0.731
2596800000000,0.707,0.692,0.705,0.741,0.741
2597100000000,0.709,0.695,0.708,0.744,0.745
2597400000000,0.71,0.696,0.71,0.744,0.746
2597700000000,0.71,0.695,0.711,0.743,0.745
2598000000000,0.708,0.694,0.71,0.74,0.743
2598300000000,0.71,0.695,0.71,0.739,0.742
2598600000000,0.708,0.694,0.708,0.738,0.74
2598900000000,0.71,0.695,0.71,0.74,0.742
2599200000000,0.708,0.692,0.708,0.739,0.741
2599500000000,0.707,0.691,0.707,0.738,0.741
2599800000000,0.714,0.698,0.712,0.744,0.747
2600100000000,0.716,0.699,0.714,0.743,0.747
2600400000000,0.715,0.699,0.711,0.745,0.746
2600700000000,0.712,0.697,0.709,0.742,0.745
2601000000000,0.711,0.696,0.709,0.74,0.743
2601300000000,0.712,0.697,0.71,0.741,0.743
2601600000000,0.714,0.698,0.712,0.743,0.745
2601900000000,0.717,0.7,0.713,0.745,0.747
2602200000000,0.719,0.701,0.715,0.749,0.749
2602500000000,0.719,0.701,0.716,0.75,0.752
2602800000000,0.718,0.7,0.714,0.748,0.749
2603100000000,0.707,0.689,0.702,0.731,0.735
2603400000000,0.699,0.68,0.691,0.715,0.722
2603700000000,0.696,0.677,0.687,0.708,0.718
2604000000000,0.7,0.679,0.691,0.712,0.724
2604300000000,0.707,0.688,0.702,0.732,0.739
2604600000000,0.71,0.694,0.709,0.742,0.745
2604900000000,0.714,0.699,0.713,0.744,0.748
2605200000000,0.717,0.702,0.714,0.746,0.751
2605500000000,0.719,0.704,0.715,0.749,0.753
2605800000000,0.719,0.701,0.714,0.75,0.752
2606100000000,0.714,0.696,0.71,0.746,0.748
2606400000000,0.717,0.698,0.713,0.75,0.752
2606700000000,0.718,0.698,0.715,0.751,0.754
2607000000000,0.718,0.697,0.714,0.75,0.754
2607300000000,0.721,0.699,0.717,0.751,0.755
2607600000000,0.72,0.698,0.716,0.749,0.754
2607900000000,0.722,0.7,0.718,0.752,0.756
2608200000000,0.726,0.703,0.721,0.754,0.76
2608500000000,0.73,0.705,0.724,0.759,0.764
2608800000000,0.734,0.708,0.728,0.764,0.769
2609100000000,0.734,0.708,0.728,0.765,0.769
2609400000000,0.733,0.706,0.727,0.765,0.768
2609700000000,0.735,0.709,0.729,0.767,0.77
2610000000000,0.734,0.708,0.728,0.766,0.769
2610300000000,0.731,0.705,0.725,0.764,0.767
2610600000000,0.73,0.704,0.723,0.762,0.765
2610900000000,0.731,0.706,0.723,0.761,0.765
2611200000000,0.732,0.706,0.724,0.762,0.766
2611500000000,0.732,0.706,0.724,0.761,0.764
2611800000000,0.733,0.707,0.725,0.762,0.766
2612100000000,0.735,0.709,0.726,0.761,0.766
2612400000000,0.736,0.709,0.724,0.758,0.765
2612700000000,0.736,0.708,0.724,0.759,0.766
2613000000000,0.735,0.707,0.724,0.76,0.766
2613300000000,0.736,0.707,0.726,0.761,0.768
2613600000000,0.734,0.705,0.723,0.758,0.764
2613900000000,0.733,0.706,0.722,0.759,0.764
2614200000000,0.736,0.708,0.725,0.762,0.767
2614500000000,0.735,0.707,0.724,0.762,0.768
2614800000000,0.734,0.706,0.723,0.761,0.767
2615100000000,0.734,0.707,0.723,0.762,0.768
2615400000000,0.732,0.706,0.722,0.76,0.766
2615700000000,0.731,0.705,0.722,0.758,0.764
2616000000000,0.731,0.706,0.723,0.758,0.764
2616300000000,0.733,0.708,0.725,0.76,0.766
2616600000000,0.736,0.71,0.729,0.765,0.77
2616900000000,0.738,0.71,0.73,0.767,0.772
2617200000000,0.739,0.711,0.731,0.768,0.773
2617500000000,0.737,0.709,0.729,0.765,0.77
2617800000000,0.736,0.709,0.727,0.763,0.768
2618100000000,0.735,0.709,0.725,0.76,0.765
2618400000000,0.731,0.707,0.722,0.757,0.762
2618700000000,0.733,0.709,0.724,0.759,0.764
2619000000000,0.737,0.712,0.728,0.764,0.768
2619300000000,0.743,0.716,0.733,0.77,0.774
2619600000000,0.744,0.718,0.734,0.772,0.776
2619900000000,0.744,0.717,0.734,0.771,0.776
2620200000000,0.744,0.716,0.734,0.771,0.776
2620500000000,0.741,0.714,0.731,0.768,0.773
2620800000000,0.74,0.713,0.729,0.766,0.771
2621100000000,0.735,0.709,0.725,0.759,0.763
2621400000000,0.734,0.708,0.724,0.758,0.763
2621700000000,0.735,0.71,0.726,0.761,0.765
2622000000000,0.736,0.711,0.727,0.763,0.767
2622300000000,0.737,0.712,0.727,0.764,0.768
2622600000000,0.738,0.712,0.728,0.765,0.77
2622900000000,0.739,0.713,0.729,0.766,0.771
2623200000000,0.738,0.712,0.728,0.765,0.769
2623500000000,0.738,0.711,0.727,0.764,0.769
2623800000000,0.736,0.71,0.725,0.762,0.767
2624100000000,0.735,0.709,0.724,0.761,0.765
2624400000000,0.737,0.71,0.725,0.763,0.768
2624700000000,0.737,0.709,0.725,0.762,0.768
2625000000000,0.736,0.709,0.725,0.76,0.766
2625300000000,0.736,0.708,0.724,0.759,0.765
2625600000000,0.735,0.708,0.723,0.759,0.764
2625900000000,0.734,0.708,0.724,0.758,0.764
2626200000000,0.735,0.708,0.724,0.758,0.763
2626500000000,0.734,0.707,0.722,0.756,0.761
2626800000000,0.732,0.706,0.722,0.756,0.761
2627100000000,0.732,0.707,0.723,0.756,0.76
2627400000000,0.73,0.705,0.721,0.754,0.757
2627700000000,0.729,0.704,0.721,0.755,0.758
2628000000000,0.728,0.702,0.72,0.753,0.757
2628300000000,0.726,0.7,0.718,0.751,0.754
2628600000000,0.726,0.702,0.718,0.751,0.753
2628900000000,0.725,0.702,0.718,0.751,0.754
2629200000000,0.725,0.702,0.718,0.751,0.754
2629500000000,0.729,0.705,0.721,0.753,0.757
2629800000000,0.729,0.706,0.721,0.753,0.757
2630100000000,0.728,0.704,0.72,0.751,0.755
2630400000000,0.728,0.704,0.719,0.749,0.754
2630700000000,0.73,0.705,0.721,0.752,0.757
2631000000000,0.733,0.706,0.722,0.754,0.759
2631300000000,0.732,0.705,0.721,0.753,0.758
2631600000000,0.735,0.707,0.723,0.756,0.761
2631900000000,0.741,0.711,0.728,0.761,0.765
2632200000000,0.742,0.712,0.729,0.763,0.766
2632500000000,0.739,0.71,0.726,0.76,0.764
2632800000000,0.735,0.707,0.721,0.755,0.76
2633100000000,0.73,0.705,0.715,0.748,0.753
2633400000000,0.732,0.708,0.718,0.751,0.756
2633700000000,0.733,0.709,0.721,0.752,0.758
2634000000000,0.732,0.707,0.721,0.753,0.758
2634300000000,0.734,0.708,0.723,0.756,0.759
2634600000000,0.734,0.708,0.724,0.756,0.76
2634900000000,0.732,0.706,0.721,0.753,0.758
2635200000000,0.732,0.709,0.72,0.752,0.757
2635500000000,0.731,0.708,0.719,0.749,0.755
2635800000000,0.733,0.711,0.72,0.752,0.757
2636100000000,0.73,0.71,0.719,0.749,0.754
2636400000000,0.731,0.711,0.719,0.747,0.754
2636700000000,0.73,0.71,0.719,0.747,0.752
2637000000000,0.728,0.708,0.719,0.747,0.752
2637300000000,0.73,0.709,0.72,0.749,0.755
2637600000000,0.732,0.711,0.721,0.751,0.757
2637900000000,0.733,0.711,0.722,0.751,0.756
2638200000000,0.733,0.712,0.721,0.751,0.756
2638500000000,0.733,0.712,0.72,0.75,0.755
2638800000000,0.73,0.709,0.718,0.748,0.753
2639100000000,0.726,0.706,0.714,0.743,0.748
2639400000000,0.726,0.704,0.711,0.742,0.748
2639700000000,0.728,0.705,0.711,0.744,0.751
2640000000000,0.73,0.708,0.716,0.748,0.755
2640300000000,0.726,0.705,0.714,0.745,0.752
2640600000000,0.723,0.704,0.712,0.741,0.748
2640900000000,0.725,0.706,0.714,0.742,0.749
2641200000000,0.727,0.708,0.718,0.745,0.752
2641500000000,0.729,0.71,0.72,0.747,0.753
2641800000000,0.731,0.71,0.72,0.748,0.753
2642100000000,0.73,0.708,0.718,0.747,0.752
2642400000000,0.726,0.704,0.714,0.743,0.748
2642700000000,0.725,0.704,0.711,0.741,0.747
2643000000000,0.726,0.705,0.713,0.743,0.749
2643300000000,0.728,0.706,0.714,0.744,0.75
2643600000000,0.729,0.707,0.715,0.747,0.753
2643900000000,0.729,0.707,0.716,0.747,0.752
2644200000000,0.73,0.708,0.717,0.747,0.752
2644500000000,0.731,0.709,0.718,0.748,0.753
2644800000000,0.723,0.703,0.71,0.738,0.743
2645100000000,0.714,0.695,0.696,0.721,0.727
2645400000000,0.708,0.689,0.688,0.711,0.718
2645700000000,0.709,0.69,0.691,0.714,0.721
2646000000000,0.71,0.691,0.695,0.719,0.725
2646300000000,0.711,0.693,0.697,0.72,0.726
2646600000000,0.711,0.692,0.698,0.722,0.727
2646900000000,0.709,0.69,0.697,0.72,0.725
2647200000000,0.708,0.69,0.696,0.721,0.726
2647500000000,0.707,0.689,0.696,0.721,0.726
2647800000000,0.701,0.684,0.689,0.713,0.719
2648100000000,0.708,0.689,0.692,0.718,0.725
2648400000000,0.711,0.69,0.693,0.718,0.728
2648700000000,0.709,0.689,0.69,0.714,0.724
2649000000000,0.706,0.685,0.687,0.712,0.722
2649300000000,0.708,0.687,0.69,0.715,0.726
2649600000000,0.709,0.688,0.691,0.715,0.727
2649900000000,0.703,0.683,0.687,0.709,0.72
2650200000000,0.702,0.683,0.688,0.71,0.72
2650500000000,0.703,0.683,0.687,0.71,0.717
2650800000000,0.704,0.685,0.687,0.711,0.719
2651100000000,0.704,0.686,0.688,0.713,0.72
2651400000000,0.71,0.691,0.695,0.721,0.728
2651700000000,0.711,0.692,0.698,0.724,0.731
2652000000000,0.711,0.692,0.698,0.725,0.73
2652300000000,0.709,0.691,0.696,0.723,0.727
2652600000000,0.709,0.692,0.696,0.723,0.727
2652900000000,0.71,0.693,0.698,0.725,0.728
2653200000000,0.713,0.695,0.7,0.728,0.731
2653500000000,0.706,0.69,0.694,0.722,0.725
2653800000000,0.697,0.683,0.685,0.709,0.713
2654100000000,0.699,0.684,0.686,0.711,0.713
2654400000000,0.7,0.685,0.688,0.713,0.715
2654700000000,0.695,0.679,0.682,0.706,0.709
2655000000000,0.684,0.669,0.668,0.69,0.696
2655300000000,0.687,0.671,0.671,0.692,0.7
2655600000000,0.693,0.676,0.679,0.701,0.708
2655900000000,0.699,0.682,0.688,0.714,0.718
2656200000000,0.704,0.688,0.696,0.723,0.726
2656500000000,0.705,0.689,0.698,0.726,0.728
2656800000000,0.705,0.689,0.698,0.725,0.728
2657100000000,0.709,0.692,0.701,0.729,0.732
2657400000000,0.713,0.695,0.704,0.732,0.735
2657700000000,0.71,0.693,0.702,0.73,0.733
2658000000000,0.71,0.692,0.701,0.73,0.731
2658300000000,0.709,0.692,0.701,0.73,0.731
2658600000000,0.709,0.692,0.7,0.73,0.731
2658900000000,0.706,0.691,0.697,0.725,0.727
2659200000000,0.706,0.691,0.698,0.727,0.729
2659500000000,0.711,0.695,0.702,0.733,0.736
2659800000000,0.716,0.698,0.706,0.74,0.743
2660100000000,0.72,0.702,0.712,0.746,0.75
2660400000000,0.719,0.701,0.711,0.744,0.749
2660700000000,0.716,0.7,0.709,0.742,0.746
2661000000000,0.716,0.7,0.71,0.742,0.746
2661300000000,0.718,0.7,0.711,0.742,0.746
2661600000000,0.721,0.702,0.713,0.746,0.75
2661900000000,0.72,0.701,0.712,0.743,0.748
2662200000000,0.725,0.704,0.716,0.748,0.752
2662500000000,0.73,0.708,0.722,0.754,0.757
2662800000000,0.729,0.708,0.722,0.753,0.757
2663100000000,0.722,0.702,0.714,0.744,0.751
2663400000000,0.717,0.697,0.708,0.737,0.744
2663700000000,0.72,0.701,0.708,0.735,0.745
2664000000000,0.73,0.714,0.714,0.743,0.751
2664300000000,0.734,0.72,0.717,0.749,0.756
2664600000000,0.736,0.722,0.72,0.752,0.758
2664900000000,0.733,0.72,0.719,0.75,0.756
2665200000000,0.732,0.72,0.718,0.75,0.754
2665500000000,0.729,0.718,0.716,0.746,0.751
2665800000000,0.732,0.72,0.717,0.75,0.754
2666100000000,0.73,0.719,0.715,0.748,0.753
2666400000000,0.728,0.717,0.713,0.746,0.751
2666700000000,0.73,0.718,0.713,0.747,0.753
2667000000000,0.728,0.718,0.712,0.745,0.751
2667300000000,0.726,0.716,0.711,0.742,0.748
2667600000000,0.725,0.716,0.71,0.742,0.747
2667900000000,0.726,0.714,0.709,0.742,0.747
2668200000000,0.728,0.715,0.709,0.742,0.748
2668500000000,0.732,0.717,0.713,0.744,0.751
2668800000000,0.735,0.72,0.715,0.748,0.754
2669100000000,0.733,0.72,0.715,0.748,0.754
2669400000000,0.733,0.721,0.717,0.751,0.759
2669700000000,0.73,0.718,0.716,0.753,0.761
2670000000000,0.731,0.719,0.717,0.755,0.763
2670300000000,0.732,0.719,0.718,0.754,0.763
2670600000000,0.729,0.716,0.715,0.75,0.759
2670900000000,0.73,0.718,0.718,0.751,0.761
2671200000000,0.736,0.722,0.722,0.756,0.765
2671500000000,0.738,0.723,0.723,0.757,0.765
2671800000000,0.739,0.723,0.724,0.758,0.766
2672100000000,0.741,0.724,0.724,0.76,0.767
2672400000000,0.74,0.724,0.723,0.76,0.767
2672700000000,0.74,0.725,0.723,0.761,0.768
2673000000000,0.738,0.724,0.722,0.76,0.768
2673300000000,0.736,0.721,0.72,0.757,0.766
2673600000000,0.733,0.718,0.718,0.753,0.762
2673900000000,0.73,0.717,0.715,0.748,0.757
2674200000000,0.733,0.72,0.718,0.751,0.758
2674500000000,0.734,0.721,0.719,0.752,0.759
2674800000000,0.737,0.722,0.722,0.755,0.762
2675100000000,0.738,0.723,0.723,0.757,0.764
2675400000000,0.735,0.72,0.721,0.755,0.762
2675700000000,0.734,0.719,0.72,0.753,0.761
2676000000000,0.733,0.719,0.717,0.749,0.757
2676300000000,0.731,0.716,0.715,0.747,0.755
2676600000000,0.73,0.713,0.714,0.746,0.753
2676900000000,0.728,0.71,0.712,0.744,0.75
2677200000000,0.726,0.709,0.711,0.743,0.748
2677500000000,0.724,0.708,0.711,0.743,0.748
2677800000000,0.723,0.708,0.711,0.743,0.749
2678100000000,0.717,0.704,0.707,0.738,0.743
2678400000000,0.718,0.705,0.707,0.739,0.743
2678700000000,0.719,0.705,0.709,0.74,0.744
