time_slot,code,chat,non-interactive
0,2286372,4261184,2246411
1,2797815,4156736,2217632
2,2675349,4693829,2303860
3,2269108,4581918,2244086
4,2503288,4319243,2172586
5,2099261,4394468,2272738
6,2636119,4581318,2377928
7,2957140,4685456,2338089
8,3212429,4458850,2153827
9,2544645,4089213,2091132
10,2897431,4521675,2162808
11,2850513,4728922,2236990
12,3116184,4744434,1972859
13,2887915,4869428,2207956
14,2993156,4709899,2093310
15,2637260,4816762,2150642
16,2429449,4939807,2171627
17,2474924,4549373,2197072
18,2228076,4994547,2278323
19,2196768,4867408,2348741
20,2819913,4951672,2218030
21,3004029,4692751,2384900
22,2581276,4485902,2158129
23,2705797,4942737,2271612
24,2164750,5035066,2333221
25,2511408,4691244,2242871
26,2565159,4891865,2149388
27,2858438,4503270,2129495
28,2411131,4590882,2181286
29,2220206,4801805,2256955
30,2411133,4882790,2119684
31,1948776,5018393,2209029
32,2455073,5253977,2214604
33,2360644,4816445,2292746
34,2647560,4596077,2256337
35,2420452,5211197,2272043
36,2653162,5103967,2159397
37,2703069,5456446,2217910
38,2366232,4929353,2319884
39,2423226,4930823,2399072
40,2132032,4903349,2091841
41,2302275,4753558,2401360
42,2136120,4943006,2382602
43,2141623,4973288,2319586
44,2455393,5427780,2261895
45,2335779,5241577,2197337
46,2457586,4977609,2395120
47,2543173,5257901,2451179
48,2369746,5225367,2433474
49,2284408,5452126,2379168
50,2321417,5339309,2272267
51,2134843,4999601,2097506
52,1949411,5194813,2231880
53,1804244,4794617,2305652
54,2569814,5316233,2088571
55,2435417,4949422,2276480
56,2843012,4722470,2280358
57,2806910,4785816,2310069
58,2742399,5031946,2100207
59,2369312,5124820,2158518
60,2043625,5336106,2183663
61,2607155,5318239,2101805
62,2516467,5165315,2426524
63,2869153,5462684,2177024
64,2268034,5161239,2269096
65,2379918,4919869,2203515
66,2680173,5349410,2409123
67,2439680,5342869,2379754
68,1970032,5367796,2303071
69,2057183,5153164,1986423
70,1892983,5261266,2238184
71,2063819,5520948,2308689
72,2227221,5581701,2344438
73,2094940,5620720,2163407
74,2200149,5305708,2435748
75,1910753,5476426,2084992
76,2288622,5355604,2158538
77,2366453,5358969,2336746
78,2266048,5632048,2237852
79,2570370,5314303,2455882
80,3130964,5760070,2253419
81,3424450,5197019,2161701
82,2651867,5188003,2190234
83,2976134,5599656,2110584
84,2587262,5789378,2089764
85,2205908,5532880,2302743
86,2310447,5759126,2297246
87,2781431,5189677,2376874
88,1898943,5736342,2148149
89,2051518,5830831,2420913
90,2018472,5474463,2200299
91,2605174,5310331,2408111
92,2506145,5826440,2184070
93,1793852,5785772,2150283
94,2086175,5753956,2260258
95,2481511,5642150,2347507
96,2630227,5583290,2250349
97,3037992,5512507,2167021
98,3316364,5516151,2082671
99,2613313,5727208,2075941
100,2652340,5687340,2288486
101,2992883,5587817,2342848
102,3417012,5817675,2214039
103,3222622,5700457,2112457
104,3213481,5743818,2329825
105,2954244,5841891,2089461
106,2942516,5719883,2152785
107,2920052,5813077,2301694
108,2500498,5894479,1981218
109,2625613,5818054,2275503
110,2815537,5972842,2167455
111,2419110,5972616,2244575
112,2806716,5613917,2223927
113,2770252,5812100,2254937
114,2338743,5557983,2309860
115,2133565,5840614,2147729
116,2669144,5546320,2390986
117,2731833,5970270,2313423
118,2762614,5791415,2326554
119,2436363,5863060,2362398
120,2471018,5747806,2320287
121,2643773,5654096,2326592
122,2466254,5560970,2240815
123,3427858,4949518,2073122
124,2849320,4909662,2217303
125,3080289,5220963,2146485
126,3316341,5322457,2073572
127,3347402,5534455,2261225
128,3166288,5676198,2168916
129,2907578,5394622,2117431
130,2701980,5790043,2115958
131,2911098,5427387,2262337
132,2709752,5607204,2272412
133,2758750,5845811,2379988
134,2666938,5853853,2230824
135,2928661,6041503,2348666
136,2936340,5878090,2388896
137,3063321,5744688,2360757
138,2300804,5868303,1968364
139,2893499,5986206,2369521
140,3057441,5821924,2270285
141,2972073,5928598,2279678
142,3087568,5841658,2273813
143,2634168,5771774,2275100
144,2440849,5794680,2268030
145,2595077,5998920,2192315
146,2404552,6102635,2020118
147,2805452,5871764,2220220
148,2519068,5953763,2142665
149,2748196,5921035,2352944
150,2735130,5664706,2200145
151,2265134,5706166,2241694
152,2610128,5695925,2137545
153,3066682,5275334,2175382
154,3136814,5623230,2231090
155,2464088,5979321,2066581
156,1889920,6132782,2265939
157,2178571,5628873,2220537
158,2238649,5592151,2100028
159,1719850,5840468,1964689
160,2285745,5674113,2289643
161,2515467,5937536,2199161
162,2465487,6007879,2173218
163,2419667,5568502,2206018
164,1902341,5729020,2435130
165,2408040,5548153,2226818
166,2043332,5709612,2242045
167,2793215,5389543,2066391
168,2506954,5548707,2416251
169,2690416,5626132,2334786
170,2569375,5737791,2351467
171,2728915,5624660,2237698
172,2523163,5636082,2334693
173,2679179,5695740,2273782
174,2324505,5580972,2300821
175,2705506,5568738,2215389
176,2555538,5761248,2067863
177,2493457,5233230,2347217
178,1941768,5646576,2016399
179,2303111,5286409,2205596
180,2515573,5185110,2209548
181,2300431,4503739,2115974
182,2803218,4415449,2300813
183,2490865,4778051,2210016
184,2624830,4684639,2183614
185,2542143,4554436,2290401
186,2440490,4808507,2179182
187,2752389,4904999,2387414
188,2728976,4468367,2271606
189,2488265,4002487,2179432
190,2039851,4625246,2015360
191,2451603,4459979,2086407
192,2060658,4460353,2353688
193,2065141,4284683,2226729
194,2003441,4861815,2200775
195,2255417,4567448,2415795
196,1773702,4459975,2089209
197,1873131,4640455,2167006
198,2372174,4559040,2179627
199,2119900,4687039,2297823
200,2559626,4887000,2158314
201,2444389,4721664,2163908
202,2235793,4863574,2053212
203,2039587,4839563,2313786
204,2303943,4897755,2322357
205,2001525,4706299,2179204
206,2025551,4856476,2250609
207,1724772,4869421,2088093
208,2031465,4639335,2179714
209,1951513,4791200,2386183
210,2285002,4718394,2247527
211,2635342,4445228,2490257
212,2728895,4117469,2144511
213,2204236,4391703,2297148
214,2151572,4211418,2210555
215,2030064,4505748,2295533
216,2168188,4396464,2231572
217,2398578,4366234,2169737
218,1582875,4476962,2135534
219,1777969,4430773,2574605
220,1690687,4553632,2223744
221,2517698,4230490,2007279
222,2986215,4328192,2159981
223,2240576,4167568,2308059
224,2285520,4397170,2176567
225,2683323,4618578,2384229
226,2815617,4300073,2344264
227,2901817,4377816,2215373
228,2964663,4365271,2179669
229,2295527,4175618,2120222
230,2379570,4525359,2154247
231,2417649,4291340,2067946
232,2624927,4715100,2366811
233,2414656,4619194,2409929
234,2210984,4693830,2092168
235,2131585,4469032,2100479
236,1962796,4910686,2034977
237,2199007,4494339,2124793
238,2267023,4460171,1885651
239,1968385,4328460,2104877
240,2337869,4702703,2377137
241,2241300,4173233,2193793
242,2427222,4033096,2327765
243,2012578,4190530,2177799
244,2002386,4634464,2428901
245,1771937,4137289,2254614
246,2341413,4383449,2189738
247,2042099,4147710,2517276
248,2519737,4143890,2196160
249,2240525,4159399,2096065
250,2222128,4436455,2254914
251,2372192,4639653,2228042
252,1737021,4175493,2351399
253,1554404,4036530,2129505
254,2264903,4006018,2322199
255,2185212,4419137,2327560
256,2161428,4760953,2157850
257,2239486,4769981,2250598
258,1789937,5197636,2139649
259,1658948,4953299,2494214
260,1920878,4794292,2153782
261,1779962,4664837,2181805
262,1906555,4977135,2113409
263,2205607,4817131,2193743
264,1764386,4886231,2231721
265,1834109,4919489,2318077
266,2086404,4954471,2164235
267,1934416,4883782,2211641
268,2041535,4388455,2074270
269,1601993,4688218,2140023
270,1882400,4416473,2539977
271,1555757,4748027,2348600
272,2098487,4266443,2145155
273,1773140,4235450,2083098
274,1856129,4296467,2123483
275,2029162,4774974,2229956
276,1811381,4650048,2236253
277,1634839,4761580,2149292
278,1718601,4633810,2088771
279,1631612,4537401,2391141
280,1455133,4664821,2282794
281,1759950,5310961,2190568
282,1826275,5205778,2207747
283,1806330,4647235,2173271
284,1841326,4499863,1904659
285,1960578,4589106,2245287
286,1597800,4655715,2112884
287,1755489,4583101,2120458
288,1844046,4840467,2160912
289,1797567,4461728,2314116
290,1879978,4855556,2101724
291,1730445,5083911,2072284
292,1688340,5191224,2303797
293,1789216,5113640,2316579
294,1592540,5187278,2125342
295,2279471,5255221,2295151
296,1712053,5201876,2199825
297,2225829,5498886,2266007
298,1545449,5141803,2091630
299,1825482,5048511,2325344
300,1816289,4742758,2366684
301,1684954,5139079,2303486
302,1895232,5378979,2294698
303,1738742,4686087,1811319
304,1704881,5131019,2261468
305,1837062,4830021,2229537
306,1598344,5121399,2215964
307,1714625,4858888,2161993
308,1286361,5040674,2238557
309,1496456,4245336,2278377
310,1228666,4821039,2202933
311,1779925,4918828,2180661
312,1773498,4345821,2369641
313,1671883,4924512,2108997
314,1365107,4598134,2347362
315,1769909,4930574,2252113
316,1754595,4796242,2142601
317,1255061,4609193,2200010
318,1400439,5080447,2129688
319,1632524,4819573,2307727
320,1731525,4886743,2271209
321,1730849,4862764,2170228
322,1945809,4589319,2109348
323,1531605,4677423,2266054
324,1595650,4731823,2339239
325,1576600,5116731,2219671
326,1308545,4745235,2279073
327,1392681,4451340,2190405
328,1478812,4898162,2239919
329,1753878,4811024,2199864
330,1407512,5031071,2265198
331,1804749,5546013,2063858
332,1628914,4758442,2304281
333,1862207,5469915,2206712
334,1596886,5206284,2272404
335,1952693,5397577,2194392
336,2364415,5046340,2268135
337,1708259,5522771,2112659
338,1544001,5551718,2365109
339,1798881,4971109,2042229
340,1592600,5481335,2116378
341,1731249,5546961,2258682
342,1927919,5786188,2395658
343,2072297,5209549,2263421
344,1462707,5502055,2204706
345,1717719,5420816,2073310
346,2005311,5565586,2211027
347,1819195,5444925,2230158
348,2037623,5323213,2421077
349,2063484,5276332,2301818
350,1743487,5660699,2061701
351,1685690,5273978,2458604
352,1652245,5712155,2188286
353,1322667,5671093,2134213
354,1704020,5314365,2396995
355,2087131,5501202,2226823
356,1711932,5522559,2191368
357,1431936,5726700,2256798
358,1807726,5540745,2326683
359,1376090,5798874,2343252
360,1375280,5491718,2078878
361,1514018,5394783,2455446
362,2195825,5359375,2338065
363,1624904,5322722,2190051
364,1334434,5111784,2140999
365,1283566,5202078,2124217
366,1497407,5070084,2246148
367,1589250,4717147,2160046
368,1165500,5508975,2147003
369,1624007,6050155,2322928
370,1640403,5710414,2273070
371,1927213,5515433,2188335
372,1508854,5841046,2314333
373,1331690,5603823,2385002
374,1759165,5681963,2110210
375,1808070,5780542,2165038
376,1471271,5738059,2337592
377,1492486,5893926,2312624
378,1595200,5834550,2257681
379,1735372,5900803,2362125
380,1550327,5937908,2110912
381,1407594,5772537,2067277
382,1658938,5815191,2135658
383,1473765,5979625,2246055
384,1729414,5929004,2143519
385,1582890,6109458,2177994
386,1512975,5867533,2123548
387,1406623,5972317,2163125
388,1596390,6042092,2120224
389,1212851,6226508,2273393
390,1358443,5648140,2321102
391,1545468,6110920,2178750
392,1444228,5332227,2209242
393,1491186,4966580,2167523
394,1389522,5466519,2291675
395,1334241,6504423,2242317
396,1840607,5798392,2410315
397,1449050,6366537,2110102
398,1617304,6292699,2272839
399,1284981,5720906,2281935
400,1642102,5724381,2192145
401,1889331,6029159,2297510
402,1399494,6519518,2071811
403,1785786,5842842,2468876
404,1697207,6266460,2082579
405,1549675,6126645,2335045
406,1661964,5594244,2107238
407,1580528,6220489,2360837
408,1293344,6600509,2189429
409,1543694,6742815,2250060
410,2173437,6213074,2238331
411,1885174,6290703,2355240
412,1482492,5833891,2196486
413,1290749,6166170,1901183
414,1402353,6458163,2147540
415,1301017,6089563,2252883
416,1707124,6510650,2183212
417,1400333,6071510,2318304
418,1316971,6313759,2345707
419,1811923,6299844,2215883
420,1770986,5771508,2066104
421,1555739,5930559,2386876
422,2035363,6079031,2353266
423,2076623,6136240,2198982
424,1378506,5524018,2467702
425,1359316,6055236,2193436
426,1091252,5968916,2105453
427,1232959,6505552,2214979
428,1074863,6834369,2352684
429,1229544,6430042,2127739
430,1337007,6519239,2450171
431,1401822,6430093,2132308
432,1094051,5720101,2338909
433,1264634,5925557,2293149
434,1334034,6026567,2215181
435,1298236,5605717,2352985
436,1581398,5738311,2064971
437,1423866,5068552,2383908
438,1396214,5548582,2225269
439,1676226,5465810,2171831
440,1226731,5349359,2315999
441,1405406,5090940,2350682
442,1431863,5149540,2318301
443,1354079,5895407,2455560
444,1649726,5466301,2353007
445,1400609,5238368,2375641
446,1553034,5335320,2172118
447,1557674,5753498,2244267
448,1336446,5685593,2295217
449,1582231,5355183,2230397
450,2194149,6480249,2266045
451,1427327,5860046,2279938
452,1386254,6009870,2326611
453,1278735,6468835,2221036
454,1677684,7019289,2193333
455,1779749,6366838,2139921
456,1851470,6305043,2132843
457,1084920,5706031,2363245
458,1624839,5833400,2222943
459,1686150,5678684,2320215
460,1543185,5562594,2087567
461,1479249,6278577,2016041
462,1454991,6031714,2115278
463,1484395,6549000,2360362
464,1903168,6649312,2351595
465,1585621,6251289,2269439
466,1380463,6225007,2142840
467,1389151,6953396,2217777
468,1072543,6401673,2199141
469,1403979,6600568,2193871
470,1539935,6997903,1952652
471,1405992,5772677,2136616
472,1430653,6018321,2211157
473,1480121,6317996,2401639
474,1537428,5506898,2250319
475,1311084,5496662,2388743
476,1648363,5941755,2188432
477,1286231,6266224,2204172
478,1616511,6548285,1797127
479,1821242,6063431,2284093
480,1363876,6300250,2293443
481,1518089,6242698,2429246
482,1169029,6695220,2178045
483,959659,6963085,2242886
484,1063783,7031232,2153627
485,861532,6451976,2101084
486,1259680,6758732,2152781
487,1667138,6427124,2193869
488,991226,6356363,2383670
489,1473862,6663848,2232624
490,1370530,6434711,2144137
491,1061570,6166086,2248213
492,1382266,6363498,2256662
493,1002996,6939592,2156897
494,1246560,6580745,2359984
495,993651,6452854,2021601
496,1218940,7001559,2208541
497,1050269,6585402,2306611
498,1109985,6861362,2082983
499,1218472,6440970,2272700
500,1131622,6417467,2376688
501,1174260,6372212,2283015
502,1211145,6366307,2043723
503,1156064,6513176,2151097
504,1032717,6215476,2369925
505,1376374,6222244,2265677
506,1420125,5834996,2231277
507,1240825,6404378,2281623
508,1273583,5357183,2312860
509,914937,6383949,2153299
510,1095801,6638948,2199963
511,1082748,5920512,2248329
512,1149871,6212844,2171661
513,1305909,6493151,2217481
514,1855718,6457578,2377244
515,1792427,6078090,2124350
516,1201751,5775029,2447429
517,1345264,5769328,2442148
518,1497507,5140998,2041125
519,1230494,5475009,2216636
520,995584,5934302,2270628
521,1474527,5724994,2147449
522,1655320,6529699,2149658
523,1333109,6212779,2205877
524,1277325,6090226,2314883
525,1311721,5291272,2175302
526,1242852,6096037,2436271
527,1254667,6307361,2264744
528,1178387,5427456,2220928
529,1043176,5878027,2394142
530,1342170,6094688,2302282
531,1210418,6111485,2273596
532,1318233,6379961,2195415
533,1621076,6031463,2434852
534,1098378,5941479,2322992
535,937637,6229500,2209672
536,1543290,6666825,2056332
537,1665329,6812098,2274005
538,1391791,6942832,2104714
539,1065495,6537474,2040845
540,1394336,5854238,2201218
541,1229720,5963365,2263795
542,1360114,5997385,2375526
543,1373861,6032159,2263904
544,1357379,6006146,2322344
545,1109296,5948063,2095545
546,954159,5784998,2229862
547,937417,5899042,2246241
548,1215958,5828120,2328620
549,1251805,5714809,2245332
550,1327999,5970708,2322127
551,1116403,5741829,2176099
552,1207490,5708518,2272332
553,1417319,6007142,2278684
554,1252917,5615274,2092878
555,1075526,5731838,2251970
556,1046522,5355171,2196618
557,1107128,5685871,2019845
558,1462011,5120503,2339353
559,995040,5653348,2191987
560,1381490,5284773,2137234
561,1139672,5913538,2190261
562,1280986,5346778,2247803
563,1287198,5412205,2400688
564,1581516,5896101,2213856
565,1261090,6070319,2285107
566,1286105,5212317,2385695
567,1301537,5491875,2291931
568,1447779,5776413,2351649
569,1330975,5809870,2179189
570,1474296,6191647,2318441
571,1496626,5568240,2225906
572,1736509,5397652,2352302
573,1527391,5039992,2120361
574,1068767,5235300,2145364
575,1106469,5344555,2373992
576,1202791,5360201,2210490
577,1195190,5689011,2192310
578,1586494,4850708,2241036
579,1359478,5239213,2155416
580,1393076,5621628,2381047
581,1194642,5303897,2092947
582,1402048,5662773,2215567
583,1251484,5023891,2271104
584,1370129,5016185,2220719
585,988552,4946102,2142826
586,1260384,5533781,2135448
587,1461889,5410250,2279859
588,1347556,5480899,2117356
589,1239335,5115736,2304510
590,1205217,5164919,2062253
591,1245422,5745220,2170430
592,1382495,5300630,2236429
593,1476050,4996974,2092613
594,1364480,5643156,2305154
595,1186285,5838130,2230308
596,1227373,5251181,2116731
597,1349789,5353139,2062840
598,1196931,5155496,2057627
599,1245920,5459809,2238073
600,1097274,5880834,2103253
601,1146186,5842863,2080031
602,1145583,6045882,2206568
603,1141941,5805649,2486589
604,1117421,5693912,2263356
605,1421156,5557056,2317533
606,1054106,5796919,2256120
607,912468,5952182,2319773
608,1442485,5696068,2082463
609,1389594,5520804,2184324
610,1442496,5435705,2261549
611,1660766,5165421,2230377
612,1616085,4853036,2210947
613,1164667,5336341,2158053
614,1081612,5405370,2203537
615,1025506,5569887,2145962
616,1427604,5655576,1962054
617,1222212,5635630,2099047
618,1380848,5181992,2285469
619,1091693,4982949,2406176
620,1072831,5512389,2434807
621,1011946,5400098,2243176
622,1254427,5749534,2332096
623,973872,5238454,2333725
624,1162167,5097669,2155108
625,1228607,5866549,2042855
626,1542935,5385192,2235825
627,1407945,5146795,2035682
628,1469825,5452144,2196667
629,1225865,5284032,2300254
630,1268272,5530704,2073870
631,1154213,5678225,2235982
632,1095090,5625525,2370787
633,1148707,5407566,2272729
634,1244806,5324056,2290678
635,1165699,5226484,2333586
636,1257113,5157652,2425809
637,1220624,5059408,2249279
638,1458881,5251371,2369613
639,1238282,5703089,2225214
640,1139316,5779353,2171414
641,1162572,5517428,2267517
642,1211090,5437394,2164757
643,1058434,5658215,2168405
644,1208534,5587974,2164542
645,1421331,5794188,1976164
646,1065825,5596796,2244153
647,1285953,5852910,2091309
648,980307,5850826,2220404
649,1254715,5579789,2394221
650,996507,5887592,2174223
651,1465012,5781627,2171878
652,1044631,5348882,2384615
653,1404202,5604397,2293355
654,1455641,5184174,2341376
655,1424311,5769124,2192720
656,1354464,6011231,2315877
657,1712663,6038648,2155788
658,1588308,5999570,2156922
659,1289298,5903409,2298929
660,997014,5589598,2165587
661,1363452,5733397,2318002
662,1119541,5889489,2499334
663,1520552,5563954,2044170
664,1274968,5678562,2148417
665,1385928,5193456,2357407
666,1568680,5646095,2216184
667,1621726,6017856,2361977
668,1240915,5750453,2119635
669,1308178,5745312,2269361
670,1990880,5814601,2215572
671,1530555,5821399,2248045
672,1712512,5900268,2269336
673,1197647,5714672,2096201
674,1391611,5581230,2112483
675,1667622,5750997,2388559
676,1885677,5798517,2265105
677,2181484,6123345,2244247
678,1564779,6101626,2227457
679,1646042,5615265,2272174
680,1801572,6007751,2103352
681,1688801,5808389,2120867
682,1489803,6102462,2377985
683,1789932,5920816,2249262
684,1481700,6157385,2327287
685,1639557,5998922,2164773
686,1643745,5746823,2386046
687,1654447,5911354,2270917
688,1779129,6205645,2286093
689,1621360,5793405,2293626
690,2001515,5736614,2143416
691,1983560,5945321,2024127
692,1660676,5449671,2112409
693,1826487,5635846,2414374
694,1871590,5673015,2377558
695,2171205,5706601,2193654
696,1995013,5645953,2198704
697,1785747,6070438,2348082
698,2219629,6086267,2213579
699,1831220,5647250,2087355
700,1930149,5691223,2373636
701,2366362,5725213,2285639
702,2157253,6154752,1951506
703,1733739,5770279,2197419
704,1541583,6022856,2248413
705,1862801,5726167,2286093
706,2024803,5750134,2249360
707,2128579,5851004,2161416
708,2124901,5134591,2219456
709,2038220,5339815,2265282
710,2128208,5194591,2202463
711,2402789,5672829,2190866
712,2440973,6017602,2372133
713,2878503,5891297,2126718
714,2834571,5431445,2193370
715,2725249,5542429,2005649
716,2894177,5638087,2292760
717,2607266,5429382,2324827
718,2361221,5767609,2293599
719,2693302,5460517,2334807
720,2637191,5857276,2281568
721,2438360,5688130,2270608
722,2564538,5919083,2285278
723,2196322,5289238,2202540
724,2321732,5434735,2365017
725,2072029,5727891,2193470
726,1984020,5856770,2069151
727,2500534,5659281,2327229
728,2093624,5527660,2438951
729,2457484,5505804,2125206
730,2887779,5560771,2221033
731,2552281,5679765,2155869
732,2482236,5971578,2189897
733,2258969,5934171,2237522
734,2793177,6017798,2093768
735,3029848,5861039,2201386
736,3204765,6170165,2068747
737,2656219,5340346,2168952
738,2904139,5083539,2099989
739,2535318,5356669,2114166
740,2709021,5796783,2040402
741,3051943,5736441,2368480
742,2547773,5945140,2289198
743,2682707,6244424,2018352
744,3096269,5416917,2165760
745,3305039,6274700,2157543
746,2744147,5648397,2155255
747,3206995,6152169,2070877
748,3050572,5690006,2316581
749,2598920,5575142,2188191
750,2792453,5704435,2284631
751,3206937,5991573,2291173
752,3707868,6319518,2385903
753,3506161,6926440,2029803
754,3130180,6318067,2426438
755,2813740,6178572,2374001
756,3049684,6091906,2296342
757,3205534,6521854,2498431
758,3955172,6034930,2255257
759,3945700,6562784,2324070
760,3504359,6161064,2149956
761,4277336,6161063,2358993
762,3516788,5434936,2251110
763,2841937,5666261,2182014
764,3503206,6120954,2468668
765,4265785,6887862,2198356
766,4283647,6781234,2233366
767,3951209,6084190,2210357
768,2982254,6384348,2148030
769,3679854,5898428,2291677
770,4062970,6294654,2314798
771,3908551,5850770,2271932
772,3167127,6615779,1968892
773,3351439,5918587,2344889
774,3112367,5750164,2193284
775,4389417,7109102,2096612
776,3823373,6140403,2299715
777,3878652,6811933,2295202
778,3820225,5737499,2115950
779,3646977,5503215,2508348
780,4424632,6795089,2097360
781,4548006,6778135,2038941
782,4504371,6140668,2103550
783,4136592,6317899,2390965
784,4064518,6105147,2212748
785,3708503,6152876,2190848
786,4357542,6794126,2225439
787,4512976,6510854,2165784
788,4728926,5942166,2155330
789,4477246,6199758,2160805
790,4888091,6384803,2311398
791,3950886,6402722,2346279
792,3544379,6388292,2114609
793,4060229,6439383,2259079
794,4867452,6369661,2320356
795,5203839,6130322,2111633
796,5111560,6121205,2176281
797,5027926,6185080,2116509
798,5177894,6160279,2088274
799,4361989,6136053,2243747
800,5461424,7266958,2150211
801,6640855,7178566,2302823
802,5828027,6900427,2229093
803,5886698,7152680,2278434
804,5971772,7013700,2199753
805,5778863,7282260,2161499
806,5381055,6842019,2222256
807,5717603,7378476,2231819
808,5724564,6778501,2153590
809,6227571,5632012,2279993
810,5731289,7015695,2315711
811,5848615,7050169,2250022
812,6463325,7204640,2423635
813,7179923,7878512,2161796
814,7018949,6598015,2290485
815,7205635,7287891,2186754
816,6993879,7036092,2258566
817,6346328,6738892,2139739
818,6710660,7431431,2356846
819,7052600,7234423,2252024
820,7227331,7357491,2365454
821,7602908,6977492,2091057
822,7366000,7334903,2177291
823,6893708,7226870,2132750
824,7166782,7031648,2173002
825,8029898,7033186,2155069
826,7176879,7194119,2218922
827,6198515,7221858,2230452
828,6301064,7323057,2227802
829,7559921,6124915,2170370
830,6626497,7277268,2253297
831,6996151,6794815,2330112
832,7950007,7331330,2131666
833,7455270,7103292,2232476
834,8354058,6046227,2224109
835,7046896,6707105,2284654
836,6227817,6352034,2225249
837,7221920,6040667,2230629
838,6015664,6698047,2121752
839,6863441,7073641,2234800
840,6920018,6336662,2129477
841,5742674,6994049,2289939
842,5039082,7686330,2220856
843,6881101,6949033,2236826
844,6752781,6907459,2132903
845,6940647,7076207,2322092
846,7408863,7725273,2309652
847,6955881,6470698,2328539
848,7701131,7240986,2480996
849,6719178,7318958,2226515
850,6891854,6999200,2366700
851,6693030,6815643,2218555
852,7683333,6911519,2276365
853,6832819,6977017,2273156
854,7053529,7467498,2261910
855,7545284,7343548,2305851
856,6973406,7031357,2198452
857,8292973,7133608,2236946
858,7504332,7708575,2292128
859,6757004,7914931,2427471
860,7004894,7598823,2138354
861,6973232,7617894,2030778
862,8318824,7029323,2178344
863,8322562,7667182,2242415
864,8096822,7226283,2251908
865,8354546,6700263,2242670
866,7812965,7416491,2364399
867,8240659,7080000,2341323
868,7835906,7421936,2226878
869,8141939,7155177,2179967
870,10394103,8165843,2193756
871,9327577,7338063,2192607
872,10095445,7904601,2207196
873,9095135,7099980,2056839
874,9674992,7425921,2180916
875,8941565,7367722,2184952
876,7410773,8525437,2211294
877,9438125,7131268,2203992
878,10444382,7782588,2307386
879,10174910,7186835,2173002
880,9974298,7433314,2183423
881,10326204,7361130,2292868
882,10570800,7336258,2206111
883,10268856,6986247,2256537
884,9494642,6642256,2307088
885,11219312,7559887,2279477
886,10954856,7880041,2260300
887,10785190,8029765,2210450
888,9693381,8016970,2308489
889,7891607,7348471,2251972
890,9682614,7218317,2176026
891,10128967,8280250,2215544
892,8845301,8380704,2096411
893,8995509,7385245,2125049
894,9354954,7019039,2022209
895,10363868,7156270,2156484
896,10018562,7296554,2381449
897,10274633,7603748,2170262
898,10992413,7074807,2320282
899,9752565,7304125,2231992
900,9532181,6842480,2154182
901,9297761,7310282,2381754
902,8654228,7649355,2297362
903,9290571,7077059,2036843
904,8956411,7516255,2348617
905,9815650,7169238,2112410
906,8167311,7549550,2212518
907,9356177,7881692,2306951
908,9240187,7783916,2198908
909,9058392,7013101,2357272
910,8937219,6133329,2317348
911,9628107,6703989,2056368
912,10281485,6225377,2179644
913,10067470,7096335,2263862
914,9305754,6376521,2168196
915,9524555,6680411,2208236
916,9380964,6545065,2321648
917,8293279,6414818,2267736
918,10347702,6763112,2129618
919,8538115,6695461,2251866
920,10234345,7327956,2164036
921,9801662,6972770,2096738
922,10274267,6902519,2106241
923,9199374,7493893,2264407
924,9133075,7193270,2229239
925,9892652,7158546,2232983
926,10047521,7110863,2104438
927,10329985,6728605,2211847
928,10754431,6836215,2116609
929,10880137,6678088,2128974
930,9261309,6919283,2213946
931,8857248,7077413,2077964
932,9179267,6308779,2307080
933,9229285,7225645,2509960
934,10139629,6939551,2283590
935,10089822,7257555,2115969
936,10918725,7126595,2202108
937,10668843,7164452,2058761
938,10485997,6484224,2190228
939,9856588,6472590,2289003
940,10515931,7340413,2298164
941,10221026,6790592,2117215
942,8931999,6886995,2265767
943,9389476,7439262,2361454
944,10544186,6721634,2428279
945,9261763,7276509,2154155
946,9028327,6331759,2135916
947,10087334,7082672,2238451
948,9268857,6754681,1905547
949,8346266,6913037,2173104
950,8644541,7124950,2202131
951,10403715,7218408,2181106
952,9065442,7171078,2055587
953,9989482,6867596,2204969
954,9692815,6800374,2145693
955,11075969,6068827,2316927
956,10138837,5518552,2129858
957,10513553,5529677,2200862
958,10287470,6187076,2206376
959,10928790,5891035,2295729
960,9990602,5287387,1948206
961,10372267,6731361,2194357
962,9787745,6484479,2317164
963,9378089,6817444,2192006
964,9948157,5408719,2061942
965,9123584,5785635,2268832
966,8014679,5522075,2269958
967,8467753,5806904,2202185
968,9542037,5706153,2102922
969,8502008,5430174,2149704
970,8591342,6279514,2197356
971,8900313,5975654,2134651
972,9151426,6477404,2018049
973,9966885,5866358,2146510
974,8484997,4695123,2225485
975,9167053,5865106,2175779
976,8441876,5655766,2223942
977,9550166,6337303,2241715
978,7493864,6127733,2332452
979,7676811,5424593,2478366
980,8743107,5573795,2314057
981,7682541,5698529,2075627
982,7888247,5740036,1935811
983,8597920,5444662,2221833
984,8909385,5738663,2240345
985,8151094,6100522,2102690
986,7549999,6729791,2262741
987,7939811,6443444,2146772
988,9413292,5834747,2277323
989,8376893,6244789,2196043
990,8550076,6753058,2276741
991,7883808,6736788,2037803
992,9133112,6181447,2183436
993,7954731,6185028,2215791
994,8209239,6018862,2073334
995,8494657,6253292,2442482
996,8718224,6642018,2172016
997,8641713,6361657,2387524
998,8304349,6406064,2158224
999,9340604,5669510,2206708
1000,9644753,5918159,2364523
1001,9667825,5646344,2266290
1002,9090317,5882849,2253814
1003,9394285,5142559,2262061
1004,9845037,5751248,2079888
1005,8767925,5446650,2188895
1006,8836777,5967533,2125619
1007,10936058,5910235,2254412
1008,10202145,5211035,2171656
1009,9301229,6298592,2227459
1010,10604558,6056531,2223750
1011,11157871,6502805,2228317
1012,9957719,5754015,2228499
1013,9704983,6038340,2159559
1014,8812413,5897602,2114730
1015,10731939,5667532,2158222
1016,12331054,5882963,2351981
1017,10564690,5742207,2274141
1018,9877424,5459847,2297892
1019,9968090,5396685,2386408
1020,10038833,5480717,2100730
1021,10017397,5018211,2289297
1022,9051830,5956779,2112378
1023,10145979,4856559,2195059
1024,9165873,5548208,2286427
1025,8738901,4423871,2412569
1026,9662984,4821593,2145073
1027,8066009,5075881,2221796
1028,8614281,4996555,2361435
1029,9181497,5486830,2066086
1030,8433207,5692341,2272796
1031,8302841,5445604,2197967
1032,9630300,5653453,2133963
1033,10705253,5057626,2248744
1034,9250801,5904388,2298782
1035,9622001,5830967,2130569
1036,9856157,5376191,2274791
1037,9876387,5705329,2251728
1038,10145510,5515000,2093767
1039,8680644,6463711,2405767
1040,9739463,6119756,2354031
1041,8103508,6508111,2136393
1042,10667758,5823283,2166898
1043,9293748,6201878,2318411
1044,9683578,5652540,2177075
1045,10293758,5909832,2027029
1046,10826536,5668147,2349452
1047,10597067,5361172,2233357
1048,11197587,5379670,2445237
1049,10973497,5763895,2272277
1050,12052512,5130766,2253695
1051,10485137,5225141,2553226
1052,10132019,5612985,2213193
1053,10813063,5619856,2126136
1054,8935935,5729620,2257960
1055,9591384,5828835,2359149
1056,10930431,5195137,2102327
1057,9728421,5532359,2130997
1058,10125490,5718747,2282581
1059,8980719,5532573,1875493
1060,9392221,5571819,2110413
1061,10455430,5713645,2321168
1062,9787302,5309151,2166886
1063,9546897,5683273,2050831
1064,9893512,5874359,2447307
1065,10301916,5824751,2074934
1066,10303992,5809116,2173959
1067,9795266,5220921,2190773
1068,11326114,5710350,2241657
1069,11928929,5809986,2191133
1070,11679695,5374945,2223340
1071,11564505,4948274,2238794
1072,10239166,5451178,2222702
1073,11045799,5713802,2242788
1074,10522435,5396797,1966844
1075,11624508,5568369,2281608
1076,11510719,5092755,2075613
1077,12193559,5701964,1990538
1078,13305078,5646722,2386562
1079,11822916,5808560,2088889
1080,12383051,5416863,2252454
1081,11576791,5222778,2146144
1082,11912690,5232414,2156647
1083,11826267,5891455,2286362
1084,10874210,5692660,2115375
1085,11467352,5608558,2273975
1086,11001496,5522312,2274870
1087,11315890,5466051,2362352
1088,11606069,5476528,2194849
1089,11304720,5187376,2349195
1090,9747069,5298847,2424439
1091,11080271,4859998,2409481
1092,11156282,4940687,2297794
1093,11860592,5166635,2282512
1094,12654936,5334553,2550430
1095,10503699,5891373,2481530
1096,10786789,5563457,2146808
1097,11603652,4905358,2335469
1098,11513499,5398526,2299567
1099,10230017,5837259,2240443
1100,11750855,5613014,2249490
1101,11783291,5963794,2286823
1102,10869230,5573751,2337004
1103,11650427,5681000,2256796
1104,11027844,5630194,2270304
1105,12548951,6044308,2387766
1106,11780602,5766113,2267841
1107,11417342,5522291,2293212
1108,12212961,5246095,2342905
1109,10844505,5082923,2414680
1110,13960377,5487434,2369338
1111,11309937,5484635,2274481
1112,11899231,5894415,2255573
1113,12231647,5272040,2095800
1114,11852680,5470387,2264977
1115,11522355,5836241,2116609
1116,12194998,5740734,2118075
1117,12089833,5617176,2304986
1118,13133698,4890187,2221151
1119,11752407,4775418,2285085
1120,12764783,5306378,2162396
1121,12836342,6287648,2366454
1122,11449298,5635109,2248425
1123,12551988,5213340,2364950
1124,11308691,5210681,2307546
1125,11810220,5645988,2250822
1126,10262002,5820932,2178964
1127,12282132,5150668,2235894
1128,11441531,4936935,2324799
1129,9935118,5685637,2310249
1130,10248042,5938683,2098927
1131,10865299,5574664,2346863
1132,12522684,5469874,2208501
1133,12337270,4911712,2323376
1134,12692155,5575200,2154524
1135,12409438,5504600,2303574
1136,13117150,5053012,2143462
1137,10924035,5105318,2246816
1138,11939247,5288079,2199111
1139,12396931,5173918,2200502
1140,12719401,5462738,2169135
1141,13489979,5128352,2215235
1142,12230899,5394969,2038089
1143,11690246,5704375,2330222
1144,12495946,5099212,2339719
1145,12818234,5140511,2182955
1146,11696295,5464562,2078370
1147,10886940,4734754,2160192
1148,11985652,4709443,2338149
1149,11871701,5225846,2302197
1150,12013035,4337957,2198852
1151,11320218,5318794,2332530
1152,10920662,4700712,2116128
1153,12342542,5096433,2163995
1154,11086739,5025268,2285352
1155,11474110,5024310,2221671
1156,10999418,5158062,2166608
1157,12105384,4971794,1951976
1158,10671747,5232723,2307297
1159,11752808,5045431,2268511
1160,13379274,4456119,2037834
1161,13388518,5312186,2299385
1162,13310469,4537943,2230774
1163,13278193,5044524,2263500
1164,12696393,5080270,2337879
1165,13492928,5460430,2149792
1166,12526361,5358550,2312024
1167,12975846,4097976,2308708
1168,12603729,4950975,2317377
1169,12739907,4940345,2414981
1170,12197954,5626733,2305904
1171,11215159,4890154,2169696
1172,12594560,5517152,2433111
1173,12532374,5073323,2108780
1174,12505576,6007657,2180728
1175,11345580,5896143,2124724
1176,13340519,5217413,2220907
1177,12185205,5346001,2353173
1178,11953174,5990642,2377235
1179,10406891,5964479,2284114
1180,11892479,6054592,2164357
1181,13002980,6357881,2170582
1182,13094260,6008347,2165049
1183,13316508,6083042,2338732
1184,13197175,5610459,2131190
1185,12801189,6148201,2328875
1186,12562148,5750330,2228739
1187,10212072,6067407,2251581
1188,12027576,5643167,2401113
1189,13353379,5671036,2179321
1190,11479392,6128232,2417857
1191,12670553,6022439,2075055
1192,12520606,6120544,2140318
1193,12171556,5605506,2056199
1194,12553596,6046321,2149022
1195,13124993,5580362,2297438
1196,13323490,6343969,2314722
1197,12320177,5033390,2266619
1198,12690705,5814211,2262190
1199,12777102,5952686,2101411
1200,11819735,5553992,2084277
1201,12268390,5800433,2266297
1202,11971507,5244446,2382818
1203,12328373,6049919,2191733
1204,11006037,5762270,2090782
1205,12294143,6051630,2061234
1206,12834469,5641884,2156403
1207,11596538,5761479,2408684
1208,11517810,5982381,2209189
1209,11055027,5536768,2116523
1210,12636295,5554666,2164348
1211,12693126,5135043,2178404
1212,12407407,5557940,2262025
1213,13111694,5190007,2158707
1214,11628975,5821578,2133043
1215,13754413,5837793,2211391
1216,13076550,5301582,2284690
1217,12270162,5947901,2312413
1218,10943272,5782636,2293827
1219,13106905,5528035,2181312
1220,13168293,5670138,2043174
1221,13113117,5394508,2143247
1222,11993233,5659967,2264086
1223,11680155,4965342,2083518
1224,11552662,4798122,2260574
1225,10460410,5682527,2166524
1226,10725558,5688928,2167396
1227,11550242,5178443,2357335
1228,12863719,5339012,2256792
1229,12386375,5103949,2385324
1230,13016645,5257014,2127539
1231,12421077,4377985,2358589
1232,11115904,5260779,2333848
1233,12002754,5030697,1898078
1234,12264082,5444548,2222524
1235,12136587,4857222,2404519
1236,11715613,5213091,2319223
1237,11520971,5058461,2183117
1238,11668815,5375987,2206393
1239,10849383,5075773,2086932
1240,11269690,4465166,2255403
1241,11307552,5246350,2032225
1242,11275685,5276260,2119049
1243,9734548,5509797,2357297
1244,11134795,5098677,2230082
1245,11598281,4803624,2191812
1246,10459665,5215972,2220555
1247,9936229,5123650,2538424
1248,9596075,4972479,2347924
1249,11632181,4881284,2145801
1250,12701415,5247161,2418418
1251,11198550,4246002,2222466
1252,11176667,4736632,2314943
1253,10696973,4634313,2166898
1254,9984063,4743425,2127694
1255,11919969,4896258,2321886
1256,12304796,4350522,2146555
1257,10657650,3866252,2145167
1258,11883739,3343204,2332592
1259,11052424,4218466,2102668
1260,11358052,5114748,2073962
1261,9861567,4655106,2293215
1262,8848459,4440490,2013617
1263,10133131,4219560,2148470
1264,9133218,3885620,2191564
1265,9541600,4795021,2082215
1266,9189564,4504938,2107655
1267,10234134,4481370,2306701
1268,10009008,4134375,2265020
1269,8980533,4158020,2126818
1270,8318090,4205986,2291478
1271,9047763,3692632,2401957
1272,9722359,3849773,2089235
1273,9532117,3644128,2239214
1274,10456343,3943681,2453009
1275,8660190,4273070,2300594
1276,9213144,4444190,2323166
1277,9502773,4427490,2210036
1278,9644640,3963370,2143309
1279,10009712,3971093,2359999
1280,9202363,3731496,2305345
1281,9184898,3831816,2226626
1282,9180065,3755023,2180437
1283,9330170,3960225,2037298
1284,9019611,4029910,2249779
1285,8149121,4349268,2155169
1286,9703304,4326918,2217660
1287,10723739,3581469,2307271
1288,8202236,3838865,2323905
1289,8942378,4262670,2312631
1290,8236007,3958204,2484085
1291,8704356,4312804,2362426
1292,8387035,4524605,2149101
1293,8934989,4301143,2141039
1294,8207658,4546311,2492243
1295,8333337,4226151,2158337
1296,7763478,4092489,2227451
1297,9786456,4525113,2427136
1298,8874995,4171511,2423839
1299,7582570,4232602,2226279
1300,8820437,4216135,2259382
1301,8011750,4481045,2049868
1302,8985240,4739165,2130988
1303,8955285,4102305,2191607
1304,7866665,4366269,2231745
1305,8143171,4712919,2196288
1306,8678744,4651230,2249376
1307,7881087,4584812,2477124
1308,7338979,4400561,2284206
1309,8195210,4779640,2266835
1310,7891913,4424975,2232581
1311,8394761,4289381,2213189
1312,7518270,4654146,2369997
1313,7725839,4531964,2121733
1314,7258300,4082905,2218360
1315,8092299,4244739,2110067
1316,7757295,3913569,2242102
1317,8066833,4285516,2245665
1318,7179183,3883007,2335123
1319,6015579,4542227,2366059
1320,7977971,4227511,2306388
1321,7236179,4434123,2413452
1322,8291474,4183496,2409684
1323,8170219,4423125,2267577
1324,7372431,4236137,2274050
1325,6157065,4428757,2016251
1326,7920689,4281450,2268122
1327,7466814,4655282,2231809
1328,6910735,4272121,2043909
1329,6897688,4392438,2184226
1330,7354727,4428165,2339244
1331,6254276,4116600,2094106
1332,7317932,3581147,2376695
1333,6943618,3949874,2285374
1334,6837514,3996229,2206885
1335,7463068,4549058,2216491
1336,7104052,4004905,2325013
1337,6518765,4122747,2072606
1338,6308647,4439484,2460165
1339,6305197,4330105,2141584
1340,6912510,4533097,2146957
1341,7378702,4282924,2368638
1342,7083734,4406375,2320562
1343,6288335,4310335,2380316
1344,5391624,3515459,2349128
1345,6997152,4010710,2274390
1346,6830998,4108005,2089908
1347,6628882,4230203,2179599
1348,6360375,4124230,2254527
1349,5172390,3708458,2230459
1350,5712098,3959371,2003247
1351,6546911,4206677,2348952
1352,7557735,4151156,2425605
1353,7267979,4477528,2395798
1354,7240150,4031016,2118765
1355,7338683,4264841,2281039
1356,6415961,3890787,1995019
1357,6160208,4587567,2421015
1358,6850099,4277191,2015850
1359,6814961,3729637,2278198
1360,6978029,3991047,2362143
1361,6353454,3859171,2376513
1362,6242061,3534800,2270771
1363,6091063,4159664,2073247
1364,6815335,4009590,2221084
1365,7285187,4141067,2202428
1366,7600630,3787358,2273493
1367,7020344,4216431,2342628
1368,6328199,4170812,2306273
1369,7848090,4094133,2469190
1370,7179700,4283115,2306163
1371,6143820,4319898,2188978
1372,5197191,3999189,2414314
1373,6990883,3936510,2197270
1374,6197132,4357566,2263838
1375,5779645,4307684,2252555
1376,6018132,4430428,1976409
1377,5778088,4671335,2263275
1378,5149965,4289817,2264684
1379,5804981,4108839,2208970
1380,5477141,4089721,2216607
1381,5841509,4384113,2089013
1382,4948457,4093979,2241581
1383,5061428,4003232,2400132
1384,5673281,4290415,2212590
1385,5729657,4120300,2174098
1386,6250948,4104825,2164543
1387,4962403,4272544,2457522
1388,5511816,4266395,2081106
1389,5740417,3998324,2326689
1390,5710324,4006293,2244813
1391,5211524,4181039,2446786
1392,4476422,4684158,2378739
1393,4750430,4345739,2222519
1394,4974259,4392206,2060320
1395,5287319,4387212,2391952
1396,4890564,4475287,2395122
1397,4523228,4079935,2109049
1398,4261944,4671137,2315559
1399,4802996,4276227,2142996
1400,5258463,4678752,2145739
1401,5309457,4871549,2052747
1402,4202927,4694674,2336507
1403,4407089,4730086,2262640
1404,5484539,4319249,2287573
1405,4721079,4386403,2394501
1406,4622676,4596993,2307008
1407,4932006,4735920,2297625
1408,4519186,4331629,2316010
1409,4322185,4456299,2113551
1410,4556893,4644835,2228530
1411,4228772,4596156,2097735
1412,3538220,4439671,2131930
1413,3875750,5006227,2222129
1414,4413118,4041445,2350904
1415,4607931,4204756,2462113
1416,5387701,4339080,2111249
1417,3968516,4928834,2251724
1418,3494171,4941935,2224462
1419,3454408,4329606,2291227
1420,4225676,4440088,2297385
1421,3783975,4970268,2272830
1422,4146735,4386614,2124422
1423,5241528,4830386,2276430
1424,4108168,5031483,2331978
1425,3968830,4900123,2175073
1426,4223277,4691262,2453178
1427,4180441,4416082,2206156
1428,4023105,4894136,2161626
1429,3350612,4883800,2265459
1430,3661008,4910785,2203625
1431,3570792,4807579,2079775
1432,3577977,5064568,2229457
1433,3894131,4827083,2410488
1434,3670551,5145444,2455898
1435,4164280,5145870,2169084
1436,3922786,4753219,2333423
1437,4367346,4628474,2247170
1438,3916538,4764720,2264064
1439,3871850,5126320,2373840
1440,3826481,4672195,2327484
1441,4340153,5124566,2249602
1442,4460089,5129771,2128711
1443,4777873,4919537,2106919
1444,4363163,4768402,2225231
1445,4078578,4837611,2268498
1446,3592933,5037814,2288541
1447,3357837,5239248,2319660
1448,3599457,4935039,2341717
1449,3555408,5028711,1964148
1450,3940466,5348117,2333218
1451,3878698,4704528,2115462
1452,4028223,5224736,2356728
1453,4021119,4732419,2269953
1454,3323198,5113229,2302759
1455,3621137,4689856,2171999
1456,4912039,5361307,2263926
1457,4026766,5157019,2023961
1458,3408942,5184568,2354627
1459,3972766,5093913,2195449
1460,3448333,5104283,1943386
1461,4219197,5362860,2350859
1462,4098170,4969645,2419537
1463,3655433,5412420,2134584
1464,4540517,5747505,2367738
1465,4158115,5005230,2148690
1466,4895970,5324658,1979390
1467,3611409,5444199,2192429
1468,4860243,5447121,2268780
1469,3671992,5019685,2247284
1470,4108016,5464762,2243940
1471,4567853,5947752,2265463
1472,4301701,5332278,2256549
1473,4225625,5866263,2208263
1474,4308857,5460256,2165251
1475,4482263,5143136,2202709
1476,4006854,5706458,2193124
1477,4142322,6011421,2198565
1478,4313056,5695897,2109266
1479,3880390,5166129,2171813
1480,4167470,5715411,2241555
1481,3959205,5088644,2266914
1482,3865699,5428951,2225230
1483,4125901,5638402,2211877
1484,4772345,5294745,2292032
1485,3900348,5416736,2323287
1486,4185537,5160571,2308287
1487,4581097,5282973,2037054
1488,4488144,5829567,2181545
1489,5414308,5860975,2311141
1490,4862459,5459101,2289905
1491,4617022,5786997,2308257
1492,3985709,5775069,2267465
1493,3948102,5645675,2137106
1494,4290611,5455365,2368838
1495,4446118,5635030,2080621
1496,4786632,4921859,2342406
1497,4558302,5550057,2230549
1498,4313825,5454755,2068001
1499,4841201,5195701,2188158
1500,4562571,5024349,2366739
1501,4537562,5311487,2166700
1502,4396725,5178458,2097251
1503,3501832,4904018,2200143
1504,3300983,5191175,2141064
1505,3169707,5014956,2092786
1506,3651934,4951246,2281215
1507,3436076,5046804,2321468
1508,4386010,4835428,2170793
1509,4348740,5051590,2290823
1510,3206206,5279955,2189177
1511,3892177,5066564,2221247
1512,3768270,4722119,2246151
1513,3766567,5085442,2399056
1514,3725551,5418782,2289030
1515,4171844,5653436,2120857
1516,3868457,5450879,2289953
1517,4570473,5569278,2207688
1518,3557192,5615402,2180322
1519,3588696,5594943,2138644
1520,4057221,5804660,2229446
1521,3647299,5514187,2225665
1522,3870066,6042602,2187486
1523,3629811,5654779,2077099
1524,4406708,5667509,2041824
1525,4114728,5527996,2246663
1526,3751888,4839474,2252268
1527,3923349,5749840,2476056
1528,3854419,5627634,2212435
1529,4276385,5451039,2346387
1530,3757341,5669300,2365784
1531,3824411,5662386,2225561
1532,3961066,5431355,2240949
1533,3368592,5292020,2184398
1534,4048849,5382390,2430518
1535,3638589,5638790,2064007
1536,3717891,6191350,2227952
1537,3677905,6022300,2386871
1538,3016459,5611517,2220358
1539,3745530,6340210,2168650
1540,4047109,6057259,2258371
1541,3667128,5669885,2291199
1542,3731206,6273759,2295714
1543,3932716,5832520,2263814
1544,4972572,5890606,2316101
1545,4984429,5376944,2337935
1546,4514415,5477708,2108828
1547,4600377,5762012,2190085
1548,4390606,5542186,2329451
1549,4215319,5684380,2286916
1550,3937495,6061013,2258563
1551,4076084,6265892,2307438
1552,3888797,5910411,2338655
1553,4123514,5925318,2136603
1554,4610465,6169257,2095427
1555,4539279,5802526,2103604
1556,3948768,5835014,2439840
1557,3940102,5962663,2114682
1558,5070176,5950846,2206193
1559,4326630,5645002,2211674
1560,4210102,5680911,2347463
1561,3559011,6033761,2038347
1562,4464535,5661459,2227994
1563,3111804,5955898,2367926
1564,3780556,5847950,2356821
1565,3533308,6345394,2278064
1566,3517232,6037249,2203251
1567,3281630,5827259,2428568
1568,3937531,5988481,2045756
1569,3015844,6079541,2341874
1570,3439602,5878535,2289099
1571,3570675,6473239,2298348
1572,3566275,6167107,2262046
1573,3972676,6208730,2255279
1574,3958428,6057263,2336271
1575,3996708,6120853,2103675
1576,3649845,6062479,2093238
1577,3639661,6262272,2250510
1578,3639042,6060257,2238198
1579,3541689,6249703,2250645
1580,3265152,6199506,2409900
1581,3494118,5922511,2167715
1582,3882368,5928575,2316238
1583,3815656,6370918,2275289
1584,3626168,6411511,2496530
1585,3938839,6032170,2075866
1586,3634387,6106068,2171432
1587,3706810,5854235,2181391
1588,3788048,6141117,2379781
1589,3598843,5635076,2140859
1590,3389783,5703313,2417435
1591,3536392,5780591,2410756
1592,3610729,5608606,2328996
1593,3381288,6049357,2281196
1594,3053505,5420400,2058678
1595,3992892,5460731,2252708
1596,3548595,5552888,2072687
1597,3379706,5854575,2191901
1598,3728991,5911462,2255047
1599,3722779,5583274,2197901
1600,3797772,6159794,2338505
1601,4442773,5700621,2217958
1602,3919867,5987001,2059526
1603,3901456,5953472,2114054
1604,3860875,5767720,2090185
1605,3712565,6046700,2197057
1606,3812578,5860595,2371631
1607,3523666,5990572,2288828
1608,3082950,5917310,2270273
1609,2836515,5382664,2088904
1610,3593385,5986832,2496821
1611,3866339,5739192,2229222
1612,4148824,5664573,2502150
1613,3742854,5847521,2135556
1614,3899220,6024506,2168995
1615,3254217,5742700,2522549
1616,3016832,5851831,2112387
1617,3372536,5772377,2279113
1618,2657224,5719655,2194627
1619,3433825,5750787,2141585
1620,3501129,5340460,2473595
1621,2982751,4884629,2120297
1622,3225914,5198102,2332548
1623,3286886,5379779,2355639
1624,3184540,4999737,2119441
1625,3431024,5308937,2020611
1626,3286583,5018051,2033624
1627,2732052,5040751,2143128
1628,2559634,5031113,2257231
1629,2610460,5099811,2269819
1630,2813491,4725350,2211276
1631,2926961,4795443,2220623
1632,2764846,4807162,2341099
1633,2559532,4731655,2318117
1634,2309888,4674778,2274653
1635,2855467,4179158,2163512
1636,2667046,4604213,2319169
1637,2256714,4893351,2252603
1638,2274860,4625354,2148904
1639,2407253,4777271,2167984
1640,3521740,4989786,2369517
1641,3034630,4406448,2438357
1642,2604891,4565961,2173249
1643,3023122,4890790,2000425
1644,2414825,4676308,2297949
1645,2064190,4862622,2131556
1646,2581053,4516846,2314138
1647,2485720,4352333,2190413
1648,1921895,4745784,2481243
1649,2042460,4730380,2244906
1650,2427650,4417728,2333152
1651,2196429,4416468,2096754
1652,2627436,4465752,1917691
1653,2198223,4359301,2247483
1654,1889934,3987982,2261617
1655,2223337,4219995,2312776
1656,2151101,4482509,2170561
1657,1946586,4420029,2088183
1658,2386896,4194787,2053731
1659,2025030,4354895,2294118
1660,2481842,4347465,2311659
1661,2453066,4740719,2134626
1662,2678864,4297418,2173438
1663,2314434,4594242,2151098
1664,2347765,4718711,2020836
1665,2148789,4571260,2254602
1666,2409639,4875023,2326808
1667,2630239,4734485,2207447
1668,2329826,4917528,2073602
1669,2433019,4814719,2210241
1670,2415591,4919879,2384672
1671,2058121,4678394,2470115
1672,2072666,5016702,2262413
1673,2138388,4809616,2144316
1674,2266602,4960303,2010749
1675,2408616,4623125,2059821
1676,2337671,4730021,2222455
1677,2229275,4318645,2257577
1678,2209738,5111749,2261023
1679,2308938,4625655,2203024
1680,2876150,5101880,2060124
1681,2434201,5019927,2056415
1682,2791756,4556947,2248821
1683,2275920,5051030,2140340
1684,2137113,4579408,2378021
1685,2314864,4608780,2069535
1686,2642090,4747035,2420689
1687,2315086,4630434,2157983
1688,2146797,4651804,2257289
1689,2386684,4916273,2257286
1690,2422498,4920483,2193979
1691,2322297,4760807,2007634
1692,2301752,4680972,2178533
1693,2305399,4697647,2402312
1694,2026380,4748943,2089416
1695,1991156,5248617,2026763
1696,1897719,4274884,2207947
1697,2096402,4973038,2186347
1698,2249192,4692906,2088071
1699,2022020,5408985,2148376
1700,2108626,5116469,2178679
1701,2023091,4997538,2186292
1702,1917527,4863292,2250546
1703,2221989,4776213,2311254
1704,1880064,4881248,2275582
1705,2204510,4718013,2270523
1706,1966781,4985338,2419913
1707,1829955,5227289,2354634
1708,1712437,4962939,1907249
1709,2052195,4789708,2191841
1710,2193412,4678428,2056404
1711,2351596,4140456,2155456
1712,2276904,5042065,2318443
1713,2141019,4727600,2209921
1714,1801574,4957095,2184561
1715,2230181,4776592,2379376
1716,2043376,4805610,2064527
1717,1871208,4264853,2221906
1718,1992981,4940596,2293629
1719,1853687,4765110,2235071
1720,2029465,4802973,2102533
1721,2048132,4660962,2229858
1722,2010454,4934962,2322511
1723,2212191,5037755,2272253
1724,2203671,4456304,2267837
1725,2519458,4621529,2266694
1726,2242413,4739124,2247467
1727,2564516,5466949,2093829
1728,2238682,4913148,2197875
1729,1796236,4523364,2280467
1730,1847176,4801436,1884739
1731,1487178,5316945,2316892
1732,1795807,4958050,2270040
1733,2041252,5031613,2111362
1734,1651477,5130891,2149070
1735,1812030,4958090,2209624
1736,2092490,5232330,2278524
1737,1714310,4292762,2190629
1738,1951684,4949721,2362637
1739,1678961,4496442,2278490
1740,2166952,4829973,2144581
1741,1793158,4761905,2179784
1742,1949043,5142589,2257779
1743,1598736,5410723,2313677
1744,1670262,4681434,2308280
1745,1690631,5005105,2221484
1746,1589513,5346902,2249063
1747,1645338,5071464,2229575
1748,1416710,4801808,2324127
1749,1792170,5263467,2122293
1750,2009945,4794019,2299666
1751,1860599,4916164,2025614
1752,1627404,4229933,2282721
1753,1634587,5182615,2260975
1754,1753190,5080774,2232335
1755,1581835,4786976,1994337
1756,1631736,5338510,2407253
1757,1473679,5062950,2332657
1758,1765829,5489844,2235218
1759,1921288,5427859,2283577
1760,1834623,5086053,2127524
1761,1740653,4818935,2289556
1762,1611605,5226139,2406512
1763,1592223,5326384,2100880
1764,1838927,5049717,2532940
1765,1254320,4692062,2183607
1766,1551229,5321369,2324731
1767,1436496,5364244,2140167
1768,1456011,5022005,2275954
1769,1722749,5429321,2090181
1770,1619077,4994410,2158821
1771,1641604,4994562,2206863
1772,1660322,4941114,2159175
1773,1981524,5324429,2205429
1774,1552086,5711765,2341312
1775,1281395,5602942,2089830
1776,1753851,5113960,2098908
1777,1971328,5717600,2237630
1778,1345760,5723703,2169403
1779,1524390,5876185,2120340
1780,1845639,5429778,2247114
1781,1570549,5984446,2169383
1782,1950363,5610787,2269897
1783,1685752,5823086,2227939
1784,1611494,5605530,2209918
1785,1547123,5657850,2224760
1786,1708791,5264702,2346590
1787,1524115,4969878,2379056
1788,1355102,5913255,2214562
1789,1320345,5142208,2117413
1790,1818255,5656602,2063688
1791,1780006,5551195,1983067
1792,1856131,5057384,2101118
1793,1911826,4972833,2137242
1794,1733762,5324368,2226513
1795,1721460,5874448,2022473
1796,2062002,5622809,2391958
1797,2033651,5523898,2351090
1798,1674297,5975257,2371362
1799,1645812,5435977,2175129
1800,1443095,5586464,2259612
1801,1643776,5817636,2126633
1802,1098936,5782450,2405365
1803,1717402,5514939,2096980
1804,1607850,5722884,2175047
1805,2005616,5249111,2391257
1806,1612898,5521580,2510287
1807,1316058,5878434,2222139
1808,1846920,5162635,2186141
1809,1292423,5934953,1952533
1810,1636487,5454623,2423296
1811,1381676,5872097,2266776
1812,1458305,5703715,2022093
1813,1399531,6050923,2329637
1814,1284727,5751135,2300898
1815,1194778,6069046,2192819
1816,1661525,6009187,2170112
1817,1176205,5363525,2313873
1818,1484339,5591371,2258490
1819,1417437,5852957,2286717
1820,1435986,5546199,2369277
1821,1462000,5667136,2365560
1822,1328289,5581058,2317265
1823,1318221,5871071,2297706
1824,1534563,5823786,2089707
1825,1219790,5914502,2107871
1826,1176914,5659180,2323740
1827,1313092,6188797,2304617
1828,1374917,5730093,2290216
1829,1217956,5222498,2326176
1830,1813380,5953815,2170540
1831,1610457,6311779,2295433
1832,1485086,6410528,2121999
1833,1689680,5584219,2239340
1834,1781467,6493190,2336107
1835,1290545,5191762,2156826
1836,1468336,5991542,2450359
1837,1617129,6010732,2358962
1838,1702990,5795880,2385530
1839,1594818,6390132,2208808
1840,1644023,6394473,2077344
1841,1802768,6269563,2154401
1842,1700921,6629832,2293954
1843,1770574,6405608,2201235
1844,1938229,6528124,2312895
1845,2166903,6699727,2249171
1846,1497661,6611176,2166549
1847,1543091,6438460,2336653
1848,1616666,6499764,2383257
1849,1711357,6469806,2150655
1850,1503056,6000747,2289516
1851,1410200,6587581,2249856
1852,1563423,6445157,2263729
1853,1336794,6115409,2220757
1854,1770454,6327214,2092554
1855,1414890,6850876,2389707
1856,1290142,6745382,2115892
1857,1286219,6552286,2135199
1858,1696870,6782392,2305629
1859,1772188,6335920,2252454
1860,2014047,5905925,2143524
1861,1641206,6373524,2158982
1862,1432246,6167935,2214663
1863,1206753,6323234,2183702
1864,1149502,6314999,2304542
1865,1351885,6602626,2102428
1866,1642697,6806927,2272930
1867,1458538,6390567,2403214
1868,1393069,6688445,2254853
1869,1445980,6085938,2133227
1870,1344420,6274577,2151672
1871,1132046,6953303,2237251
1872,1225261,6642640,2162703
1873,1204045,6312177,2370182
1874,1153741,6108907,2026955
1875,1162200,6834902,2415316
1876,823815,6504003,2006350
1877,1409854,6542020,2227800
1878,1687653,6558547,2111497
1879,1479025,6650736,2323925
1880,1453573,6715974,2145980
1881,1785888,6454109,2105905
1882,1460156,6480923,2194424
1883,1616227,6768679,2186501
1884,1709510,7002865,2016391
1885,1306588,6652104,2283110
1886,1540095,6954774,1965315
1887,1337891,6953382,2363679
1888,1266232,7072521,2195535
1889,1331796,6811298,2338751
1890,1235294,6420390,2165343
1891,1141401,6828744,2143851
1892,916940,6973741,2305124
1893,1222718,6517090,2167176
1894,1238434,6337887,2059635
1895,1612359,6898456,2222658
1896,1184017,6939974,2078670
1897,1506278,5960759,2230936
1898,1375180,6378134,2386293
1899,1468263,6725020,2339829
1900,920673,6274113,2232584
1901,1255500,7296891,2213880
1902,1142373,6542813,2197018
1903,1047291,7056546,2161215
1904,1531605,6368076,2272010
1905,1362367,6735813,2214754
1906,1984994,5959049,2189772
1907,1573294,6777781,2262519
1908,1191348,6960812,2007088
1909,1339990,6031902,2450757
1910,1429001,6810668,2302712
1911,1575031,6411929,2076807
1912,1501267,6244091,2245218
1913,1330296,6685157,2106350
1914,1738953,6766289,2172184
1915,1427485,6780424,2132466
1916,1162204,7256991,2354249
1917,1386087,6956140,2017987
1918,1474538,6477417,2192820
1919,1152173,6735631,2048310
1920,1218410,6209470,2230094
1921,1423282,6892925,2196915
1922,1365564,6745013,2075360
1923,1492662,6550010,2393079
1924,1023932,6237720,2406887
1925,1111190,6455079,2169404
1926,1034594,6363222,2290634
1927,1267003,6554974,2215767
1928,1389209,6135170,2259550
1929,1640812,6305403,2403392
1930,1543857,6586558,2202392
1931,1463695,6674496,2432417
1932,1316381,7064730,2200209
1933,1401227,7047329,2221935
1934,1021405,6607009,2443261
1935,1141728,7124800,2263096
1936,1785059,7007945,2005574
1937,1378471,6649077,2257469
1938,1267658,6983441,2089298
1939,1206457,6860043,2046799
1940,1571061,7046860,2127160
1941,1301965,7007778,2268774
1942,1551465,6828998,2108104
1943,1141666,7027268,2075970
1944,1159160,6595237,2189988
1945,1430444,6657141,2277539
1946,1323215,6351631,2154648
1947,1353546,6310805,2086554
1948,1283094,6920137,1989863
1949,1264523,6480533,2145738
1950,1367238,6621781,2326618
1951,1398299,6521804,2344229
1952,1282671,6533884,2320535
1953,1348968,6658544,2212811
1954,1446505,6261315,2246815
1955,1305048,6923186,2373877
1956,1176154,6665010,2135416
1957,1552955,6474973,2273015
1958,1994665,5953604,2023549
1959,1643019,5448108,2308534
1960,1372053,5788438,2182032
1961,1342440,6071167,2103387
1962,1411235,5758005,2318640
1963,1199118,5643532,2108342
1964,1366448,6309020,2135572
1965,1265357,6605571,2403915
1966,1375497,6523603,2115621
1967,966353,5938153,2159154
1968,1182828,5733761,2156113
1969,1104659,6073859,2319976
1970,1401038,5792842,2027454
1971,1115284,5672955,2371945
1972,1428296,6117992,2205214
1973,1621229,5849906,2197009
1974,1556050,6110163,2132290
1975,1191381,6082777,2216142
1976,1171954,5995835,2396501
1977,1316157,6276018,2256135
1978,1298448,6297766,2128288
1979,1688707,6156447,2193606
1980,996069,5996916,2292032
1981,1192406,5498323,2241901
1982,1147574,4857644,2203656
1983,1258273,5874017,2299859
1984,1603314,5908550,2272681
1985,2056235,5583974,2112083
1986,1831411,6246400,2018636
1987,1361989,6402455,2288241
1988,1847629,5563477,2439703
1989,1573482,6019382,2140768
1990,1449978,5990421,2216637
1991,1412867,6000438,2383518
1992,1473092,6414932,2426553
1993,1355440,5965169,2239659
1994,1455700,5563763,2371870
1995,1373494,6418185,2316162
1996,1970576,6169721,2170337
1997,2129585,5775170,2007039
1998,1416393,6142354,2130868
1999,1256052,5981068,2273590
2000,1483946,6295869,2279174
2001,1565294,6421390,2176317
2002,1871798,6217747,2136641
2003,1862673,6534403,2053753
2004,1860539,6232488,2044820
2005,1614183,6682652,2218746
2006,2340495,6620501,2056607
2007,1835372,6348339,2230691
2008,1816769,6047054,2143307
2009,2005471,5842404,2184809
2010,1621996,6220741,2469608
2011,1309573,6334712,2237764
2012,1315552,6177498,2194030
2013,1315174,6372916,2213029
2014,1260123,5965306,2067889
2015,1269934,6360003,2381852
2016,1205634,6144518,2327009
2017,1278341,6004871,2172996
2018,1564291,6083420,2257970
2019,1588808,6076269,2157416
2020,1470274,5835189,2276610
2021,1688428,6218548,2082476
2022,1152141,5780343,2262232
2023,1208146,6572001,2399947
2024,1444178,5621103,2282190
2025,1506785,6040104,2166512
2026,1518496,6278938,2338389
2027,1477248,6204217,2450095
2028,1387983,6595663,2313963
2029,1401304,5762430,2243230
2030,1589751,6071918,2142834
2031,1077170,5875304,2281003
2032,2194347,5638007,2446938
2033,1816387,6010086,2007255
2034,1441181,5571828,2341461
2035,1456401,6469890,2248873
2036,1319332,5944248,2401296
2037,1443637,6035360,2218097
2038,1498661,5299172,1990864
2039,1692369,5785730,2454659
2040,1656287,6155633,2102968
2041,1497439,6064353,2321708
2042,1396296,5739268,2218138
2043,1608757,5888040,2227958
2044,1669323,5390330,2247738
2045,1864821,5526968,2171448
2046,1725698,5022650,2253203
2047,1543758,5041047,2266719
2048,1717582,4898195,2321851
2049,1406899,5349928,2246332
2050,1896319,5178537,2267949
2051,1515199,5475854,2380628
2052,1634469,5529021,2131694
2053,1597765,5284352,2240206
2054,1341895,5454690,2285766
2055,1792420,5652059,2347951
2056,1148360,5749332,2225280
2057,1130064,5087551,2243466
2058,1512650,4603196,2193874
2059,1440735,4504054,2370813
2060,1455199,5594958,2196528
2061,1871294,5108035,2308869
2062,1880895,5634226,2221006
2063,1933272,5366595,2235820
2064,1385376,5653281,2095860
2065,1684164,5766622,2238707
2066,1713791,5714760,2229068
2067,1239122,5200596,2066779
2068,1584979,5249654,2149730
2069,1484566,5370352,2181718
2070,1852975,5319480,2061745
2071,1682732,5983245,2096518
2072,1331690,5578331,2396408
2073,1590663,5676217,2117411
2074,1745424,5507637,2136755
2075,1793761,5959072,2076584
2076,1681236,5641954,2369376
2077,1299386,5720845,2334866
2078,1349593,5883452,2267896
2079,1661287,5649286,2241780
2080,1334091,6052739,2177475
2081,1348040,5565686,2200632
2082,1428641,5322834,2157129
2083,1550586,5738297,2305852
2084,1489773,5809747,2309639
2085,1305055,5958745,2334244
2086,1486818,5922412,2461073
2087,1611252,5739425,2311310
2088,1588104,5775406,2303202
2089,1446716,6056328,2344409
2090,1659205,5619004,2060259
2091,1769925,5646822,2232905
2092,1369122,5674592,2063553
2093,1662397,6108467,2408428
2094,1603587,5664145,2177348
2095,2037116,5993659,2430291
2096,1711363,5950688,2350863
2097,1383132,5906604,2170737
2098,1934460,5663580,2047116
2099,1768581,5381114,2106915
2100,1761924,5206610,2348318
2101,1327885,5024391,2196514
2102,1686027,5565698,2067037
2103,1637297,5907276,2207295
2104,1811511,6096238,2421315
2105,1301929,5667134,2411998
2106,1419155,5331935,2179572
2107,1319800,5753734,2266769
2108,1219326,6117482,2300771
2109,1682714,5829025,2067274
2110,1725926,6018951,2172893
2111,1680029,6118387,2187125
2112,1568053,5816631,2277477
2113,2208200,6099724,2175418
2114,2086694,6451519,2076402
2115,2092105,6223245,2268565
2116,1972098,6505345,2160717
2117,1625633,5861630,2095320
2118,1834172,6156513,2095599
2119,2179391,5667091,2207488
2120,2200568,6258101,2394343
2121,2095206,5910460,2212894
2122,1893109,6111189,2352158
2123,1849106,5995191,1981666
2124,1927925,5480580,2138766
2125,2082146,6288726,2091961
2126,1664936,6083844,2201731
2127,2241214,5715117,2318345
2128,2218327,6226166,2171381
2129,2301045,6081826,2093468
2130,2337740,6185372,2338163
2131,2148579,6249721,2147309
2132,1889760,6282841,2262800
2133,1909770,5815706,2158151
2134,1354011,5918549,2290098
2135,1835966,6231736,2189566
2136,2924752,6396325,2321132
2137,2498530,6116743,2301693
2138,2147390,6172636,2480313
2139,1983894,6002741,2223428
2140,2346120,6057821,2123511
2141,2084475,6394922,2102774
2142,2207825,5937946,2165705
2143,2067985,6234155,2274269
2144,1813562,5957533,2152701
2145,2028112,6297309,2401923
2146,2730505,6651772,2254736
2147,2450935,6023165,2123323
2148,2312633,6484644,2180703
2149,2426700,5941010,2161122
2150,2304623,6409410,2252275
2151,2333109,6912270,2117926
2152,2918919,6744584,2375469
2153,2667700,6338152,2192606
2154,2287961,6102295,2205892
2155,2661853,6189399,2335418
2156,2581858,6418247,2148833
2157,2797774,6588121,2232224
2158,2665521,6209188,2432422
2159,3063589,6425207,2278268
2160,2804350,6452086,2265173
2161,2957563,6436783,2179202
2162,2408490,6256374,2121401
2163,2483240,6992619,2427577
2164,3271204,6471043,2214506
2165,3383900,6395150,2444229
2166,3087916,6340959,2156041
2167,3338205,6174542,2372454
2168,3242217,6730424,2209460
2169,3076814,6761217,2278898
2170,2956163,6954989,2368185
2171,3623568,6481988,2281661
2172,3212607,6563735,2321960
2173,3363570,6170345,2057924
2174,3239886,6429480,2180954
2175,3505759,6424693,2460603
2176,3428527,6099639,2206801
2177,3251131,7095878,2267942
2178,3197813,6684515,2214173
2179,3767155,6444522,2162997
2180,3358891,7143088,2065612
2181,3953126,7121631,2104937
2182,3809975,6765958,2420184
2183,3316517,7085354,2223552
2184,4012776,6580934,2099683
2185,4503007,7216391,2131466
2186,3451469,6753254,2329868
2187,4371639,6617929,2126657
2188,3986023,6915289,2162576
2189,2866239,6904438,2107739
2190,3892999,6507441,2091834
2191,3881671,7483122,2416444
2192,3736870,7067119,2216651
2193,2895495,6837987,2196491
2194,3182640,7000401,2165244
2195,3533286,6694513,2311900
2196,3920472,6665923,2239238
2197,4770120,7052168,2265008
2198,3982292,7025570,2247654
2199,4025859,6215458,2192493
2200,4070835,6359767,2178701
2201,4288556,6200915,2038729
2202,4360130,6883468,2177485
2203,4748426,6344511,2473871
2204,4515617,6542010,2094032
2205,4790411,6780161,2232865
2206,4580242,7745504,2269850
2207,5028088,7225660,2365653
2208,3771706,7223098,2529091
2209,4470964,6850598,2188087
2210,4848996,6799878,2134476
2211,5296059,6841728,2350712
2212,4629435,6956729,2256153
2213,5001401,7833158,2456327
2214,4123697,6890473,2313338
2215,5275131,7105226,2157727
2216,4418651,6804015,2210429
2217,5413180,6942022,2279596
2218,5292334,6697820,2288263
2219,5081094,6950544,2105788
2220,5523515,7329834,2017599
2221,5076726,6421058,2053365
2222,4723388,6450702,2301264
2223,4997792,6486365,2215273
2224,4316188,6329583,2027574
2225,5323735,7302141,2170893
2226,5606003,6684889,2016169
2227,5119221,6663662,2203001
2228,6154920,6458598,2135786
2229,5934336,6685684,2170097
2230,6247875,6172906,2222961
2231,5850085,6349423,2252762
2232,5799926,6477526,2239025
2233,6783590,5730336,2376553
2234,5156317,7024777,2500377
2235,5702789,7426649,2327472
2236,6758936,7684803,2211210
2237,6942113,7269847,2316311
2238,6519304,7225778,2151200
2239,6790104,6628312,2140198
2240,6357860,6443718,2135130
2241,5586136,6746488,2265010
2242,6881872,5891515,2370618
2243,7003340,6613147,2480633
2244,7649111,6514317,2380191
2245,7671696,6465928,2310252
2246,7902269,6001150,2155547
2247,7683680,6631314,2240932
2248,7499716,5974389,2293037
2249,7441644,6920484,2218731
2250,6315446,7738570,2440308
2251,8038187,7704767,2140855
2252,7987192,7103675,2152666
2253,7154472,6789097,2274797
2254,7605065,6454070,2456374
2255,8094172,6195117,2030041
2256,7520276,6462942,2137943
2257,6959656,7137217,2376131
2258,7046198,7032043,2156593
2259,6813313,7411579,2462211
2260,6693123,7304934,2140680
2261,6654684,6583224,2352069
2262,6209011,7141643,2222535
2263,7416029,7838174,2283673
2264,8647011,6985627,2116753
2265,7700785,7107322,2053094
2266,7650737,7489870,2318943
2267,8652716,6795000,2173296
2268,8833823,7418963,2129833
2269,8729269,7928875,2109005
2270,8359326,8756597,2115731
2271,8583222,8303005,2383423
2272,7970030,8033739,2129392
2273,7900809,8171877,2171827
2274,8654504,6483893,2451896
2275,9375768,7418453,2184122
2276,9100311,7989878,2231746
2277,10291550,7388471,2273414
2278,8808588,7598238,2199338
2279,8966062,7731961,2155569
2280,7531606,7646046,2375125
2281,7890613,7484508,2268076
2282,8277395,7077922,2162114
2283,9151556,7172504,2077751
2284,8340631,7003213,2103159
2285,8889679,7206839,2118018
2286,9427909,7722122,1991728
2287,8075974,8037766,2363411
2288,9136923,7036289,2243773
2289,7792367,6879955,2292278
2290,8329579,7708025,2074004
2291,8853081,7179188,2178230
2292,8623783,8086104,2205577
2293,8675398,8442545,2240814
2294,8937639,7750503,2209352
2295,9686287,7709056,2093420
2296,9351079,8436378,2354248
2297,10044492,8190283,2311658
2298,9385990,7939244,2240733
2299,9146733,7746004,2347594
2300,10522537,7742284,2367224
2301,10109081,7557554,2387963
2302,10912941,7881285,2250574
2303,10458406,7798262,2197240
2304,10731545,7311610,2178821
2305,11160702,7521715,2331856
2306,10394450,6795001,2154080
2307,8845372,7416052,2130410
2308,10503021,8042399,2294258
2309,10708986,7368431,2290754
2310,9427501,7496204,2303428
2311,10957204,6900661,2137588
2312,8940035,7420855,2265945
2313,10763097,7276407,2334542
2314,10819300,6721567,2178819
2315,10644984,7393425,2202448
2316,9411559,7755197,2199120
2317,10142845,6798875,2401951
2318,9230810,7287213,2332924
2319,11039724,7504634,2082744
2320,10127874,7095289,2062632
2321,10970570,7616553,2304942
2322,9756199,8205960,2208591
2323,10142633,5849101,2291822
2324,10260303,7061141,2262034
2325,10284437,7658085,2345068
2326,10415720,7655420,2050916
2327,11522665,7448191,2171225
2328,11236470,8128761,2260393
2329,10901728,8429985,2258548
2330,10926215,8655855,2126547
2331,9440546,7559518,2173536
2332,9213930,8454006,2166986
2333,9691245,8030704,2237364
2334,10899916,7998828,2310573
2335,10334534,6821678,2201629
2336,10598784,8432961,2215293
2337,12258292,8149460,1998627
2338,11497304,8305295,2113938
2339,10651497,7795559,2439205
2340,11958787,7529658,2040983
2341,11352032,7539997,2384669
2342,10779294,7895266,2199127
2343,10772435,7308523,2013246
2344,10839187,7733698,2395082
2345,10958271,7936236,2375703
2346,11285986,8088486,2176205
2347,10532971,7736815,2329182
2348,9982498,7408079,2192652
2349,10299062,7381929,2238061
2350,10271494,6767787,2250936
2351,10843748,7430381,2206592
2352,10557165,7479465,2290907
2353,11765632,6909693,2275434
2354,11010172,7450884,2174013
2355,8259137,7544049,2265415
2356,9747668,7568529,2174270
2357,10764269,6965507,2247314
2358,11736569,7245522,2176917
2359,11135345,7527232,2243236
2360,11203893,8344271,2411039
2361,12168482,7895566,2159390
2362,12553838,8145212,2069064
2363,12149111,7322734,2410314
2364,10965927,6371503,2265019
2365,11659506,7815620,2159756
2366,10723419,7643998,2204511
2367,11963795,7283684,2130385
2368,10435564,7064165,2337058
2369,11818458,7657694,2311999
2370,11864717,6970185,2302538
2371,10767270,6966793,2256956
2372,10430683,6721386,2003553
2373,11303341,6579158,2099888
2374,11424976,6101200,2264121
2375,10676770,6725298,1936034
2376,9464249,6709150,2223531
2377,10983072,7088611,2117933
2378,10799791,6361673,2303065
2379,11770597,6721525,2210433
2380,12173054,6898982,2350572
2381,10104990,7088120,2270066
2382,9545814,6627818,2245074
2383,10594618,6440112,2123734
2384,10653477,6697445,2302441
2385,9625851,7006288,2497950
2386,9805260,6152354,2041459
2387,10174883,5397388,2118109
2388,12021308,5614767,2418121
2389,10077351,6806066,2289503
2390,9553439,6295214,2199346
2391,10683777,6602654,2319661
2392,10247283,6347431,2269489
2393,11587109,6741653,2159532
2394,9969984,7097671,2157783
2395,9871175,7723351,2327842
2396,11331309,6943110,2270696
2397,10357153,7825006,2352667
2398,8371111,6430704,2305351
2399,9327467,7436936,2163843
2400,9004185,7430516,2402497
2401,9377642,7392151,2129334
2402,9804953,7566342,2181781
2403,9027155,6908004,2145004
2404,9092352,6204040,2075979
2405,8560071,6761086,2301870
2406,8184372,6676282,2114859
2407,9097884,6886089,2156005
2408,8597272,7699649,2337608
2409,7678435,5891976,2328951
2410,10305581,6342794,2163014
2411,9810966,6558520,2086375
2412,9579317,5843757,2220740
2413,9448208,6570979,2054025
2414,9113626,6928305,2119594
2415,9174935,6339051,2189094
2416,8589300,6145515,2214727
2417,7901409,6710806,2170403
2418,8109340,6381853,2216154
2419,7581453,6026644,2386639
2420,9100181,6831296,2302376
2421,8395832,6441002,2386325
2422,8203443,6537800,2332391
2423,9415398,6615434,2258271
2424,9896472,6978526,2096889
2425,8056241,6225224,2083244
2426,8751511,5644463,2230079
2427,6839499,5657228,2186769
2428,7070623,5436795,2128064
2429,7829217,5659628,2278108
2430,8809834,6041509,2369007
2431,9319852,6512445,2224777
2432,9665949,6146243,2241958
2433,10696829,5866603,2171325
2434,10146174,5475221,2155590
2435,9872324,6360945,2452674
2436,9898552,6274765,2092138
2437,8427020,6379242,2214381
2438,8931328,7100311,2182468
2439,9408848,6454642,2220111
2440,10357831,6932968,2349168
2441,9778687,7532069,2343300
2442,8296531,7007396,2216738
2443,8710360,6868284,2357780
2444,12638811,6713438,2146816
2445,10207181,6602293,2272077
2446,9105920,6140786,2431004
2447,10294730,7063589,2167907
2448,10128463,6571818,2255272
2449,10575859,6680913,2399647
2450,9323887,6681095,2138340
2451,9771668,6655476,2239557
2452,8804507,6524855,2197239
2453,8321313,6738345,2107705
2454,11576918,6604254,2277500
2455,10181289,7014600,2138156
2456,10442070,5882040,2417191
2457,10772998,5803256,2234683
2458,10553184,6646487,2208920
2459,10263542,5479887,2236939
2460,10681739,5894670,2243850
2461,9043487,6546438,2210140
2462,9175835,6234868,2238765
2463,9923420,6480158,2168217
2464,9188669,6476863,2176630
2465,8757375,6024142,2291205
2466,10569023,6059861,1993920
2467,9740074,6631098,2143139
2468,10441008,6350734,2233332
2469,10216606,6202765,2270593
2470,9726391,6132790,2188785
2471,9247561,5038091,2247582
2472,8481445,6433867,2193370
2473,10174937,6768114,2024686
2474,10333730,6321668,2337351
2475,9025576,6490996,2262290
2476,9482991,5997613,2125518
2477,9728731,5697066,2397012
2478,9471915,5733099,2307998
2479,8802720,5602533,2162559
2480,9236715,5882092,2355891
2481,8715822,6575796,2292543
2482,9318980,6036520,2324895
2483,10519679,5421745,2165205
2484,12080993,5918944,2170246
2485,12191101,5447140,2140574
2486,12895880,5664408,2171985
2487,11553585,5346849,1974192
2488,11979620,6411708,2353346
2489,12189882,5887212,2100617
2490,11867726,5824079,2295968
2491,12111356,6161227,2087471
2492,11680336,6456314,2245415
2493,10947962,5673281,2099288
2494,10986632,5727780,2230158
2495,11866812,5684666,2053821
2496,11793938,5777859,2166307
2497,10660998,4932019,2306005
2498,12505260,4748929,2256252
2499,12314150,5500010,2251469
2500,11827419,5744720,2136559
2501,11501614,5831537,1987202
2502,10454636,5722266,2132698
2503,12939058,5330159,2175345
2504,10206432,5365297,2397489
2505,12520025,5983201,2295947
2506,11437472,5626343,2267700
2507,13007461,6098048,2167430
2508,11091643,7073824,2150978
2509,12122680,5741169,2303883
2510,11508898,6258890,2190849
2511,12098583,6723400,2194773
2512,11110770,6916008,2446446
2513,13133198,6821628,2122787
2514,12997843,6433111,2200944
2515,12840752,6659913,2204507
2516,13721177,5657480,2159676
2517,12950202,6707533,2074819
2518,13275069,6241394,2374396
2519,12700613,6352096,2074721
2520,12709077,6458503,2131070
2521,11940020,7061209,2260981
2522,11016110,6665845,2093552
2523,11025034,6875809,2214987
2524,11851757,6066421,2203736
2525,13015348,6272881,2205951
2526,12295373,6345322,2216743
2527,11833683,5680124,2075170
2528,12316727,6429603,2171042
2529,12126832,6017991,2375753
2530,11431808,6343846,2362295
2531,12314015,6443441,2167551
2532,12224530,5719772,2353472
2533,11919425,6408337,2127470
2534,11773926,6339550,2080133
2535,11790386,5881484,2007212
2536,12360943,6154827,2108145
2537,12285546,6219838,2283708
2538,12818289,6350214,2196040
2539,13449769,6872115,2417847
2540,13838647,6651522,2326074
2541,12274857,6832688,2192840
2542,13233082,6394445,2207455
2543,13324383,6510319,2208277
2544,13682871,7208433,2343896
2545,13991967,6535630,2189494
2546,13733936,5919429,2230758
2547,13108566,6366521,2150287
2548,12578662,6600447,2377343
2549,12633834,5639629,2193410
2550,12570597,5773233,2160182
2551,12239591,6554602,2062700
2552,13357668,6023375,2340229
2553,12433294,5968669,2166332
2554,12417397,6432485,2224520
2555,12906067,6738389,2186563
2556,14835420,6734927,2211558
2557,14025773,7144221,2011087
2558,14171506,6344511,2144803
2559,13526377,6480986,2111425
2560,15560053,6580624,2475527
2561,13249157,6353838,2382713
2562,13913252,6367445,2281275
2563,13741383,5079154,2509947
2564,13926657,5998204,2374950
2565,12489428,6287174,2082280
2566,14217349,6195958,2088922
2567,12765435,6636821,2262276
2568,13916777,6372798,2224633
2569,13750238,6026860,2255982
2570,12444871,5923112,2140299
2571,12506453,6168261,2438370
2572,14013463,6312549,2193186
2573,13492497,6137303,2357416
2574,13403754,6218688,2395273
2575,13788576,7126440,2167054
2576,14318794,7195563,2296712
2577,13116900,7255341,2410184
2578,13702834,6669345,2395145
2579,13356838,5856831,2316289
2580,12603274,6731052,2281456
2581,13732351,6004240,2241178
2582,13279364,6358608,2373995
2583,13906328,6406794,2297458
2584,14259327,6076247,2246250
2585,13662374,6408577,2179614
2586,12373721,6196176,2081395
2587,13548702,6411641,2213008
2588,13169785,6731165,2440486
2589,14582218,6502257,2178397
2590,13684383,5778516,2160804
2591,13423736,6006955,2205515
2592,12501464,5836267,2208617
2593,13211174,6402775,2169962
2594,14381898,5330716,2304175
2595,13457022,5503429,2268742
2596,14135233,5539523,2364408
2597,14055905,5787279,2299517
2598,15431818,5580127,2253192
2599,13371739,5712998,1997635
2600,12979755,6230360,2254382
2601,12068859,6077232,2159475
2602,13166681,6460428,2352672
2603,12941096,5993756,2240574
2604,12397785,5266267,2147254
2605,13102060,5523587,2171741
2606,12663540,6385147,2098268
2607,12279366,6310483,2171260
2608,13031006,5314243,2267558
2609,12496477,5888661,2363956
2610,13088014,5896851,2290403
2611,14051237,6127361,2322754
2612,12335474,5597199,2331841
2613,12446700,6322119,2196254
2614,10711379,5744624,2394576
2615,9842075,5343608,2081501
2616,11755563,5953194,2246149
2617,11180086,5474102,2173693
2618,15133871,4938961,2012996
2619,14066810,4877280,2417552
2620,12386158,5703462,2009397
2621,12829179,5376525,2309322
2622,12607919,5553335,2432529
2623,13045518,5589139,2209705
2624,14881545,5072618,2219499
2625,13810169,6268429,2020437
2626,13365679,5738371,2204494
2627,12749465,5841301,2394327
2628,12773384,6040225,2174099
2629,12952578,6075737,2123616
2630,13360556,5733280,1973895
2631,12120280,5829888,2375883
2632,13379326,5090826,2278340
2633,13035637,5344903,2198666
2634,13622101,6336370,2348771
2635,12130704,6184652,2173143
2636,11840896,6514337,2195094
2637,13932245,6461337,2469458
2638,11470655,6345253,2132337
2639,11789374,6089610,2264784
2640,14065031,6014680,2257326
2641,11691988,6274616,2243253
2642,11418722,6351411,2233077
2643,12096429,5872697,2086529
2644,12153742,5055407,2217029
2645,13494844,5438540,2205313
2646,13581957,5577004,2157712
2647,13389226,5903633,2139338
2648,11914108,5735781,2120566
2649,12689720,4508598,2142030
2650,13364193,6060257,2278040
2651,13873130,5999713,2236446
2652,13540873,5610434,2417162
2653,14414068,5871449,2299720
2654,14493186,5926076,2165957
2655,14243930,5835759,2172201
2656,13817980,6324344,2213070
2657,13727288,6156150,2193308
2658,13173731,5670396,2232789
2659,12135225,5892450,2449051
2660,11561419,5346515,2215413
2661,12246910,5680764,2247110
2662,12285959,5529018,2099368
2663,12140021,5487587,2064887
2664,11899605,5746804,2217237
2665,12336810,5563282,2185800
2666,11574124,4961940,2254891
2667,13006118,5834835,2383843
2668,12317565,5719159,2175399
2669,11729904,5045490,2155964
2670,13016713,6012439,2341596
2671,11442068,5504645,2183747
2672,11750866,5345064,2238797
2673,11599769,5059704,2220581
2674,11661292,5131593,2442130
2675,12856406,5632505,2044507
2676,11751394,5675806,2140748
2677,11883766,5989201,2305018
2678,12028357,5427162,2361866
2679,12936664,5185598,2117513
2680,13690591,5008115,2363958
2681,11977391,4219821,2179800
2682,12012154,4767086,2151312
2683,11326440,4817259,2162043
2684,10614619,4703543,2271871
2685,11637510,4322136,2286468
2686,11318966,5183246,2134735
2687,11560930,5151721,2255366
2688,11943490,5364286,2189728
2689,11013428,4884800,2099240
2690,10390433,5032889,2421213
2691,11971391,5305547,2124383
2692,11723149,4659824,2243822
2693,12677877,5152090,2102356
2694,10873369,4922978,2184225
2695,11830488,4896587,2242520
2696,10402692,4849977,2250392
2697,12286952,4691412,2118106
2698,10439535,5318227,2218997
2699,10290665,5168336,2271438
2700,11616501,5294345,2398039
2701,11703194,4959871,2321466
2702,10522786,5353254,2352131
2703,9034576,4780694,2303035
2704,10081075,4941307,2157914
2705,10372373,5037362,2195725
2706,10386348,5406541,2333563
2707,9844079,4689248,2155647
2708,10121974,4475537,2107213
2709,9813694,4285478,2227491
2710,8541963,4292072,2029454
2711,7968739,4645122,2145044
2712,8741120,4681680,2105182
2713,7361120,5193746,2186335
2714,7983565,4273903,2378859
2715,6730953,4482226,2491242
2716,7023473,4381660,2298573
2717,8146090,4479434,2125153
2718,8965871,3958119,2313982
2719,8244857,4294192,2279312
2720,6771767,4407798,2165141
2721,8262703,4524152,2330722
2722,8634216,4895195,2178402
2723,8050708,4255821,2167700
2724,6343833,4463180,2238781
2725,7276081,4483671,2308888
2726,7720134,3722664,2191266
2727,7137394,3754693,2272026
2728,7967272,4125486,2028179
2729,8072654,3939272,2265001
2730,6694468,3982800,2178974
2731,6794910,4091816,2174009
2732,8067185,4004132,1950451
2733,8294388,4460383,2070618
2734,9395806,4191534,2037541
2735,8227733,4591691,2299957
2736,7484069,4297144,2129472
2737,8278474,4800155,2262885
2738,9975659,4825211,2305924
2739,9550257,4742092,2171387
2740,9100622,4755395,2117693
2741,8178502,4972745,2367493
2742,8818455,4896799,2261615
2743,8522092,5115773,2094786
2744,8622007,5162718,2286000
2745,9172025,4998303,2158282
2746,6785829,5028520,2284268
2747,7609582,4943266,2324594
2748,7904039,5127640,2141191
2749,6830451,5084574,2287253
2750,7562941,5260306,1896242
2751,7621102,5110251,2293447
2752,9119729,4940650,2013597
2753,8001545,4668823,2514277
2754,8176149,4773366,2271908
2755,8397902,4893390,2163893
2756,7005445,4767295,2358873
2757,7070237,4773610,2144818
2758,7126260,4852998,2245679
2759,7704018,4661660,2200576
2760,6182396,4479011,2232508
2761,5990487,4204519,2169921
2762,6262726,4528082,2281282
2763,5853961,3923996,2149796
2764,7225878,4303687,2244936
2765,6342359,4679729,2302529
2766,7421593,4613022,2165907
2767,6155749,4728583,2325649
2768,6602308,4554133,2286593
2769,7680078,4603237,2199391
2770,5746659,4331307,2175005
2771,6176914,4660867,2226931
2772,6171853,4326032,2181831
2773,6464379,4091152,2175024
2774,6370847,4602639,2217566
2775,6313485,4272338,2208687
2776,6235251,4410598,2244295
2777,5929509,4531535,2390852
2778,6337119,4556897,2334148
2779,5880949,4497160,2327204
2780,7148257,4451928,2290119
2781,5624205,4234200,2164983
2782,5584418,4378195,2113987
2783,7082152,4402435,2206977
2784,6507676,4305175,2364775
2785,6322093,4445752,2366230
2786,5825651,4519832,2069634
2787,5957665,3752094,2034349
2788,5468820,3753731,2419323
2789,5354972,3463486,2391436
2790,6334503,4011301,2162441
2791,6852284,3892029,2223758
2792,7300991,3985059,2237957
2793,6925271,4184226,2355513
2794,5538428,3844874,2177910
2795,5802516,3470538,2298432
2796,6029855,3803149,2262936
2797,6721454,3797844,2265933
2798,5961518,4006181,2350025
2799,5916890,3620202,2248747
2800,5854018,3461637,2089357
2801,6128080,3918382,2333103
2802,6161487,3494228,2178013
2803,5658782,3637853,2332590
2804,5302641,3699433,2261928
2805,5819239,3641799,2123211
2806,5732506,3647162,2260845
2807,6377808,3627763,2161495
2808,6563998,3267358,2262538
2809,4896870,3968411,2187250
2810,4831366,3490247,2345118
2811,6021252,3351105,2152935
2812,5145676,3579700,2191342
2813,5951105,3869480,2154257
2814,6030368,3820427,2143763
2815,4822959,3721438,2202267
2816,5691715,3914698,2256287
2817,4825687,3604701,2294964
2818,4955167,3583610,2238074
2819,5147284,3935950,2181581
2820,5048480,3660986,2058354
2821,4994941,3176965,2337536
2822,4919384,3459590,2175717
2823,4724915,3323595,2277106
2824,5272252,3373867,2113491
2825,5362455,3594093,2401393
2826,5423042,3303460,2309568
2827,4829803,3312191,2133186
2828,4770296,3609268,2271228
2829,5244368,3521251,2382252
2830,5487836,3651143,2212663
2831,5313970,3419104,2042479
2832,4968207,3568814,2283366
2833,4676046,3373787,2438583
2834,5071823,3579039,2054096
2835,4827028,3855390,2346767
2836,4145739,3792947,2206386
2837,4715153,4250303,2222201
2838,4934860,3539393,2253778
2839,4363611,3497499,2233752
2840,4605037,3665635,2328681
2841,5162439,3751115,2102389
2842,4525295,3946981,2222773
2843,5033478,3952520,2127948
2844,4364264,3723822,2175372
2845,5504052,3659979,2564173
2846,4421987,3694655,2137953
2847,4968610,3869122,2282478
2848,4404228,3102783,2266568
2849,4040099,3206869,2018074
2850,4229101,3232266,2104326
2851,4387484,4043934,2029653
2852,5038058,4091296,2215313
2853,4477289,4243743,2085637
2854,4061370,4307435,2132227
2855,3958553,3848514,2061027
2856,4181724,4279194,2307518
2857,4137363,4095742,2298998
2858,3816923,4493319,2398283
2859,4079202,4419791,2212746
2860,4067007,4118446,2314762
2861,4163079,4595635,2358462
2862,4355372,4338360,2465888
2863,3486960,4183655,2092903
2864,2781527,4316196,2141927
2865,3450642,4519127,2122884
2866,3241898,4349613,2077603
2867,4180259,4400066,2312122
2868,3801968,4787906,2313651
2869,3166403,4220946,2076354
2870,3296781,4475022,2111190
2871,3867673,4761305,2267392
2872,3012399,4372574,2177493
2873,3304976,4622336,2257939
2874,3229978,4370424,2213505
2875,3376967,4762730,2350695
2876,3880831,4689697,2358139
2877,3589820,4599324,2028131
2878,3481807,4008347,2383764
2879,3953143,4503412,2178598
2880,4177889,4224367,2105797
2881,4288216,4054302,2299673
2882,5101311,4353635,2123024
2883,4915353,3958384,2092045
2884,4410971,4245230,2193872
2885,4053305,4152067,2384312
2886,4434612,4097391,2029463
2887,4814844,4133913,2116146
2888,3500238,4239275,2043568
2889,3736066,4106598,2097906
2890,3875347,4577963,2215795
2891,4061959,4459671,2085063
2892,3753113,4755617,2267021
2893,3731973,4634021,2244188
2894,4058852,4583619,2312989
2895,4266506,4827030,2446689
2896,4428070,5041520,2122045
2897,4301342,4643343,2178695
2898,4403255,4870915,2164925
2899,3754259,5004740,2181907
2900,4196244,4425705,2277400
2901,4391153,4531201,2299330
2902,3452283,5220615,2175902
2903,3878383,4743362,2381020
2904,3614227,4944669,2202057
2905,4744501,4992598,2219442
2906,4186478,5294791,2133046
2907,4199911,5102901,2306936
2908,3902485,5583300,2315613
2909,3772020,5079726,2232690
2910,3422292,4929350,1992060
2911,3898312,4967773,2205159
2912,3819254,5171496,2298598
2913,3755244,4946547,2185800
2914,4354423,4885820,2221580
2915,4025193,5069619,2289588
2916,3878469,5209417,2029298
2917,4209369,5260550,2321081
2918,4703840,4797876,2021004
2919,3746878,5359990,2243041
2920,3943777,5055151,2296553
2921,4249467,5177973,2176350
2922,4140053,4648661,2284520
2923,4399674,4897291,2287501
2924,3381246,4640729,2173026
2925,3519643,4858069,2185008
2926,3595176,4790894,2322107
2927,3157887,4971563,2266585
2928,3390596,5295276,2299403
2929,3250219,5050336,2278234
2930,3651259,4990349,2168829
2931,3151560,5217426,2114399
2932,3433769,5166746,2118371
2933,3588572,4979041,2083260
2934,3317145,5558964,2008155
2935,3545958,5530276,2166519
2936,3323313,5005921,2131829
2937,2614653,5374396,2239558
2938,3176949,5470344,2206896
2939,2998747,5372460,2274028
2940,3254546,5256929,2358041
2941,2785039,5251450,2122886
2942,3908040,4452551,2204445
2943,3559554,5233491,2189880
2944,3370734,5038478,2134870
2945,3541182,5112502,2099215
2946,3011170,5203519,2239035
2947,3296062,5204088,2261795
2948,3087775,5652764,2201427
2949,3665260,4814965,2295147
2950,4000860,5538837,2267181
2951,2879189,5282215,2345298
2952,3117366,4999166,2237206
2953,3327725,5453271,2249476
2954,3487214,5527675,2357479
2955,3286677,5489413,2184200
2956,2910240,5394250,2283950
2957,4037645,5134859,2343476
2958,4205255,5319806,2333131
2959,2973822,5624069,2325227
2960,3040646,5568764,2302148
2961,2598510,5299686,2200888
2962,2845784,5187626,2342259
2963,2923075,5642415,2176247
2964,2546000,5494701,2185479
2965,2605290,5821807,2208677
2966,2262193,5166913,2292881
2967,3527062,5141960,2412029
2968,3967150,5361812,2379858
2969,3572821,5458065,2374623
2970,2995024,5435296,2309598
2971,3354920,5599161,2249745
2972,3703809,5438119,2135548
2973,3498806,4974664,2167285
2974,3581789,5535572,2247988
2975,3444421,5426011,2422931
2976,3641401,5311895,2296961
2977,3591555,5126010,2273999
2978,3763297,5368033,2297294
2979,3568782,5128443,2082783
2980,4021459,5518733,2158688
2981,3708468,5386208,2290028
2982,2926715,5058057,2346633
2983,3436926,5326609,2166179
2984,3095976,5459239,2294770
2985,3227823,5788345,2022267
2986,3591212,5212680,2288682
2987,3261086,5843135,2391732
2988,3677227,5571769,2210049
2989,3087242,5194430,2163730
2990,3657282,5166930,2531008
2991,3411608,5177692,2237918
2992,3555885,4944754,2386809
2993,3692426,5292335,2159886
2994,3526567,5392118,2099741
2995,3493591,4762853,2061659
2996,3497900,5021845,2343559
2997,3263147,5233906,2047358
2998,3531576,5213205,2009638
2999,3810804,5316866,2163916
3000,3514221,5011463,2189015
3001,3832430,5027603,2201641
3002,3184789,5390795,2093957
3003,3187535,5026251,2142272
3004,3227136,5221374,2238755
3005,2746329,5529495,2016652
3006,3126984,5482910,2243315
3007,2976059,5138845,2300011
3008,3283447,5239624,2385660
3009,3501206,4719431,2283241
3010,4189743,5156598,2361568
3011,3303025,5498704,2266000
3012,3875209,5722463,2399193
3013,3142071,5475947,2246629
3014,3285744,4768223,2465365
3015,3397476,5057025,2299331
3016,2871113,5100031,2170174
3017,3417055,5071234,2252996
3018,4043089,5742240,2037970
3019,3859171,5765639,2367557
3020,3609680,5315348,2201867
3021,3913927,5309501,2369984
3022,3597970,5753390,2478984
3023,3241019,5630341,2233542
3024,2918817,4990887,2236647
3025,3737998,5322293,2215523
3026,3320752,5185091,2274021
3027,2934948,5203567,2479774
3028,3407777,5354250,2375701
3029,3217232,5216181,2259326
3030,3052689,5272191,2350745
3031,2906159,4784668,2002669
3032,2535793,5735553,2246209
3033,2144437,4782909,1916547
3034,2612539,4870785,2357872
3035,2448014,5395775,1990301
3036,3269563,5118102,2293505
3037,3568780,5324059,2131604
3038,3505456,4565241,2518024
3039,3165848,5254037,2091229
3040,3165810,5425124,2195674
3041,3102797,5335932,2421303
3042,2850892,5235616,2281899
3043,3322868,5034888,2255520
3044,2828008,5310314,2206724
3045,3293139,5475833,2242929
3046,3082776,5367954,2148712
3047,3379969,5769978,2213895
3048,3264763,5218606,2227501
3049,2634378,5109309,2313959
3050,3030177,4887467,2241445
3051,3323776,5169815,2326886
3052,3440015,5515221,2066406
3053,2771855,5301236,2389836
3054,3829131,5485764,2283475
3055,3826808,5518073,2415381
3056,3815994,4739117,2291778
3057,3928049,4528951,2221046
3058,3795497,5049335,2248134
3059,3805182,4633793,2103623
3060,3540093,4176286,2207137
3061,3304374,4576440,2253175
3062,4177855,4789228,2247411
3063,4143915,5085997,2049727
3064,2991878,4229368,2287161
3065,3902320,4765003,2120387
3066,3457835,4738709,2208415
3067,3603836,4716363,2327396
3068,3898960,4666928,2153540
3069,3714490,4046028,2218411
3070,3098519,4184753,2183248
3071,3666475,4620769,2292687
3072,3511915,4484012,2103767
3073,3225343,4538307,2059235
3074,3364273,4663372,2000850
3075,3491629,4669693,2475255
3076,4144707,4176193,2308042
3077,3441961,4456928,2413003
3078,3628245,4097015,2190627
3079,3254945,4000081,2357671
3080,3770974,4285973,2182688
3081,3000781,4303172,2091427
3082,2474610,4343162,2326914
3083,2629540,4435978,2199511
3084,2324494,4214155,2261387
3085,2483408,3802629,2279139
3086,2644090,4018565,2298397
3087,2540636,4223158,2208630
3088,2754628,4915012,1974597
3089,2613649,4348268,2099769
3090,3466967,4119337,2295497
3091,3046792,4418048,2449690
3092,2462693,4321342,2228451
3093,2201854,4408693,2386384
3094,2628705,4741409,1967093
3095,3562142,4539875,2398700
3096,2703589,4033771,2105624
3097,2710968,4378917,2119252
3098,4084316,4119908,2198916
3099,2854163,3856634,2265493
3100,2752643,4108878,2098685
3101,2412617,4103716,2343561
3102,2752440,4515933,2071400
3103,2750028,4184236,2247561
3104,2653014,3832755,2133726
3105,2588076,4307234,2256195
3106,2218506,3811392,2007178
3107,2441373,4473132,2123068
3108,3021436,4363558,2092959
3109,3120781,4005748,2333914
3110,2791939,4166893,1982385
3111,2907929,4665967,2425580
3112,2746051,4267600,2175088
3113,2555041,4345118,2253564
3114,2959546,4098767,1948026
3115,3159820,4754434,2143419
3116,2920826,4509245,2325871
3117,2400154,4228821,2399846
3118,2737528,4023627,2121768
3119,2510993,4062649,2358812
3120,2567610,4190143,2251911
3121,3068950,4554313,2304036
3122,2783051,4764174,2208658
3123,2700071,4599902,2401478
3124,2799346,4225933,2041781
3125,3108390,4527462,2304083
3126,3341917,3863970,2404011
3127,3499847,4806251,2318227
3128,2178396,4354188,2200381
3129,2988250,4230521,2290145
3130,2729565,3826987,2261556
3131,2871208,4433804,2201645
3132,3219074,4320171,2351768
3133,2503523,4018847,2382258
3134,2425348,3909908,2080498
3135,2438938,4692585,2439817
3136,2108091,4648703,2238152
3137,2413756,5072337,2213320
3138,2214336,4731917,2335784
3139,2251679,5524030,2146743
3140,2109443,4423825,2284635
3141,2675247,4367222,2195825
3142,2457401,4825997,2228477
3143,2103332,4942378,2275621
3144,2108420,4809692,2234737
3145,1578435,4289389,2195744
3146,1958985,4405544,2366898
3147,2173919,5145374,2296411
3148,1847309,5138095,2288106
3149,1997393,5229410,2331154
3150,2759336,5427417,1999170
3151,2684591,5067707,2333869
3152,2037450,4687444,2489880
3153,2276068,5122457,2116931
3154,2345848,4774186,2513441
3155,2231730,4678229,2032571
3156,2025731,5023681,2154527
3157,2009265,4746766,2307641
3158,1646049,5261115,2165659
3159,2005174,5343335,2133028
3160,1607004,5315742,2249460
3161,1554448,5346919,2281186
3162,1982970,5285072,2329981
3163,2021759,5271456,2202000
3164,2372078,5429818,2005945
3165,1982261,5235269,2296290
3166,2120451,5392112,2376971
3167,1783673,5061375,2180892
3168,1650493,4682572,2320191
3169,2335315,5379257,2080215
3170,2547950,5473118,2151747
3171,2616669,4915323,2099949
3172,2414086,5160545,2243097
3173,1922249,5298124,2101616
3174,2205970,4902491,2417249
3175,1889444,5026364,2289571
3176,1586288,5046727,2237242
3177,2512415,5136320,2312276
3178,2082049,5064868,2374967
3179,2174380,4928829,2275770
3180,2172395,4281298,2139001
3181,2108104,4848937,2242120
3182,1713421,4717216,2183674
3183,1806908,4683889,2292490
3184,2250124,4579731,2189169
3185,1837617,5010026,2240287
3186,2073340,4760815,2349592
3187,1757655,4619758,2143237
3188,1750061,5047750,2215893
3189,2219225,4518964,2206326
3190,1806919,4552254,2164340
3191,1774729,4636652,2517997
3192,1961762,5050341,2362902
3193,1915927,4384606,2158852
3194,1887561,5268352,2160697
3195,2144305,5472869,2270478
3196,1598265,5202676,2373743
3197,2282648,4774377,2220941
3198,1719498,5054535,2327532
3199,1761710,4645955,2037369
3200,1761253,5260134,2277511
3201,1973461,5440967,2380308
3202,1906174,4686948,2250501
3203,2333339,4685738,2161449
3204,1699285,5381373,2356414
3205,1420716,5348458,2122612
3206,2257327,5100503,2200879
3207,1704947,5041603,2300912
3208,1661594,5289068,2131038
3209,1283676,4789084,2528302
3210,1221599,5396107,2211222
3211,2103728,5387937,2007752
3212,2532375,5726631,2355607
3213,2347903,5389873,2272830
3214,2754002,5481687,2228277
3215,2008535,5563950,2287386
3216,1577813,5535840,2304170
3217,2394112,5590334,2221090
3218,1976530,5316004,2309918
3219,2052820,5512450,2276809
3220,1489724,5158990,2339616
3221,1623464,5342903,2179274
3222,2003302,5265317,2190277
3223,2137542,5643719,2303398
3224,2008842,5140905,2311536
3225,1671354,5040112,2230609
3226,1493998,5718283,2243973
3227,2137281,5620847,2339683
3228,2181073,4929024,2138129
3229,2438504,5117870,2099090
3230,2130774,4886219,2321801
3231,2030898,5321284,2276165
3232,1787888,5198762,2154439
3233,1958590,5088480,2201047
3234,1854479,5771231,2148156
3235,1674914,5491982,2174595
3236,1914232,5208057,2380455
3237,1704095,5389393,2238384
3238,1883952,5296280,2108612
3239,1649599,4613721,2291240
3240,1954525,5110769,2291520
3241,2183474,5130259,2225704
3242,1541564,5475210,2224859
3243,1757165,4883609,2288823
3244,1265049,4780484,2318459
3245,1676005,4449785,2221592
3246,2282684,4845608,2169426
3247,1734409,4972079,2207022
3248,1681907,4883045,2341830
3249,1592266,5967267,2318745
3250,1570083,5840946,2185421
3251,1997803,5639519,2549504
3252,1545389,5614173,2512683
3253,1458762,5689869,2114929
3254,1573916,5540634,2347337
3255,1734750,5266512,2121174
3256,1737164,6155476,2237307
3257,1744373,5995566,2405812
3258,2368916,6026623,2318774
3259,2144884,5724102,2099130
3260,1902885,5633713,2290181
3261,2004208,5560759,1958582
3262,1502082,5256097,2055334
3263,1831204,5997382,2236315
3264,1534587,5149993,2140220
3265,1410186,5718919,2408438
3266,1622314,5800532,2247278
3267,1277781,6315475,2374981
3268,1286186,5987353,2245501
3269,1429738,5702990,2251296
3270,1326999,5719607,2251668
3271,1251332,5950085,2451878
3272,1527910,5026281,2412932
3273,1982732,5602248,2107517
3274,1740326,5551102,2203371
3275,1819549,5168385,2420569
3276,1926542,5913221,2064291
3277,1676590,6221503,2437642
3278,2319718,5871188,2303194
3279,2223529,5384803,2118459
3280,2347322,5416282,1984373
3281,2177866,5983720,2239071
3282,2143474,5754748,2426946
3283,1643777,5420777,2258552
3284,1654384,6333884,2294244
3285,1678317,5880945,2286711
3286,2473169,6819038,2204950
3287,2994805,6366138,2276714
3288,2487937,6895608,2162309
3289,2377430,6273789,2168396
3290,2001811,6513506,2129271
3291,1687901,6698120,2190634
3292,1658621,6525160,2190565
3293,1705507,6778683,2253211
3294,1856741,6374084,2193805
3295,1954408,6492008,2047378
3296,1623714,6429727,2108982
3297,1582733,6500316,2202464
3298,1750436,6018033,2291439
3299,1131119,6039448,2200065
3300,1304232,6526498,2275995
3301,1498629,6394008,2060638
3302,1401398,6058313,2365124
3303,1277943,6159052,2180892
3304,1355581,6033254,2142425
3305,1779091,6320802,2236703
3306,1644073,5809194,2282685
3307,1654474,6237965,2207150
3308,1873984,5230932,2306050
3309,1642966,6255271,2035247
3310,1561582,6208541,2221208
3311,1466764,5380642,2328484
3312,1748813,5832552,2285905
3313,1313891,5314795,2200719
3314,1389821,5924058,2268705
3315,1413607,6861187,2428461
3316,1793180,6271596,2106322
3317,1423727,6748836,2261617
3318,1527796,6006836,2246464
3319,1411420,5889669,2310289
3320,1836195,5448210,2104997
3321,2002921,6313429,2411168
3322,1622433,6641602,2329665
3323,1773384,6189001,2491203
3324,1753062,6286725,2241377
3325,1624887,6400583,2165192
3326,1561322,5746747,2031817
3327,1818906,6531868,2179688
3328,1336100,6443576,2090742
3329,1201486,6527072,2007891
3330,1503224,6120166,2135696
3331,1834872,5460997,2203176
3332,1351790,6060604,2213746
3333,1380849,5851574,2520896
3334,1835076,5259746,2406423
3335,1512520,6625662,2254264
3336,1109706,6259565,2312807
3337,1392433,5482915,2190300
3338,1312338,6137386,2186196
3339,1628185,6338420,2288022
3340,1586428,6435487,2219948
3341,1409106,6107026,2411094
3342,1863090,6708702,2316351
3343,1340699,6416867,2116870
3344,1556472,6220895,2066040
3345,1639374,6052967,2250138
3346,944470,6252044,2366808
3347,1342011,5392552,2115682
3348,1627860,5886836,2128639
3349,1334775,6187848,2500558
3350,1198474,6092475,2235734
3351,1267013,5848559,2195391
3352,1026093,5725382,2510139
3353,1243899,6566801,2199591
3354,1682666,6519945,2106366
3355,1510248,6399947,2241722
3356,1424731,5995906,2093009
3357,941398,6940334,2055451
3358,1645845,7275609,2340129
3359,914951,6795683,2170210
3360,1409864,7200938,2287191
3361,1175236,6459248,2108776
3362,1352558,6630640,2205561
3363,1183219,5492490,2095149
3364,1137173,6340128,2127069
3365,1129390,5964602,2427871
3366,1222005,5334316,2316147
3367,1631272,5835278,2308551
3368,1648530,5796078,2230080
3369,1403875,5614888,2193637
3370,1604013,5857634,2229488
3371,1528352,6313938,2184395
3372,1484452,6142366,2289991
3373,1905391,6945796,2221962
3374,1811401,6184349,2254515
3375,1758347,6588196,2531230
3376,1742300,6547611,2232131
3377,1638143,6465533,2111039
3378,1690410,6376142,2410317
3379,1311625,5692975,2117352
3380,1185177,5942142,2116880
3381,1377954,6425524,2434695
3382,1174774,5958199,2282270
3383,1403109,5500826,2119808
3384,1254745,6655044,2243677
3385,1381762,6190788,2390655
3386,1223683,6439860,2131462
3387,1677987,6100764,2256558
3388,1390400,5871510,2505304
3389,1542771,6072405,2218335
3390,1423168,5988507,2046300
3391,1412213,5479568,2190158
3392,1496961,6088600,2201317
3393,1612854,6446356,2174515
3394,1526291,5770263,2428090
3395,1791073,5915971,2256144
3396,1735305,5809014,2237097
3397,1194510,5665715,2295083
3398,1295116,6228606,2250276
3399,1328795,6448411,2017374
3400,1231122,5475335,2308440
3401,1221069,6045162,2294176
3402,1229432,5832053,2276461
3403,1496091,5728510,2314987
3404,1233961,5521653,2357503
3405,1471670,5473204,2387878
3406,1534501,5784106,2054181
3407,1540580,6080268,2148031
3408,1459245,6002886,2118895
3409,1283239,5640998,2181593
3410,1494048,6099377,2273516
3411,1220535,5730221,2033088
3412,1437157,6282677,2307050
3413,1764247,5961746,2063368
3414,1210560,6127041,2121474
3415,1042444,5615127,2096228
3416,1021198,5975225,2177331
3417,1376258,6201065,2268221
3418,1218936,5709519,2002710
3419,993690,5589612,2406665
3420,998031,5874560,2124634
3421,1118485,5419859,2473904
3422,964380,5680982,2060595
3423,1071242,5929917,2328777
3424,1279144,5703582,2295948
3425,1165649,5748539,2206372
3426,1435769,5447680,2072553
3427,1132208,5495684,2180108
3428,1284753,5959153,2376322
3429,1411558,6022499,2328164
3430,1424708,5896111,2328394
3431,1318603,6064946,2398948
3432,1387983,5800857,2286702
3433,1376999,5692361,2225472
3434,1443016,5712289,2329811
3435,1211686,5437702,2310216
3436,1120478,5776726,2386156
3437,1245293,5688509,2285695
3438,1466361,5687721,2300622
3439,1438701,5626550,2345377
3440,1454077,5782348,2232407
3441,1203395,6194307,2111349
3442,1375218,5471872,2228474
3443,1297932,5774685,2243478
3444,1193139,5590599,2358246
3445,1667682,5900627,2305287
3446,1382739,5890598,2176521
3447,1055737,5809587,2258190
3448,1104785,5799685,2199098
3449,1192720,5693781,2177254
3450,1357567,5613054,2323262
3451,1288004,5475015,2115789
3452,1137649,6019720,2351125
3453,1667956,5863110,2194101
3454,1238855,5903909,2280615
3455,1064430,6112899,2187743
3456,1181589,6408835,2158451
3457,1360371,5894813,2162061
3458,1438107,6312372,2326713
3459,1048786,5958160,2042883
3460,1239311,5961425,2245524
3461,1225276,6108879,2160541
3462,1137928,5924756,2175790
3463,1278419,5971047,2435900
3464,1187159,5997684,2154126
3465,1257719,5633467,2150099
3466,1680025,5827348,2059728
3467,1624572,6251899,2023632
3468,1480876,6313641,2205431
3469,1144840,5910183,2155874
3470,1302064,6388683,2309494
3471,1343112,6284733,2254986
3472,1307202,5726618,2130784
3473,1875310,5742477,2396288
3474,1309105,5855179,2355102
3475,1333894,6220635,2234498
3476,1399098,5575466,2319840
3477,1488736,5546124,2423570
3478,1170452,5398781,2276315
3479,1093361,5724980,2171316
3480,997985,5979318,2245458
3481,1497622,5934446,2251765
3482,1204393,5835781,2263359
3483,1192341,5622679,2360273
3484,1683672,5751717,2267836
3485,1533332,5466327,2047975
3486,1120292,5955714,2143024
3487,1286495,5744372,2113332
3488,966203,5628427,2271948
3489,1287902,5679806,2202394
3490,1012506,5672333,2271742
3491,1358331,5500326,2177196
3492,1400840,5763985,2151080
3493,1396645,5808986,2345930
3494,1435642,5702745,2277360
3495,1527733,5514295,2205662
3496,1694769,5170306,2046764
3497,1630130,5113809,2088769
3498,1615189,4804086,2100178
3499,1664696,5356042,2225547
3500,1488101,5459178,2125378
3501,1333414,5745620,2351813
3502,1379470,5451141,2315245
3503,1587986,5276489,2213967
3504,1994813,5583460,2137306
3505,1776944,5324716,2176276
3506,1346395,5779425,2264866
3507,1851750,5661635,2234725
3508,1820371,5449224,2208678
3509,1418843,4946775,2363298
3510,1172089,5816472,2193355
3511,1463352,5223020,2216968
3512,1387970,5168858,2294210
3513,1596709,5522940,2262602
3514,1466074,5222328,2353018
3515,1818659,5235030,2177425
3516,1402578,5312888,2145460
3517,1794967,4989051,2305807
3518,1714733,5224809,2246606
3519,1502171,5529655,2320770
3520,1806144,5235202,2312940
3521,1379686,5616684,2311293
3522,1307691,5386947,2123540
3523,1981733,4459538,2221575
3524,2048790,4910194,2172153
3525,1959083,5184219,2180255
3526,1496443,5105342,2246144
3527,1538153,5205913,2401580
3528,1586334,5471078,2465494
3529,1365806,4694321,2140531
3530,1498255,4428764,2227827
3531,1767084,4979720,2142531
3532,1785734,5159364,2145337
3533,1491207,5036710,2202204
3534,1526361,4761865,2051360
3535,1975564,5320022,2272507
3536,2209820,5571782,2106518
3537,1993876,4887095,2212855
3538,2023872,5070989,2143253
3539,1587912,4861604,2308219
3540,2054789,5283502,2321702
3541,1569742,5253464,2299855
3542,1420248,5049506,2225657
3543,1632974,5260784,2052723
3544,1624691,5326618,2114089
3545,1437124,5053689,2281744
3546,1413958,5127290,2164289
3547,1476029,5465807,2196566
3548,1854011,5135560,2289757
3549,1862222,4951204,2468216
3550,1344297,4880562,2149170
3551,1540939,5401582,2280553
3552,1645913,5744086,2168638
3553,1329934,4845191,2106672
3554,1367323,5301050,2193891
3555,1574423,5468950,2204143
3556,1890735,5420162,2183715
3557,1955552,5206979,2289135
3558,1541651,5765458,2200047
3559,2707871,5179354,2002183
3560,2416469,4869274,2291252
3561,2405149,5026700,2286026
3562,1992939,5534088,2072166
3563,1759819,6039185,2156896
3564,1894925,5780054,2178554
3565,1897750,5893318,2308027
3566,2215151,5597344,2204384
3567,2045138,5536941,2338485
3568,1909769,5733424,2147807
3569,1695481,5605421,2327492
3570,2319158,5694791,2232561
3571,1779346,5171858,2190947
3572,1909419,5455060,2325384
3573,2069122,5967284,2321233
3574,2008263,4949549,2296597
3575,1992838,5524986,2218052
3576,2047413,5218792,2349198
3577,1664739,5210414,2365620
3578,2230076,5180958,2197651
3579,1799502,5335386,2244377
3580,1668401,4776994,2063132
3581,1988826,5708100,2156278
3582,1982150,5755597,2341047
3583,2133005,5643066,2125732
3584,1928432,5807543,2269657
3585,2150281,5072383,2228121
3586,2411814,5715826,2415831
3587,2438529,5735710,2247938
3588,1874050,5558692,2022854
3589,1885614,5763303,2185200
3590,2791355,6093875,2279518
3591,2284751,5966665,2300180
3592,3029084,5862656,2284208
3593,2877030,5646838,2374178
3594,2783305,6035616,2260580
3595,2378780,6021659,2021001
3596,3443607,5675806,2160988
3597,2711154,5982102,2255970
3598,3108167,6017119,2156006
3599,2586179,6041435,2271218
3600,2329505,5997604,2264044
3601,2611059,5983477,2412381
3602,2970727,5571390,2153621
3603,2535514,5648139,2098208
3604,2529487,5948810,2092328
3605,3352618,6106783,2179269
3606,3416244,6264491,2288227
3607,3193319,5646157,2214908
3608,2486630,5851474,2155440
3609,3294196,5960350,2108652
3610,2842366,5695449,2206117
3611,3123131,6135746,2301582
3612,2934640,5611062,2356868
3613,3764529,6604989,2371737
3614,3150603,6218693,2311660
3615,3481745,6581481,2266313
3616,3317585,6016354,2162759
3617,3448610,5758539,2267106
3618,3286817,6072306,2397994
3619,3356657,5788034,2244434
3620,3422102,6551149,2315571
3621,4258648,6666739,2232650
3622,3461184,6286465,2285242
3623,3812210,6454433,2129020
3624,3610959,6567340,2089418
3625,3060130,6400993,2122611
3626,3825630,5792237,2014973
3627,3415266,6443916,2328350
3628,3517238,6269092,2498436
3629,3410086,5993091,2209082
3630,3782558,6290914,2143758
3631,4055394,6525419,2272083
3632,3772535,6057047,2410361
3633,4447486,5705876,2242477
3634,2908214,5106136,2375716
3635,3746488,6019724,2231314
3636,3686972,6467556,2258357
3637,3986162,6137210,2063123
3638,4040794,6491792,2271408
3639,4115764,5427985,2128529
3640,4587526,5842104,2115465
3641,4543445,6323487,2057510
3642,5013580,6224207,2299430
3643,4389881,5811160,2487464
3644,3791629,5973054,2151919
3645,5258381,6509156,2202284
3646,4793468,6539548,2192127
3647,4968535,6337307,2281615
3648,5001800,6339880,2342151
3649,5307399,6179434,2228280
3650,5391107,6797300,2187710
3651,4776322,6048395,2031757
3652,5634779,6025466,2303002
3653,5217146,6185885,2241223
3654,5764101,6611241,2030598
3655,5123784,5775126,2101330
3656,5215186,6049966,2122300
3657,4862204,6611044,2182601
3658,4695872,6559841,2132191
3659,4777861,6648288,2319176
3660,4390059,6226518,2126198
3661,4416668,6450721,2175994
3662,5324904,6365918,2115563
3663,4911934,6285468,2309489
3664,5488077,6087090,2184263
3665,5265779,6633099,2232971
3666,5911364,6325940,2294064
3667,6476333,6216894,2231231
3668,6270418,5900099,2216542
3669,5813944,5996447,2316324
3670,4957134,5858481,2274196
3671,6257780,6425654,2245310
3672,5460662,6128439,2189424
3673,6511212,6095467,2250581
3674,5918859,5932774,2152106
3675,6543018,6259495,2399318
3676,5727442,6720449,2264051
3677,5968457,6881140,2282642
3678,6359382,6305942,2160794
3679,6310062,6835290,2207466
3680,6850428,6221258,2309424
3681,6367347,6189765,2014812
3682,6757934,6280639,2202177
3683,6713229,6646661,2160741
3684,6164266,7488970,2105802
3685,5369238,5692763,2308324
3686,6372119,5801293,2146660
3687,6261363,6089464,2116359
3688,6108679,6681127,2344124
3689,6789985,6589273,2022655
3690,5725039,7243600,2347740
3691,6381214,6830768,2351379
3692,6524186,5977994,2004176
3693,7226413,6160947,2206931
3694,6675466,7037546,2264392
3695,7193633,7147826,2345983
3696,6709070,7126762,2173157
3697,6612328,6835651,2213870
3698,6666409,6002532,2315489
3699,7787395,7209043,2131725
3700,6913517,7304776,2297353
3701,7699445,7567093,2355727
3702,7142508,7379739,2115320
3703,6733538,6740613,2265794
3704,7290392,7257766,2241085
3705,8857453,7624714,2115129
3706,8234951,6950586,2249315
3707,7370604,7497991,2203615
3708,7629465,7343696,2143777
3709,7524700,7384511,2192061
3710,8563916,7319101,2123327
3711,9410192,7866954,2276820
3712,7345714,7019015,2278091
3713,7803650,7258123,2316822
3714,8509890,6696480,2243582
3715,8099044,7079456,2255927
3716,9262220,7575353,2169975
3717,9728655,7548337,2305103
3718,8518509,7091524,2162620
3719,8431452,6668151,2295402
3720,8265214,7073255,2181283
3721,8470623,7614474,2145948
3722,8114189,6209156,2275873
3723,7763236,6215444,2414824
3724,8857520,6935117,2327928
3725,8454509,7064593,2182220
3726,8611479,6615246,2077280
3727,7512749,7370549,2064630
3728,7969930,7067929,2263663
3729,7175928,7594125,2250658
3730,7730542,7016005,2016951
3731,7760507,6785934,2214639
3732,8532710,6438965,2352590
3733,7683824,7087494,2229521
3734,8564468,7039425,2228765
3735,7868413,7007344,2102878
3736,8205168,7384673,2309352
3737,9766395,7181063,2153495
3738,9759742,7451989,2168719
3739,9188918,7158511,2360311
3740,9666740,7124393,2119281
3741,8685435,7441436,2209771
3742,9573596,7089512,2231249
3743,8437059,7462540,2275371
3744,8997620,7235528,2404030
3745,8715369,7333418,2230330
3746,7731406,7158346,2290656
3747,7633182,7414628,2222074
3748,8860148,6412354,2045519
3749,8953009,6449044,2356535
3750,8521591,6207558,2314130
3751,8816776,5684030,2366471
3752,7958855,6433594,2114947
3753,8497600,6259686,2248218
3754,7443069,6540526,2444596
3755,8329269,6791660,2478464
3756,9215587,6975136,2240790
3757,8540209,6192846,2265426
3758,8553775,6608212,2125224
3759,7407304,6426020,2209396
3760,7835166,7391775,2146937
3761,8157876,7149477,2349104
3762,7917498,7314617,2187359
3763,9959244,6229939,2222179
3764,9977280,5745033,2321051
3765,9628363,6387158,2217643
3766,9997015,6440047,2348425
3767,9933526,6238972,2213583
3768,9852474,6303187,2315955
3769,9552410,6748786,2119471
3770,10129958,6874325,2230464
3771,9196106,6274049,2067680
3772,10550705,6401784,2136064
3773,10628521,6361796,2149995
3774,11351059,6702356,2448126
3775,11205203,7145710,2114207
3776,11449571,7275981,2448722
3777,8624324,6865789,2306080
3778,10203652,5830135,2283932
3779,10465418,6333393,2150986
3780,9478380,6029740,2323242
3781,8869452,6615902,2443020
3782,8528295,6053348,2341642
3783,9216116,6688303,2276775
3784,11196348,6307606,2240886
3785,11278009,7021468,2309482
3786,10455328,7587826,2250143
3787,8657385,6508934,2209244
3788,8830667,6094804,2329521
3789,12082741,6713394,2195381
3790,11363103,6688625,2331432
3791,10085780,7001840,2467248
3792,9526950,6956808,2339553
3793,10347949,6503865,2178539
3794,9722907,6473777,2211502
3795,10464236,7294380,2350760
3796,9822303,7159774,2140440
3797,10893136,6260964,2440919
3798,9782025,6856581,2210602
3799,10272599,6912618,2247845
3800,8657621,6786347,2279482
3801,9971459,6931328,2595942
3802,8770658,7158625,2222614
3803,8346671,5934425,2168494
3804,8876669,5272564,2187316
3805,9430783,6145975,2305763
3806,10111897,6155294,2421725
3807,11920149,5876109,2118833
3808,11214980,5886223,2193027
3809,10373980,6389490,2207900
3810,11471152,7017360,2189284
3811,11218946,6844661,2399922
3812,11484499,7096142,2331233
3813,8773410,6447702,2390477
3814,10221406,6672720,2178829
3815,9071428,6345046,2109954
3816,10223406,6072548,2226671
3817,9552694,6567064,2148934
3818,11759703,5904393,2256380
3819,11641212,6363467,2350660
3820,11953089,6127186,1988313
3821,11966551,6360414,2314803
3822,10088523,6076242,2471446
3823,12169274,5766636,2095532
3824,11930687,6488734,2268262
3825,11700228,5671898,2100906
3826,12850560,6235775,2134943
3827,11751251,6156115,2245122
3828,10486228,6447496,2436035
3829,10514992,6453427,2411971
3830,10249718,6673313,2245082
3831,10059382,6182638,2346988
3832,9935069,5376668,1923686
3833,11227135,6253349,2193064
3834,11065813,5648553,2204371
3835,10714272,6605037,2296403
3836,10919743,6421038,2144899
3837,10611808,6219559,2133581
3838,10108167,6483553,2129360
3839,10275829,6170132,2295944
3840,11244803,6123266,2274208
3841,10051509,6225129,2191476
3842,10058434,5927736,2336935
3843,10654953,6403936,2216642
3844,9916804,6143252,2162342
3845,9596036,5946171,2154892
3846,10641094,6027943,1998638
3847,10899732,6072533,2250711
3848,9815185,6360086,2309899
3849,9578811,6536372,2287981
3850,8790891,5933304,2529418
3851,10310376,5836648,2193108
3852,9239727,6195414,2088413
3853,10549638,6441540,2431918
3854,9730983,6171008,2407167
3855,9715703,6217754,2144841
3856,9297875,5501283,2225794
3857,10273644,5631624,2177699
3858,10427138,6183035,2292778
3859,8838038,5336502,2194776
3860,10848968,5638761,2318330
3861,10607595,5229724,2342138
3862,9906398,5647710,2453721
3863,9868349,4807139,2186347
3864,10399340,4802805,2318835
3865,10315928,5846906,2348751
3866,10458338,5558587,2259410
3867,11566124,5535136,2413541
3868,10565004,5416723,2281800
3869,9715424,5743683,2248384
3870,9755312,6128840,2469814
3871,10480252,5817108,2146458
3872,10478213,6028099,2365734
3873,11212995,5431333,2150400
3874,11353245,5409112,2299176
3875,10392706,5812147,2323577
3876,10140129,6342318,2339140
3877,9323466,5626026,2394544
3878,9883853,6102799,2158171
3879,10850873,5583213,2093302
3880,11059151,6230916,2256103
3881,10584239,5216536,2268728
3882,11107726,6151650,2223586
3883,10666287,6093378,2510868
3884,10585506,5903810,2246748
3885,10820540,5232978,2089722
3886,10985779,4919776,2152761
3887,9763552,6035127,2285300
3888,11245824,5657325,2222250
3889,11202673,5277007,2364990
3890,12245768,5747193,2331979
3891,10953547,6342674,2335319
3892,12086391,5974253,2328763
3893,10848059,6016563,2323926
3894,10490708,5006576,2219346
3895,9993023,5679614,2407100
3896,10478106,4897733,2358530
3897,9799173,5866613,2154704
3898,11066462,5994785,2282390
3899,10455473,5326897,2348812
3900,10340909,5364654,2394375
3901,11335023,5538974,2285879
3902,11122916,5511914,2329070
3903,10398845,5302571,2015024
3904,10281614,4932758,2204437
3905,9954839,5132227,2233387
3906,10807695,5516934,2118944
3907,11556434,4980735,2232218
3908,11910539,4977005,2203309
3909,11962752,5097145,2102903
3910,10797923,5137164,2295371
3911,11005401,4428834,2158712
3912,11423606,5488897,2188906
3913,10812416,5190976,2340642
3914,11672293,4922379,2160336
3915,10059081,4989726,2388718
3916,11518599,4836108,2284997
3917,11672123,5698488,2139494
3918,11217625,5682101,2070314
3919,9636089,4592870,2241455
3920,11715420,5165455,2150661
3921,10111564,4162975,2100608
3922,11222437,4842674,2090478
3923,11258357,4979739,2174501
3924,10945267,5299141,2179270
3925,12246635,4581613,2250411
3926,11069813,4767538,2092743
3927,10968553,4808927,2173321
3928,11691120,5263405,2162865
3929,10110593,4932602,2148189
3930,10864784,5075391,2377695
3931,11092895,5147257,2262688
3932,10977558,4910543,2471986
3933,11356741,4889667,2320746
3934,11542047,4157957,2273782
3935,12383325,4829210,2372562
3936,11972681,4556335,2363134
3937,11906709,5607929,2051539
3938,12093664,6052371,2142638
3939,11461598,5925312,2207179
3940,12507016,5558040,2264239
3941,12034347,5401600,2263782
3942,12234939,6335562,2060105
3943,13377167,5815208,2274516
3944,12872938,5870352,2282328
3945,12983400,6135233,2132003
3946,13471290,5690323,2101965
3947,13338181,5964683,2296037
3948,12848683,5639553,2182963
3949,13534722,5809853,2327239
3950,11422676,5525335,2345395
3951,12954776,6021301,2274365
3952,12130448,5648666,2072300
3953,12976199,6160320,2132950
3954,11085449,5811597,2028137
3955,12140384,5870763,2175520
3956,11631331,5837326,2133053
3957,13102288,6132288,2406897
3958,12858124,5916579,2304364
3959,12362556,5651969,2204629
3960,10672711,5621413,2096174
3961,11112922,5402161,2433922
3962,9866530,6106031,2134498
3963,11684481,5789504,2007409
3964,11799994,5854183,2148423
3965,11828078,5183906,2071561
3966,12088755,5844998,2323539
3967,12585683,5295388,2117784
3968,12921456,5786714,2289559
3969,13226321,6174999,2400415
3970,12929655,6018642,2129693
3971,12184973,6136738,2219214
3972,13782834,5746910,2445460
3973,12931995,5933831,2202467
3974,12196614,4924327,2203735
3975,12274939,5555099,2197611
3976,12897068,5433461,2148657
3977,12471925,5749100,2143774
3978,12790526,6502608,2349080
3979,12391937,5512125,2370800
3980,12218583,5545841,2131728
3981,12042218,5880028,2456361
3982,12365663,5632418,2416304
3983,12774178,5198107,2197893
3984,12979127,5355076,2047640
3985,12605048,5498661,2118322
3986,11620025,5848889,2209753
3987,13550706,5771009,2205390
3988,13309423,6011698,2424192
3989,12376170,5535951,2089722
3990,11889798,6055360,2219586
3991,12104342,5702183,2210850
3992,11651212,6076758,2324129
3993,13932315,5625389,2206269
3994,13047518,5392585,2201091
3995,14166829,5578456,2230267
3996,12256525,5653245,2180743
3997,12129136,5887700,2293800
3998,14078504,5536460,2293884
3999,12945299,4702580,2135210
4000,13577233,4898432,2327480
4001,14303979,5152977,2269087
4002,13573204,4795494,2219333
4003,13780119,4555555,2341566
4004,14293524,5125801,2375850
4005,14766450,4950320,2146883
4006,12643256,5764171,2192143
4007,12049839,5018975,2244330
4008,14405721,5528957,2417891
4009,13623185,5242438,2276974
4010,12523005,5766979,2258724
4011,13597428,5719064,2456102
4012,13344474,5819671,2205852
4013,13244697,5806665,2341596
4014,13324691,5677140,2156885
4015,14138836,5494520,2243212
4016,13294612,5700119,2334510
4017,12656163,5708522,2152412
4018,13634094,5692379,2158908
4019,12663296,5388461,2217696
4020,12756459,5595073,2399764
4021,12993446,5768253,2048095
4022,11977255,5846406,2166081
4023,14255637,5883301,2343026
4024,14044292,5655352,1987319
4025,13371105,5399618,2443528
4026,12200360,5650479,2250702
4027,12807155,5441511,2456160
4028,12596302,5658415,2126578
4029,13583493,5311572,2324758
4030,13088856,5119580,2159692
4031,12869049,5553598,2264180
4032,12939253,5461206,2149802
4033,14002014,5348887,2161468
4034,13527594,5014070,2040738
4035,14151846,4938190,1915977
4036,14632025,5544832,2226130
4037,14102592,5224025,2496138
4038,13821032,5381941,2199692
4039,13340802,4906275,2178071
4040,13021510,5108026,2287014
4041,13865773,5346012,2157585
4042,12530340,5242591,2174955
4043,14979534,4977624,2091516
4044,14025171,5169727,2128722
4045,13948115,5208815,2352669
4046,13847155,5138257,2137305
4047,12320637,4893304,2254953
4048,13788006,5342612,2191132
4049,13379897,4937748,2135360
4050,12097341,5415265,2267040
4051,13343643,4678466,2324641
4052,12276496,5549032,2095922
4053,12125715,5323644,2271318
4054,12769647,5434582,2320134
4055,13599885,5118144,2198195
4056,13924864,5118805,2223473
4057,13431430,5462956,2232930
4058,13462596,5230846,2255100
4059,13824619,5446021,2106477
4060,13655130,5377039,2174798
4061,13071762,5809085,2278536
4062,12828144,5149970,2147693
4063,12710447,4846320,2222718
4064,12654360,5242828,2224261
4065,14209309,5522733,2145362
4066,14307342,5172467,2247234
4067,14090714,5445253,2378340
4068,13892947,4981805,2143858
4069,12974454,5492819,2163670
4070,13908977,5350761,2214474
4071,12203105,5417881,2097629
4072,13318234,4968609,2165199
4073,11151740,4826798,2066790
4074,14469633,4666433,2024031
4075,14480981,5285297,2269758
4076,14460582,5098784,2325853
4077,15772149,5345647,2426241
4078,14211236,4947027,2214411
4079,12895376,4661108,2339036
4080,14175379,4429082,2199480
4081,13183541,5216381,2150381
4082,14940868,5029949,2304381
4083,14740617,4822707,2204327
4084,15078708,4425215,2305869
4085,14019285,4227551,2265025
4086,15469861,4936945,2123448
4087,14207618,4581578,2109485
4088,13030379,4332537,2116739
4089,15173175,4461910,2158775
4090,14413078,5046304,2333674
4091,13527269,4831932,2219815
4092,14814759,4553742,2391174
4093,14649835,5039722,2293277
4094,14217597,4635838,2212533
4095,12971525,4989269,2136800
4096,13845780,5020218,2013072
4097,13740021,4972734,2353476
4098,13807759,4804911,2377982
4099,13068005,4600552,2206321
4100,13738487,4401903,2427574
4101,13809445,4423921,2225174
4102,12042551,4452142,2229708
4103,13568571,4505818,2359675
4104,13467164,4024077,2233765
4105,13672544,4016491,2181671
4106,15102651,4475205,2192343
4107,13634161,4236614,2040558
4108,14789576,4005518,2223658
4109,12895066,4164159,2230146
4110,12400678,4515458,2368423
4111,9669966,4487294,2304261
4112,11687017,4392964,2149142
4113,11191797,4545734,2322372
4114,12780544,4373659,2265100
4115,13143232,4356572,2407186
4116,13785010,4794961,2333238
4117,14706703,4596379,2220808
4118,13498064,4437008,2348878
4119,13229434,4720873,2190737
4120,12531638,4712581,2125318
4121,13453037,4675440,2259400
4122,12783048,4227690,2294532
4123,12600856,4374987,2349077
4124,12613109,4707346,2229130
4125,11624239,4561503,2238857
4126,11857830,4430249,2313317
4127,12373231,4225971,2224286
4128,12265375,4561841,2412122
4129,12369247,4239998,2066526
4130,12960144,4576634,2091043
4131,13202413,4422929,2201593
4132,12189820,4746287,2356053
4133,12651401,4807437,2222124
4134,11303721,4613284,2081161
4135,11571883,4622203,2319057
4136,11281175,4546520,2106870
4137,12629722,4587847,2375593
4138,11876318,4486371,2333351
4139,12083404,4681257,2400404
4140,12256617,4824420,2372346
4141,11776800,4730749,2354631
4142,11280858,4330706,2312254
4143,11628043,3768180,2197819
4144,10976828,4478035,2221092
4145,10360463,4055004,2233952
4146,12070376,3792335,2254460
4147,11609294,3917634,2172368
4148,10483091,4120313,2150829
4149,10263872,3555862,2390872
4150,11484445,3854310,2101676
4151,11082939,3833152,2352913
4152,11279886,4023285,2459642
4153,11127351,3679717,2118889
4154,11079759,3861768,2387620
4155,10092958,3838695,2219651
4156,9789112,3682210,2396024
4157,9907503,3619620,2169696
4158,10091873,3080424,2377003
4159,10544863,3456128,2155688
4160,11043533,3078405,2086380
4161,9954140,3464738,2429921
4162,9926010,3595520,2139380
4163,10974114,3453736,2090538
4164,9355543,3373751,2236283
4165,9001911,3442696,2197359
4166,8202061,3141672,2365324
4167,8400211,2994878,2135821
4168,10210137,3435952,2183727
4169,10200722,2857798,2320697
4170,9847652,3306367,2152105
4171,9654394,3479976,2347862
4172,10104875,3443153,2352397
4173,8667533,3764994,2454067
4174,8947612,3276373,2466886
4175,9475247,2693155,2151699
4176,8578156,3518780,2152503
4177,8720864,3357780,2130437
4178,9058504,3529530,2230510
4179,8761734,2857793,2218341
4180,7649818,2856513,2208194
4181,6254718,3265840,2104192
4182,7545434,3705668,2377543
4183,6578464,2956740,2066924
4184,6716378,3260896,2172367
4185,8810987,3563216,2321711
4186,8522451,3484023,2302395
4187,6705027,3784594,2209271
4188,8145188,4018028,2338620
4189,8378798,3330612,2195527
4190,9142621,3608115,2453610
4191,9527640,3361965,2349398
4192,8156107,3251025,2148806
4193,8127189,3512368,2328145
4194,7990060,2786069,2207938
4195,7451657,3511462,2275368
4196,5957067,3427124,2368952
4197,6954732,3299138,2140257
4198,6573390,3139500,2389258
4199,6114326,2414382,2202616
4200,6496748,3285564,2354502
4201,6756437,3268359,2281805
4202,7670327,3528322,2170851
4203,7076978,3404275,2080703
4204,7144432,3176398,2095735
4205,6652573,3457016,2265560
4206,6892118,3550217,2111016
4207,6653468,3063379,2177175
4208,6780815,3263469,2204874
4209,5855616,2931866,2160812
4210,5578052,2830517,2182482
4211,5807705,3357907,2300149
4212,6591395,3257024,2357275
4213,6158604,3030497,2284483
4214,5307781,2766102,2304399
4215,6196224,3195814,2292023
4216,6932057,3639976,2183414
4217,6917720,3731116,2253075
4218,6011585,2810733,2043686
4219,7172705,3146336,2241427
4220,6454459,3668625,2184645
4221,6804687,3030543,2370510
4222,6022871,3561111,2024993
4223,6611267,3524161,2112943
4224,5801296,3390563,2486785
4225,5920537,3671923,2314411
4226,5652310,3326244,2386724
4227,5191392,3598388,2144344
4228,5761937,3296726,2070105
4229,6114183,3407796,2286226
4230,6490213,3361944,2250264
4231,5575792,3613303,2293132
4232,5778536,3560041,2405014
4233,5610612,3391860,2327734
4234,6005072,3279599,2059657
4235,5436826,3048127,2175431
4236,5291919,3073805,1986088
4237,5712465,3467989,2293434
4238,5089834,3128071,2180446
4239,5843184,3367599,2090532
4240,5570530,3424196,2272503
4241,5585153,3344498,2108990
4242,5194520,3258145,2344918
4243,5208152,2813420,2312419
4244,5830245,3415548,2481805
4245,6086383,3633423,2148359
4246,5610210,3874570,2338919
4247,5197622,3802700,2182038
4248,4754130,3605038,2098003
4249,4536360,3404058,2439792
4250,5025337,3518072,2113904
4251,4591185,3911868,2416621
4252,4354776,3788426,2192707
4253,4890053,3847713,2313247
4254,5239472,3820661,2184718
4255,4387709,3598056,2146077
4256,4512772,3767460,2131884
4257,5321467,3775276,2185793
4258,5443838,3588479,2259844
4259,5089846,3343129,2388804
4260,4422759,3673972,2143790
4261,4927183,4087099,2235557
4262,4553321,3819468,2202310
4263,4953376,3520620,2222967
4264,4653345,3384346,2118184
4265,5171639,3567781,2078284
4266,4619453,3627586,2180044
4267,3800009,3703725,2228777
4268,3478127,4098003,2500820
4269,4378330,3363039,2399627
4270,4746529,3818237,2187172
4271,4298427,3399590,2087840
4272,4070196,3672997,2041551
4273,4139312,3429600,2337667
4274,5032558,3503904,2366751
4275,4575456,3605881,2464185
4276,4886672,3701486,2203064
4277,5105207,3393018,2275842
4278,4604075,3455119,2194124
4279,4325047,3564848,2391410
4280,4972245,3775922,2336025
4281,4586458,3145416,2145927
4282,5269178,3116537,2251253
4283,4313202,3856144,2120842
4284,4269352,3863886,2244791
4285,4486835,3952729,2074380
4286,4348906,4172768,2254285
4287,4416716,3729709,2365500
4288,4657906,3976376,2373463
4289,4942758,3909689,2094064
4290,5232516,3995308,2238079
4291,4846839,3859825,2083343
4292,4603162,4071314,2354240
4293,4720579,4196093,2277821
4294,4363515,3856804,2105707
4295,4596523,3683046,2130417
4296,5143041,3686311,2294801
4297,5038742,4246035,2042773
4298,4588052,4218707,2240056
4299,4131420,4128008,2272771
4300,4615461,4244540,2158709
4301,4688045,4432390,2202743
4302,4857978,3940818,2242467
4303,4737227,4053950,2296874
4304,4501794,3986201,2092996
4305,4721364,4357030,2169668
4306,4176017,4121272,2321775
4307,4029455,4785363,1940933
4308,4196066,4727603,2341812
4309,4429362,4357671,2381663
4310,4138923,4191097,2444107
4311,4895639,4703056,1968985
4312,4901648,4683247,2181128
4313,4958322,4788767,2160105
4314,4668304,4802968,2394366
4315,4659497,4653030,2306867
4316,4590138,4658564,2346719
4317,4607843,4770401,2314428
4318,4855900,4802742,2062274
4319,4423459,4673148,2279263
4320,5290140,4310954,1989290
4321,4499778,4806270,2281701
4322,4177027,4396759,2254838
4323,4200640,4213840,2212240
4324,4448122,4233957,2259001
4325,3789498,4544116,2312172
4326,3822390,4268033,2145133
4327,3966269,4190983,2272396
4328,4051711,4301375,2394911
4329,4090716,4520861,2276549
4330,4010790,4555047,2258127
4331,3810325,4632687,2230757
4332,4767369,4318492,2087514
4333,3857405,4834458,2391827
4334,4062574,4649168,2186347
4335,3978760,4970479,2236869
4336,3963192,5044395,2199082
4337,3363742,5159825,2192686
4338,3155594,4974783,2166543
4339,3465895,5087772,2153767
4340,4004290,5068230,2336442
4341,3384729,5196804,2384825
4342,3451245,5078580,2259402
4343,2859828,4887413,2103436
4344,3391971,4863842,2224990
4345,3801751,4987076,2480233
4346,4265811,5187732,2267242
4347,3937669,4814155,2210513
4348,4279746,4677341,2140946
4349,4561240,5292464,2291556
4350,3523515,5166945,2205670
4351,3806112,5146786,2375704
4352,3963346,5386088,2353675
4353,3499842,4826774,2289765
4354,3518252,4410317,2240779
4355,3599086,5204643,2292511
4356,3370293,5200670,2267609
4357,3792742,5035655,2206285
4358,3361049,5033103,2380814
4359,3348383,5170843,2222030
4360,3533052,5160900,2172688
4361,3354870,5078715,2045118
4362,3946562,5073381,2208394
4363,3362965,4896111,2061187
4364,3863281,4922442,2317511
4365,3495048,5089340,2142403
4366,3991515,5302592,2130219
4367,4083094,5006043,1979628
4368,3631589,5371777,2263199
4369,3665078,5418249,2198566
4370,2835971,5024017,2310506
4371,3903017,4915993,2128794
4372,3658493,5334340,2346550
4373,3770004,5414300,2314817
4374,4855326,5192962,2415386
4375,3642953,5441194,2181603
4376,3495542,5010368,2358418
4377,3525843,4845476,2141299
4378,2975112,5520535,2244152
4379,3409106,5234394,2206050
4380,3144710,4933288,2387492
4381,3478673,4893103,2281130
4382,3341559,5191509,2451198
4383,2816608,5229031,2277040
4384,3369572,5313554,2252426
4385,3509638,4899265,2225111
4386,3075179,5225584,2263073
4387,3102395,5090501,2152472
4388,4282887,5093569,2113496
4389,3921127,5252499,2173194
4390,3453930,5708625,2192417
4391,3440714,5311428,2175534
4392,3137273,5477048,2476604
4393,3208842,5771360,2212893
4394,2940330,5653200,2200006
4395,3680114,5371380,2373461
4396,3108127,5082858,2333653
4397,4106999,4979575,2151747
4398,3420847,5871170,2328484
4399,3239563,5639838,2346275
4400,3934045,5794085,2140307
4401,3157597,5720737,2217760
4402,3676380,5478654,2312754
4403,3601051,5190828,2334231
4404,3501899,5467516,2150222
4405,2593931,5413275,2366903
4406,2366475,4977363,2294243
4407,2619652,5488526,2131124
4408,2644064,5085460,2206214
4409,3036977,5015137,2437973
4410,3235853,5568240,2276906
4411,3172045,5067267,2021929
4412,3425640,5616971,2094357
4413,2989654,5564030,2401644
4414,2859582,5539637,2226901
4415,3525635,5459586,2251762
4416,4392166,5379275,2102598
4417,2714911,4861474,2404701
4418,3253990,5153838,2219971
4419,2950513,5758716,2165397
4420,3101113,4942627,2218982
4421,4008156,5043174,2568766
4422,3354615,5560185,2236012
4423,3328046,5553108,2274435
4424,3245256,5490489,2072711
4425,3591823,5967284,2162391
4426,3607969,5201934,2024846
4427,3959293,6199787,2339398
4428,3801304,6003204,2156605
4429,3721081,5877583,2182527
4430,3755254,5669955,2246585
4431,3866399,5727268,2273158
4432,4017296,5611849,2462592
4433,3642100,5565180,2235224
4434,3302041,4950023,2350497
4435,3023692,5029195,2152912
4436,3253334,5263840,2121659
4437,3350386,5463532,2152933
4438,3430010,5158614,2226013
4439,3280582,5391917,2261362
4440,3132180,5505190,2350420
4441,2885520,5408499,2335333
4442,3062220,5581353,2169588
4443,3104346,5050117,2265507
4444,2905976,4913288,2353090
4445,2764579,5151971,2083329
4446,2729522,5742259,2157185
4447,3325600,5238670,2090546
4448,3113077,5626167,2300329
4449,3357894,5446549,2229830
4450,3045961,5900416,2135225
4451,2879659,6020070,2289289
4452,3156846,5618906,2192618
4453,3066777,5207275,2342540
4454,3190914,5505978,2210570
4455,3490542,5790541,2269299
4456,4006790,5437467,2077370
4457,3219141,5546977,2282956
4458,2988832,6158939,2190117
4459,3389411,5770614,2043543
4460,3334325,5675177,2030223
4461,3154061,5629293,2123708
4462,3813707,5823213,2319843
4463,3388764,6109727,1995878
4464,3485798,5811438,2363627
4465,3671637,5822748,2212963
4466,3649216,5977284,2258499
4467,3687239,5887113,2316524
4468,3408900,5984670,2144082
4469,3804965,5982818,2229198
4470,4382969,5737591,2216161
4471,3735167,5725190,2166630
4472,3546977,5013056,2327898
4473,4934123,5587011,2246067
4474,3860113,5634698,2316730
4475,3805601,5785038,2328339
4476,4156318,5541403,2277118
4477,3749344,5726826,2318694
4478,2775622,5764740,2106935
4479,3189927,5821078,2086261
4480,3042241,5618374,2394545
4481,2893174,5667827,2190165
4482,3122542,5676233,2305087
4483,2606344,5704578,2354887
4484,3001699,5841760,2273411
4485,2945767,5886984,2322532
4486,3146549,5252962,2096914
4487,2863146,5202996,2085693
4488,3227976,5452707,2103175
4489,3557704,5983998,2164508
4490,3083746,5483964,1941636
4491,4124027,5426733,2187347
4492,3283811,5592832,2025664
4493,3245788,5257994,2343616
4494,3567112,5688116,2280653
4495,3566044,5570922,2286639
4496,3617225,5423165,2016167
4497,3303769,5600560,2188589
4498,3778082,5504011,2394756
4499,3548479,5677554,2152782
4500,3505848,5294198,2328118
4501,3792181,5089003,2133327
4502,3675354,5074594,2215264
4503,3068282,5369161,2527830
4504,3182198,5016109,2307211
4505,2622228,5182088,2379221
4506,2567715,4929377,2226946
4507,3513547,4766787,2061083
4508,3485072,4737893,2070289
4509,2890199,4695521,2324983
4510,3008616,4669579,2265910
4511,3172930,4985719,2394839
4512,2987990,4881862,2179232
4513,3140779,4870794,2272100
4514,2719245,4774510,2154754
4515,3219107,4104281,2306587
4516,3263505,4817950,1999971
4517,3543256,4831346,2236568
4518,3578368,4774012,2133387
4519,2761658,4592417,2217924
4520,2619921,4454727,2345627
4521,2611785,4181132,2275612
4522,2964567,4620190,2302350
4523,2990511,4130091,2143788
4524,2879619,4303222,1934143
4525,2849810,4135392,2106706
4526,2638852,4606532,2261592
4527,3168665,4104150,2101873
4528,3141183,4823366,2273792
4529,2838367,4468470,2026803
4530,2712479,4472067,2214874
4531,2262880,4712828,2381072
4532,2124496,4096630,2288489
4533,2614714,4243520,2137553
4534,3070213,4553071,2308176
4535,2509782,4259535,2217515
4536,2650962,4207564,2162721
4537,2209778,4533925,2357932
4538,2837501,4103835,2274773
4539,1767126,4534039,2013638
4540,2205344,4393555,2160825
4541,2476012,4392695,2404579
4542,2064107,4626951,2219513
4543,2181871,3597167,2453370
4544,2475795,4390324,2316491
4545,2811591,4409617,2338262
4546,2460094,4672143,2046498
4547,2438999,4329594,2179095
4548,1942157,4281097,2400747
4549,2428617,4326718,2385643
4550,1905229,4539222,2254279
4551,2380711,4708085,2158301
4552,2304146,4297577,2132170
4553,2332513,4437306,2201988
4554,2579348,3878679,2220448
4555,2864746,4339743,2122915
4556,2450051,4136854,2123704
4557,2135580,4555054,2295639
4558,2337347,4631224,2373853
4559,1930786,4213867,2278672
4560,2487324,4710641,2245400
4561,2409233,4731728,2384844
4562,2540053,4590270,2098243
4563,1915670,4787551,2214229
4564,1981878,4730275,2188038
4565,2512084,4896416,2173921
4566,2598871,4813705,2125273
4567,2360169,4886302,2344030
4568,2444796,4530816,2298392
4569,1953864,4307413,2206504
4570,2181160,4248213,2403344
4571,2021593,4031859,2065626
4572,1956967,4125320,2211455
4573,1841504,4148930,2127852
4574,2161079,4697586,2419551
4575,2073694,4882731,2212324
4576,2343791,4552251,2267169
4577,2239980,4748396,2192908
4578,1821628,4781566,2355071
4579,2090842,4724430,2293541
4580,2116068,5002724,2286656
4581,2081324,4485733,2249917
4582,2303835,4665696,2328286
4583,2208529,4850955,2289685
4584,1936530,4749960,2301729
4585,2920990,5138345,2073020
4586,2107901,5170207,2368631
4587,1880337,4843882,2354181
4588,2121260,4885499,2309919
4589,2168986,4427956,2201045
4590,2478621,4599778,2237302
4591,2294448,4188089,2113091
4592,2596467,4467323,2179066
4593,2062116,4852750,2456085
4594,1875295,5007429,2219778
4595,2176506,4687966,2171303
4596,1984375,3814704,2265684
4597,2207177,3823287,2219485
4598,2388130,3966547,2114420
4599,1753699,4396830,2288012
4600,2036840,4170507,2184983
4601,1845034,4146336,2239628
4602,1725982,4331665,2365992
4603,2083102,4632034,2263235
4604,1703274,4214142,2383390
4605,2090013,4230957,2293579
4606,2019316,4671582,2158997
4607,2073842,3976047,2148354
4608,1640650,4400651,2243129
4609,2489219,4642164,2118149
4610,2074790,4346102,2283829
4611,2446975,4770642,2400655
4612,1959066,4572735,2209012
4613,1790401,4464835,2219990
4614,2274505,4516893,2446503
4615,1820673,4434497,2332044
4616,1810436,4517231,2296805
4617,2336121,4483926,2341042
4618,2879578,4652441,2252468
4619,2398622,4723663,2408503
4620,2516380,4793976,2337916
4621,2383260,4747805,1970687
4622,1719519,4092297,2317712
4623,2615319,4326164,2278367
4624,2759368,4003511,2064107
4625,2923337,4410259,2360233
4626,2482923,3805580,2227263
4627,1955985,4045355,2170877
4628,2732381,4243590,2001845
4629,2381924,3994768,2230894
4630,2254040,4360363,2233647
4631,2053956,3949977,2302449
4632,2221960,3813686,2260377
4633,2069266,4267031,2230355
4634,1897034,4641196,2147285
4635,2337731,4732963,2197971
4636,2263661,4012243,2295307
4637,1935592,4395530,2044785
4638,1832818,4566696,2175926
4639,1897314,4578403,2232290
4640,1993236,4474647,2228170
4641,1516115,5229519,2308301
4642,1503047,4463221,2435551
4643,1894658,4955721,2197126
4644,1811540,4890131,2206485
4645,1532945,4428527,2188838
4646,2047963,4734497,1994746
4647,2048726,4741084,2367222
4648,1974386,5371607,2270076
4649,1792909,4673589,2311469
4650,2068374,4486589,2236772
4651,1625514,5320708,2328245
4652,2058386,5550941,2206856
4653,2082462,5136961,2311558
4654,1715823,5124275,2164052
4655,1599301,5119012,2368739
4656,1618420,5313929,2104282
4657,1407697,5670214,2311255
4658,1721310,5498513,2262538
4659,1607444,5416164,2325447
4660,1602135,5404777,2203877
4661,1506368,5514099,2154746
4662,1216663,5744621,2173766
4663,1721973,5278527,2202145
4664,1682987,5449255,2217583
4665,1233686,5036668,2126794
4666,1834615,5182097,2199585
4667,1772585,5636419,2026695
4668,1744758,5478550,2189618
4669,1418164,5391714,2212680
4670,1515777,5034835,2450768
4671,1813210,5775086,2409582
4672,1527325,5530293,2369576
4673,1822800,5685949,2318085
4674,2086521,5214052,2229061
4675,1758403,5871054,2043865
4676,1832626,5927278,2195288
4677,1768902,5628140,2186725
4678,1305827,5299773,2151217
4679,1556183,5507102,2333080
4680,1478668,5258548,2204525
4681,1351276,5158406,2145049
4682,1624883,5474881,2049536
4683,1607526,5752867,2386462
4684,1767198,5617534,2341523
4685,1304385,5798734,2227551
4686,1753647,5885074,2281084
4687,1844639,6349678,2221302
4688,1859756,6042294,2315691
4689,1735068,5897536,2270077
4690,2381306,5722986,2184088
4691,2034957,5474546,2164589
4692,2015745,5059251,2091638
4693,2245688,5571218,2194639
4694,1967838,5817891,2360989
4695,1759013,5447400,2034908
4696,1823632,5819183,2284361
4697,1898625,6079746,2283605
4698,1816877,5889633,2164501
4699,2050239,6299756,2056595
4700,1793361,5951677,2164930
4701,1550974,6404495,2165506
4702,1957981,6135819,2295646
4703,2201567,5821740,2288371
4704,1683136,6304160,2201220
4705,2147638,6110469,2297787
4706,1587907,6334640,2141067
4707,1765700,6233790,2236836
4708,2184976,5651820,2356962
4709,1952176,6215868,2196664
4710,1706596,6417052,2223911
4711,1506010,6491174,2081598
4712,1638114,6510988,2211392
4713,1693975,5932473,2286275
4714,1417814,6413773,2179400
4715,1521939,6580495,2395303
4716,1722900,6493524,2305328
4717,1683853,5936442,2241208
4718,1418722,6374779,2338357
4719,1761015,6540714,2369986
4720,1831931,6183592,2371783
4721,1975197,6555184,2122362
4722,2135426,6258752,2154787
4723,1742780,6129231,2235205
4724,1625145,5823420,2150739
4725,2016016,5995851,2452271
4726,1712041,5463714,2022904
4727,1734978,6181582,2255022
4728,1589012,6611609,2068404
4729,1786122,6509152,2111814
4730,1795304,6114512,2376890
4731,1969067,6677422,2219453
4732,1772294,6509847,2245922
4733,1546857,6522929,2285248
4734,1792781,5953508,2179776
4735,1575840,6340489,2298707
4736,1491585,6186848,2300248
4737,1339253,5923327,2233503
4738,1340879,6630404,2192220
4739,1478226,5657637,2256358
4740,1739551,5823393,2339374
4741,1677015,5823368,2215112
4742,1655172,6636403,2223539
4743,1701412,6554004,2084257
4744,1602884,5260621,2330365
4745,1567695,5684044,2162719
4746,1570849,6291052,2336080
4747,1654734,5913521,2291152
4748,1586085,5508698,2374550
4749,1483939,5149950,2280248
4750,1349471,5837923,2133955
4751,1494244,5309120,2494592
4752,1299662,5811215,2371476
4753,1438707,6191650,2234717
4754,1658230,6013134,2158672
4755,1988194,6098645,2115023
4756,1540564,6192429,2406395
4757,1686486,6433893,2207373
4758,1308629,6588251,2270516
4759,1490607,6275771,2328458
4760,1214891,6569168,2268308
4761,1476007,6355653,2293132
4762,1251654,5944048,2219251
4763,1290045,6601922,2314215
4764,1175445,5513547,2348275
4765,1435734,6932698,2222751
4766,1466932,6382061,2272188
4767,1442216,5295201,2195577
4768,1693902,5643926,2263782
4769,1623616,5549718,2383893
4770,1805635,5708459,2276037
4771,1813265,6421246,2193233
4772,1652028,6662326,2226957
4773,1420351,6139994,2114305
4774,1311375,5838273,2203830
4775,1033831,6969889,2376941
4776,1193414,6704441,2407810
4777,1409163,6917836,2039597
4778,1201655,6864569,2314031
4779,1397409,6037746,2257479
4780,1416710,6946751,2044563
4781,1675023,6882757,2280498
4782,1721766,6891363,2275862
4783,1578640,6497306,2305566
4784,1360000,6771973,2092714
4785,1567712,6619930,2179231
4786,1416089,7098101,2281294
4787,1256763,6791221,2054179
4788,1335564,6356587,2399169
4789,1709541,6497311,2272642
4790,1683603,6363006,2180611
4791,1747155,6472545,2383019
4792,1721599,6876017,2367611
4793,1454306,6913574,2190674
4794,1172129,6634329,2128914
4795,1328467,7221618,2320228
4796,1215106,7393506,2537168
4797,1648292,7013751,2260771
4798,1615206,6962301,2193062
4799,1203061,6963397,2108863
4800,1318107,6720015,2320365
4801,1158642,7280545,2091693
4802,1051845,6921567,2303191
4803,1441610,7154646,2290691
4804,1253654,6577854,2260589
4805,1150057,5858827,2204208
4806,1280376,6636699,2465578
4807,1418321,6533186,2241307
4808,1291640,6220108,2438248
4809,1210332,6926303,2302070
4810,1285649,6036670,2385853
4811,1342723,6833325,2181917
4812,1264412,7115649,2290773
4813,1116827,6902166,2239444
4814,1090924,6967112,2210799
4815,1479014,6802150,2098160
4816,1182561,6390971,2245791
4817,1300794,6808534,2481686
4818,1297507,6838282,2435424
4819,1329360,7100349,2218331
4820,1825529,6825265,2450464
4821,1488987,6261295,2254199
4822,1695505,7041904,2143742
4823,1406666,6642706,2226785
4824,1178820,6355513,2290293
4825,1406817,6684456,2318351
4826,1606770,6379431,2255757
4827,1719967,6817751,2236580
4828,1092928,7094784,2302994
4829,1330332,7023461,2247854
4830,1175522,6826463,2120333
4831,1611993,6790357,2218726
4832,1287086,6830512,2233948
4833,1429320,6588613,2183149
4834,1236455,6598874,2283339
4835,1629291,6841995,2249592
4836,1445124,6766582,2161626
4837,1466713,6817886,2376784
4838,1133889,6263709,2190362
4839,1435723,6745790,2260627
4840,1533157,6849904,2220221
4841,1315927,7048405,2150476
4842,1797920,6672546,2294943
4843,1325058,6019028,2260039
4844,1318568,6470498,2314461
4845,1602908,6189129,2446342
4846,1211564,6907596,2240907
4847,1645650,7184200,2210259
4848,1705397,7200997,1912966
4849,1742775,7014304,2292422
4850,1485280,6370736,2159192
4851,1547149,6401725,2149650
4852,1610618,6706779,2169244
4853,1456908,6192024,2283548
4854,1180964,6518171,2202403
4855,1554297,6450690,2204311
4856,1452767,6477017,2198190
4857,2035026,6529535,2229342
4858,1801501,6662485,2196944
4859,1372143,6847313,2152238
4860,1380610,6926860,2112925
4861,1690156,6274186,2337640
4862,1630499,6448389,2286711
4863,1380665,5804688,2228276
4864,1278205,6672197,2158663
4865,1619569,6095820,2424247
4866,1188862,6241376,2187313
4867,994023,6391269,2307260
4868,1113610,6507930,2098328
4869,951047,6758925,2352900
4870,1155203,6567636,2310181
4871,1242259,6111604,2134411
4872,1626920,6502395,2241661
4873,1328840,6770659,2117807
4874,1631194,6883076,2196871
4875,1605720,6681833,2089243
4876,1245599,6647408,2253634
4877,1315940,6609653,2345592
4878,1514925,6759067,2159615
4879,1586819,6756955,2188932
4880,1445527,6732065,2267287
4881,1519336,6756251,2033539
4882,1681245,6704285,2246190
4883,1656442,6634043,2179447
4884,1681854,5932934,2235544
4885,1597766,5963525,1927311
4886,1147745,6377565,2112233
4887,1334541,6322618,2194954
4888,1565542,6066809,2316898
4889,1866746,6005062,2084065
4890,1470948,6106883,2082314
4891,1784722,6108523,2196148
4892,1405278,5924490,2173782
4893,1332152,5987635,2258161
4894,1930223,5917488,2145317
4895,1412933,5975120,2238055
4896,1751546,6230194,2116385
4897,1543994,5991656,2236789
4898,1272094,6096763,2331235
4899,1245859,5880782,2164928
4900,1452873,6149998,2175348
4901,1175550,6005187,2387089
4902,1305410,6414280,2135358
4903,1162981,5903710,2110922
4904,1348174,5599704,2050110
4905,1527189,5942805,2135325
4906,1466367,6338580,2216664
4907,1392055,5919039,2177996
4908,1371139,6229899,2472360
4909,1655810,5758251,2138120
4910,1403931,6425786,2124060
4911,1572363,6215097,2215839
4912,1740437,6407941,2359442
4913,1816063,5980146,2179218
4914,1754895,6238830,2247399
4915,1940203,5786247,2250599
4916,1544263,5543518,2181390
4917,1629117,5772503,2224021
4918,1415900,5821983,2098053
4919,1819299,5603889,1946952
4920,1245490,5544523,2179909
4921,1049725,5275448,2327460
4922,1348369,5897956,2223339
4923,1411022,5857945,2112837
4924,1273943,5607912,2198076
4925,1113385,5628733,2372837
4926,1201093,5763896,2119504
4927,1393533,5580593,2236519
4928,1320754,4937826,2240062
4929,1406007,5333710,2329813
4930,1336137,4798607,2158208
4931,1297924,5330051,2360721
4932,912231,5333331,2179002
4933,1265325,4669856,2309757
4934,1481814,4359933,2348217
4935,1190773,4716673,2422368
4936,1567965,4937881,2428227
4937,1423905,4685845,2122651
4938,1460155,4287021,2392695
4939,1256454,5272087,2062033
4940,1765311,4916585,2172985
4941,1318078,4623677,2261936
4942,1345898,4151399,2084670
4943,1416067,4239553,2239251
4944,1407304,4068923,2287224
4945,1664066,4397509,2329336
4946,1850558,3809259,2212929
4947,1983847,4292357,2371298
4948,1435235,4657240,2237810
4949,1126243,4484193,2325891
4950,1383208,4920682,2345211
4951,2004205,5291054,2438897
4952,1261061,4983336,2221052
4953,1622293,4643812,2295380
4954,1707391,4112607,2221757
4955,1704689,4234414,2212397
4956,1370246,4213137,2138773
4957,1546171,4746813,2343830
4958,1464266,4761923,2126689
4959,1232540,4512545,2096570
4960,1144082,4653607,2214137
4961,1315342,4490101,2171074
4962,1829222,5092173,2487484
4963,1482771,4585966,2261482
4964,1577917,5015246,2478540
4965,1640498,5340965,2075066
4966,1443236,5399378,2152447
4967,1196876,4855687,2383684
4968,1782006,4732859,2161781
4969,1910098,5495419,2156884
4970,1393864,4928514,2291644
4971,1959869,5359522,2154131
4972,1915561,5254522,2153851
4973,1686786,5115450,2318709
4974,1668461,5110527,2200676
4975,1561677,5306705,2247839
4976,1346422,4924273,2360365
4977,1528324,5150999,2371432
4978,1549346,4828301,2328200
4979,1500369,5053792,2455043
4980,1497498,4842075,2191815
4981,1519958,4744004,2129472
4982,1740963,4975840,2435444
4983,1575660,5777210,2274789
4984,1863616,4873975,2202915
4985,2081797,4750649,1994545
4986,2097491,5036439,2350940
4987,1750681,4669394,2327256
4988,1911522,5378527,2151775
4989,2034711,4702017,2276811
4990,2183152,4448771,2336018
4991,2133685,4741184,2083487
4992,2031856,4559003,2316519
4993,1852725,5255823,2257359
4994,2695505,5110722,2131318
4995,1999261,4552530,2187804
4996,2121826,4551528,2186508
4997,1802236,5073995,2154980
4998,2138344,5190960,2193268
4999,2031706,4858331,2021435
5000,1736529,4510571,2212288
5001,1730247,4088586,2434265
5002,2218062,5138673,2270883
5003,1996728,4704013,2154643
5004,1813465,5480438,2285601
5005,1834187,5204455,2305691
5006,2090419,5422087,2287905
5007,1857653,5514714,2353872
5008,2473761,5250245,2121131
5009,2517352,4789115,2345809
5010,2081482,5734080,2100613
5011,2276409,5405425,2250727
5012,2158173,5745026,2054269
5013,1958512,5116927,2260783
5014,2245382,5093063,2040133
5015,1848341,5078892,2253445
5016,2224009,5483653,2551451
5017,2453256,5385160,2034594
5018,2389902,4610748,2244350
5019,2329684,5180697,2255174
5020,2197548,5460600,2227306
5021,1987741,4824454,2299943
5022,2006323,5106791,2076462
5023,2031434,4889829,2411849
5024,2705122,4525647,2288615
5025,2980208,5000428,2309507
5026,2803477,5457389,2224045
5027,3058865,5502581,2325114
5028,2552359,5927314,2080301
5029,2319098,5369560,2334477
5030,3121215,5113819,2164967
5031,3500004,5303599,2272306
5032,2721391,5588615,2312874
5033,2877851,5841284,2312866
5034,3393146,5580596,2330206
5035,2936268,5290175,2281281
5036,2474435,5427900,2083865
5037,2573459,5629144,2352711
5038,2875177,5539890,2268441
5039,2749724,5149777,2264920
5040,2626158,5396976,2078016
5041,2317815,5278012,2228950
5042,2549586,5382099,2287168
5043,2781447,5622064,2281453
5044,3368482,5541998,2252464
5045,2883082,5617172,2357969
5046,3306884,5121156,2115281
5047,3548680,4825050,2087647
5048,3876104,4996680,2018372
5049,3273019,4067203,2260661
5050,3652059,5361286,2291530
5051,3598129,5745731,2254511
5052,3528716,4970352,2248171
5053,3532588,5446611,2004479
5054,3316248,5060342,2285625
5055,3678341,5642894,2197638
5056,3282485,5575712,2426603
5057,2689458,5341135,2093481
5058,3861624,5137912,2109377
5059,3927017,4499490,2271638
5060,3710460,5401968,2025110
5061,3535858,5029998,2144036
5062,3532039,5353800,2389143
5063,4139189,5407650,2281531
5064,3863863,5097123,2187290
5065,4604383,4717831,2431623
5066,3535612,5549296,2278350
5067,4073989,6109601,2262717
5068,4277341,5691660,2172294
5069,4096216,5310583,2377648
5070,3690269,5603804,2045962
5071,3461461,6047616,2372754
5072,4533120,5391405,2339363
5073,4148209,5973026,2237088
5074,3599601,5418085,2458475
5075,3662555,5252709,2263310
5076,4996466,4750866,2271414
5077,4958578,4952638,2137417
5078,5105389,5326012,2180301
5079,4952520,4731990,2301175
5080,5279712,4947778,2300066
5081,5079371,5476388,2268843
5082,4991240,5502191,2265705
5083,4248494,5867038,2375597
5084,4650613,5926392,2206633
5085,5275883,5986571,2274710
5086,5520867,6666405,2061154
5087,4526340,6008008,2327465
5088,4972584,6916982,2202272
5089,4954281,6002981,2412694
5090,4592787,6191635,2301100
5091,4927639,6986822,2284468
5092,4162735,6609953,2031568
5093,3941651,6619407,2065208
5094,5066500,6573366,2220161
5095,6081234,6854150,2159310
5096,5569212,6346141,2173045
5097,5218157,6295730,2191271
5098,5211200,6360370,2137051
5099,4989151,6356498,2329499
5100,5490371,6831824,2278842
5101,4916095,6643088,2408742
5102,4822205,6800503,2119727
5103,3907424,6402145,2468806
5104,4223481,6826683,2170720
5105,4295831,6262874,2254070
5106,4504165,6607833,2450210
5107,5240924,6896856,2353897
5108,5504096,6728991,2060187
5109,4498445,6590336,2328214
5110,5678445,6397104,2403856
5111,6193962,6616775,2281775
5112,4642679,6603343,2306453
5113,4589964,6356024,2125001
5114,6103169,7312888,2228757
5115,5707956,6590696,2177470
5116,5982193,6265471,2083113
5117,4821439,6577843,2142483
5118,5851272,6105871,2182772
5119,6357373,5870431,2138612
5120,6320418,7070068,2146714
5121,5428618,6771972,2154664
5122,5718683,7092714,2387066
5123,6648738,6442042,2394780
5124,6341546,6590022,2501972
5125,6661811,6373592,2146842
5126,6829783,6819405,2272077
5127,7923608,6285593,2245840
5128,7292705,6603235,2169949
5129,6377643,6149089,2143815
5130,6754715,6569069,2334461
5131,6440103,6789803,2340241
5132,6250672,6690908,2461144
5133,5459648,6996814,2107108
5134,5544901,6213248,2391146
5135,6823808,6783615,2174489
5136,5654474,6704927,2116394
5137,4536269,5604666,2332040
5138,6290886,6603013,2225845
5139,6587762,5968030,2414224
5140,6296382,6356319,2030542
5141,6518812,6717072,2361381
5142,6464989,5788746,2124963
5143,6634073,6951028,2150628
5144,6580055,5863964,2002398
5145,7134446,6720460,2299661
5146,7415691,7009052,2187869
5147,7405844,7328099,2371934
5148,7444332,6662952,2263236
5149,6729834,6579929,2123549
5150,7432625,6647981,2116627
5151,6487857,6714744,2107184
5152,6943703,6137457,2084374
5153,7467948,6018302,2288220
5154,7097683,6142741,2109412
5155,6878469,6768105,2164221
5156,7542306,6369176,2232720
5157,7410930,6680389,2201637
5158,6679761,6780012,2240290
5159,6983066,6010915,2310630
5160,7945755,6929834,2286661
5161,8411725,7317543,2109088
5162,6934929,6785777,2230823
5163,7737678,6674457,2066472
5164,7632753,6141998,2198876
5165,6614893,6197191,2280518
5166,7164699,6051993,2193007
5167,6638611,6816826,2281185
5168,7655866,5698696,2388360
5169,7087750,6540025,2389033
5170,8167636,6782990,1987136
5171,7301218,6679367,2155895
5172,7988178,6892348,2218059
5173,8061791,6463409,2350902
5174,7217454,7239569,2188915
5175,8684499,7172323,2425835
5176,7815230,7141578,2300673
5177,8066799,7176553,2133379
5178,8055623,6625069,2134573
5179,7843177,6136806,2146002
5180,8815252,6175656,2047899
5181,8618066,6669272,2201428
5182,8267969,6199443,2388399
5183,9681850,6023421,2279386
5184,10005756,6886716,2367461
5185,10309788,6676039,2164203
5186,10598756,6458842,2140056
5187,10971756,7304227,2185904
5188,9892249,6485993,2131244
5189,8976565,6817905,2451658
5190,7891888,5822544,2200728
5191,7963695,5746000,2345845
5192,8278994,6636814,2268341
5193,9885169,6916371,2169630
5194,9858487,7022217,2345825
5195,10277310,6198626,2296410
5196,9634134,6725445,2274784
5197,8434334,6547525,2230659
5198,7998038,7246738,2263167
5199,9516202,7147756,2295367
5200,9215711,6936139,2425871
5201,8649524,6497137,2201560
5202,10160670,7065452,2182138
5203,9877427,6937200,2104574
5204,8447558,6777967,2219170
5205,8894394,7023190,2272286
5206,10835615,7072240,2433520
5207,10047658,6400191,2110244
5208,9650902,7240432,2000117
5209,10949061,6597797,2171988
5210,10730502,6970882,2202587
5211,11698818,6861370,2151566
5212,12189044,7201673,2486633
5213,11878671,6466129,1912420
5214,10800940,6796190,2107080
5215,10675067,6600406,2172190
5216,10670679,7132993,2282430
5217,11502053,7318879,2319878
5218,11513021,7425764,2238011
5219,11244754,7035922,2297919
5220,9262774,5366923,2196045
5221,10420757,6130232,2044500
5222,9153554,6034577,2232776
5223,9604829,5805616,2109375
5224,9327174,6396730,1977175
5225,9226772,6112519,2136142
5226,8803483,6490982,2185915
5227,8932061,6145062,2229290
5228,10150431,6151950,2232665
5229,9245669,6118659,2244789
5230,10014537,5525888,2407580
5231,10024620,6197346,2262976
5232,9799934,5772675,2261469
5233,10690304,5404125,2393858
5234,9988907,6102871,2361835
5235,9860884,5166011,2139329
5236,10121156,6137773,2276324
5237,8175194,5429402,2143989
5238,9624433,5817103,2237315
5239,9742651,5777217,2402804
5240,10811467,5593192,2246595
5241,8958806,6255408,2193134
5242,8404336,6033147,2084512
5243,10475461,5998423,2275962
5244,10554478,4801126,2222318
5245,9458882,6327217,2325067
5246,10066624,5404737,2314895
5247,11490296,5923100,2318772
5248,9763642,5478084,2363909
5249,9849868,5471523,2216445
5250,8941222,5751529,2385544
5251,9464770,6280630,2046782
5252,9236046,6418114,2361285
5253,7900396,5374238,2112517
5254,10489959,5336876,2035368
5255,9070285,6984504,2207711
5256,12448592,6335222,2200424
5257,9943472,6060651,2334170
5258,9565668,6406353,2145862
5259,9067810,5459523,2097828
5260,10000305,6504672,2246771
5261,10223316,5449151,2286013
5262,9879813,5516083,2139145
5263,10441732,5705543,2246389
5264,8963520,5719915,2098900
5265,10174735,6092349,2246475
5266,9728833,5956864,2228953
5267,9965296,6388723,1953818
5268,10614956,5435728,2285451
5269,9387444,4872121,2211080
5270,10565439,6215834,2122517
5271,10985585,6160833,2442143
5272,9189284,5864582,2284634
5273,10915295,5915036,2182667
5274,10297333,6167394,2163656
5275,10092093,5942241,2261404
5276,10594321,6223922,2328157
5277,9145741,5945724,2246650
5278,9660638,5782389,2295257
5279,10242837,5103982,2126150
5280,10571611,5729676,2208454
5281,9489500,5422778,2347669
5282,9758380,5757665,2245428
5283,8296165,5633543,2299918
5284,9998728,5687958,2200676
5285,8575708,6052644,2377820
5286,8761586,6052214,2159499
5287,9874327,5770474,2142613
5288,8441152,5407066,2085358
5289,9328747,5492325,2265523
5290,8061942,5710114,2217240
5291,8636053,5354754,2326326
5292,10058908,5576705,2179505
5293,10240698,5868875,2056403
5294,8968809,4586655,2237114
5295,10145802,5036992,2132451
5296,9415748,5917560,2159331
5297,8286682,5554773,2350249
5298,8623594,4514822,2282871
5299,7795406,5287271,2180890
5300,8876682,5183932,2228019
5301,9394954,5015760,2098949
5302,8571215,5050137,2079420
5303,8345422,5551924,2293797
5304,8452073,5937568,2360677
5305,8056541,4920419,2276852
5306,7693412,6387178,2114960
5307,9508016,5185844,2218145
5308,8977519,5325909,2221552
5309,8992979,5381686,2225437
5310,9997188,5605570,2083539
5311,10253696,6347451,2284052
5312,10176809,5821320,2210118
5313,9359643,5373587,2106922
5314,9744170,4976585,2025587
5315,9801856,5940631,2096195
5316,9970798,5059300,2144672
5317,9330954,5237729,2257611
5318,9488468,5087558,2318425
5319,10099718,5100547,2058071
5320,10908467,5200226,2306690
5321,10521481,6122194,2320875
5322,11035477,5342420,2147539
5323,9833085,5502639,2146446
5324,11724424,5364431,2440062
5325,9725062,4756946,2205364
5326,10893241,5032986,2298877
5327,11561933,4391777,2192845
5328,10680264,5133242,2199290
5329,11971083,4650099,2066704
5330,10153430,5147814,2207169
5331,10556178,5502909,2100388
5332,11210000,5389362,2125020
5333,11530452,4937377,2286467
5334,11392016,4152091,2170507
5335,11518389,5748821,2473068
5336,12620490,5370723,2202845
5337,12624737,5122406,2322611
5338,11565467,5189014,2273464
5339,10523655,4584035,2068946
5340,10385480,5300919,1981334
5341,10483325,5187773,2044574
5342,10047252,4571491,2209813
5343,8640644,5627973,2352128
5344,9953592,5391945,2159820
5345,9910952,5405531,2249376
5346,10115915,5506530,2250807
5347,10174050,4871751,2527646
5348,9831653,4912791,2170729
5349,9714636,4932178,2173874
5350,10737161,4572315,2225557
5351,10497040,5684419,2246688
5352,10399277,5284542,1974457
5353,9080411,5273228,2229770
5354,10087387,5255677,2164666
5355,9834506,4544394,2215143
5356,12160853,5342898,2122294
5357,10726169,5431938,2322003
5358,11214543,4777051,2350481
5359,12022027,5117175,2293449
5360,12737518,5236995,2329772
5361,11596134,5457247,2132903
5362,11163419,4981295,2135086
5363,10797978,5442965,2163520
5364,11152844,4964968,2310570
5365,10474989,5500358,2337443
5366,10933972,4617081,2333337
5367,12330517,5075301,2251046
5368,11026012,4698224,2264011
5369,11025197,4312510,2324441
5370,11756952,4979362,2154741
5371,10041273,4201067,2192318
5372,11554546,4365544,2276421
5373,11251888,4792692,2407418
5374,11680089,4932976,2302295
5375,10167455,4863639,2228785
5376,12459472,4808846,2176919
5377,11532692,5517307,2248251
5378,11369870,5967170,1927216
5379,12422733,5408440,2312255
5380,11884233,5468171,2286683
5381,11471912,5182707,2137190
5382,11035191,5360633,2269967
5383,12296944,5482688,2239296
5384,12258954,5307137,2117320
5385,12698946,5218472,2385338
5386,12513971,5001992,2251841
5387,13051048,5494347,2116091
5388,11331457,5756482,2474634
5389,12500681,5614916,2227330
5390,10975890,5142965,2157353
5391,10352000,5769248,2315822
5392,11847367,5297102,2331858
5393,11553993,5506467,2267490
5394,11123507,6137749,1907885
5395,11390238,5704730,2226258
5396,12951374,5854043,2224106
5397,11834341,5436602,2220467
5398,12164774,5089754,2301917
5399,12315399,5200680,2260221
5400,11059185,5905518,2205329
5401,9677962,5244506,2069147
5402,10564268,5339387,2307866
5403,10451004,5793492,2204437
5404,12134297,5234177,2250369
5405,11485510,5761326,2361868
5406,12503737,5534145,2327310
5407,10824962,5437177,2253645
5408,11530077,4985257,2132311
5409,11848493,5419407,2137647
5410,11413553,5577127,2087353
5411,12484371,5691196,2170445
5412,11885899,5215162,2430846
5413,12839881,5242915,2221690
5414,12352650,4780936,2228887
5415,11472359,5353804,2240000
5416,10901560,4786520,2296738
5417,11784783,5310557,2365268
5418,11332410,5539470,2209051
5419,12954569,5433334,2322326
5420,11970997,5747863,2578854
5421,13554631,5322379,1951647
5422,13202036,5213396,2198308
5423,12924353,5818845,2224255
5424,12722997,5610828,2236203
5425,12173573,5693218,2254291
5426,12054189,5417062,2159072
5427,12150071,5096015,2583423
5428,13248644,5348431,2198656
5429,11522266,5266053,2257516
5430,10826902,5490166,2207658
5431,11901436,5457417,2291945
5432,13458251,4653895,2291649
5433,11571708,5046596,2266951
5434,14102345,5532290,2390282
5435,13946504,5079386,2216749
5436,13898378,4428132,2345101
5437,13985294,4766027,2068043
5438,12135114,5484717,2346139
5439,14685644,4795825,2292692
5440,13558343,4975802,2296805
5441,13165487,5562106,2248053
5442,12875206,5515660,2195941
5443,14102978,5617299,1970695
5444,13098764,5177043,2169137
5445,12203193,4670533,2204328
5446,12444272,4961708,2146629
5447,12355573,5158127,2278819
5448,12630423,5284941,2190983
5449,11252289,4758240,2292475
5450,12449244,5571955,2166344
5451,13333324,4774925,2283693
5452,11576271,4657762,2241962
5453,14262175,4938663,2214539
5454,14195122,4296548,2107270
5455,12690019,5342693,2377548
5456,11564297,4943837,2190643
5457,12326719,4907653,2095068
5458,12182813,5146334,2381751
5459,11933596,4606936,2137984
5460,12159038,5374428,2133006
5461,11629790,5850167,2250408
5462,10882927,4385541,2072465
5463,12186992,5492361,2158251
5464,11738340,5096148,2031407
5465,12421541,5363301,2020401
5466,11176852,5119526,2230996
5467,12590554,5717721,2208877
5468,12143164,5494061,2372360
5469,11275605,5423299,2433779
5470,11525695,4925255,2262887
5471,12978989,5170985,2278332
5472,14004028,4949206,2099738
5473,12475471,5368801,2181627
5474,11444671,5585233,2243368
5475,11976016,5047520,2342038
5476,11434270,4991382,2300542
5477,13356600,4983697,2213523
5478,12437972,5207373,2211497
5479,12304826,4074558,2140937
5480,10928425,4671824,2074858
5481,10732346,4617042,2131144
5482,12843108,4999927,2225032
5483,13505704,4614874,2257102
5484,12770771,4101255,2207883
5485,11628916,3828014,2264627
5486,12600588,4656301,2434187
5487,13050889,4694590,2256449
5488,12238142,4648160,2198152
5489,12382100,4241716,2219955
5490,12358481,4067399,2007407
5491,12309275,4875165,2294526
5492,11311729,4771403,2257992
5493,11050869,5223943,2259627
5494,12197518,4895088,2133058
5495,12994608,5009819,2142204
5496,13472946,4560159,2074882
5497,11049876,4381967,2237054
5498,11968897,5040131,2549604
5499,10928572,4329978,2282121
5500,13194741,4627768,2460219
5501,13379218,4415785,2142582
5502,13162885,4540416,2249122
5503,13279437,4606600,2346748
5504,12667942,4686282,2367107
5505,13531066,4806345,2035534
5506,12198631,4588035,2178589
5507,12861954,4966164,2341706
5508,13846746,4514364,2416078
5509,12832481,4464190,2155478
5510,13063466,4736317,2142610
5511,13717528,4733123,2072148
5512,11913559,4817605,2214365
5513,13337978,4598893,2149015
5514,11607016,4883366,2422316
5515,12621028,4443857,2389625
5516,12881162,4679412,2253504
5517,13246415,4440896,2382276
5518,12978881,4813898,2316084
5519,12812492,4525698,2238150
5520,12588997,4913202,2313774
5521,12165080,4920712,2314862
5522,11375518,4654210,2235168
5523,12756778,4490349,2162238
5524,12488757,4198776,2207484
5525,11977443,4108012,2256272
5526,12044087,4162801,2382386
5527,11961839,4304703,2162298
5528,11441057,4910332,2214671
5529,10793194,4686138,2365967
5530,12696409,4215946,2176462
5531,12587584,4688703,2337861
5532,13388326,4214734,2117601
5533,12876769,4963544,2193685
5534,12878372,4694367,2205486
5535,14176847,4768574,2393222
5536,13133376,4570155,2242319
5537,13153495,4210085,2092624
5538,11413790,4052360,2092562
5539,11537788,3990475,2452004
5540,11137422,4293623,2292610
5541,11788356,4568267,2181765
5542,11979321,3309326,2326094
5543,12557037,4005299,2156659
5544,11979726,3917785,2275067
5545,11451343,4463896,2161683
5546,10891507,4212459,2246830
5547,11044675,4150271,2099942
5548,10447780,3741846,2275485
5549,10156032,4323239,2349751
5550,10724354,4438324,2212174
5551,12103228,4666293,2298293
5552,12186287,4829770,2147490
5553,11119620,4518331,2203676
5554,10955562,4126664,2254506
5555,12031405,4112585,2325563
5556,11443315,4076047,2240040
5557,10552323,3604799,2176857
5558,11703974,4266550,2104346
5559,11092095,3988150,2217008
5560,11510009,4107000,2102849
5561,11950203,4147706,2322047
5562,10948649,4235378,2033186
5563,9883581,4386211,2258060
5564,11479816,4198472,2204685
5565,10434295,4674044,2199924
5566,12524871,4466838,2229227
5567,9863949,4530595,2303274
5568,9327844,4335945,2266938
5569,11105422,4307949,2082496
5570,10678830,4261170,2349884
5571,11420734,4151178,2117845
5572,11642661,4087219,2206031
5573,10680544,4152274,2296810
5574,11609580,4289735,2218862
5575,11477728,3651571,2130194
5576,10391411,4211338,2149753
5577,10114275,3853525,2178590
5578,9729103,3248434,2395070
5579,9892831,3598754,2083064
5580,9227343,3577404,2349482
5581,8851108,4295144,2083648
5582,9365395,4137726,2173381
5583,8563282,3687448,2286923
5584,9122552,3918015,2144723
5585,8906159,4062477,2221664
5586,8485780,3620309,2198833
5587,10226829,3855907,2125406
5588,9774750,4174888,2415824
5589,10553897,3855729,2212938
5590,8745386,3554804,2404080
5591,9234571,4171604,1995402
5592,9695729,4140630,2353149
5593,9191160,3876497,2230279
5594,9097100,4172498,2217699
5595,9123617,4126291,2356954
5596,9087818,4304682,2333985
5597,9514446,4566438,2371288
5598,8210523,4577174,2324629
5599,7453228,3695363,2204388
5600,7693702,4007867,2182545
5601,7856311,4234552,2174541
5602,8831854,4487206,2102372
5603,8188951,3912444,2345083
5604,8296215,3808104,2321700
5605,8247875,3858320,2268848
5606,9669723,4075928,2186873
5607,6962076,4113070,2143950
5608,7304634,4101729,2186927
5609,7362014,3746169,2207502
5610,8994354,3643992,2289794
5611,8578891,3131323,2304231
5612,8888422,3521802,2057051
5613,8583660,3159612,2241964
5614,8648804,3077469,2249579
5615,7511205,3365663,2266482
5616,8778707,3305665,2114563
5617,8019536,3477844,2259177
5618,7302375,3281223,2196024
5619,7356186,3738667,2289089
5620,8034127,2725377,2272472
5621,6702630,3650760,2309681
5622,7607010,3704321,2398148
5623,7121097,3758507,2285930
5624,7519010,3171735,2296496
5625,8318829,3977770,2337014
5626,7687328,3673244,2140040
5627,8420308,3291489,2176197
5628,6384765,3884391,2229124
5629,7681799,3221887,2196327
5630,7386342,3711279,2412067
5631,7643140,3983736,2237905
5632,7222973,3942161,2095987
5633,6188123,3981632,2047766
5634,7342830,3755350,2529186
5635,7051174,3809479,2231101
5636,7460087,3471521,2344228
5637,7150056,3732508,2306745
5638,7664196,3456588,2430343
5639,7220050,3364896,2226263
5640,8453753,3601488,1966891
5641,7537971,3622169,2092445
5642,7002152,3326658,2208961
5643,6758429,3352938,2167419
5644,7092731,3417526,2301539
5645,7182504,3133616,2178810
5646,6381266,3199576,2442914
5647,6935628,3331693,2162450
5648,6793561,3316660,2277900
5649,6461265,3187267,2064033
5650,5611494,3266344,2344205
5651,6412359,3666889,2055471
5652,6877712,3494157,2244452
5653,6643635,3437633,2213799
5654,7082628,3582398,2088798
5655,6689153,3491186,2134576
5656,5989743,3342877,2278766
5657,6632356,3063884,2157372
5658,6470477,3506957,2296004
5659,5897987,3605054,2178952
5660,5533204,3710411,2263498
5661,6026604,3600356,2163441
5662,5591775,3737590,2321085
5663,4850510,3668183,2183750
5664,5293851,3518015,2096409
5665,5134211,3464206,2263983
5666,6162592,3467211,2344496
5667,5461347,3428315,2156927
5668,4032020,3496331,2220508
5669,4485524,3317700,2192219
5670,5048797,3558653,2340245
5671,5825012,3288941,2157650
5672,5250231,2957064,2140326
5673,5364685,3514066,2153649
5674,4900452,3308682,2322346
5675,4862216,3025501,2211776
5676,5820603,3676784,2330142
5677,5446765,3003965,2208249
5678,5263453,3044336,2233708
5679,5406120,3516736,2131299
5680,4713644,3347500,2219013
5681,4481401,3242846,2059315
5682,5063554,3539779,2246170
5683,4920197,3643259,2119508
5684,5255982,3238770,2235979
5685,4507225,3603291,2247726
5686,5064907,3675416,2294997
5687,5046762,3048412,2221533
5688,5149188,2930879,2181244
5689,5449638,3285556,2479917
5690,5306994,3409930,2379739
5691,5193426,3626665,2275076
5692,5686637,3340476,2118248
5693,5744834,3421769,2286826
5694,5760282,3415732,2131779
5695,5637633,3280730,2336050
5696,4864621,3642326,2199576
5697,5032773,3726771,2218052
5698,4357855,3138234,2425204
5699,4167293,3483887,2376746
5700,4232016,3549121,2285809
5701,4435835,3414431,2206018
5702,4266633,3155229,2098989
5703,4611420,3451792,2339753
5704,5405790,3304949,2227180
5705,5030694,3443048,2227372
5706,5471232,3889799,2004424
5707,4509931,3837251,2109990
5708,4620900,3607282,2009656
5709,4039882,3455500,2239888
5710,4295893,3278539,2219124
5711,4260279,3594918,2028104
5712,4848439,3755522,2225793
5713,4003070,3330736,2132438
5714,4081844,3406880,1960047
5715,4464983,3410702,2290205
5716,4164146,3564242,2445363
5717,4766448,4072741,2159776
5718,3347796,3711108,2301947
5719,3896995,3978237,2228632
5720,5213746,3912087,2186745
5721,4052940,3914387,2470357
5722,3881170,3772594,2100744
5723,4269924,3874582,2306359
5724,4134438,4148044,2087437
5725,4449511,3790574,2109302
5726,4927755,3740841,2312278
5727,3935079,4080438,2121317
5728,4296688,4232964,2230482
5729,4555763,3907689,2171798
5730,4524459,4288595,2256668
5731,4572453,3985914,2151422
5732,4354027,4171618,2286092
5733,4358252,4013006,2128938
5734,4297066,4013582,2228535
5735,4269383,4095545,2192573
5736,4410629,4033878,2105909
5737,4552187,4197701,2079154
5738,4326498,4411436,2162604
5739,4267298,3955284,1967091
5740,3541609,4043747,2490242
5741,4113542,4419790,2334389
5742,4301338,3952246,2280074
5743,3729296,3781506,2423269
5744,3757914,3975095,1985027
5745,4157330,4191918,2310593
5746,3750419,4084866,2056357
5747,4046552,3777389,2269445
5748,3951038,3662060,2225359
5749,4542275,3988632,2050623
5750,4808636,3902570,2306447
5751,4205730,4569453,2358626
5752,4628618,4599012,2262684
5753,4485407,4535961,2252245
5754,4270038,4019615,2250688
5755,4503097,3754048,2083304
5756,4352579,4109566,2226127
5757,4042660,4116266,2311454
5758,3527417,4547324,2266051
5759,2961677,4706132,2406565
5760,3706780,4473223,2254045
5761,2968066,3915796,2131280
5762,3679224,4646309,2278414
5763,3635361,4812660,2305124
5764,3717638,4788475,2180017
5765,3674233,5012549,2299433
5766,3866258,5005136,2323782
5767,3433527,4731312,2167024
5768,3291374,4547838,2322425
5769,3311267,5114525,2345645
5770,3135220,4543609,2099944
5771,2771047,4924965,2229268
5772,2994453,5111555,2318789
5773,3203052,4467038,2243518
5774,3268314,4946745,2319955
5775,3554947,5131297,2182271
5776,3443004,4667141,2093176
5777,3807930,4667079,2246608
5778,3241921,4962958,2012260
5779,3052724,4705753,2263077
5780,3466585,4567883,2399102
5781,4203504,5128178,2275643
5782,3790648,4415677,2186180
5783,2939165,5235606,2163854
5784,2933137,4951581,2228432
5785,3023246,5397844,2463026
5786,3839372,5539807,2320411
5787,3251183,5667124,2219770
5788,3590197,5293623,2192487
5789,2967537,5261437,2255121
5790,3025926,5318430,2439128
5791,3153995,4975509,2119567
5792,3237816,5305187,2155199
5793,2829843,5029471,2173002
5794,2735410,5663351,2225387
5795,2904460,5691160,2269290
5796,3198044,5568600,2449524
5797,3098092,5539736,2309957
5798,2251560,5323047,2048836
5799,2717064,5530444,2077863
5800,2333357,5568797,2205079
5801,2955374,5345446,2238269
5802,3854390,5787159,2275185
5803,3202060,5431397,2158238
5804,2854292,6004533,2203966
5805,2993729,5372809,2103336
5806,3346965,5687648,2118570
5807,3235943,5851393,2224104
5808,2940659,5721635,2342912
5809,3281493,6009859,2088134
5810,2928519,5806287,2352287
5811,2622462,5820031,2203478
5812,3200695,5419815,2135255
5813,2869110,5888071,2312817
5814,3064452,5998564,2199814
5815,3121556,5343425,2252823
5816,3061910,4866669,2211000
5817,3741716,4979131,2212702
5818,3430579,5486143,2211291
5819,3028844,5181750,2291293
5820,3670924,5274847,2139940
5821,2533659,5373836,2374810
5822,3235065,5489674,2332722
5823,3313221,5781413,2312303
5824,3281297,5607991,2276925
5825,3256794,5478686,2257054
5826,2743251,5676742,2371705
5827,3002624,5456870,2328544
5828,3233073,5807483,2261822
5829,2998380,5863413,2276691
5830,2920548,5353259,2409287
5831,2527535,5706332,2415103
5832,3572028,5698404,2395203
5833,3253941,4712525,2214228
5834,2580576,6068968,2397211
5835,2701481,5374294,2205945
5836,2987952,5372938,2332688
5837,2953185,5167214,2300814
5838,2672504,5168473,2228658
5839,2906142,5493991,2308974
5840,2494730,5226644,2322199
5841,2136410,5345015,2205591
5842,2853039,5493484,2249095
5843,2552390,5394772,2127715
5844,2411216,5988391,2516658
5845,2934427,5844791,2147048
5846,3096728,5571900,2285421
5847,3386723,5675353,2246994
5848,2718783,5582279,2348497
5849,2129148,5583590,2177305
5850,2516225,5842588,2344693
5851,3021684,5492610,2386887
5852,3556024,5659528,2270841
5853,3005137,5752380,2196199
5854,2976280,6033537,2302223
5855,2609219,5952935,2104010
5856,3092708,5374351,2250884
5857,2898877,5213668,2379488
5858,3047483,5921607,2256234
5859,2720035,5671472,1982688
5860,2894773,6297009,2152253
5861,2860564,5870348,2227865
5862,2928181,5623679,2186667
5863,2976024,5890848,2019883
5864,2761183,5448356,2094654
5865,2909810,5294048,2320936
5866,3079943,5848278,2237816
5867,3476466,5440184,1938297
5868,3132437,5893084,2342303
5869,2539131,5319137,2206541
5870,2565429,5659132,2219757
5871,2546516,5824487,2087282
5872,3027558,5958942,2284575
5873,3277686,5283538,2151615
5874,2953378,5966075,2195713
5875,2631698,5116707,2103496
5876,2990412,5935258,1989218
5877,2822273,5709392,2378849
5878,3039502,5832601,2110254
5879,2708488,6239932,2144360
5880,2693701,5782424,2224977
5881,2419293,5434518,2311017
5882,2433424,5923742,2167338
5883,2676437,6221242,2287197
5884,2423389,6144569,2435928
5885,2688215,6195829,2277075
5886,2764482,5940905,2159088
5887,2614378,5690685,2360859
5888,2868286,5409802,2134884
5889,2446425,5712621,2184392
5890,3225774,5885708,2293874
5891,2756093,5752156,2280088
5892,3007469,5706927,2058475
5893,3314437,5345832,2460522
5894,2653340,6011246,2301102
5895,2965510,6212682,2379755
5896,3262908,6174569,2233164
5897,2678131,5354676,2398637
5898,3053817,6077299,2167828
5899,4665887,5340826,2226118
5900,3663390,5945768,2228118
5901,3263830,5390250,2316905
5902,3147065,5927467,2079528
5903,2453974,5781946,2329734
5904,2840967,5758354,2193625
5905,2526930,5677630,2167811
5906,2395955,5522989,2264714
5907,2570707,6227616,2013589
5908,2956284,5484469,2299034
5909,2754509,5781787,2138742
5910,2827911,5874487,2278263
5911,2313457,5321195,2290184
5912,2708957,5950734,2582662
5913,3002168,5154507,1935011
5914,2290317,5155679,2131138
5915,2348204,5808038,2450267
5916,2104477,5587179,2123254
5917,2726809,5470297,2210434
5918,2582741,5721618,2203101
5919,2185370,5146601,2161851
5920,2232711,5158356,2451366
5921,2697716,4831141,2232345
5922,2863078,4882681,2183511
5923,2746478,4989986,2385909
5924,2601751,5231725,2178703
5925,2694274,5184214,2218930
5926,2188549,5531892,2210777
5927,2717600,5015677,2437109
5928,2713691,4709749,2182890
5929,2740336,4650491,2084130
5930,2822367,5016874,2305661
5931,2745440,5204166,2119630
5932,2768211,4223065,2155380
5933,3022862,5524520,2265481
5934,2795108,5291246,2193951
5935,2279516,5253794,2092594
5936,2464661,5314870,2229540
5937,2644159,5468904,2105411
5938,2758053,5561335,2246923
5939,2903927,4741284,2101237
5940,3029130,5019605,2191111
5941,2249288,4392366,2431833
5942,1990546,4211261,2135949
5943,2035541,4749483,2234471
5944,2196048,5042296,2350237
5945,2729472,5105929,2355622
5946,2130451,4797440,2305194
5947,2485236,4911993,2227632
5948,2689541,4747099,2362971
5949,2336032,4826376,2187247
5950,2098996,4451492,2462233
5951,2246597,5113159,2255880
5952,2310320,4779227,2057635
5953,2438138,4711773,2507453
5954,2347650,4366531,2181197
5955,2210058,4423107,2281889
5956,2237889,4236881,2335470
5957,2421558,4472801,2347990
5958,2973075,4752956,2149849
5959,2281906,4449897,2173305
5960,2311271,4526172,2241980
5961,1917356,4147504,2565380
5962,1824144,4395912,2284908
5963,1953665,4911990,2227807
5964,1874524,4164526,2259819
5965,1976748,4634739,2339269
5966,2218193,4559525,2431805
5967,2221804,4539365,2218957
5968,2218940,4691046,2163731
5969,1809867,4627879,2166139
5970,1983584,4668731,2167262
5971,2989737,4747040,2331799
5972,2393969,4919532,2287936
5973,2438740,4973913,2311966
5974,2177748,4853062,2427921
5975,2719364,4589890,2207463
5976,2688683,4897368,2355029
5977,2673367,4797153,2284162
5978,2624286,4805361,2181946
5979,2306416,4271084,2178176
5980,3181323,4695876,2197157
5981,2864694,3965654,2243122
5982,2472691,3925544,2338352
5983,2485754,4260852,2347258
5984,2689042,4623895,2267969
5985,3114976,4218587,2350440
5986,2725712,4100163,2262334
5987,2942094,4079157,2271505
5988,2405606,4072697,2218654
5989,2449106,4154380,2455897
5990,2533766,3939299,2414753
5991,2531834,4171891,2177539
5992,2440921,3809191,2329592
5993,2236750,4099460,2259195
5994,2360333,3998421,2207061
5995,2412164,4467692,2314993
5996,2101358,4167087,2252529
5997,2454135,4016708,2250219
5998,2446139,3837729,2207114
5999,2338833,3930403,2221934
6000,2883793,4123853,2081483
6001,2372523,3963615,2158421
6002,2621902,4071954,2223247
6003,2591943,4122978,2330537
6004,2818742,4219315,2411424
6005,2676922,4349406,2272525
6006,2318827,4296908,2099978
6007,2207722,4223297,2150894
6008,2122441,3914935,2280217
6009,2461122,4254665,2177248
6010,2481176,4740787,2109576
6011,2714725,4728385,2198052
6012,3333407,4611951,2230748
6013,2109609,4938989,2278211
6014,2535385,5211523,2129116
6015,2611707,4693699,2216594
6016,2072073,4515435,2303228
6017,1820703,4355963,2309413
6018,2270239,4422649,2359140
6019,1910735,4630704,2291162
6020,1871556,4834579,2244901
6021,1744443,5100736,2471456
6022,1706812,4434537,2227032
6023,2279053,5286626,2416163
6024,1506591,4977375,2174304
6025,1878698,5356964,2361744
6026,1930713,5431255,2070406
6027,1690183,5273720,2316353
6028,2007337,4917346,2159850
6029,2083858,4923272,2197115
6030,1779399,4633236,2203434
6031,1838329,5109835,2164669
6032,1797850,4773850,1924256
6033,1692482,4812170,2451151
6034,1889480,4597903,2189469
6035,2075171,4437962,2078116
6036,1987768,4709849,2367572
6037,2260166,4723997,2418343
6038,1953801,4886038,2224968
6039,2140832,5061645,2209072
6040,1831933,5406876,2095324
6041,1922999,4743871,2276568
6042,1522312,5186343,2119806
6043,1469932,4429339,2446571
6044,1760832,4480174,2214339
6045,1685413,5098851,2291918
6046,2122541,4991205,2134708
6047,2664834,4275912,2166572
6048,1834452,4953830,2275314
6049,1904101,5003073,2112004
6050,1665323,4571771,2326948
6051,1889824,4738995,2142577
6052,1822827,4921569,2266759
6053,1705194,4205823,2130019
6054,1862758,4715521,2333569
6055,1877328,4395344,2070857
6056,1881297,4411173,2224453
6057,2246362,5256367,2219568
6058,1729021,5059255,2019643
6059,1921208,4520433,2143753
6060,1718533,5055078,2246279
6061,1733242,4901891,2110151
6062,1401234,4686566,2200527
6063,1578081,4725491,1928742
6064,1718471,4788029,2239125
6065,1570244,4942613,2125837
6066,1737847,5425998,2100720
6067,1579738,5213670,2143027
6068,1793057,5113285,2187046
6069,1799956,5161956,2169893
6070,1693224,5388239,2266861
6071,1958310,4974694,2331355
6072,1553923,5323009,2281645
6073,1556472,5317790,2205312
6074,1689877,4947998,2368231
6075,1526988,5147668,2125938
6076,1734183,5294947,2184250
6077,1659479,5315093,1898511
6078,1907683,5150365,2229655
6079,1682343,5520005,2174479
6080,1759461,5380628,2358796
6081,2172334,5289609,2178796
6082,1865447,5308040,2163936
6083,1715735,5091605,2488474
6084,1600349,5828827,2279038
6085,1452204,4990443,2144339
6086,1543282,5349412,2056477
6087,1262082,5778778,2082441
6088,1502129,5452230,2357396
6089,1496659,5703846,2233680
6090,1610076,5638888,2289931
6091,1539220,5208723,2268946
6092,1723894,4626039,2157488
6093,1506882,5185428,2166556
6094,1450800,5331461,2319256
6095,1245807,5251106,2200797
6096,1602506,4665122,2192233
6097,1407315,4969501,2200526
6098,1405817,4918531,2239704
6099,1285155,5423375,2381428
6100,1217618,5293994,2273393
6101,1245004,5914443,2333395
6102,1408655,6129227,2114542
6103,1436091,5282136,2122832
6104,1738373,5802001,2371507
6105,1542564,5305966,2283166
6106,1868861,5447874,2266056
6107,1616885,4949548,2210121
6108,1575412,6075047,2407489
6109,1853256,5214294,2273467
6110,1835875,6004574,2188902
6111,1692646,5347969,2188231
6112,1524159,5266199,2201249
6113,1624188,5029586,2331359
6114,1558172,5381597,2304018
6115,1465132,5432552,2294441
6116,1608427,5747000,2445415
6117,1522230,5787232,2284405
6118,1375316,5245645,2242560
6119,1287405,5829579,2310848
6120,1269779,5785326,2300340
6121,1620787,5134140,2047554
6122,1684651,5471243,2118913
6123,1491618,5626053,2318685
6124,1347500,4898031,2330010
6125,2008510,5183220,2205219
6126,1241485,5654079,2183683
6127,1418955,5396251,2086502
6128,1209565,5445302,2249315
6129,1176188,5583018,2269402
6130,1114236,5483311,2307435
6131,1116745,6088847,2188818
6132,1273509,5730460,2169168
6133,1210462,4984514,2343065
6134,1399197,5028863,2219910
6135,1580243,4934265,2245166
6136,1622026,4927341,2051008
6137,1400432,5493043,2179364
6138,1429940,5725109,2379164
6139,1343825,5682009,2381728
6140,967195,6079203,2204338
6141,1446270,6371530,2285276
6142,1408659,6648291,2240136
6143,1404569,5896725,2464650
6144,1279846,5737083,1947384
6145,1581310,6130317,2223941
6146,1260505,5683972,1867138
6147,1035814,5765730,2315917
6148,1509575,5303377,2407893
6149,981964,6067943,2220396
6150,1073244,6127803,2249471
6151,916151,5874113,2289580
6152,1185117,6701246,2366350
6153,1134049,5970626,1994458
6154,1149725,6266520,2193803
6155,1258049,6516816,2267617
6156,1472101,6131857,2189592
6157,1080812,6444870,2158730
6158,1364213,6672103,2132016
6159,1386706,6444539,2200103
6160,1503594,6278813,2258926
6161,1658728,5978490,2362175
6162,1286928,6200867,2243632
6163,1554530,5916823,2131031
6164,1725014,5912299,2246788
6165,1702070,4955755,2350894
6166,1428873,5852187,2171961
6167,1353632,5725518,2222891
6168,1989787,5412889,2318829
6169,1808282,5834971,2163650
6170,1455154,6025436,2215727
6171,1254168,6196667,2235264
6172,1174577,5480596,2289284
6173,1587194,6034718,2014633
6174,1394101,6409613,2259686
6175,1384078,6184272,2185870
6176,1752194,6199066,2222543
6177,1505455,6406212,2343853
6178,1778006,6312019,2293622
6179,2111870,6456621,2483073
6180,1999908,6346104,2289505
6181,2289985,5725901,2014259
6182,1662716,5989363,2164532
6183,1452900,5612469,2274696
6184,1371687,6509915,2243301
6185,1514186,6613840,2372929
6186,1791224,6664217,2026168
6187,1210394,6372547,2280127
6188,1193067,6610182,2246803
6189,1130537,6200604,2256342
6190,1191490,6700895,2211065
6191,1187612,6774325,2203414
6192,1485534,6574888,2072197
6193,1191858,5670371,2433830
6194,1247571,6598034,2124020
6195,1048797,6940825,2343729
6196,900700,5617704,2208562
6197,890842,6200672,2213906
6198,899474,5860129,2441339
6199,1040063,5934181,2210571
6200,1104256,5769502,2360392
6201,861464,6604128,2219485
6202,1182809,6123547,2297879
6203,1530751,6084307,2188566
6204,1252636,6297835,2118674
6205,1219014,6599812,2152233
6206,1267969,6491717,2322032
6207,1055146,7242155,2283749
6208,1416386,6698933,2271069
6209,1129653,6949604,2210317
6210,1069259,6265521,2257690
6211,1169562,6869883,2332258
6212,1164353,6570876,2253512
6213,1142471,7135964,2255692
6214,1351919,6825464,2076355
6215,1284858,6623123,2163390
6216,1301169,7040617,2156147
6217,1642836,6651796,2134461
6218,1128993,6001843,2260328
6219,1048179,6471655,2434505
6220,1116489,6126715,2382861
6221,1114730,5974229,2293063
6222,1423268,6253700,2123066
6223,1236487,6498875,2299987
6224,1654322,6926022,2415276
6225,984020,6412987,2111451
6226,1120248,6168566,2143739
6227,1461289,6956396,1939879
6228,1439498,5236059,2060341
6229,1444246,5626350,2449521
6230,1154913,6286301,2450179
6231,1510795,6182161,2322307
6232,1412550,5764303,2278365
6233,1474854,6320556,2171268
6234,1512233,6006968,2327316
6235,1230316,5392076,2212202
6236,1169628,5676568,2455063
6237,1445125,5485711,2343035
6238,1276222,5643549,2349598
6239,1373930,6191449,2252361
6240,1372881,6712740,2163642
6241,1036573,6332553,2367831
6242,1190968,6268976,2188872
6243,1413195,6085302,2085637
6244,1268540,6115597,2371865
6245,1125027,6227035,2325719
6246,1121483,5867872,2233666
6247,1248699,6101785,2287609
6248,1067028,5857106,2520892
6249,1305408,5696358,1970892
6250,1186992,5663694,2224521
6251,1280878,5679409,2282669
6252,1046883,6094446,2202006
6253,1206782,6306239,2140915
6254,1485573,5936443,2403368
6255,1095072,5852538,2491003
6256,1211701,6370854,2344777
6257,995342,6295123,2380135
6258,898841,6146932,2155818
6259,919361,6643848,2204257
6260,1112820,6187976,2274658
6261,1211803,6217852,2328212
6262,1063490,6471314,2204250
6263,954938,5593168,2385298
6264,959788,5363092,2275642
6265,872952,5976615,2334986
6266,1151973,6285760,2412243
6267,1171473,5575059,2303553
6268,1130301,5502049,2134973
6269,1167224,5648303,2096553
6270,1100582,6548384,2165779
6271,1063609,6012165,2223234
6272,954130,4601710,2227240
6273,935143,5949038,2185106
6274,1184549,5397218,2265349
6275,1188092,5562345,2244361
6276,1126657,5331422,2295694
6277,1008703,5245653,2183600
6278,1004756,5882694,2359509
6279,856666,5132549,1977588
6280,1221313,5224287,2270901
6281,1461869,5527822,2242135
6282,1369795,5233575,2299431
6283,1329050,5984534,2431963
6284,1166552,5961131,2335552
6285,1334937,5851060,2256980
6286,1424641,6482604,2186333
6287,1169814,6116698,2307767
6288,1132096,6109661,2208284
6289,1046938,6211775,2184609
6290,1166930,5878090,2363135
6291,1445799,6020590,2263858
6292,1152629,6577252,2279038
6293,968815,6611863,2235333
6294,939038,5675956,2139618
6295,995094,6459863,2005165
6296,1048844,6012578,2288736
6297,1158960,6192607,2308883
6298,1188498,6072373,2257923
6299,1256959,6184153,2112798
6300,1020559,6090181,2180225
6301,1208480,5567284,2225918
6302,1220504,6589778,2071640
6303,1088791,6308120,2216149
6304,1034309,5222374,2254902
6305,1492236,5980458,2231061
6306,1121164,6370366,2100553
6307,1508815,5846571,2195755
6308,1380170,6280034,2154592
6309,1473213,6249430,2091628
6310,1316617,6061492,2081687
6311,1534270,5632065,2223524
6312,1517371,5866844,2148720
6313,1589163,6088402,2459074
6314,1356233,6275455,2245418
6315,1162646,5772432,2264079
6316,1369644,6459794,2227424
6317,1789521,6161519,2159368
6318,1396154,5660453,2322045
6319,1383482,5927441,2290968
6320,1652736,6041675,2299988
6321,1366248,6131781,2279242
6322,1645234,5453005,2032341
6323,1364052,5353920,2296172
6324,1586016,6742351,2207295
6325,1429083,6255823,2235254
6326,1387978,5980902,2341406
6327,1428005,6015360,2200673
6328,1341230,5821851,2091619
6329,1232043,6375968,2284261
6330,1328070,5678191,2463329
6331,1347272,6163296,2089996
6332,1297254,5908932,2269797
6333,1018711,5783706,2191720
6334,1208785,6214747,2370444
6335,1308358,5470558,2232900
6336,861065,5470407,2087515
6337,1309294,5496363,2005634
6338,1240091,5806250,2393885
6339,1803143,5741522,2230017
6340,1305487,5687139,2148941
6341,1257223,5917672,2211960
6342,1510822,5840083,2232188
6343,1607414,5712638,2142397
6344,1142232,5377135,2207439
6345,1452996,6158807,2313203
6346,1509804,5374807,2092301
6347,1036445,5824720,2353035
6348,1452933,6315544,2161755
6349,938562,6072926,2260023
6350,1087794,6103832,2397833
6351,1235794,5784428,2118683
6352,1165638,5394869,2228811
6353,1118685,5343729,2281846
6354,1320300,5549194,2335722
6355,960593,5907984,2141713
6356,1252436,5332950,2394054
6357,1089177,5645339,2015926
6358,1193028,5073833,2258522
6359,1119213,5568718,2112317
6360,1405957,5024985,2213954
6361,1271645,5768156,2320631
6362,1130704,5144304,2203194
6363,979598,5285560,2345972
6364,1165871,5130693,2254326
6365,1348669,4591408,2304327
6366,1075769,4871712,2290461
6367,1092881,5627290,1995499
6368,929800,5516077,2414043
6369,1095396,5611491,2062083
6370,1319366,5556709,2257020
6371,1241944,4990926,2268851
6372,1418983,4831178,2046992
6373,1078331,5445393,2204470
6374,1428576,5730093,2168566
6375,1231856,5807799,2134997
6376,1269904,5009168,2266606
6377,1544390,5178236,2258072
6378,1175642,5751081,2241513
6379,1332412,5797937,2255765
6380,1174904,5840437,2080824
6381,1238386,5739802,2278634
6382,1514940,5212562,2100089
6383,1263673,5735686,2185227
6384,1166291,5592472,2170678
6385,1220526,5632145,2077220
6386,1260430,4709458,2296461
6387,1130821,5702564,2408966
6388,1165522,5279052,2196303
6389,1043751,5811824,2309906
6390,1395854,5117564,2145269
6391,1370162,5038898,2294152
6392,1260167,5807628,2416777
6393,1066170,5087240,2316854
6394,1329762,4704534,2113749
6395,1195894,5021959,2243940
6396,1250898,4903261,2192148
6397,1185573,5565621,2201820
6398,1090663,5186902,2444892
6399,1339261,4876163,2170226
6400,1396023,4551848,2146069
6401,1633999,4404789,2308360
6402,1445069,4217980,2136997
6403,1122947,4746132,2110557
6404,1219093,4662723,2001359
6405,1003160,4924931,2085530
6406,1223504,4945866,2160475
6407,1134921,4487386,2157094
6408,1194538,4005101,2283148
6409,1321416,4211750,2252237
6410,1262114,4626390,2398369
6411,1222951,4796825,2291263
6412,1757115,4740155,2199237
6413,1087370,4078219,2244495
6414,1290638,4431894,2480309
6415,1242201,3953160,2255498
6416,1461000,4640069,2324008
6417,1589594,4473114,2391039
6418,1340000,4796206,2175093
6419,1654312,4542197,2323491
6420,1642366,5232592,2285825
6421,1712879,4766337,2197327
6422,1211631,5191857,2398242
6423,1733220,5074682,2137283
6424,1606050,4456263,2203000
6425,1716453,4374291,2197272
6426,1525940,4387959,2084710
6427,1363827,4751804,2354493
6428,1104526,4655583,2208302
6429,1321025,4477608,2094332
6430,1275304,4758995,2162735
6431,1940062,4264826,2146204
6432,1570898,4834522,2389092
6433,1545824,5062133,2303395
6434,1466106,5162703,2367973
6435,1545311,5189916,2255860
6436,1517905,4660832,2283411
6437,1320801,4945143,2130189
6438,1803988,5011701,2309028
6439,1522221,4649180,2192229
6440,1297645,4816246,2287592
6441,1569420,5135222,2217571
6442,1362399,4641013,2113180
6443,1561115,4824272,2403823
6444,1597370,4589979,2189512
6445,1444762,4859082,2473316
6446,1749437,4991997,2251522
6447,1615267,4893123,2245163
6448,1608006,4335003,2301142
6449,1586660,4741743,2312084
6450,1354215,4605624,2310624
6451,1677063,5301230,2239570
6452,2027675,4753882,2293832
6453,1709752,4816986,2152726
6454,2067399,4990375,2100813
6455,1603076,4699919,2432418
6456,1787703,5412446,2299030
6457,1505039,4937150,2243783
6458,1704067,5118257,2067494
6459,1429547,4490129,2379203
6460,1581673,4326586,2234925
6461,1866406,4635032,2088002
6462,1627662,4722746,2196478
6463,1875221,4337295,2321290
6464,1692085,4739425,2261535
6465,1912064,5001885,2365734
6466,1841469,4493140,1856044
6467,1912425,5404171,2360161
6468,1602888,4635071,2173200
6469,1685728,4939556,2275228
6470,1656050,5157427,2197583
6471,1734766,5605789,2296455
6472,2222328,5382756,2315440
6473,2083755,5137039,2356151
6474,1682017,5262713,2255752
6475,1943324,4297954,2317613
6476,2274861,4612098,2289467
6477,2346640,4420019,2161557
6478,1943978,4462804,2229641
6479,1555000,4234625,2365095
6480,2258879,5024292,2001951
6481,1970297,4439197,2400848
6482,2112066,4358653,2218419
6483,2593183,5284863,2344830
6484,1931809,5020378,2213036
6485,2262664,4532744,2072519
6486,2120352,4539848,2058953
6487,2122949,4664238,2160484
6488,2230615,5326192,2075139
6489,2300454,5055852,2322788
6490,2528940,4989656,2063697
6491,2589795,5302300,2025983
6492,2165003,4993954,2328929
6493,2682413,5567649,2205928
6494,2809488,5466770,2118654
6495,2133508,5159382,2152782
6496,2283690,5236515,2207922
6497,2108442,5397543,2219783
6498,2355159,5287601,2183876
6499,2257903,4963776,1941460
6500,2200597,5311749,2129110
6501,2207995,5125329,2072818
6502,3124882,5325190,2203043
6503,2992810,5790411,2267841
6504,3043254,5017812,2220900
6505,3137487,4972065,2198036
6506,3423816,5615960,2206070
6507,2654711,5939352,2012237
6508,3237338,5642383,2314447
6509,3049829,5434204,2308770
6510,3066152,5784722,2303219
6511,3318132,5338686,2254040
6512,4391699,5956254,2128416
6513,3155426,5479993,2190162
6514,2427871,4865012,2198280
6515,2572158,5529653,2131840
6516,3521543,5376078,2398386
6517,2831940,5193857,2274790
6518,3498213,5658857,2412565
6519,3196185,5010670,2340301
6520,3301665,5333798,2260738
6521,3569936,5374838,2199699
6522,4014702,5491645,2244596
6523,4354479,5366481,2176967
6524,3462901,5581947,2128135
6525,3167704,5744618,2123230
6526,3617005,5944514,2266547
6527,3849978,5094716,2091117
6528,4506642,5370305,2212423
6529,3737242,5226670,2073255
6530,4305813,5392993,2368619
6531,4800460,5625106,2218398
6532,4490545,5601648,2207745
6533,3300300,5455803,2260533
6534,3671360,4822585,2186625
6535,3633575,5087999,2080781
6536,4146942,5239870,2179927
6537,3579637,5210403,2396188
6538,3796483,4985894,2265788
6539,4356355,5503465,2358822
6540,3950320,5431791,2512254
6541,3506105,6068658,2261161
6542,4263459,5823712,2212582
6543,4524096,5526715,2375637
6544,4188099,5386982,2240717
6545,4374509,5567801,2117151
6546,4029263,4744783,2084287
6547,4332338,5329237,2154321
6548,3740835,5716802,2261427
6549,3952944,5195336,2194316
6550,3619248,5539733,2189547
6551,5306857,5623821,2101547
6552,4728155,6185794,2178357
6553,4233749,6398991,2240504
6554,4676381,5589230,2028377
6555,4278251,5605515,2138859
6556,4833728,6408064,2473433
6557,4450258,5776602,2355414
6558,3907239,5751046,2376734
6559,4018334,6231428,2003051
6560,4085525,5968000,2217699
6561,4429394,5634365,2285965
6562,4824756,6316853,2226355
6563,4425479,6055700,2329038
6564,4834167,5680696,2276603
6565,4922099,5995902,2296842
6566,5500308,6067863,2347646
6567,5738377,6228326,2038924
6568,5502971,5994509,2270863
6569,5466960,6026793,2101767
6570,5613214,5961439,2281367
6571,5275852,6256623,2378959
6572,4909029,6304801,2223446
6573,5372521,5805804,2054492
6574,5681930,6000314,2079388
6575,5673086,6505472,2227200
6576,5687666,5813381,2162085
6577,6247652,5513931,2411491
6578,5085029,5183914,2199766
6579,5855013,4768816,2438280
6580,6247571,5579672,2231125
6581,6334603,4975510,2108669
6582,5303642,5350415,2481322
6583,4970729,5647506,2199269
6584,5257851,5433661,2399420
6585,6506010,5277062,2397692
6586,6042372,5749774,2215845
6587,6480537,5995802,2310146
6588,5717064,6072629,2342613
6589,5130863,5734174,2387555
6590,4952140,5317968,2203201
6591,5304574,5814211,2112251
6592,5222359,5684087,2362729
6593,5403603,5779549,2298786
6594,5776960,5335732,2024793
6595,5560471,5771153,2351988
6596,5317820,6192032,2078946
6597,5669823,5544479,2193032
6598,6501682,5253193,2166854
6599,4910367,6000209,2201614
6600,5373627,5988073,2229182
6601,6178733,5327360,2128634
6602,6656061,5332633,2347471
6603,7243356,5377756,2295258
6604,6112701,5287783,2304500
6605,7589642,4866267,2375154
6606,6512691,5113243,2373771
6607,6758911,4944879,2255794
6608,8064414,4810028,2254755
6609,6670394,5721683,2169772
6610,6448976,5991348,2278631
6611,7602271,5839792,2199854
6612,7526736,5619588,2038891
6613,7062376,5325353,2283460
6614,7702599,4729534,2118046
6615,7505575,5410303,2398494
6616,7334550,5797098,2439812
6617,7173241,5889684,2317351
6618,7185899,5633344,2117019
6619,5955140,4772878,2243120
6620,6522895,6110912,2119450
6621,7020656,5715786,2148958
6622,6416809,5800102,2132339
6623,7173277,5563025,2219176
6624,6814147,5189308,2244090
6625,6666878,5189872,2224302
6626,5859934,5253101,2267169
6627,6745509,5460866,2118982
6628,7297771,5197348,2358274
6629,7442125,5176689,2350416
6630,7113515,5471209,2164009
6631,6548564,5568586,2280389
6632,7741127,6145508,2160522
6633,7673818,6065135,2139394
6634,7544464,5705908,2226393
6635,7851153,6314758,2338016
6636,7180034,5824603,2205380
6637,7917100,6394262,2263948
6638,7250395,6296084,2264856
6639,8074291,5485301,2083363
6640,7648795,5794989,1914827
6641,7138071,5997343,2072828
6642,9465948,6529820,2164546
6643,8483158,6294576,2142329
6644,8370429,6207154,2125977
6645,9277484,5915231,2029750
6646,8701528,6042983,2257119
6647,7663459,6018535,2348972
6648,8338195,6013634,2384692
6649,9106944,5921552,2295040
6650,9448736,6358956,2147048
6651,9151956,6147950,2290754
6652,9306096,5847535,2025689
6653,9387337,5574270,2330786
6654,10596002,5073514,2329768
6655,8051485,5563591,2135728
6656,9513916,4961858,2264629
6657,8274773,5236070,2267059
6658,9832203,5570435,2247924
6659,8629162,5148089,2433516
6660,8740091,5298044,2248279
6661,9933925,5296502,2097828
6662,8810456,5365103,2099738
6663,8012040,5597772,2357684
6664,8866256,5208027,2054197
6665,8930866,5678450,2254179
6666,8808299,5887836,2058252
6667,8889315,5354361,2296123
6668,8861184,5367609,2218021
6669,7528027,5142546,2344544
6670,8844917,4809773,2066711
6671,7740514,4981872,2065371
6672,7951498,5588985,2199196
6673,8801468,4921286,2169609
6674,7166820,5158869,2366727
6675,6846282,5568620,2219497
6676,7377740,5025100,2237059
6677,8587948,5899417,2198020
6678,8532904,5138974,2381628
6679,8964568,5244078,1985322
6680,9816203,5295319,2210849
6681,10596565,5407800,2078466
6682,9823924,5679112,2048510
6683,9413728,5318874,2442621
6684,9096940,5428508,2375150
6685,8831393,5230079,2342583
6686,8541323,5047082,2138855
6687,8633263,4968417,2288092
6688,8432906,4503520,2285939
6689,7783653,4387218,2236170
6690,8742073,4582230,2307082
6691,8639724,5346529,2359370
6692,8342921,6034179,2315540
6693,7740497,5347634,2376323
6694,6761191,5611119,2355403
6695,7484630,5468167,2203560
6696,7744317,6196359,2299425
6697,6783723,5482689,2102809
6698,7471649,5783167,2053044
6699,8103424,5686221,2352969
6700,8179758,5613589,2132666
6701,8617998,5518254,2266933
6702,9362399,5210092,2154370
6703,7460047,5563643,2236513
6704,7662631,5187807,2379612
6705,8560260,5599277,2372193
6706,8696402,5708435,2216988
6707,7622736,5395967,2290207
6708,9174781,5244105,2206743
6709,9227390,5692589,2288796
6710,8857691,5704519,2122321
6711,8088148,5542936,2335435
6712,10026465,5763707,2277612
6713,9043656,5578691,2148666
6714,8186005,5174624,2363904
6715,8229225,4984374,2189724
6716,8198899,4757343,2087028
6717,8612044,5322685,2229951
6718,8247748,5124859,2261286
6719,8613684,4383769,2319506
6720,8907787,5059834,2216689
6721,7946264,5088208,2356478
6722,9368388,4694969,2278844
6723,8802246,5445925,2151841
6724,8849897,5575617,2212396
6725,8271076,5160270,2395169
6726,9032503,5072789,2031069
6727,9114278,4951567,2373488
6728,8264996,4393170,2157140
6729,6561699,4728562,2328440
6730,8499323,5020119,2181234
6731,7517813,4949588,2330311
6732,7298282,4787952,2310439
6733,6652720,5043256,2027162
6734,6904543,4703247,2035954
6735,6958113,5241002,2184485
6736,6820812,4817013,2104849
6737,8532879,5408473,2114978
6738,7175347,4745688,2321237
6739,6662311,4949021,2170728
6740,6643515,5151651,2155275
6741,8341984,4687951,2172671
6742,7869191,4037902,2107987
6743,7547712,4727005,2170009
6744,6234218,4599102,2132689
6745,7075193,4755500,2419676
6746,8320123,4809604,2382976
6747,7679088,4591764,2240850
6748,8751584,4545376,2366243
6749,6865927,4361839,2308063
6750,7287081,4665305,2212739
6751,6268344,4608077,2229220
6752,6537868,5139082,2215750
6753,7883128,5020425,2421742
6754,7029355,4764536,2344731
6755,7301108,4603523,2188961
6756,6381777,4409571,2120763
6757,6002821,4484945,2130171
6758,7550819,4471097,2246844
6759,7808245,4435402,2292134
6760,7976204,4810699,2269693
6761,9064062,5371863,2135140
6762,9357124,5453577,2257552
6763,8294297,4765337,2322601
6764,9059639,5055946,2004228
6765,8035933,5029004,2113330
6766,8271940,5388490,2111455
6767,8407833,5064560,2174360
6768,8180373,5131276,2208023
6769,8588059,4687333,2146654
6770,9162654,5068300,2233115
6771,9654679,4658831,1920197
6772,8613266,5251457,2245255
6773,9186138,4730409,2136395
6774,8249870,4743629,2418499
6775,7402116,5279774,2052319
6776,6641155,4837049,2083739
6777,8198608,4660233,2129142
6778,9002970,4742066,2366129
6779,8189414,4594930,2072069
6780,8800817,4851371,2245650
6781,8353981,5032652,2352220
6782,8546880,5027537,2257964
6783,8987238,4759382,2075835
6784,8813590,5340886,2224042
6785,9106546,5177148,2217914
6786,8112785,4515168,2191273
6787,8237860,4799513,2143119
6788,8546957,5197800,2305623
6789,8420350,4596363,2255690
6790,8459230,5204393,2340865
6791,9331603,5138090,2329424
6792,9842580,5262031,2142917
6793,8289618,4994938,2165078
6794,8777772,4375241,2430187
6795,9401543,4808586,1987060
6796,9191526,4640214,2376403
6797,7328830,4580417,2410621
6798,7952535,4743320,2234561
6799,8852288,4578437,2298108
6800,8581123,4630199,2574791
6801,10152844,4728263,2139154
6802,9541568,4695659,2360033
6803,8108274,4942465,2301122
6804,7137638,4748320,2176801
6805,7823251,4946870,2349483
6806,8462588,4770058,2318516
6807,9181548,4736778,2174712
6808,9827997,4860169,2375230
6809,7882181,4686210,2181959
6810,8063172,4823503,2231024
6811,7323376,4701122,2267734
6812,7867795,4907950,2434605
6813,8678854,4745736,2387133
6814,7837808,4537618,2341306
6815,8202488,5338503,2205174
6816,9082435,5084238,2358420
6817,8458403,4661649,2039223
6818,8925617,4717528,2139699
6819,8800407,4624329,2351662
6820,8578025,4778475,2323355
6821,8415250,4756615,2405219
6822,8901008,4689077,2407855
6823,8836315,4615769,2215820
6824,8526483,4036306,2109432
6825,9190281,4336264,2067980
6826,10126473,4157000,2290367
6827,10904127,4293953,2290404
6828,8831892,4525144,2491350
6829,10326494,4382810,2210092
6830,9523796,4244675,2339687
6831,9380126,3852211,2490948
6832,9125570,4250417,2331286
6833,7792108,4739104,2496390
6834,8259822,4484392,2375662
6835,9375399,4375865,2157545
6836,9418764,4586682,2096115
6837,9297191,4308497,2253563
6838,9832495,4487011,2341530
6839,8084034,4219694,2197703
6840,9001725,4159801,2374722
6841,7894152,4490151,2277384
6842,8596990,4848090,2220236
6843,8677812,4486761,2222193
6844,9183625,4554598,2206298
6845,9130251,4395636,2222166
6846,8703959,5146548,2217568
6847,8694280,4337375,2291088
6848,8691654,4423077,2087487
6849,9056199,4525364,2173564
6850,9733890,4234222,2114513
6851,8726952,3776656,2032122
6852,9039556,3659312,2222225
6853,10132824,4138049,1930269
6854,9693886,3123342,2071229
6855,12168530,3643551,2159359
6856,9292229,3606172,2044942
6857,10381863,3614402,2226222
6858,11233929,3319166,2339497
6859,9837027,3581957,2209894
6860,8770548,3449038,2096826
6861,9134503,4065605,2336375
6862,9277782,3557375,2296526
6863,10096269,3835083,2089987
6864,9653117,3753556,2317527
6865,10172317,3742837,2231369
6866,8547041,4030035,2237457
6867,7742013,3580705,2191821
6868,9046193,4382716,2167262
6869,9344751,4173060,2137133
6870,10171547,4430001,2231113
6871,9645176,4308042,2159674
6872,10006065,4140744,2179974
6873,9217561,4107870,2286630
6874,8795004,4387679,2198406
6875,9965069,3794009,2079215
6876,9451126,4124333,2124517
6877,8940977,3985189,2332263
6878,9296289,4079877,2412267
6879,10626714,4084950,2224488
6880,10653111,4738545,2188447
6881,9790475,4571745,2187415
6882,11581788,4422020,2264907
6883,12202220,4609181,2234493
6884,9977624,4613328,2505151
6885,8875951,4139147,2216196
6886,8133881,4357296,2218655
6887,7579795,4497613,2294723
6888,8941587,4354693,2356732
6889,9417671,4364955,2186715
6890,9091836,4542575,2149659
6891,8461225,4656893,2237351
6892,9695615,4027965,2254614
6893,8909535,4378749,2226493
6894,8705358,3943054,2439647
6895,7830273,3992188,2302607
6896,8601696,4289188,2380121
6897,7491061,4211146,2362850
6898,8205105,3877196,2062668
6899,8255362,3708672,2158265
6900,7407263,3901442,2212283
6901,8329729,3929070,2241441
6902,9269118,4081857,2259558
6903,8594965,3669599,2134309
6904,8024345,3550067,2287577
6905,8842699,4048248,2123437
6906,9048498,4398793,2302143
6907,7870811,3598445,2384886
6908,6964693,3669200,2262882
6909,7894164,3818861,2266714
6910,8635650,3955329,2485882
6911,9228926,3982995,2247656
6912,9215208,4046841,2158367
6913,9070692,3671447,2131851
6914,7259576,4080257,2176034
6915,7513314,3705590,2277206
6916,9516879,3876687,2159402
6917,9139274,3551071,2337564
6918,9848921,3813830,2166357
6919,9947791,3820681,2105609
6920,11121967,3695908,2168439
6921,10588593,3655441,2277166
6922,9527752,3284438,2205461
6923,9828036,3281875,2290313
6924,10701858,3459534,2289801
6925,10470608,3528608,2455681
6926,9603727,3291666,2442184
6927,11236765,3810677,2278447
6928,10025127,3731708,2339249
6929,10221908,3480019,2259615
6930,10925797,4329872,2160433
6931,11360848,3594196,2337432
6932,13166265,3791045,2062857
6933,10949924,3861271,2581935
6934,11576384,3393191,2175848
6935,10699893,3918900,2173353
6936,10692581,4398297,2206852
6937,10326421,3524561,2179296
6938,9826000,4131136,1996290
6939,11411233,3732959,2411533
6940,10162221,4278215,2133254
6941,9907342,3976915,2110345
6942,9424022,3602834,2155513
6943,9787747,4024327,2276625
6944,9366710,3495266,2371780
6945,10154674,3850567,2263993
6946,10459796,4008645,2438087
6947,10226111,4143723,2375071
6948,11097154,4427479,2223265
6949,10560840,4192106,2120365
6950,10229130,4232736,2338890
6951,11137925,4085648,2242862
6952,11434860,3863216,2274554
6953,10736115,4103530,2302239
6954,10297384,3475371,2256800
6955,10637117,4301913,2197847
6956,10118476,4325478,2129655
6957,10689469,4232502,2395843
6958,9827546,3978963,2301544
6959,10131105,3783769,2306985
6960,10046874,3756089,2162383
6961,10119407,4166365,2309355
6962,9749840,3876436,2126852
6963,10783152,4039942,2151518
6964,10800025,3903390,2403005
6965,9741514,3843138,2457107
6966,10063132,3704179,2328246
6967,10301019,4411212,2022773
6968,9847965,3849763,2297421
6969,10140426,3570972,2115695
6970,9520889,3609103,2311242
6971,10606956,3381634,2394230
6972,8801463,3886252,2219919
6973,9250801,3728427,2034088
6974,8924935,3786615,2199764
6975,9449943,4295537,2112495
6976,9209699,3899033,2222519
6977,11055264,4225304,2181852
6978,9458990,4278995,2400882
6979,9277628,3420315,1977810
6980,9899227,3394336,2156318
6981,10236924,3866690,2185508
6982,10031648,4086585,2154268
6983,9431171,3578271,2218184
6984,8884807,3410951,2274596
6985,9530490,3787518,2438542
6986,11037274,3814417,2230122
6987,9963716,3892216,2017886
6988,9816981,3542890,2214371
6989,9548758,3290141,2184961
6990,9617131,3981388,2338576
6991,8734525,3910553,2203718
6992,7785351,3543249,2372806
6993,7908871,3647533,2072907
6994,9234998,3901681,1975443
6995,9052475,3819881,2293564
6996,10226187,3772276,2367501
6997,8632030,4033091,2160613
6998,8869084,3605199,2288625
6999,9745390,4217589,2202993
7000,8783078,4258694,2461278
7001,9715981,4138020,2344000
7002,8254813,3926133,2264949
7003,8860705,3778908,2253101
7004,9621334,3657852,2410673
7005,9202607,3975275,2252868
7006,8687918,3940050,2257147
7007,8651418,3554050,2244619
7008,9673574,3503699,2288414
7009,8345577,3356720,2501339
7010,9278352,3821817,2202430
7011,8636159,3263707,2319901
7012,8343591,3718827,2128942
7013,7024331,3946183,2269148
7014,7807482,3445874,2046532
7015,8700240,2869320,2408108
7016,9073077,3395988,2342609
7017,9171212,3177393,2243928
7018,8180640,3154924,2097095
7019,8622645,2889657,2476720
7020,8589909,3551356,2441468
7021,7384479,3557694,2108611
7022,7613648,3879678,2154617
7023,8004327,3693795,2159322
7024,7357645,3010174,2168075
7025,7710465,3291781,2191802
7026,7912044,3074336,2258782
7027,6512641,3356161,2098559
7028,7759292,2858428,2342791
7029,7491911,2841512,2223329
7030,7673995,3060041,2229128
7031,7163498,3395281,2389139
7032,7032598,2918178,2369164
7033,7210441,3063772,2241152
7034,6859223,3424945,2186655
7035,7298149,2773099,2278966
7036,6830789,3198901,2200367
7037,7684311,3236887,2353855
7038,7089701,3349649,2088573
7039,7177322,3277281,2181530
7040,6539977,3805825,2183241
7041,6453993,3065805,2205121
7042,6597880,2963994,2236473
7043,7346550,2838961,2183212
7044,6897732,2888102,2090251
7045,7167437,2830634,2230398
7046,7534983,3125075,2334238
7047,6719458,3398065,1987276
7048,6219372,3120582,2246787
7049,6635157,2983043,2252643
7050,6034168,3070398,2344132
7051,7467940,3503478,2167975
7052,6649494,3163920,2234169
7053,6136890,2858519,2300788
7054,5666332,2858154,2184266
7055,6653602,2843887,2201183
7056,6382855,3397976,2197202
7057,6702349,3359200,2083276
7058,6083546,2860482,2297542
7059,6794309,2923659,2278936
7060,6292230,3060343,2240451
7061,6248980,3492676,2135294
7062,6313753,2647588,2273230
7063,6369312,3350791,2255844
7064,5662334,3131171,2171247
7065,6447128,3633604,2069861
7066,5955233,3190609,2282763
7067,6794288,2735739,2232128
7068,6255497,2810668,2311102
7069,6247240,3013800,2099362
7070,6837989,3288162,1952374
7071,5216192,2779109,2269881
7072,6032383,3036383,2210059
7073,7045070,2956011,2096711
7074,5850815,2743709,2173887
7075,6135689,2785840,2187510
7076,6208541,2939591,2141962
7077,6016695,3111468,2307599
7078,5806885,3025803,2038671
7079,6010540,2929411,2014712
7080,6127303,2941186,1982523
7081,5899972,2965237,2270487
7082,5034971,2831202,1876924
7083,5607202,3223739,2254897
7084,5322211,3103809,2268186
7085,4835730,2971994,2217648
7086,5680128,3187869,2242179
7087,5117899,2939332,2319525
7088,5461167,3006761,2175966
7089,5066915,2676642,2231476
7090,4735814,2398736,2445964
7091,4857986,2675787,2192248
7092,6085756,2556331,2200801
7093,5502190,2310797,2315771
7094,5438571,2502653,2265715
7095,5132335,2901494,2227475
7096,4984947,2502691,2255474
7097,5388018,2788710,2160523
7098,5495166,2890020,2238226
7099,5063807,2698395,2344172
7100,5491320,2318542,2258111
7101,5467826,2238743,2102719
7102,4848891,2584429,2126647
7103,4406056,2805364,2058311
7104,4692961,2848268,2262496
7105,4402051,2489568,2349525
7106,3997943,2503631,2162703
7107,4570446,2754619,2396108
7108,4545535,2515233,2175179
7109,4833761,2582060,2055267
7110,4348182,2685088,2161882
7111,4649793,2845778,2263430
7112,4795302,2841034,2243081
7113,4652736,2468670,2228331
7114,4861685,2818424,2072698
7115,5281760,2629201,2278657
7116,4824377,2814853,2166807
7117,4757534,2285133,2081728
7118,5122978,2610992,2255806
7119,4633784,2245843,2250297
7120,4410515,2486708,2331548
7121,4675706,2491788,2195633
7122,4511191,2802425,2503431
7123,3920186,2848091,2351210
7124,4537378,2651950,2321642
7125,4122967,3078127,2058789
7126,5132254,2994024,1991207
7127,5678945,2943515,2231714
7128,4398828,3042839,2326676
7129,4160041,2629790,2371810
7130,3847184,2803873,2126234
7131,4545679,2908212,2425639
7132,4316797,2881832,2088754
7133,4139323,2849817,2147683
7134,4423796,2677682,2148987
7135,5486275,2789498,2310320
7136,3689254,3128441,2186571
7137,3780072,2981643,2370185
7138,4149763,2757943,2150525
7139,3986985,2366181,2408044
7140,3745890,2645258,2245912
7141,3439397,2977208,2168960
7142,3350062,2770151,2228099
7143,3324980,2713632,2321214
7144,3771101,2481987,2168092
7145,3652312,2139274,2142185
7146,3192682,2204111,2341328
7147,3400582,2464546,2369205
7148,3045423,2260190,2382160
7149,3218117,2372975,2090281
7150,3593377,2444598,2273323
7151,3478718,2393257,2303117
7152,3126667,2431525,2058396
7153,2807417,2420298,2282981
7154,2943467,2626070,2304135
7155,3319139,2650206,2441590
7156,3873207,2323685,2107908
7157,3745352,2810352,2224898
7158,4019707,2638367,2521014
7159,3506203,2340471,2134212
7160,4033873,2765473,2174335
7161,4172251,2371113,2177204
7162,3674712,2699890,2065166
7163,3730557,2781187,2328493
7164,3483203,1964097,2503556
7165,3636279,2741353,2304523
7166,3565133,2907872,2335479
7167,3142575,2912252,2077362
7168,3071446,2849838,2204031
7169,3261977,2612884,2144475
7170,3274442,2859103,2095525
7171,2955632,2288196,2046463
7172,3413474,2952656,2306449
7173,3500207,3146255,2116647
7174,2978090,2544833,2307905
7175,2891884,2661783,2295373
7176,2762653,3010030,2267920
7177,2887554,2694123,2110773
7178,2605813,2523357,2391839
7179,2203311,2639874,2320127
7180,2268446,2879954,2413124
7181,3027029,3017926,2381410
7182,2722544,3144603,2280843
7183,2768394,2777591,2393173
7184,2169914,2818732,2267398
7185,2763246,2787118,2202307
7186,3263971,2848621,2157899
7187,2579004,3185367,2244140
7188,2369066,2709942,2244855
7189,2558196,2970035,2040111
7190,2583490,2796989,2261256
7191,3029154,2763079,2376013
7192,2685012,3041730,2173318
7193,2969593,3182000,2493778
7194,2511226,2574703,2145017
7195,2818017,3032733,2282949
7196,2637331,2826762,2370063
7197,3197427,2697727,2368630
7198,2953338,2045701,2296494
7199,2870072,2341132,2255832
7200,3029277,2273213,2297973
7201,2911274,2802999,2088717
7202,2941018,2841557,2194476
7203,3396670,2649267,2125830
7204,2917116,2902347,2294900
7205,2425165,2763091,2413966
7206,2674064,2573521,2178440
7207,2404363,2581950,2241153
7208,1902659,2600063,2443107
7209,2521626,2646184,2222858
7210,2407243,2559888,2267566
7211,2172163,2517626,2258833
7212,2386657,2728073,2269739
7213,2442216,2649949,2047866
7214,2422783,2542902,2331039
7215,2753718,2630536,2300730
7216,2260162,2766753,2024114
7217,2376317,2345690,2449971
7218,2724199,2612866,2220972
7219,2561770,2262230,2080983
7220,2375867,2576440,2219822
7221,2014958,2732760,2317890
7222,1875512,1963871,2157901
7223,1761196,2390256,2301242
7224,1687215,2331766,2214077
7225,2018803,2387179,2329544
7226,2357780,2580043,2225591
7227,2354119,2696779,2287287
7228,2451661,2755312,2323682
7229,2429032,2812834,2264168
7230,2645355,2993369,2308646
7231,2712021,2679750,2236292
7232,2219981,2732469,2271690
7233,1914629,3066342,2395585
7234,2152239,2688969,2179762
7235,2248360,2569312,2286047
7236,2238965,2889145,1980757
7237,2005431,2926103,2223991
7238,2135460,2856183,2321324
7239,2472867,2808496,2283420
7240,2040287,2666639,2139812
7241,1905543,2879921,2243699
7242,1874213,2558581,2211949
7243,1744407,2792774,2309971
7244,1921334,2789729,2297225
7245,1926761,3138599,2145710
7246,2103253,3009014,2481330
7247,2590601,3111471,2118883
7248,2224310,3057965,2340566
7249,2721275,3094185,2196131
7250,2319801,2701783,2336579
7251,2304431,2692415,2417807
7252,2156076,2823912,2349427
7253,1819433,3074616,2258169
7254,1801227,2436429,2270998
7255,1927398,2714124,2196394
7256,2650225,2799656,2195751
7257,2437072,2943767,2353132
7258,2161317,3168498,2209967
7259,2188713,2796426,2282020
7260,2085182,2694155,2396542
7261,2232081,3001430,2289699
7262,2396549,3035540,2120723
7263,2126584,3040818,2123015
7264,2052254,2984300,2086219
7265,2489317,2997335,2121758
7266,2347944,2937478,2141749
7267,2256740,3125655,2285467
7268,2408445,2775401,2130870
7269,2645001,2918172,2175073
7270,2488328,3103570,2027765
7271,2429323,2922151,2122610
7272,2060493,2978750,2207853
7273,1924536,3262755,2242808
7274,1901903,2771523,2365269
7275,1939292,3035504,2219863
7276,2327039,3030154,2405450
7277,2229042,3152947,2019335
7278,2321462,3175050,2349284
7279,2029123,2599758,2197837
7280,1989901,2913278,2349354
7281,1941218,2564607,2371232
7282,1930552,2933054,2296219
7283,2174076,3206795,2137980
7284,1972761,3088362,2263571
7285,2124280,3125698,2333579
7286,1590991,3059980,2156853
7287,1884323,3037424,2304648
7288,1578455,3222157,2340462
7289,1803682,3432892,2250617
7290,1344443,3236313,2115169
7291,1800087,3082098,2157475
7292,1636609,3452839,2211200
7293,2024081,2930386,2333813
7294,2513493,2366995,2215589
7295,1907105,2766689,2138539
7296,1996802,3137797,2369241
7297,2358007,2559082,2310550
7298,2030237,2894406,2356951
7299,1663855,2502397,2082034
7300,1866250,2905940,2093580
7301,1704875,2779087,2297225
7302,1674439,2815229,2254476
7303,2063190,2872513,1961878
7304,2024592,2330722,2256581
7305,2592407,2416305,2142472
7306,2059504,2180685,2339769
7307,2060829,2875079,2318509
7308,1732685,2364468,2284502
7309,1495852,2537929,2103289
7310,2018667,2706185,2333782
7311,1514904,2816452,2000697
7312,1631651,2294072,2121674
7313,1462218,2675259,2034542
7314,1991422,2861589,1924542
7315,2056169,3067166,2125745
7316,2001206,3110447,2253408
7317,1766393,3072747,2184401
7318,1703699,2952638,2353994
7319,2132438,2872046,2011623
7320,1777040,2757566,2149967
7321,1590726,3062542,2128553
7322,1863979,2624624,2263437
7323,1979879,2656889,2153922
7324,2005101,3039962,2288562
7325,1817129,2803100,2240767
7326,1786776,3160636,2301021
7327,1925401,3034264,1954853
7328,1724281,2845731,2233183
7329,1522081,3107181,2133232
7330,1831374,2985043,2228581
7331,1612716,3145725,2135427
7332,1650227,2983983,2321731
7333,1866149,3161836,2154461
7334,1251462,3456940,2337985
7335,1541523,3300390,2266217
7336,1691152,3272767,2207977
7337,1989822,3196519,2246284
7338,1839263,2890441,2141053
7339,1112120,3247455,2074872
7340,2036378,2950767,2076721
7341,1627137,3021133,2333553
7342,1823794,3134774,2135045
7343,1447941,3136114,2258002
7344,1764964,2984553,2175919
7345,1579800,3155257,2258852
7346,1778406,2993703,2284456
7347,1620379,3135550,2265730
7348,1951590,3235164,2387536
7349,1673660,3220342,2085731
7350,1510234,3318731,2057390
7351,1711206,3316087,2365830
7352,1558407,3514864,2124778
7353,1637272,3236525,2175183
7354,1535752,3271853,2505291
7355,1906050,2968366,2333671
7356,1918784,3294470,1924195
7357,1888808,3115510,2319201
7358,2070857,2934235,2265066
7359,1829173,2745338,1997557
7360,1664578,2849970,2347279
7361,1538341,2823630,2350531
7362,1916245,2729049,2118882
7363,1719551,2630227,2273034
7364,1871765,2884774,2306675
7365,2356697,2856570,2126340
7366,2052397,3208441,2190875
7367,2026349,2893193,2318567
7368,1970660,2887443,2307341
7369,1952691,2880833,2208855
7370,1797736,2706616,2087230
7371,2073205,2861533,2128252
7372,1643406,2668265,2274632
7373,1640102,2995736,2142516
7374,1926238,2613099,2387658
7375,1345782,2822189,2217244
7376,1399082,2839823,2074367
7377,1669416,3016978,1868307
7378,1713572,2870905,2235772
7379,1953573,2771587,2302902
7380,1923894,2586623,2203849
7381,1810914,2584620,2199094
7382,1731335,2479635,2144438
7383,1787360,2467679,2155924
7384,1856991,2379734,2115324
7385,2445067,2383764,2343399
7386,2255303,2525808,2182499
7387,1770395,2538304,2263575
7388,1353908,2632148,2274957
7389,1894143,2382478,2490994
7390,2588684,2418118,2204765
7391,1997729,2402245,2227182
7392,1879966,2470181,2364386
7393,1686221,2553847,2357289
7394,2399032,2594524,2372715
7395,2136697,2667554,2222216
7396,2478288,2422130,2062930
7397,1797421,2345359,2159382
7398,1703163,2464245,1940918
7399,2260075,1966400,2048135
7400,2085053,1969484,2467945
7401,1925009,2464069,2330110
7402,1951617,2483861,2172432
7403,1863391,2371319,2157445
7404,1717297,2574502,2123894
7405,1563753,2813820,2127218
7406,1892999,2623083,2269238
7407,1530485,2601127,2323680
7408,1427720,2704538,2213782
7409,1557226,2307999,2369645
7410,1503946,2522242,1951332
7411,1530618,2668884,2339037
7412,1585707,2965294,2440543
7413,1408075,2863949,2304742
7414,1406536,2760082,2148811
7415,1546466,2600547,2181424
7416,1257480,2625688,2085300
7417,1655243,2754684,2125223
7418,1695770,2912175,2030288
7419,1740794,2774988,2258626
7420,2057096,2519048,2182723
7421,1704251,2585478,2275120
7422,1528490,2677719,2300457
7423,1947221,2641399,2256204
7424,2088787,2611065,2132881
7425,2197194,2513039,2126916
7426,1843166,2749175,2250319
7427,1872102,2302153,2115883
7428,1687378,2259113,2280534
7429,1673349,2509325,2300432
7430,2001750,2614297,2225715
7431,1526403,2439775,2245457
7432,1630892,2456678,2204484
7433,1409298,2408792,2300573
7434,1584985,2645058,2182611
7435,1813451,2458851,2217799
7436,1547546,2564769,2486775
7437,1502418,2760080,2126035
7438,1346424,2556274,2203913
7439,1542587,2011615,2298120
7440,1856259,2231142,2178723
7441,1868748,2873128,2263057
7442,1641175,2538243,2250958
7443,1521592,2691209,2280253
7444,1490192,2503670,2306286
7445,1791912,2575302,2450855
7446,1485830,2631580,2325400
7447,2063755,2423217,2319219
7448,1740876,2961859,2348860
7449,1869302,2958859,2261581
7450,1801715,2853243,2437061
7451,1623334,2632707,2160714
7452,1234963,2571036,2217918
7453,1443230,2280697,2307642
7454,1421976,2313046,2235273
7455,1806815,2344652,2167749
7456,1267025,2562729,2179256
7457,1354608,2227125,2225112
7458,1316678,2657644,2105102
7459,1359816,2620631,2155939
7460,1254714,2420543,2197171
7461,1103607,2489018,2148653
7462,1760683,2385554,2325540
7463,1497433,2696533,2167117
7464,1416177,2007243,2302907
7465,1325665,2270488,2060292
7466,1494841,2558641,2243262
7467,1408557,2356245,2411545
7468,1940791,2490064,2159885
7469,1479399,2475549,2421542
7470,1856403,2328774,2422989
7471,1935224,2402595,2276706
7472,1419241,2022342,2213971
7473,1349198,2171419,2314171
7474,1468890,1966099,1994025
7475,1146056,2610885,2252781
7476,1462043,2347220,2344703
7477,1574644,2286885,2273259
7478,1289350,2306549,2202859
7479,1524482,2073821,2276220
7480,1639126,2189890,2185352
7481,1248227,2549527,2183333
7482,1637799,2430748,2285702
7483,1686770,2608749,2215681
7484,1303716,2511255,2196780
7485,1291013,2535268,2062885
7486,1398770,2878847,2376003
7487,1374890,2848356,2110757
7488,1656851,2869525,2145846
7489,1187124,2816106,2251182
7490,1221676,2523529,2220485
7491,1479696,2497988,2078977
7492,1443127,2697348,2172500
7493,1628856,2378509,2205023
7494,1769560,2091866,2365526
7495,1743772,2498746,2143405
7496,1832328,2171531,2125778
7497,1427918,2184037,2255095
7498,1462596,2380905,2171727
7499,1227215,2508253,2127296
7500,1171845,2386010,2286495
7501,1243911,2395230,2214421
7502,1215679,2558513,2228239
7503,1253892,2620015,2354210
7504,1327269,2515201,2238229
7505,1041590,2263771,2182332
7506,1493430,2950610,2058322
7507,1733735,2860710,2093751
7508,1727046,2656883,2179786
7509,1562995,2518682,2177425
7510,1199173,2676900,2086661
7511,1335370,2660567,2185984
7512,1205906,2758161,2191786
7513,1344868,2509649,2048538
7514,1167866,2712206,2162489
7515,1377306,3104917,2056866
7516,1236498,2907124,2049115
7517,1008709,2743189,2352264
7518,993940,2718111,2295613
7519,1233202,2676966,1999558
7520,1068826,2436533,2101061
7521,1255276,2919190,2217086
7522,1110925,2524188,2176176
7523,1051562,2496307,2226594
7524,869865,2717090,2226387
7525,1073424,3115428,2274594
7526,1333018,3016053,2054201
7527,1251869,3023157,2221124
7528,1272955,2865758,2264636
7529,1022392,2801028,2085452
7530,1341288,2777402,2251999
7531,975285,2660461,2360946
7532,1090119,3137999,2171276
7533,1205788,2934578,2263384
7534,1188637,2686324,2223587
7535,1184551,3071721,2534778
7536,1252284,2730345,2342077
7537,1209382,2806403,2199343
7538,1044014,2788563,2024653
7539,1058453,2664430,2285176
7540,1158856,2750574,2201486
7541,1205504,2771343,2429068
7542,911719,2668600,2432771
7543,1160362,2731678,2395962
7544,915022,2241981,2276927
7545,1189926,2861812,2092665
7546,1166327,2756902,2350065
7547,1003218,2704430,2230757
7548,1127469,2622165,2385061
7549,905034,2518261,2198577
7550,974882,2679183,2051382
7551,879559,2363419,2031271
7552,1124556,2475190,2108283
7553,1261780,2546221,2339242
7554,988729,2075450,2067362
7555,953561,2437358,2228556
7556,1029660,2553453,2152779
7557,906792,2655851,2383453
7558,960675,2230986,2238809
7559,826671,2072880,2124026
7560,1129300,2762007,2247108
7561,856762,2688737,2374831
7562,946690,2376756,2271682
7563,650512,2663583,2261621
7564,791495,2375883,2059601
7565,888305,2570012,2342413
7566,1059953,2534897,2250777
7567,681067,2999823,2339231
7568,696895,2955208,2201607
7569,918685,2792380,2168122
7570,776385,2811897,2389941
7571,748367,2815597,2104361
7572,904797,2917252,2142954
7573,1103874,2773543,2255142
7574,1197286,2394169,1977753
7575,852056,2842419,2220643
7576,1131151,2704875,2380777
7577,1066286,2516416,2105727
7578,1057703,2817464,2059427
7579,929435,2523296,2184826
7580,1259360,2791688,2369197
7581,1230771,3027857,2170646
7582,1044831,2750636,2045571
7583,1001174,2841378,2335037
7584,856269,2411329,2212589
7585,1023519,2472576,2252740
7586,920167,2660279,2537996
7587,1170967,2531489,2201440
7588,1343177,2591189,2033313
7589,1088910,2588073,2330178
7590,1057911,2823703,2384859
7591,791421,2962431,2245348
7592,752932,2690181,2299268
7593,1195910,2679474,2278099
7594,860098,2676846,2299474
7595,845842,2690987,2437008
7596,866479,2352798,2048502
7597,806751,2400071,2210983
7598,765144,3345054,2286595
7599,807925,2675008,2359458
7600,981321,3261682,2050468
7601,1014529,3052111,2244082
7602,968104,2761656,2199500
7603,1009231,3025736,2123602
7604,1340623,3061332,2387220
7605,1054132,2780756,2313548
7606,1363294,2790256,2371721
7607,1495147,2988064,2352080
7608,1178388,2935171,2266133
7609,1186963,2929447,2115886
7610,1241276,2953853,2055996
7611,1388869,2713301,2255345
7612,1226525,2836171,2232720
7613,1066465,2997505,2122694
7614,1153754,2989292,2235461
7615,845222,3134410,2174016
7616,716823,2868829,2274874
7617,1074243,2750079,2485926
7618,956420,2822449,2248662
7619,938990,3103045,2298759
7620,847115,3160526,2296695
7621,731092,2987498,2431413
7622,912891,3063575,2192422
7623,753961,3381979,2116358
7624,796898,2906211,2187092
7625,717523,2952726,2116033
7626,749825,3042468,2326156
7627,695970,2996978,2242775
7628,839663,2977850,2065520
7629,897066,2899681,2294992
7630,662095,3236482,2054542
7631,938614,2767500,2137040
7632,878079,2714979,2292432
7633,722110,3159226,2049311
7634,721557,2937914,2318504
7635,787721,3098001,2114307
7636,997471,2903933,1996757
7637,797602,3100975,2290954
7638,1047956,3229784,2310746
7639,1059069,2795319,2188365
7640,997420,3091154,2268726
7641,938902,3156063,2098308
7642,609434,3095232,2307173
7643,432890,3114233,2447736
7644,646803,2960392,2109942
7645,893394,2876964,2113737
7646,892546,2944603,2173163
7647,354449,2616317,2386801
7648,420659,2624865,2137677
7649,432277,2398608,2224341
7650,637979,2910834,2172972
7651,644577,3345749,2154375
7652,689624,2694309,2154899
7653,659113,3114926,2302672
7654,795853,2893785,2183280
7655,791803,2919925,2453942
7656,740907,3298939,2165384
7657,642052,3201526,2410022
7658,547311,3125259,2341184
7659,797980,3148829,2125682
7660,675620,3152863,2353667
7661,557996,3610558,2320931
7662,605485,3445362,2200156
7663,423573,3205544,2206428
7664,784001,3354893,2326044
7665,867612,3237203,2239346
7666,748795,3353586,2306767
7667,493848,3459719,2297101
7668,646616,3163232,2380109
7669,529460,3508272,2183840
7670,531618,3408100,2131562
7671,754589,3155033,2383535
7672,509302,3072626,2158010
7673,729633,2981490,2383040
7674,637594,2729461,2219217
7675,543990,3150620,2154653
7676,535920,2917949,2315168
7677,564224,3434883,2307754
7678,645216,3427198,2397853
7679,486068,3262450,2119055
7680,585746,3540761,2471694
7681,533745,3433094,2207258
7682,525063,2758241,2209340
7683,594958,2999650,2237291
7684,591481,3222369,2285014
7685,731647,3129886,2187090
7686,555106,3080324,2201546
7687,518253,3370299,2188913
7688,648373,3450192,2393445
7689,422094,3388794,2066887
7690,446193,3331062,2121427
7691,447931,3513482,2205208
7692,406201,3285564,2214975
7693,401300,3428811,2090162
7694,406167,3328009,2146293
7695,469851,3206166,2172283
7696,659911,3371561,2314067
7697,655091,3577144,2279451
7698,625889,3688331,2341908
7699,593557,3565983,2165845
7700,864417,3110688,2102288
7701,619454,3562918,2316487
7702,721692,3584656,2165355
7703,664895,3125109,2090888
7704,643152,3054419,2155139
7705,728148,3266666,2234138
7706,572161,3223484,2013423
7707,659830,3680754,2184238
7708,593768,3070060,2354165
7709,502675,3136012,2175124
7710,390306,3108057,2310456
7711,336470,3471532,2388704
7712,242121,3414086,2268716
7713,464780,3269022,2235371
7714,676627,3202453,2231515
7715,447667,3034987,2478453
7716,574473,3123372,2266651
7717,504652,3316094,2299638
7718,608184,3032536,2339866
7719,560502,3034253,2188120
7720,456387,3561461,2331334
7721,941535,3194249,2012042
7722,508425,3166678,2280889
7723,701507,3278711,2300633
7724,462925,2791625,2250260
7725,554202,3444210,2159560
7726,496772,3247996,2212745
7727,512681,3140777,2385658
7728,735360,3403064,2299972
7729,419439,2988864,2282440
7730,450862,2788160,2218213
7731,483225,3223226,2103960
7732,456105,3417183,2146382
7733,491670,2960551,2195650
7734,427397,2638032,2278793
7735,705010,3184250,2363392
7736,872251,3290463,1979060
7737,870393,3159465,2128576
7738,718909,2830062,2248739
7739,719778,2449740,2440341
7740,542052,3248553,2076815
7741,555791,3028196,2182923
7742,723596,3253575,2376424
7743,533384,3411030,2299181
7744,384447,2635437,1999830
7745,289833,3282083,2005753
7746,544551,3144281,2149956
7747,386247,2599125,2053881
7748,334519,2856642,2220466
7749,318195,2764939,2356881
7750,479086,3252724,2222514
7751,413003,2929177,2255611
7752,441192,2927337,2089347
7753,309947,3115904,2140892
7754,341154,2775694,2304111
7755,502842,3275250,2290772
7756,402908,3237184,2343726
7757,354782,2976131,2291426
7758,411809,2826490,2375657
7759,616082,3202553,2054126
7760,585974,2964809,2365928
7761,471896,2941695,1950342
7762,677065,3050542,2297297
7763,623076,2936653,2474416
7764,538178,3210717,2188365
7765,613259,2501203,2282120
7766,808185,2850729,2215548
7767,579995,2918824,2110670
7768,516487,2886276,2215342
7769,388646,2717665,2276571
7770,511966,2936592,2247234
7771,594442,3207695,2294551
7772,598398,2792877,2209138
7773,543268,2740603,2049406
7774,449582,2186125,2389938
7775,459360,2505244,2224800
7776,553055,2669510,2092721
7777,478680,2520453,2137101
7778,283035,2400121,2141254
7779,465139,2497581,2195761
7780,481287,2811913,2239442
7781,510044,2195160,2152286
7782,439423,2225439,2019216
7783,227481,2394372,2163110
7784,345189,2064386,2414414
7785,428567,2013027,2246246
7786,384055,2239365,2360931
7787,463440,2575344,2103004
7788,327312,2483714,2242701
7789,400402,2417060,2211944
7790,306646,2287774,2493916
7791,441124,2417308,2414654
7792,364402,2821433,2042138
7793,473820,2869277,2179028
7794,379667,2342172,2366550
7795,494117,2671357,2107323
7796,468500,2821894,1975184
7797,580141,2892933,2215025
7798,749977,2880087,2308807
7799,770476,2329299,2237720
7800,302100,2646322,2200535
7801,695276,2586863,2376663
7802,508789,2553948,2264031
7803,572458,2784339,2152386
7804,483448,2568514,2185450
7805,529563,3091808,2184897
7806,416011,2913988,2328067
7807,448087,2613392,2271778
7808,418109,3417818,2050394
7809,439199,2818405,2290092
7810,360047,2883572,2089389
7811,395141,3052727,2183849
7812,256325,3093032,2388033
7813,418301,3173084,2045703
7814,182161,3408118,2150095
7815,424289,2960362,2180768
7816,584864,2772175,2095726
7817,273109,3169881,2363919
7818,474704,2686547,2169695
7819,239970,2884418,2234396
7820,279596,3146514,2211323
7821,318232,3166153,2328528
7822,313941,3322795,2277639
7823,277281,3059358,2358530
7824,534980,3026306,2113308
7825,241937,2756167,2195277
7826,324181,2763181,2332876
7827,806924,3022057,2295986
7828,463550,2914901,2304394
7829,403533,2678506,2252646
7830,346649,2884538,2146149
7831,309406,3037119,2257344
7832,220037,2976342,2209436
7833,218730,3135543,2278063
7834,214234,3430027,2151231
7835,161900,2798655,2127756
7836,253608,3116170,2202621
7837,359837,2531507,2339468
7838,514836,3230481,2371806
7839,244978,2756779,2141849
7840,140314,2740658,2294726
7841,171730,2950474,2275704
7842,248009,2805560,2026415
7843,394733,3234999,2167255
7844,418977,3191493,2326185
7845,354710,3117945,2333510
7846,364895,3091904,2122390
7847,628083,2998262,2217172
7848,494839,3339990,2119447
7849,676023,2888038,2083552
7850,552443,2901877,2169341
7851,618116,3152260,2305254
7852,758095,3236843,2131408
7853,575102,3159453,2204606
7854,725296,3248011,2056197
7855,584237,3576324,2200587
7856,317109,3358930,1994885
7857,350049,2671894,2230481
7858,329763,2908692,2461098
7859,257949,2783137,2222996
7860,428025,3208002,2174519
7861,402671,3124542,2356638
7862,433054,3112022,2152501
7863,495588,3251923,2373383
7864,299564,3151657,2239830
7865,311201,3019705,2198361
7866,288031,2944114,2373322
7867,547783,2995137,2144907
7868,612530,3108299,2279867
7869,589269,3192169,2155949
7870,658250,3452359,2133724
7871,704327,3182760,2410773
7872,515056,3255111,2215814
7873,388292,3438354,2192857
7874,239952,3009441,2463239
7875,648993,3181392,2307867
7876,817552,3001979,2460807
7877,1015880,3127611,2369664
7878,718129,2999428,2332314
7879,570984,2406863,2141676
7880,627416,2886113,2381456
7881,820950,2991438,2163286
7882,1013562,3140848,2335437
7883,411246,3569204,2253474
7884,809978,3311512,2376765
7885,547686,3327800,2341798
7886,580080,2970533,2115560
7887,650346,3035512,2339682
7888,905685,3368034,2185541
7889,646957,2926921,2303095
7890,390735,3302994,2263618
7891,550022,3550090,2209318
7892,693128,3520583,2219837
7893,778930,3563653,2297931
7894,815309,3391698,2330335
7895,781058,3355076,2349166
7896,635598,3224446,2114003
7897,752468,3403342,2254633
7898,867366,3801592,2336419
7899,571347,3531388,2531801
7900,342631,3634862,2199964
7901,746303,3801222,2221215
7902,583643,3463289,2402947
7903,459376,3347689,2175018
7904,511568,3609365,2186839
7905,577470,3140191,2404928
7906,710015,3050548,2326242
7907,619807,3275027,2315708
7908,711120,3211090,2240440
7909,602295,2979668,2104225
7910,456895,3015798,2238615
7911,611440,3599674,2221963
7912,629764,3226297,2037209
7913,877611,3525094,2213112
7914,624253,3692231,2217133
7915,724245,3673524,2294022
7916,730208,3730657,2201471
7917,581378,3870543,2316028
7918,1060144,3077605,2182907
7919,870931,3457253,2396386
7920,918761,3379680,2499117
7921,938694,3375198,2142017
7922,780575,3146154,2369832
7923,633964,3345504,2326857
7924,624477,3383314,2344094
7925,778638,3646004,2212283
7926,721757,3451780,2249240
7927,628108,3514540,2277965
7928,914857,3847298,2257644
7929,801246,3529794,2399718
7930,774522,3396732,2490054
7931,767976,3468845,2174485
7932,925143,3690986,2097708
7933,732220,3867826,2127968
7934,1086155,3412605,2397502
7935,706875,3751496,2287781
7936,740634,3845797,2245973
7937,867564,3748739,2071152
7938,842606,3500718,2202511
7939,621426,3448411,2198832
7940,847439,3454859,2424857
7941,879075,3355816,2239231
7942,779383,3796169,2358502
7943,864575,3802002,2186372
7944,880623,3381882,2319066
7945,921849,3822415,2210801
7946,769107,3973949,2317751
7947,1327472,3553809,2342462
7948,1287632,3677513,2077090
7949,1036735,3845889,2381273
7950,758305,4218625,2442830
7951,776183,4062217,2419235
7952,697974,4030430,2255315
7953,835554,3943105,2345788
7954,650768,3380676,2267381
7955,876511,3770426,2201771
7956,739405,3714022,2142448
7957,1089050,3543024,2159946
7958,884100,3885362,2259718
7959,888164,3569659,2235456
7960,921782,3543688,2356193
7961,958564,3631707,2165447
7962,879818,3409065,2329039
7963,944918,3545968,2051475
7964,747401,3279116,2189022
7965,801106,3724496,2204088
7966,924564,3720922,2325495
7967,1072445,4106876,2430781
7968,1233335,3274555,2103667
7969,1340643,3084936,2127821
7970,1330879,3050702,2189357
7971,1355051,3547095,1858303
7972,1313751,3263990,2347761
7973,1129524,3520584,2226874
7974,894547,3635597,2439961
7975,1343287,2927715,2124283
7976,1220055,3544398,2215465
7977,1065172,3096505,2057206
7978,1042695,3709427,1967216
7979,1018133,3477566,2150793
7980,874805,3139131,2372287
7981,1234323,3313649,2092232
7982,1334853,3469337,2485064
7983,1289209,3519613,2321299
7984,983931,3489589,2187726
7985,965182,3733722,2175099
7986,896400,3715530,2366264
7987,1030641,3667474,2168786
7988,862206,3917076,2200501
7989,972787,3672946,2423746
7990,1135613,3807865,2348596
7991,1003365,4084320,2244545
7992,806821,3854386,2226586
7993,993450,3757477,2413010
7994,1131773,3823280,2344331
7995,1259693,3843150,2363363
7996,1082968,3890019,2070035
7997,948869,4072169,2307148
7998,993621,3851862,2337949
7999,1148163,3514122,2281435
8000,1209719,3854112,2297545
8001,1166438,3903809,2076554
8002,1074728,3958713,2228397
8003,1196947,3961088,1938569
8004,1408166,4026963,2320152
8005,1077524,4160946,2177732
8006,957256,4051932,2254790
8007,1404157,3958731,2345430
8008,914471,4135810,2344151
8009,906371,3909800,2221830
8010,950047,3883567,2316377
8011,1159442,3856773,2141372
8012,1119861,3029508,2338376
8013,1158186,3620591,2313670
8014,1115933,3468137,2228333
8015,1229528,3229865,2111142
8016,1141434,3217976,2175616
8017,1395308,3167024,2240741
8018,1629043,3071135,2229337
8019,1296219,2835215,2145953
8020,1172843,3421399,2229732
8021,1858252,3555103,2303133
8022,1490130,3212319,2129198
8023,1577647,2864604,2119363
8024,1282378,3206679,2122168
8025,1417923,3459564,2237576
8026,1568974,3332999,2322018
8027,1565711,3628544,2375013
8028,1651755,3593011,2270626
8029,1613145,3006268,2181297
8030,1871558,3366204,2098488
8031,1600754,3619085,2293328
8032,1951787,3702762,2254747
8033,1871036,3708955,2202363
8034,2028979,3407546,2412689
8035,1485107,4026452,2145026
8036,1866533,3909291,2301189
8037,1512709,3288534,2109167
8038,1661878,3312034,2273939
8039,1537769,3472060,2292251
8040,1248762,3626765,2101870
8041,1743166,3726278,2501694
8042,2013994,3752389,2371832
8043,1445280,3702311,2054055
8044,1138989,3553508,2257550
8045,1687484,3700375,2300982
8046,1645197,3875787,2350048
8047,1742493,3386148,2181686
8048,1431480,3346845,2147400
8049,1732090,3361172,2151837
8050,1407927,3549649,2163595
8051,1395944,3359760,2208298
8052,1311086,3954174,2180577
8053,1167286,3717773,2266094
8054,1447812,3663760,2129604
8055,1503533,3995464,2205832
8056,1787771,3933040,2256988
8057,1574617,4213667,2317570
8058,1251872,4191661,2331467
8059,1543926,4242472,2369900
8060,1690251,3553731,2232391
8061,1290356,3861488,2208214
8062,1193374,3759153,2224478
8063,1656210,4356805,2115648
8064,1806604,3742252,2137022
8065,1907120,4223359,2046380
8066,1502975,3690578,2115766
8067,1468413,3763707,2237849
8068,1913912,3599974,2410589
8069,2062921,3174175,2330687
8070,1728098,4149043,2243639
8071,2059167,3666516,2146305
8072,2198698,4084213,2351143
8073,2262632,3789826,2291369
8074,1688256,3538908,2210887
8075,1904406,4084224,2334965
8076,1561102,4110536,2107162
8077,2059390,3320584,2254048
8078,1737062,3909131,2317907
8079,2232286,3284923,2049188
8080,2054259,4113711,2201030
8081,1957032,3819101,2206881
8082,1911384,4361119,2051631
8083,1852346,3968260,2238606
8084,2232040,3429025,2204143
8085,2062624,4133683,2145969
8086,1871320,4280141,2145971
8087,1702447,4274510,2371936
8088,1791971,4508436,2116211
8089,1821809,4101001,2363886
8090,1541931,4255772,2211099
8091,1524810,4232343,2294757
8092,1531505,3923668,2174419
8093,2326963,4405127,2345514
8094,1768150,4125045,2162017
8095,1409288,4106406,2333359
8096,1972089,4333323,2360472
8097,1528966,4630813,2122942
8098,1810038,4116795,2310658
8099,1950593,3791404,2157595
8100,1803112,4128150,2356701
8101,1668650,4391203,2314615
8102,1845459,4226093,2168953
8103,1796834,4503269,2247127
8104,1772373,4053489,2263511
8105,1667408,4063110,2087583
8106,1772815,3875364,2440354
8107,1573586,4005828,2224708
8108,1706621,3635171,2324470
8109,1731808,3602432,2378208
8110,1786155,4477561,2115499
8111,1634717,4217165,2095192
8112,1653927,4464868,2101191
8113,1456895,4262599,2316470
8114,1334295,4153031,2210879
8115,1569045,4453315,2345495
8116,1659748,3827459,2339386
8117,1952434,4058341,2229145
8118,1698028,4068789,2406792
8119,1614740,4253913,2274241
8120,1556993,4527177,2144381
8121,2025668,4421449,2328422
8122,1772885,3892445,2186995
8123,1429612,4481896,2298290
8124,1356471,4555288,2168397
8125,1308413,4536953,2338910
8126,2019964,3999574,2232488
8127,1509080,3910060,2226855
8128,1789626,4168141,2182980
8129,1824910,4053456,2451152
8130,1916436,3861240,2230083
8131,1754204,3597361,2413264
8132,1828233,4380419,1906731
8133,1861400,4070318,2246962
8134,1771824,4264670,2213811
8135,2405569,4204730,2280249
8136,2315274,4277978,2338319
8137,1946526,3215569,2117417
8138,1763330,3519965,2498636
8139,2404244,3361110,2353911
8140,1849596,3566278,2272703
8141,1773811,3982866,2237606
8142,1833739,3688433,2266860
8143,1577570,3434059,2133638
8144,1778498,3913941,2202178
8145,1608800,4031620,2196443
8146,1888682,3688683,2173529
8147,1523448,3891476,2323809
8148,2025992,3767589,2196833
8149,1664470,3504630,2286236
8150,1833019,3820342,2352572
8151,1780063,3771496,2319572
8152,1763535,3826943,2387260
8153,1841316,3822988,2217150
8154,1844938,3938440,2287628
8155,1992607,3674299,2162218
8156,1875342,3909325,2121834
8157,2154249,4135072,2267064
8158,1976798,4065850,2266615
8159,1651412,3757469,2207292
8160,1348173,4134898,2305872
8161,1950420,3986389,2164514
8162,2151724,4227012,2083170
8163,2374934,4523877,2098894
8164,2706815,4290597,2232031
8165,2168999,3893207,2292891
8166,1556348,3403795,2365674
8167,2224530,3943625,2284751
8168,1914939,3889141,2172308
8169,2182621,3483818,2145175
8170,1538327,3843710,2020915
8171,1742300,3762989,2210669
8172,1636187,3671563,2408332
8173,2000855,3961820,2214782
8174,1889761,3764037,2311685
8175,1585859,4100648,2294572
8176,1792768,4063265,2319880
8177,1602074,3868266,2359169
8178,1810237,3314387,2381153
8179,1718697,3092630,2235501
8180,1619043,3197214,2010721
8181,1828152,3614910,2353049
8182,2118114,4064438,2268412
8183,1593899,4316663,2264685
8184,1772065,3579339,2270426
8185,1678964,3891258,2189306
8186,1591404,4115881,2079300
8187,1670367,3572205,2179809
8188,1583409,3980930,2381455
8189,1414675,3954838,2242644
8190,1784889,3916987,2260779
8191,1268947,4099602,2229487
8192,1787163,4307374,2354149
8193,1517239,3737897,2148308
8194,1688906,3729870,2278303
8195,1598422,3912318,2196259
8196,1596444,3816412,2354058
8197,1399320,3880635,2137165
8198,1809468,3475688,2450074
8199,1904590,3309937,2310021
8200,2001984,3728418,2394831
8201,2037213,3722667,2316973
8202,1742189,3729327,2097375
8203,1670018,3814253,2281357
8204,1747891,3541463,2314424
8205,2008148,4133092,2333817
8206,1868703,3847018,2248785
8207,2243505,4202394,2392177
8208,2132171,4060400,2174608
8209,2233977,3634290,2230505
8210,2244131,3703350,2342354
8211,2292081,3843451,2178410
8212,2110180,3652927,2089746
8213,1888720,3769380,2491474
8214,1964171,3094313,2313402
8215,2129639,3238087,2082114
8216,1903440,2967656,2313980
8217,1727076,2917125,2242962
8218,2243100,3229849,2213324
8219,2499410,2790260,2203351
8220,2365497,3570688,2259671
8221,2272339,3503038,2342983
8222,2046530,3450423,2216979
8223,1767600,4261618,2267428
8224,1694179,3354140,2313348
8225,1977944,3632414,2314345
8226,2226864,3887374,2152878
8227,2249141,3968809,2133653
8228,1743580,3758684,2200019
8229,1658280,3325360,2126557
8230,2538433,3264484,2051399
8231,2210253,3567658,2273982
8232,2232702,3629785,2356603
8233,2512191,3310202,2265010
8234,2179580,3590180,2131576
8235,2617421,3802255,1914957
8236,1833229,3614420,2241574
8237,2534035,3878372,2244415
8238,2075311,3624411,2059245
8239,1963368,2972760,2397617
8240,1812560,4050541,2329526
8241,1815102,3853612,2261400
8242,1942662,4070026,2384997
8243,2544386,3803194,2177079
8244,1927988,3603609,2299617
8245,1893414,3723099,2230165
8246,1849788,4101641,2250292
8247,2174273,3538523,2531667
8248,2617988,3476451,2325365
8249,1972837,3575776,2079070
8250,2689206,3617612,2194257
8251,2444992,3960765,2339087
8252,2141046,3394947,2067626
8253,1715106,3557351,2119519
8254,1418058,3176699,2130303
8255,1880852,3681931,2203368
8256,1683518,3874626,2355749
8257,1454395,3704243,2317995
8258,1515445,3330738,2260857
8259,1953335,3071461,2282453
8260,1937125,3212992,2376216
8261,2020756,3268833,2077477
8262,2457722,3297057,2241137
8263,2283815,3389613,2279161
8264,1854184,3285550,2206863
8265,2070736,2942960,2168861
8266,1793703,3439834,2370605
8267,2197032,3846708,2234109
8268,2130836,3293769,2368331
8269,2232404,3197952,2364286
8270,2471291,3548920,2157473
8271,2221881,3444662,2228763
8272,2402584,3384307,2194638
8273,2120339,3112337,2214481
8274,2370012,3396393,2178292
8275,2011917,3070512,2091764
8276,2306268,3324899,1986173
8277,2226810,2955191,2060142
8278,2238114,3096290,2198402
8279,2547193,2733453,2315330
8280,2307960,2870004,2103383
8281,2860174,3240580,2218428
8282,2075156,3203551,2268605
8283,2359143,3252194,2195302
8284,2173975,2694988,2063960
8285,2918478,3064790,2168838
8286,2107355,2929156,2271580
8287,2891899,2885130,2230119
8288,2524468,2845085,2392463
8289,2376585,2829952,2463739
8290,2260926,2649144,2429355
8291,2073471,3541843,2216470
8292,2125714,3120784,2452584
8293,1896740,3044895,2116628
8294,1769204,2727213,2276871
8295,1667483,3320708,2295488
8296,1853950,3392826,2217736
8297,2154524,2702286,2209026
8298,2206730,3282849,2223572
8299,1858265,2625861,2319669
8300,2074551,2806884,2259797
8301,1914454,2624718,2277087
8302,1757810,2944270,2355929
8303,2724399,2748151,2046969
8304,2009875,2677668,2233824
8305,1891171,3089003,2221151
8306,2013180,2973240,2034735
8307,1633847,2867887,2205425
8308,1681977,3099851,2197569
8309,2029344,2690249,2123881
8310,2300464,3390438,2216570
8311,2143920,2975013,2133212
8312,2183588,3476268,2163370
8313,2369629,3625456,2307830
8314,2048703,3786018,2129225
8315,1823133,3053246,2078307
8316,2881706,3424021,2311028
8317,2723248,3373768,2329718
8318,3094636,3099592,2220554
8319,3058670,3167135,2120760
8320,2995980,3294148,2005574
8321,2833583,3565892,2141972
8322,2863216,3037948,2341013
8323,2377082,3248314,2221671
8324,2301005,3213836,2390429
8325,2416867,3087396,2156242
8326,2899530,3337949,2114153
8327,2442930,3211659,2014646
8328,2690929,3225593,1966231
8329,2738930,2980012,1920617
8330,2227535,3022838,2023274
8331,2398387,2743688,2391791
8332,2334952,2881688,2310535
8333,3070200,2994703,2215644
8334,3040968,2964927,2227630
8335,2955704,2907808,2348337
8336,2869758,3255162,2334222
8337,2262786,2853822,2129641
8338,2402493,3051668,2180688
8339,2599119,2785178,2116143
8340,2532982,2847878,2185090
8341,2749606,3182930,2354700
8342,2387795,2932447,2222620
8343,2715700,2828523,2182578
8344,2269373,2305801,2115248
8345,2477371,2814225,2050696
8346,2290324,2699468,2394897
8347,2453423,2832900,2132843
8348,2612137,3092764,2171687
8349,3000403,2645671,2351574
8350,2788866,2909039,2407129
8351,2510371,2666207,2184160
8352,2850418,2661225,2354307
8353,2606541,2863648,2519616
8354,2613145,2458449,2421817
8355,2897959,2970516,2180056
8356,2318475,3026234,2358037
8357,3138196,2689276,2150709
8358,2498923,2828683,2215044
8359,2478090,3141033,2270971
8360,2285275,2696450,2144937
8361,2427260,3197674,2073061
8362,2186894,3151937,2174060
8363,2187483,3299331,2345813
8364,2308651,3026349,2311124
8365,2877980,3136648,2284889
8366,2801431,2730698,2208550
8367,2407243,3448541,2275041
8368,2715883,3144963,2221712
8369,2360581,3235299,2205575
8370,2306615,3139025,2124257
8371,2228108,3654884,2128867
8372,2153332,3504851,2156447
8373,2605326,3508317,2317739
8374,2470266,2749398,2302159
8375,2736654,2694239,2340273
8376,2835386,3183512,1904232
8377,2940411,3544589,2234946
8378,3102619,3214060,2163734
8379,3017720,3137503,1899732
8380,2377449,3010637,2150143
8381,2420564,3162105,2286803
8382,2142524,3176627,2215781
8383,2452699,2875611,2200543
8384,2533918,2342524,2215488
8385,2716370,2905537,2269117
8386,2275735,3085109,2174057
8387,2486778,2871689,2175836
8388,2406749,3034416,2130970
8389,2475675,2500770,2375463
8390,2608382,2812739,2283431
8391,2577599,3068443,2098260
8392,2353364,2888686,2083014
8393,2315218,2621916,2306035
8394,1845319,2648441,2252099
8395,1558331,2594795,2081396
8396,1799113,2671630,2044838
8397,2036345,2360790,2025800
8398,1935102,2404206,2359837
8399,1825210,2135328,2363819
8400,2588477,2619559,2330886
8401,2634404,3041998,2163867
8402,1993249,2933734,2139324
8403,1757555,3329113,2149331
8404,2150850,2959967,1951515
8405,2155504,2483508,2338759
8406,2011149,3218251,2335473
8407,2091389,3396859,2167264
8408,2081477,3582396,2128553
8409,2330858,2702869,2319025
8410,1714177,2935998,2175199
8411,2430312,3168543,2269607
8412,2193606,3397008,2078677
8413,2422009,3271345,2427460
8414,2115366,3054115,2172869
8415,1992768,3375539,1940232
8416,1784402,3302428,2311078
8417,2295797,3243934,2376718
8418,2033276,3446418,2174792
8419,2452551,2976147,2447093
8420,1995797,3045419,2403630
8421,2248599,3224972,2302018
8422,2171306,3559161,2225572
8423,2391991,3420638,2341705
8424,2001735,3052126,2246922
8425,2235205,3421117,2319778
8426,2469304,3632307,2194902
8427,1557895,3441488,2215083
8428,1737549,3109751,2235927
8429,1757088,3190551,2348540
8430,2172413,3744765,2190881
8431,2589046,3601702,2133475
8432,2568521,3342581,2375428
8433,2909968,3289378,2149506
8434,2491666,3097470,2423297
8435,2130058,3368428,2212687
8436,2283229,2968419,2161158
8437,2038620,3088363,2142767
8438,2181274,2337200,2268875
8439,1944437,2916633,2227922
8440,2963519,3006645,2156463
8441,2051458,2985043,2347529
8442,2314253,3665572,2255348
8443,2076941,2850651,2258575
8444,2711007,3065614,2319952
8445,2771385,3447596,2367995
8446,2547572,3207016,2353518
8447,2336608,3089938,2230919
8448,1947257,3396249,2251374
8449,1781874,2819218,2410335
8450,1679212,3069763,2074534
8451,1904465,3336445,2353943
8452,2370926,3170809,2345146
8453,1982563,3188236,2164138
8454,2361404,3303890,2052674
8455,2465439,3039557,2270665
8456,1779539,3167328,2198067
8457,1733781,2923702,2296647
8458,1798356,2843615,2006946
8459,2094160,2711582,2343752
8460,2449003,2758748,2417117
8461,2454880,2776362,2130618
8462,2239771,2884852,2121487
8463,2005013,3105505,2428013
8464,1980998,2417332,2316302
8465,2248955,2528081,2250198
8466,1834490,2952224,2350578
8467,1908785,2748069,2196502
8468,2380074,2752943,2166187
8469,2129499,2317800,2410460
8470,2481450,2344190,2191892
8471,1969990,2771807,2296583
8472,1539762,2513453,2165984
8473,2016038,2672577,2014624
8474,1713034,3097490,2332865
8475,2235938,2683808,2345017
8476,2105376,3100907,2134986
8477,1924710,3213370,2483206
8478,2232309,3066424,2429797
8479,2201090,2751290,2165005
8480,2057296,2891776,2214598
8481,2288301,3074007,2303858
8482,1963962,2734833,2277939
8483,1710133,2692648,2145140
8484,2024498,2807929,2256717
8485,1797554,2708544,2266744
8486,1946552,2855261,1964917
8487,1552182,2716810,2234096
8488,2090653,2499025,2252703
8489,1764717,2783387,2127334
8490,1902835,2897544,2205308
8491,2033892,3023141,2321546
8492,2048023,3249571,2146882
8493,1395264,3043600,2032120
8494,1548355,3114506,2058506
8495,1848437,2935581,2213654
8496,2021137,3230638,2378967
8497,2047435,3085834,2404644
8498,1990569,3251757,2063978
8499,1980149,3030379,2154972
8500,1907163,3110446,2213127
8501,1991255,2953320,2293744
8502,1945970,3197809,2169844
8503,1888356,3229827,2279261
8504,1902356,3082374,2102692
8505,1749007,3250189,2074221
8506,2125438,3351297,2125659
8507,1916224,3279151,2254704
8508,2006187,3168431,2253517
8509,2048845,3070290,2159233
8510,1725572,3289021,2142682
8511,1681556,2848744,2296509
8512,1853219,2919286,2159700
8513,1709383,3307661,2147873
8514,1745060,3127367,2335448
8515,1895010,3274287,2182231
8516,1684597,2967247,2036313
8517,1928024,2724585,2284363
8518,2092984,2615109,2384292
8519,1500398,2651690,2211970
8520,1381431,2557465,2292852
8521,1534554,2339416,2262194
8522,1458061,2676696,2425699
8523,2026945,2668239,2031478
8524,1504254,2452022,2179838
8525,1663044,2237669,2314220
8526,1803666,2476101,2259424
8527,1679927,2854620,2330518
8528,1561882,2048720,2226329
8529,1614099,2237581,2282641
8530,1740005,2503931,2279663
8531,1633560,2313274,2315832
8532,1425263,2208603,2299499
8533,2025786,2347080,2264265
8534,2050713,2108108,2294941
8535,2059874,2440367,2351494
8536,1854296,2713396,2198714
8537,1745924,2155524,2136869
8538,2323715,2275650,2371718
8539,2096702,2385217,2137293
8540,1919642,2490202,2289720
8541,2000569,2854850,2481831
8542,2816576,2442739,2287412
8543,2169454,2465814,2296381
8544,1935757,2203518,2486759
8545,2012833,2442203,2179290
8546,2135592,2468267,2257188
8547,2096846,2667879,2351832
8548,2373869,2489295,2314751
8549,2423748,2570520,2267480
8550,2002766,2632221,1989436
8551,2251648,2879182,2183990
8552,1743995,2648682,2280497
8553,1804634,2853232,2266448
8554,1489404,2741443,2191334
8555,2190246,2844106,2277652
8556,1973411,2836900,2175630
8557,2516287,2947746,2466294
8558,2349247,3176796,2266121
8559,2169237,2788179,2171015
8560,1944785,2870797,2143852
8561,2182571,2785929,2284633
8562,2245260,2754052,2305062
8563,1978044,2950641,2281857
8564,2167634,2594366,2329516
8565,2057383,2853087,1946679
8566,1875287,2821791,2251476
8567,2249468,2848265,2361877
8568,2163234,2795063,2370976
8569,1910882,2707292,2259894
8570,2008112,2633664,2160369
8571,1884085,3013489,2165187
8572,2071245,2776088,2392158
8573,2187373,2555037,2193090
8574,2305709,2612462,2186562
8575,1848133,2422283,1940268
8576,2306588,2898204,2085179
8577,1966930,2388026,2166491
8578,1651534,2420237,2195713
8579,2498797,2315089,2253071
8580,1958356,2648802,2269199
8581,2339026,2768906,2318813
8582,2083294,2598986,2266161
8583,1749992,2388133,2224681
8584,1877507,2296631,2228430
8585,2288246,2623392,2365291
8586,2115170,3025967,2294232
8587,1976021,2664578,2043499
8588,1815846,2437282,2223399
8589,1968203,2602875,2275161
8590,2075401,2466067,2293930
8591,2058208,2834463,2055640
8592,1953904,2804190,2212605
8593,1963095,2502425,2291785
8594,1995096,2471007,2153778
8595,2002596,2571870,2183689
8596,1836894,2497602,2171767
8597,1883433,2571583,2321644
8598,1669938,2590563,2119133
8599,1341211,2682161,2130638
8600,1509837,2996596,2096024
8601,1609050,2562005,2469761
8602,2001841,2614376,2307796
8603,1732590,2524518,2239677
8604,1995308,2353140,2272144
8605,1420657,2621312,2507913
8606,1566178,2652326,2258950
8607,1701730,2487557,2428226
8608,1724178,2893090,2151254
8609,1466644,2329361,2102366
8610,1437495,2910187,2195496
8611,1698154,2629469,2262873
8612,1540369,2468476,2301103
8613,1846203,2662925,2223516
8614,1585165,2388407,2362945
8615,1644033,2715802,2364154
8616,1727402,2514457,2449135
8617,1393822,2738438,2193224
8618,1767352,2614812,2102991
8619,1308196,2539821,2274395
8620,1042357,2507188,2188421
8621,1223984,2804983,2265647
8622,1694330,2461029,2146329
8623,1573223,2688135,2305736
8624,1518963,2257727,2343852
8625,1624280,2809579,2320747
8626,1384297,2360366,2328326
8627,1191616,2135251,2303701
8628,1435751,2173285,2228497
8629,1454049,2458549,2033781
8630,1628638,2188089,2150816
8631,1539996,2617586,2265429
8632,1351975,2828181,2331147
8633,1975943,2497704,2040357
8634,1606882,2504342,2437302
8635,1572353,2526320,2243917
8636,1765294,2242252,2361693
8637,2109772,2598392,2147655
8638,1601678,2609944,2382524
8639,2269951,2456103,2137993
8640,2294397,2656808,2464014
8641,1695638,2606187,2173859
8642,2134886,2595147,2397865
8643,1781002,2646340,2217492
8644,1593550,2836340,2305332
8645,1873350,2627029,2350785
8646,2075946,2564941,2312003
8647,1648399,2744804,2261100
8648,1967339,2743237,2174296
8649,1935637,2643407,2316467
8650,1736248,2983551,2306775
8651,1216227,2845446,2134731
8652,1448609,2601277,2220674
8653,2095577,2745000,2091265
8654,1995705,2567767,2251902
8655,1610898,2775909,2178985
8656,1744493,2591764,2120665
8657,1371668,2613615,2099480
8658,1502650,2493996,2336577
8659,1556398,2515168,2150103
8660,1189780,2303953,2271535
8661,1464947,2225181,1977076
8662,1126251,2151618,2303836
8663,1411550,2626542,2168589
8664,1525301,2534060,2377685
8665,1891762,2365927,2150841
8666,1230143,2398812,2368445
8667,1713044,2334606,2215496
8668,1420549,2300852,2152372
8669,1593789,2592776,2330248
8670,1740609,2838791,2316555
8671,1607216,2482375,2171269
8672,1658233,2664088,2275486
8673,1822277,2439374,2110200
8674,1770407,2395191,2155201
8675,1823930,2674839,2239282
8676,1758835,2360201,2391411
8677,1597328,2379744,2000032
8678,1702686,2735403,2053082
8679,1493629,2615612,2027237
8680,1419796,2520513,1999458
8681,1658190,2892572,2324796
8682,1817658,2842898,2160806
8683,2057107,2831453,2131893
8684,1700227,2801328,2284375
8685,1684962,2952844,2294854
8686,1659065,2704761,2303286
8687,1505574,3009094,2420307
8688,1569842,2783849,2148626
8689,1421511,2737534,2199503
8690,1568870,3015049,2162276
8691,1353723,2967321,2351620
8692,1501640,3024331,2205929
8693,1932757,2582176,2176225
8694,1619307,2754284,2257946
8695,1989915,2945679,2244063
8696,1896795,2872539,2326072
8697,1649279,2568746,2335404
8698,1575836,3058240,2213602
8699,1682001,2923447,2196934
8700,2000769,2700942,2158614
8701,1552225,2963763,2195805
8702,1441714,2776139,2484813
8703,1485248,2920931,2251287
8704,1382664,2819307,2160926
8705,1646898,2872786,2369858
8706,1705409,2724417,2206850
8707,1874663,2926977,1946394
8708,1867343,2545398,2193346
8709,1924833,2885713,2209738
8710,1891936,2759042,2375987
8711,2002344,2853440,2398712
8712,1621689,3017498,2311977
8713,1942596,2761990,2383360
8714,1570437,2602687,2173737
8715,1579504,2550156,2145317
8716,1909418,2608009,2218450
8717,1957706,2588697,2236060
8718,1505647,2426192,2259418
8719,1524788,2593402,2217441
8720,1591447,2934044,2257016
8721,1749017,2661220,2284724
8722,1817379,2793122,2169485
8723,1512930,3083777,2311143
8724,1451873,2878178,2214300
8725,1500015,2505348,2193794
8726,1843702,2635816,2226170
8727,1756030,2721163,2384871
8728,1538762,2562012,2342954
8729,1403247,2504665,2310154
8730,1730355,2855771,2236884
8731,1891276,2904789,2042012
8732,2147416,3093913,2269210
8733,1769666,2905575,2129113
8734,1685740,3081735,2217143
8735,1777871,2967723,2220569
8736,1462468,2999478,2211101
8737,1656735,2995748,2199777
8738,1913345,3009200,2171933
8739,1757987,2986425,2350311
8740,1652689,3094734,2253747
8741,2154065,3032263,2247279
8742,2389820,3132213,2285821
8743,2442840,2699415,2279221
8744,1895820,2709040,2224900
8745,2276504,2719847,2158783
8746,2139344,3187254,2289989
8747,1560575,3087691,2308080
8748,1898372,3140320,2202649
8749,1923580,3136692,2371154
8750,2539866,2906971,2124265
8751,2247475,3225237,2308190
8752,2014738,3062014,1943824
8753,2515999,3196792,2272896
8754,2094234,2942442,2307754
8755,2434135,2925721,2113313
8756,2153222,2801934,2135982
8757,1958335,2900843,2173204
8758,2156792,2736901,2098681
8759,2186310,2811912,2311827
8760,1983374,2420408,2431940
8761,1678523,2810015,2155268
8762,2151616,2928124,2289770
8763,1803573,2686326,2145467
8764,1823623,2876863,1917677
8765,1628842,2978581,2157880
8766,1892606,2550101,2256183
8767,1822458,2726196,2145448
8768,1788417,2696459,2216000
8769,1496857,2708845,2316389
8770,2180555,2784402,2110839
8771,1608465,2580155,2290941
8772,1908369,2962617,2211570
8773,1516094,2346419,2240545
8774,1467767,2784396,2370506
8775,1534468,2768804,2250303
8776,1826888,2579259,2120701
8777,1737041,2675453,2255318
8778,2071783,3082073,2234854
8779,1962528,2674811,2231770
8780,1754642,3089659,2150798
8781,1587653,2948715,2292909
8782,1584894,3132520,2437442
8783,1568242,2800901,1988040
8784,2231832,3215451,2337889
8785,1313166,2883385,2419531
8786,1598783,2959493,2340467
8787,1541230,3110084,2292528
8788,1610790,3009332,2136241
8789,1676869,2801866,2189400
8790,1719591,2662018,2334253
8791,1752622,2926727,2102537
8792,1555669,2695682,2259505
8793,1621615,2899137,2335564
8794,1434269,2865260,2242269
8795,1407234,2760475,2241013
8796,1661265,2780835,2199195
8797,1864476,2764712,2161563
8798,1805923,2613851,2449464
8799,1500972,2546273,2370972
8800,1365795,2793184,2335319
8801,1685680,2507062,2210989
8802,1487366,2834249,2224588
8803,1402458,2445428,2347060
8804,1069400,2477263,2323250
8805,1461275,2557805,2119865
8806,1534997,2976220,2237558
8807,1666575,2907105,2219780
8808,1790972,2351811,2076107
8809,1731155,2595924,2244496
8810,1297056,2634965,2260079
8811,1599365,2490447,2180167
8812,1482710,2418672,2149070
8813,1354582,2495729,2437436
8814,1951425,2616004,2202607
8815,1638465,2585157,2228207
8816,1408835,2433078,2182221
8817,1886815,2627724,2133873
8818,1988985,2935156,2336418
8819,1580119,2624008,2314987
8820,1293990,2810742,2147685
8821,1778709,2649639,2216388
8822,1685836,2928937,2159886
8823,1983032,2658083,2165597
8824,1771953,2597843,2310488
8825,1425972,2751918,2160258
8826,1600539,2507560,2186361
8827,1499348,2751323,2260073
8828,1685011,2699493,2206205
8829,1547889,2659122,2270221
8830,1497878,2225225,2320503
8831,2117217,2760601,2272171
8832,1648459,2514650,2411582
8833,1312220,2671600,2232042
8834,1407533,2571165,2271943
8835,1564205,2735388,2370207
8836,1660812,2589311,2060277
8837,1279002,2467619,2112077
8838,1553101,2427590,2202397
8839,1593822,2196492,2278475
8840,1502402,2441429,2324337
8841,1706486,2414302,2120010
8842,1687065,2355265,2259960
8843,1789371,2355383,2189688
8844,1643351,2283948,2113995
8845,1638339,2287495,2195780
8846,1565781,2374535,2234227
8847,1871179,2888820,2122514
8848,2003134,2193094,2297665
8849,1837023,2047785,1964046
8850,1811512,2378314,2244922
8851,1602263,2038410,2329811
8852,1885352,2104091,2256500
8853,1898647,2130271,2171232
8854,1964333,2040054,2073804
8855,1916394,2136304,2176752
8856,1564344,1868268,2182119
8857,1839559,2094735,2048528
8858,1815287,2789818,2263652
8859,1609301,2313834,2309478
8860,1686124,2319341,2164810
8861,2147591,2297466,2245814
8862,1912802,2526618,2325209
8863,1518091,2427740,2368363
8864,1566460,2014573,2108588
8865,1355799,2532644,2339082
8866,1679958,2521960,2264710
8867,1078144,2630427,2245932
8868,1225952,2851412,2470884
8869,1418860,2363707,2223831
8870,1400601,2380037,1985876
8871,1617834,2716335,2320838
8872,1698397,2550676,2205638
8873,1610714,2534084,2226626
8874,2012804,2266660,2117870
8875,2016209,2814452,2248147
8876,1726147,2638494,2394621
8877,1553045,2587186,2351144
8878,1244058,2502269,2227306
8879,1340283,2232512,2215041
8880,1672198,2330012,2356718
8881,1801738,2248079,2328345
8882,1410980,2622944,2410862
8883,1468479,2518888,2209731
8884,1782907,2328859,2274532
8885,1420695,2403429,2250205
8886,1499534,2633652,2255125
8887,1571984,2372529,2217687
8888,1289926,2425828,2294300
8889,1612708,2290223,2380406
8890,1864711,2371082,2187185
8891,1653505,2539687,2345469
8892,1899950,2330800,2164701
8893,1479726,2705482,2399109
8894,1374487,2342023,2290525
8895,1636251,2524378,2139230
8896,1348386,2550778,2021537
8897,1105863,2149397,2196979
8898,1277281,2303028,2374609
8899,1990984,2205105,2109779
8900,877881,2452489,2252504
8901,1651104,2454427,2194525
8902,1385713,2452665,2228016
8903,1445363,2247064,2281184
8904,1277122,2271331,2199085
8905,1186927,2303640,2319349
8906,1376156,2486170,2292151
8907,1363794,2149707,2166036
8908,1271637,2336263,2414200
8909,1337073,1979947,2240081
8910,1586621,2218560,2123982
8911,1540939,1846550,2399900
8912,1177606,2169271,2404324
8913,1408371,2090477,2301466
8914,1265798,1915431,2491441
8915,1364141,2146456,2146514
8916,1389875,2256880,2345131
8917,1567826,2252209,2090983
8918,1390270,2618542,2412041
8919,1145574,2169419,2307056
8920,1038633,2356593,2341419
8921,1172195,2115294,2137596
8922,1198044,2206737,2228162
8923,1751386,2120179,2240455
8924,1475744,2252914,2223162
8925,1529580,2193296,2242755
8926,1264211,2109454,2332586
8927,1288150,2374427,2414974
8928,1229769,2274221,2391571
8929,1310414,2277835,2325969
8930,1427422,2293065,2116095
8931,1309102,2308435,2222409
8932,1568899,2605922,2067041
8933,1309638,2175658,2283205
8934,1151545,1900676,2432754
8935,1497146,2179936,2314609
8936,1022636,2075436,2298729
8937,987197,2072374,2256626
8938,1477824,2223023,2178671
8939,1656281,2162598,2465356
8940,1224156,2182633,2378524
8941,1304742,2349836,2190570
8942,1498421,2323004,2198108
8943,1284787,1955222,2169918
8944,1054952,2139654,2340996
8945,1643272,2303719,2208784
8946,1277250,2507600,2183571
8947,1339185,2542513,2472874
8948,1744271,2307595,2200385
8949,1082551,2287306,2370127
8950,1143090,2459158,2115941
8951,1185886,2521799,2206971
8952,1374004,2229651,2213910
8953,1303491,2916990,2352256
8954,1284118,2582037,2191564
8955,1261704,2777873,2385968
8956,1210506,2706108,2185844
8957,1137791,2767169,2209223
8958,1350601,2613392,2347986
8959,1300532,2704704,2116195
8960,1153813,2342345,2238869
8961,1463204,2747659,2184689
8962,1116335,2380113,2240095
8963,1261602,2618692,2305146
8964,1190234,2233795,2267754
8965,1122080,2509244,2371077
8966,953562,2587707,2328554
8967,1014527,2843357,2175127
8968,882486,2706060,2270913
8969,1042174,2486989,2205349
8970,1192421,2485006,2117484
8971,1055906,2219719,2185272
8972,1346418,2303298,2292606
8973,1247310,2104539,2017051
8974,1124080,2160585,2279504
8975,1012007,2425059,2371414
8976,648723,2431435,2274664
8977,783615,2125962,2123701
8978,1202028,2127801,2384125
8979,958255,2101640,2265782
8980,1056186,2228182,2387348
8981,888879,2383750,2175931
8982,1127797,2476151,2396956
8983,1061105,2305967,2146299
8984,975698,2177317,2366221
8985,1234292,1980792,2068613
8986,1145998,2531738,2309695
8987,1061794,2215586,2318248
8988,1372021,2286750,2168144
8989,1539950,1931280,2342265
8990,1455298,2472510,2212568
8991,1143249,2641622,2179155
8992,1386441,2547464,2244925
8993,1390406,2240511,2257741
8994,1255831,2349815,2464550
8995,1059407,2373002,2446072
8996,788921,2320761,2372538
8997,856297,2385650,2154442
8998,830876,2761361,2200354
8999,793339,2660949,2076422
9000,880229,2630962,2094878
9001,1126678,2795528,2308688
9002,970414,2819382,2253667
9003,945811,2886127,1996682
9004,773158,2607615,2342427
9005,787148,2530382,2314025
9006,956141,2477764,2344579
9007,1307918,2372053,2275609
9008,1206170,2613085,2048602
9009,1294410,2568858,2333630
9010,1136445,2608504,2299756
9011,768670,2597230,2356876
9012,730783,2463196,2262806
9013,704749,2354371,2137414
9014,813153,2682300,2313550
9015,939217,2544144,2298055
9016,1138765,2512995,2286555
9017,1224535,2434737,2218531
9018,672174,2560245,2205909
9019,804930,2142280,2017848
9020,964607,2456057,2108595
9021,1008966,2601696,2231011
9022,747150,2631984,1961303
9023,865551,2387048,2061579
9024,960697,2314461,2208971
9025,1161391,2571323,2320222
9026,809080,2551994,2350374
9027,1369212,2396330,2276128
9028,1327991,2490877,2302417
9029,1624746,2284137,2391249
9030,1049349,2825589,2505781
9031,981268,2670323,2272979
9032,1209092,2741246,2176394
9033,883902,2661328,2254311
9034,848717,2619714,2089161
9035,800919,2312018,2214587
9036,947543,2206447,2334115
9037,1064812,2382596,2366887
9038,1100520,2685578,2338278
9039,928422,2514194,2261917
9040,780849,2426371,2369772
9041,898527,2480912,2392378
9042,1035635,2660393,2305031
9043,942205,2391186,2169469
9044,1168696,2451892,2185739
9045,768986,2231109,2247876
9046,1161211,2503389,2156596
9047,539422,2295253,2314396
9048,566049,2854976,2497280
9049,736939,2568772,2180854
9050,877518,2705378,2490369
9051,845511,2608139,2129182
9052,755890,2444888,2253890
9053,1141429,2890126,2236961
9054,771338,2664838,2256727
9055,709158,2856173,2290483
9056,624307,2625006,2131493
9057,806112,2253560,2209504
9058,1113385,2523843,2497336
9059,814637,2660455,2121382
9060,702127,2560756,2319255
9061,853876,2630714,2249692
9062,753159,3032395,2335736
9063,639921,2666224,2269516
9064,804043,2469507,2107041
9065,778943,2522473,2145243
9066,521655,2902190,2348729
9067,725114,2691542,2380429
9068,457792,2970682,2347288
9069,755890,2666291,2228372
9070,576981,2342888,2268588
9071,610020,2701841,2309393
9072,641290,2629730,2134098
9073,641466,2489827,2336545
9074,893602,2672227,2061499
9075,746961,2865363,2403299
9076,447962,2981476,2197817
9077,519715,2903681,2333526
9078,705291,2812753,2312723
9079,539197,3026551,2071371
9080,773892,2852572,2241980
9081,374375,3249518,2162507
9082,576725,3052471,2270980
9083,806671,3103430,2087290
9084,711890,3036330,2342032
9085,923682,2868818,2353973
9086,571393,3145384,2203946
9087,741842,2931184,2548880
9088,669092,3349525,2100870
9089,648681,3243306,2166238
9090,394657,3383335,2237565
9091,577862,3142072,2211797
9092,484261,2926620,2162894
9093,513355,2853632,2365730
9094,431170,2954678,2249946
9095,416687,3013620,2156903
9096,647163,3032586,2185203
9097,592534,3076323,1942827
9098,524670,2757033,2435886
9099,795656,2901691,2124089
9100,596375,2644075,2249159
9101,771938,2881332,2261363
9102,760325,2954955,2184855
9103,654442,2706475,2161026
9104,599607,2647133,2104480
9105,501428,2891589,1971602
9106,714577,2671958,2332301
9107,377310,3157597,2287320
9108,546385,2903758,2151858
9109,351899,2699145,2252418
9110,488473,2854004,2195475
9111,650232,3169922,2180604
9112,716966,2742114,2206899
9113,394890,2990535,2356881
9114,436768,2865694,2263372
9115,522231,3217741,2111008
9116,562621,3134666,2324929
9117,483977,3122671,2150528
9118,492863,2868545,2302770
9119,599758,2674954,2299942
9120,406502,3053582,1885449
9121,470442,3251356,2262069
9122,411604,3273237,2151740
9123,601730,3162051,2213587
9124,377198,3122491,2444834
9125,627761,2970559,2287345
9126,821079,2852847,2231556
9127,484879,2723197,2004836
9128,438782,2712294,2415086
9129,594291,2409323,2222210
9130,626607,2658752,2348180
9131,410947,2790816,2237134
9132,715734,2664135,2186844
9133,757191,2857459,2059081
9134,409626,2894117,2282999
9135,439962,3104967,2123739
9136,697671,2947256,2363626
9137,491908,2789356,2398871
9138,632702,2900121,2118063
9139,527336,2752646,2092207
9140,712600,3201455,2099946
9141,768452,3126431,2149270
9142,693297,2735386,2220821
9143,399852,2561653,2135966
9144,381244,2810394,2005290
9145,455200,2953321,2248506
9146,341182,2545423,2066216
9147,407826,3039229,2100685
9148,486325,2885942,2210363
9149,359983,2706873,2076370
9150,413498,2944056,2252856
9151,794956,3236515,2302896
9152,881969,3199009,2290326
9153,612800,3222261,2333122
9154,502355,2925863,2361732
9155,317252,2876949,2220777
9156,722992,2830947,2172183
9157,515393,2973329,2108159
9158,683131,2894102,2345757
9159,601729,2669428,2064949
9160,828348,2832199,2336317
9161,485299,2952334,2139894
9162,447255,3337616,2229731
9163,401228,2980068,2268407
9164,530556,2759994,2045239
9165,574137,3012761,2316474
9166,708830,3316667,2157983
9167,714452,2969202,2125439
9168,503912,2860000,2180562
9169,476444,2804032,2240617
9170,608181,2702075,2327179
9171,517870,2863501,2350481
9172,510641,2662462,2269111
9173,474632,2943081,2183115
9174,655636,2589676,2212438
9175,491028,2789788,2237295
9176,353153,2262730,2118155
9177,718813,2350385,2176767
9178,462333,2669433,2219842
9179,668366,2557212,1852003
9180,515872,2705366,2208427
9181,758918,2596036,2148265
9182,577838,3184010,2374158
9183,537919,3053351,2297260
9184,360036,2976391,2039075
9185,390375,2614169,2269906
9186,427639,2601386,1984100
9187,497178,2516977,2403052
9188,441698,2642081,2124507
9189,608723,2332155,2216362
9190,589678,2778585,2350504
9191,715671,3021697,2158433
9192,797340,3019667,2185878
9193,470481,2932607,2110142
9194,427370,3019578,2366098
9195,628815,2959742,2448003
9196,450613,2614423,2235736
9197,439303,3042851,2163927
9198,347080,2931072,2246821
9199,391583,2483827,2210496
9200,568164,2647391,2280550
9201,652126,2849223,2257604
9202,970380,2797301,2292472
9203,513008,2450775,2266708
9204,602150,2014846,2164331
9205,449191,2491942,2053837
9206,501895,2251427,2130452
9207,773713,2417937,2226235
9208,667047,2747751,2340457
9209,508761,2183517,2172347
9210,931515,2718461,2293587
9211,661542,2678367,2141779
9212,304397,3089988,2176786
9213,383578,2993509,2219026
9214,453382,2418398,2392913
9215,667367,2803233,2211161
9216,369998,2975478,2290426
9217,555929,2753338,2208988
9218,355187,2602639,2205329
9219,458595,2474630,2386614
9220,464334,2509949,2325137
9221,346201,2844465,1978200
9222,617323,2609786,2350036
9223,318510,2771160,2240256
9224,470516,2453183,2104652
9225,387288,2754107,2217266
9226,467634,2494781,2197080
9227,437562,2698961,2210719
9228,278707,2368431,2332885
9229,431604,2462205,2137664
9230,361711,2340748,2250141
9231,517543,2691499,2277975
9232,337805,2592289,2194605
9233,425321,2604868,2158553
9234,662002,2372901,2355014
9235,459060,3169672,2316644
9236,557099,3015921,2340876
9237,832634,2578630,2232029
9238,392497,2789167,2362755
9239,447164,2595621,2419196
9240,523201,2670303,2183488
9241,419683,3083356,2179188
9242,545999,2766527,2375956
9243,418313,2891949,2283572
9244,452208,2585276,2376299
9245,548248,2631528,2302076
9246,640611,2741501,2255713
9247,574043,2866660,2250096
9248,690445,2596413,2210237
9249,584463,2618051,2282057
9250,472562,2473292,2219550
9251,358148,2760959,2158738
9252,631303,3139964,2398659
9253,513262,3029484,2198201
9254,474388,2784630,2302289
9255,663730,2871644,2089765
9256,691421,2459131,2201921
9257,641630,2586790,2174396
9258,631565,2610146,2144779
9259,459856,2435775,2239857
9260,491872,3197507,2331359
9261,527998,2924161,2240730
9262,527451,2460018,2392888
9263,384904,3053129,2252103
9264,467443,2744643,2193000
9265,376842,2500296,2311523
9266,435264,2688005,2170386
9267,391257,2512386,2093021
9268,710888,2750192,2294078
9269,586155,2449769,2098107
9270,444486,2942551,2176098
9271,476428,2954405,2070221
9272,531690,2816279,2290043
9273,358909,2826411,2085344
9274,430100,2747088,2317292
9275,306594,2517653,2234432
9276,260515,2570339,2099421
9277,487121,2459208,2083595
9278,719376,2760736,2191610
9279,456579,2715592,2300479
9280,635702,2829872,2299352
9281,514981,2885282,2499739
9282,726688,2866904,2485183
9283,520520,2759442,2200157
9284,360075,2973393,2240784
9285,581260,2729203,2083018
9286,414362,2820987,2149324
9287,460845,2853335,2085537
9288,499707,2901828,2259569
9289,928916,2888995,2220504
9290,629734,3130248,2350918
9291,561415,3034069,2279414
9292,533635,2825867,2121848
9293,758833,2919237,2222554
9294,544457,2466783,2057920
9295,420139,2633042,2256722
9296,527522,3021277,2242323
9297,439243,2869563,2091875
9298,580802,2669759,2287827
9299,511965,2503720,2291374
9300,440404,3229211,2435530
9301,352583,3088279,2159164
9302,328297,2844695,2287828
9303,489055,3111606,2239917
9304,444090,2707378,2440015
9305,698073,2497213,2369676
9306,640036,3001050,2313501
9307,717749,2866064,2283012
9308,587063,2766599,2179733
9309,586912,3143699,2162260
9310,647108,3147966,2068401
9311,574437,3121844,2153087
9312,368238,3060389,2230187
9313,301017,2873345,2240855
9314,750809,3003945,2210731
9315,546575,2504283,2437426
9316,385788,3159747,2338703
9317,240577,3168314,2048922
9318,395912,3183796,2189850
9319,484899,2819797,2324146
9320,554346,2603826,2271249
9321,520770,3153009,2284491
9322,492043,3311071,2141515
9323,441215,3065116,2236647
9324,581567,3259906,2550814
9325,618263,3041546,2210053
9326,362595,3213847,2179574
9327,296414,2865712,2195542
9328,406021,3202435,2199293
9329,568565,2885520,2392685
9330,495811,3404183,2173402
9331,382736,3195379,2334570
9332,845561,3592301,2275125
9333,824959,2838251,2167720
9334,926984,2959036,2119899
9335,756586,2809412,2159574
9336,969363,3115273,2314543
9337,905577,3150727,2118335
9338,912806,3242872,2621016
9339,717502,3407005,2335255
9340,724492,3223194,2322170
9341,591966,3085066,2360638
9342,506129,3110564,2266748
9343,379044,3059572,2342417
9344,382425,3082639,2237778
9345,465522,3457506,2387557
9346,491139,3490804,2019952
9347,723050,2912876,2246658
9348,522515,3436315,2087200
9349,570572,3185358,2148247
9350,776590,3006703,2346043
9351,533479,3342965,2315510
9352,456100,3442362,2172717
9353,493708,3286764,2171401
9354,443264,3658110,2150256
9355,358853,2879543,2242924
9356,541070,2888651,2204686
9357,710046,2796145,2078978
9358,783161,2955292,2188821
9359,419803,2617253,2305317
9360,413569,2949113,2239631
9361,381637,3657116,2277792
9362,529872,2898904,2215770
9363,496761,3209579,2294054
9364,684568,3269917,2089406
9365,723774,3197182,2118512
9366,569329,3752447,2158659
9367,406621,3293542,2359082
9368,489046,2970459,2342178
9369,684815,3516000,2270206
9370,509034,3142424,2306908
9371,452624,3102801,2273857
9372,873236,2643440,2536187
9373,699158,2960316,2209502
9374,818407,3154887,2436548
9375,696561,3177545,2252770
9376,797395,3453439,2260576
9377,880288,3244550,2141568
9378,882998,2981422,2202165
9379,607093,2183288,2310884
9380,852219,3066156,2106118
9381,749114,3094792,2193479
9382,996959,3085393,2222722
9383,945958,3089466,2166384
9384,829384,3089024,2323517
9385,746830,3021620,2320887
9386,847881,3065757,2219514
9387,956470,2835154,2299166
9388,1254089,2540875,2312459
9389,958643,2274096,2217724
9390,951997,3456303,2075829
9391,984240,3463914,2441213
9392,795195,3360595,2112386
9393,1000113,3288296,2347159
9394,798024,3030954,2483172
9395,1057204,3613463,2314055
9396,876914,3536247,2428654
9397,1176501,3558617,2194985
9398,1399101,3192997,2251484
9399,999288,2828799,2404045
9400,671779,2914762,2163483
9401,705656,3503757,2123141
9402,983365,3396451,2233548
9403,859945,2934778,2268049
9404,821899,3047922,2253721
9405,1101024,3144496,2163169
9406,989973,3458730,2324006
9407,1111703,3288328,2227586
9408,1373996,3246931,2076523
9409,1198350,3122032,2185731
9410,1109346,3626565,2264997
9411,956968,3538097,2290216
9412,1216862,3279995,2375796
9413,1089718,3551003,2134635
9414,1266592,3511395,2103297
9415,1369705,3022615,2275391
9416,1309032,3422356,2074341
9417,1140099,3321787,2216015
9418,1147806,3577422,2200199
9419,1167130,3630973,2344185
9420,936468,3997639,2291912
9421,888756,3228466,2318906
9422,1127770,3794925,2136588
9423,1012645,4199139,2047960
9424,1577785,3724427,2273165
9425,1178680,3814111,2278934
9426,895689,3995267,2451602
9427,1110760,3839326,2206724
9428,1047466,3638826,2069629
9429,1135839,3612966,2199928
9430,1265608,3820614,2351361
9431,1068512,3771486,2198641
9432,1240070,4143942,2145372
9433,1379210,4129009,2203308
9434,795394,3798821,2325754
9435,1098511,3981150,2094615
9436,1239681,4225439,2095962
9437,1091338,4177493,2301977
9438,1183683,4258598,2447280
9439,964313,3932265,2208291
9440,1159696,4167014,2373386
9441,1413561,4279693,2122980
9442,1561584,3829872,2165058
9443,1147972,3914724,2054512
9444,1112232,4166017,2290326
9445,1113315,4375575,2157396
9446,720508,4218406,2299052
9447,1190885,3767742,2334473
9448,1106605,4066643,2212213
9449,970973,4055946,2338959
9450,802513,4166740,2099736
9451,958615,3260428,2420688
9452,1008181,4046149,2138846
9453,1264327,3913366,2194228
9454,1088412,3801366,2170696
9455,1493536,4002261,2240872
9456,1649321,4268801,2133527
9457,1228317,4180027,2321870
9458,1336859,3816958,2259793
9459,1129006,4046234,2568213
9460,1109644,4269372,2296704
9461,1249383,4300813,2284698
9462,1390261,3761314,2369628
9463,1346549,3852410,2155529
9464,1426579,3847808,2153223
9465,1032929,3806565,2196032
9466,1001094,4027265,1950374
9467,1060427,3978203,2281191
9468,1264637,3564707,2121889
9469,1115437,3051883,2392584
9470,938327,4026761,2071464
9471,1120598,3442453,2235460
9472,1138131,4293325,1913311
9473,1127264,3998476,1947363
9474,795335,4016569,2318535
9475,1260091,3864335,2310814
9476,1401107,3994542,2136922
9477,1331829,4270113,2306600
9478,1241481,3976074,2272457
9479,1126528,4100369,2458283
9480,1412092,3651582,2148887
9481,1192477,3715709,2214112
9482,832249,4074243,2299611
9483,1043468,3970612,2236887
9484,1195423,3985554,2502286
9485,1028999,3664632,2363584
9486,1144146,3604528,2210960
9487,1006929,3493222,2422583
9488,1116628,3864620,2193893
9489,1005033,3436645,2065893
9490,1239541,4241924,2322957
9491,889320,3892049,2296458
9492,1460084,3786102,2222709
9493,1345623,3413150,2302917
9494,1373852,3783957,2056282
9495,1225569,3831391,2160857
9496,1548117,3806929,2236447
9497,1744553,3908081,2307180
9498,1625582,3529453,2279354
9499,1520589,2849370,2304641
9500,1372220,3202353,2253802
9501,1075007,3621481,2108050
9502,1285819,3421019,2192696
9503,1213138,3468253,2180296
9504,1040382,3232163,2281960
9505,1313140,3435630,2346465
9506,1297401,3600182,2145470
9507,1421588,3450481,2172199
9508,1254532,3902473,2223408
9509,1297380,3131859,2386926
9510,1577442,4354152,2286914
9511,1439105,4058502,2157538
9512,1487202,3964864,2249320
9513,1352556,3977555,2102395
9514,1209632,3407416,2376533
9515,1605785,4031799,2368470
9516,1471079,3891616,2332267
9517,959008,3684303,2169857
9518,933420,3328511,2227139
9519,1309890,3224437,2141938
9520,1239947,3174491,2422343
9521,1514517,3838547,2208740
9522,1638211,3723355,2267049
9523,1322276,3512294,2294571
9524,1235565,3075683,2173796
9525,1176240,3717069,2292515
9526,1742260,3325645,2300184
9527,1713881,3985097,2185155
9528,1753362,4054578,2200594
9529,1472472,3492601,2169844
9530,1231312,3369514,2339526
9531,1307227,3298699,2333549
9532,1477716,3492348,2302431
9533,1534606,2792287,2320795
9534,1516804,3175454,2319380
9535,1314488,3181541,2284088
9536,1204969,3046052,2214292
9537,1488852,3479845,2327661
9538,1324488,4047299,2298893
9539,1380368,3771906,2293533
9540,1681979,3667775,2352082
9541,1755392,4060887,2176178
9542,1609347,3660401,2044915
9543,1846917,3760451,2245772
9544,1550212,3636862,2304987
9545,1682018,3008552,2252140
9546,1832147,3586480,2330473
9547,1747844,3735134,2202962
9548,1495651,3256279,2298673
9549,1685471,3341675,2212322
9550,1492919,2972651,2219973
9551,1325729,3411361,2183481
9552,1331513,3361462,2395024
9553,1081013,3552255,2420117
9554,1319649,3936252,2169458
9555,1374117,3583702,1956585
9556,1354058,3151689,2063285
9557,1101587,3864865,2276394
9558,1353178,4339450,2310147
9559,1670290,3666407,2190164
9560,1613706,3535958,2178361
9561,1560381,3742995,2265486
9562,1346938,3669064,2331087
9563,1131201,3243099,2207279
9564,1492218,3741158,2172243
9565,1683629,3950176,2279495
9566,1362484,4328494,2293699
9567,1290196,3451228,2266892
9568,1198709,3957484,2110801
9569,1725140,3692099,2356935
9570,1672026,4043896,2223419
9571,1995289,3765185,2141355
9572,1357934,4205318,2252481
9573,1356103,3746096,2141836
9574,1332937,4036699,2292823
9575,1325891,3655601,2336454
9576,1081300,3976192,2190215
9577,1481596,3988878,2523379
9578,1371948,3480410,2209364
9579,1217276,3629373,2311179
9580,1187908,3513231,2169602
9581,1527492,4104209,2286768
9582,1380589,3934637,2141428
9583,1867510,3803829,2267740
9584,1627317,3517015,2414323
9585,1673073,3429454,2087915
9586,1415575,3672758,2076000
9587,1582002,3709377,2144511
9588,1587844,3715023,2247958
9589,1257110,3703374,2323993
9590,1480239,3754581,2262654
9591,1587645,4143884,2341486
9592,1266860,3928221,2215481
9593,1266248,3559568,2147970
9594,1311082,3348885,2257138
9595,1485946,3585169,2108165
9596,1873316,3573781,2187337
9597,1622661,4087430,2210854
9598,1521825,3741729,2091146
9599,1515867,3364928,2355213
9600,1427967,3555823,2293549
9601,1551550,3814376,2051625
9602,1470343,3887790,2321405
9603,1645072,4119618,2194426
9604,1953469,3871232,2186478
9605,1560875,3640798,2241071
9606,1601390,3733983,2194301
9607,1683602,3975019,2384680
9608,1514545,4126368,2143485
9609,1309199,3428901,2086095
9610,1687142,3830558,2140207
9611,1551767,4043042,2248425
9612,1412431,3770249,1983337
9613,1449712,3741264,2102491
9614,1414095,3226905,2091846
9615,1355812,3683472,1979812
9616,1653297,3613710,2197479
9617,1665961,4119618,2181905
9618,1774998,3987434,2265482
9619,1615698,3447090,2213829
9620,1339606,3919910,2110710
9621,1850450,3529015,2127982
9622,1614346,2922958,2330776
9623,1818538,3135798,2120773
9624,1233441,2961104,2316037
9625,1461186,3172558,2254877
9626,1513238,3269754,2167279
9627,1735389,3311145,2243331
9628,1619708,3327034,2140555
9629,1560277,2865108,2353758
9630,1647365,3554142,2048148
9631,1595250,3743655,2212148
9632,2067528,3506148,2135047
9633,1670143,3738140,2274378
9634,1452225,3196418,2172681
9635,1624369,3311022,2170915
9636,2241595,3169818,2278411
9637,1842747,3211397,2145515
9638,1952659,3258756,2377590
9639,1366043,2568939,2201952
9640,1643056,3095019,2224078
9641,1582734,3194343,2209015
9642,1641264,3208917,2009979
9643,1365895,3236259,2190197
9644,1559669,2592027,2035046
9645,1760906,3320342,2305055
9646,1869899,3659573,1952189
9647,1919679,3590248,2114241
9648,1822898,3585702,2268535
9649,1911508,3699262,2417709
9650,1328803,3520205,2323074
9651,1668756,3548023,2206092
9652,1810522,3123125,2188017
9653,1836166,3357591,2292550
9654,2434100,3882165,2269330
9655,1617906,3316195,2058138
9656,1745476,3540594,2416199
9657,1876119,3632616,2328020
9658,1947836,3031636,2297254
9659,1848036,3547029,2233833
9660,2147691,3897526,2183549
9661,2029386,4085678,2319482
9662,1766713,3948119,2203865
9663,1604304,3758946,2238245
9664,2098229,3991278,2310011
9665,2008600,3873935,2308813
9666,1702058,3900057,2286063
9667,1811870,3880430,2276686
9668,2251828,3990515,2112752
9669,1565150,3621029,1992575
9670,1547784,3740526,2502547
9671,1435300,4290602,2218735
9672,1278131,4045494,2086506
9673,1380620,3742752,2303798
9674,1156025,4003427,2178121
9675,1397473,4052602,2292875
9676,1459086,2954343,2267150
9677,1324826,3638791,2111665
9678,1392356,3501482,2125542
9679,1563572,3168297,2097642
9680,1908879,3292578,2318241
9681,1694759,3339570,2112985
9682,1517281,3519070,2237147
9683,1783875,3710674,2321948
9684,1128494,2876306,2224624
9685,1667921,3092276,2205091
9686,1937587,3283897,2302271
9687,1624614,3495852,2246637
9688,1385980,3341273,2039448
9689,1393225,3415267,2306250
9690,1754375,3177502,2106335
9691,1895498,3801958,2363808
9692,1963380,3499655,2303623
9693,1480362,3438404,2176989
9694,1894365,3270533,2336785
9695,1779609,3450397,2102139
9696,1295618,3077850,2409813
9697,1572795,3524909,2046253
9698,1860924,3547656,2257188
9699,1516921,3560110,2246200
9700,1569859,3666955,2036617
9701,1905394,3230547,2424933
9702,1709675,3224209,2263368
9703,2070484,3343481,2067167
9704,1544229,3199931,2222528
9705,1487834,3357081,2283543
9706,1371193,3927102,2304980
9707,2065477,3662644,2317598
9708,1973064,3916604,2059566
9709,2048191,3427776,2212963
9710,2086586,2829446,2430528
9711,1784657,3198122,2297063
9712,1664452,3564831,2214112
9713,1535641,3157709,2272980
9714,1857586,3430481,2145828
9715,1797116,3535982,2200029
9716,1730577,3178529,2232982
9717,1878338,3874412,2194339
9718,2045790,3115501,2361435
9719,1511605,3636620,2165585
9720,1923423,3440250,2350352
9721,1723114,3225571,2319217
9722,1653137,3848283,2366662
9723,1904868,3077067,2085035
9724,1407858,3574041,2237400
9725,1620601,3719537,2301707
9726,1720977,2900643,2337271
9727,1737249,3459288,2211389
9728,1798435,3544855,2055469
9729,1898323,3599888,2405926
9730,2142144,3669212,2247380
9731,2456686,3512481,2278542
9732,2103331,3260909,2348915
9733,2616670,3676853,2152300
9734,2268584,3827732,2431332
9735,1994265,3259464,2123931
9736,2261555,3720684,2354092
9737,2369682,3552405,2180395
9738,2057903,3519918,2214218
9739,2346664,3857056,2098375
9740,1804043,3411490,2200754
9741,2185616,3766041,2342580
9742,2052028,3942362,2128679
9743,1831076,3950297,2266353
9744,2023589,3664913,2237047
9745,1705193,4116273,2087363
9746,2018864,3808451,2125849
9747,1652445,3506121,2245873
9748,1390185,3637134,2120466
9749,1584124,3334008,2077574
9750,1887465,3875512,2405973
9751,2144303,3532534,2001040
9752,2018079,3535399,2214627
9753,2008465,3462774,2126931
9754,2039228,3675626,2228093
9755,1872946,3686757,2419131
9756,2381595,3581483,2239939
9757,2422071,3315221,2258088
9758,2433987,3434293,2317850
9759,2243296,3532065,2231577
9760,2305645,3368157,2392984
9761,2219993,3803323,2304961
9762,1937876,3344184,2304574
9763,1664442,3434482,2071349
9764,2083263,4001323,2330324
9765,2316516,3662394,2136628
9766,2434384,3937591,2159997
9767,2391859,3600876,2180682
9768,2322826,3586199,2365781
9769,1712942,3626952,2301151
9770,2463660,3791253,2315531
9771,2182913,3742554,2264675
9772,2246763,3723760,2367683
9773,2169544,3292445,2229492
9774,1995149,3290363,2320267
9775,1446202,2972368,2296848
9776,1639911,3150880,2287207
9777,1930535,3391345,2281087
9778,2153911,2840531,2284950
9779,1830832,3581457,2323708
9780,1652724,3246661,2220545
9781,2139687,3725935,2068959
9782,1748548,3472228,2200069
9783,1839636,3214125,2249586
9784,1928629,3276465,2271409
9785,1606399,3477781,2244366
9786,2264664,3032163,2304743
9787,1879011,3259889,2174079
9788,2041611,3349166,2207897
9789,1755932,2607570,2284806
9790,2087665,3499485,2288736
9791,2052610,3576580,2262827
9792,2447599,3084195,2293203
9793,3088537,3708078,2154430
9794,2407725,2893632,2132604
9795,2384195,3185212,2090256
9796,1950095,3508409,2458153
9797,1822813,3507840,2359481
9798,1845650,2778677,2169502
9799,1644594,2811566,2272426
9800,1892284,3063522,2296176
9801,2283719,2529918,2100490
9802,2492265,3081369,2252361
9803,2535236,3121869,2347359
9804,1853886,2803447,2112836
9805,1881255,3384204,2361185
9806,1778427,3463919,2242165
9807,2148968,3348438,2205415
9808,2368402,3540701,2045438
9809,1783121,3023682,2411587
9810,1234632,3123557,2148638
9811,1706375,3858140,2087465
9812,1891524,3265652,2142133
9813,2119285,3559509,2297433
9814,2090027,3015091,1951667
9815,1934200,3386620,2363890
9816,1986730,3440017,1945998
9817,1856554,3116019,2203574
9818,2519189,3428466,2164475
9819,2209934,3285452,2421095
9820,1588564,3048841,2341460
9821,2423921,3372200,2236666
9822,2101729,3069860,2299623
9823,2008078,3191336,2176543
9824,2594239,3612912,2369107
9825,2178719,3580370,2255086
9826,1807999,3547427,2298250
9827,2366515,3307212,2250434
9828,2594035,3453160,2326517
9829,2053802,3347330,2251747
9830,1761652,3502592,2243502
9831,1604977,3344542,2436439
9832,2436148,3469458,2229510
9833,1896589,3849473,2405844
9834,1593803,3239662,2170233
9835,1580622,3446335,2178603
9836,1669011,3123185,2289126
9837,2050861,3395881,2160687
9838,1634233,2871334,2205473
9839,1789926,3071513,1936364
9840,2091205,3413589,2164403
9841,1680671,3434162,2168069
9842,1461207,3217011,2471264
9843,1616844,3093758,2254184
9844,1935680,3144049,2221270
9845,1578920,3185542,2243045
9846,1662397,3795004,2118185
9847,1755615,3246302,2264469
9848,1858277,3461024,2283602
9849,1569295,3089569,2327497
9850,1692641,3235377,2150961
9851,2447740,3346174,2285239
9852,1883678,3557767,2184313
9853,1643007,3442999,2328217
9854,1578831,3233632,2264617
9855,1787864,3026553,2092027
9856,2407084,3613409,2323100
9857,2439663,3598156,2051056
9858,2221502,3011824,2229539
9859,2353264,2731987,2316693
9860,2040042,3131398,2226390
9861,1794393,3077210,2119874
9862,2071085,3613903,2178581
9863,2384159,3009899,2176693
9864,2000833,3131015,2329179
9865,2446302,3287092,2300498
9866,2204429,3486352,2094723
9867,2108340,2671283,2328369
9868,2394415,2649230,2324735
9869,2215975,2492746,2252421
9870,2300276,3369929,2002825
9871,2150073,3605324,2331908
9872,2467485,3084301,2276139
9873,2102381,2946903,2327169
9874,1845525,2727735,1975244
9875,1587668,3439040,2157456
9876,1729227,2932929,2248860
9877,2133962,3101530,2137012
9878,2044232,3202360,2516252
9879,2204096,3378560,2085016
9880,2232966,2922245,2296655
9881,1962281,3750680,2377314
9882,1974219,3376297,2434115
9883,2039530,3410024,2316320
9884,1990629,3131740,2297906
9885,2563617,3615341,2166638
9886,3017333,3535410,2202224
9887,2243518,3624683,1990503
9888,1998233,3094549,2117512
9889,2338100,3208685,2201535
9890,2434898,3274218,2217830
9891,2149783,3261537,2338411
9892,2090405,3291478,2292697
9893,2172276,3217203,2120607
9894,2589049,3077494,2347811
9895,1857170,3641567,2273212
9896,2267899,3335687,2021047
9897,1887510,3287238,2002350
9898,2160747,3351551,2186353
9899,2467803,3171066,2356370
9900,1984953,2939484,2258786
9901,2241156,3137714,2300110
9902,1979768,3528157,2135360
9903,2334513,3409126,2233551
9904,2230027,3352829,2144540
9905,2315152,3522417,2259334
9906,2540272,3619679,2289535
9907,2400030,3634359,2060733
9908,2422382,3364898,2029409
9909,2950623,3519492,1987541
9910,2737664,3484460,2237400
9911,2884201,3461674,2341418
9912,2630153,3461657,2250824
9913,2666744,3379204,2250313
9914,2150055,3363443,2241036
9915,2008236,3041076,2142975
9916,2498984,3181600,2337492
9917,2302561,3377282,2298440
9918,2242170,3251015,2380454
9919,2247670,3332181,2426173
9920,2492462,3459366,2252128
9921,2338338,3139160,2119559
9922,2031316,3273599,2236835
9923,1676633,3450270,2234498
9924,1852939,3468754,2133942
9925,2394057,3536212,2076504
9926,2293044,3365594,2288501
9927,1857461,3201821,2213672
9928,2201839,3434491,2242023
9929,2329085,3473520,2135919
9930,2221697,3523738,2169434
9931,2132396,3294215,2221601
9932,2402901,3408663,2153838
9933,2028633,3155950,2162379
9934,2341296,3109584,1960858
9935,2224755,3015663,2340770
9936,2162606,2898307,2235924
9937,2502273,2991692,2273298
9938,2579575,2902365,2244012
9939,2592691,2636436,2153942
9940,2411251,2573081,2374359
9941,1810076,2850930,2296022
9942,2108730,2400119,2289193
9943,2076922,2571608,2224009
9944,2491663,2726821,2251301
9945,2663269,2804531,2300432
9946,2267424,2961900,2214641
9947,2115039,2628644,2229967
9948,2247596,2941836,2054694
9949,2016519,3085979,2283828
9950,2478978,2821533,2277021
9951,2943490,2852938,2313571
9952,2328738,3189600,2044377
9953,2897800,3033238,2259156
9954,2447650,3303013,2224223
9955,3263194,2817399,2140316
9956,2443286,3039851,2181913
9957,2338499,3280624,2178998
9958,3015139,3172151,2176434
9959,2753095,2688285,2315813
9960,2378432,2764111,2255092
9961,2370184,3067622,2303104
9962,2824776,2917290,2304379
9963,2263120,3038372,2192963
9964,2305417,2804506,2192421
9965,2257178,3138943,2132897
9966,2453093,3126109,2281441
9967,2943576,3022236,2108002
9968,2627014,3307056,2314132
9969,1922202,3404146,2332348
9970,3124567,3170129,2246546
9971,2592052,3401379,2125186
9972,2536733,3187602,2279597
9973,2602672,3394397,2212109
9974,2022233,2985679,2333632
9975,2171534,2851130,2153848
9976,1973838,3041927,2280747
9977,1923376,2871348,2098450
9978,2014425,3014255,2305968
9979,1770957,2355628,2271046
9980,2206707,2568458,2314341
9981,2227294,2873587,2169560
9982,2117294,3119150,2304079
9983,2309507,2325099,2195755
9984,1732876,2566526,2153709
9985,2171541,2620608,2134063
9986,1895048,3082169,2176849
9987,1827103,2859459,2180492
9988,2273814,2988949,2408478
9989,1935839,2635681,2237462
9990,2232645,3098700,2244061
9991,2295326,3093103,2285941
9992,2222301,2581698,2300665
9993,2348925,2942584,2181100
9994,1841208,2689138,2212668
9995,1862920,3258422,2381728
9996,1955508,3035019,2182844
9997,1945592,2934722,2185903
9998,2070919,2906524,2091034
9999,1637569,2271036,2347482
10000,1469839,2678131,2287004
10001,1684806,2750434,2083193
10002,1875755,2808502,2108052
10003,1592188,2927580,2181819
10004,1774033,2657237,2419877
10005,1829920,2879031,2117408
10006,1689858,2795697,2503231
10007,2012016,2590399,2236449
10008,1811492,3213381,2129840
10009,2018079,2648189,2105321
10010,2032352,3372775,2331605
10011,2365073,3377334,2066559
10012,2356297,2727189,2200952
10013,1985454,3055494,2303078
10014,2474210,2562282,2080664
10015,2043392,3366154,2243633
10016,2206548,3095404,2100212
10017,1871937,3225642,2334423
10018,1687417,3353601,2136242
10019,1787593,2930454,2293385
10020,1919617,2883932,2385244
10021,1873159,3080660,2300082
10022,1992084,3156762,2221503
10023,1713954,3347325,2228119
10024,2051901,2612219,2135593
10025,2153175,2949929,2222907
10026,2151809,3247538,2344023
10027,2135863,3426865,2311260
10028,2235583,3489046,2116001
10029,2512568,3120189,2388411
10030,2907452,3584242,2128825
10031,2751196,2960541,2102286
10032,2666998,3032499,2236940
10033,2362240,3489237,2334424
10034,2233638,2895084,2271762
10035,2175536,3499520,1987919
10036,2518336,3683972,2290836
10037,1908480,3587813,2139902
10038,2081193,3647437,2235713
10039,2208986,3111875,2308859
10040,2222449,3289976,2400644
10041,2142747,3420191,2212726
10042,2344112,3294505,2218208
10043,2306212,3274745,2233994
10044,2232287,2910725,2317675
10045,2081804,3227903,2065497
10046,1850326,3735132,2146151
10047,2440754,3417812,1998253
10048,1856887,3197047,2382443
10049,2127671,3289475,2235593
10050,2171994,3604342,2187295
10051,1801382,3661131,2352858
10052,2293776,3453253,2167086
10053,2059595,3453370,2225235
10054,2174123,3871367,2329861
10055,2374164,3549322,2182204
10056,2531419,3377323,2348359
10057,2600649,3628022,2346285
10058,2316696,3443911,2207808
10059,1791909,3863962,2232887
10060,2241162,3747355,2290298
10061,1926969,3612334,2167910
10062,2222334,4130010,2083714
10063,2751952,4050601,2259382
10064,2169446,3328755,2165230
10065,2305754,4293648,2159612
10066,2346000,4167258,2189516
10067,2799842,4226099,2121796
10068,2416208,4200359,2176821
10069,2178462,4291340,2004295
10070,2152475,4480533,2340744
10071,2283744,4405199,2221152
10072,2683288,4375091,2151628
10073,2407775,4425217,2153784
10074,2584379,4441587,2290412
10075,2524237,4392700,2223369
10076,2555415,3898075,2244390
10077,2503623,4607040,2048390
10078,1954384,4525088,2107015
10079,2553760,4266173,2290122
