time_slot,code,chat,non-interactive
0,0.25999324309495364,0.48455765185382205,0.2554491050512243
1,0.3050326187342751,0.4531893879570436,0.24177799330868127
2,0.2765779479001323,0.4852486881577432,0.2381733639421245
3,0.24948653738403662,0.5037780733211422,0.24673538929482122
4,0.27829410112175307,0.4801764112684693,0.2415294876097776
5,0.2394648836298591,0.501281531088864,0.25925358528127695
6,0.2747283714585115,0.4774511443806463,0.24782048416084224
7,0.2962862769439172,0.4694523472086335,0.23426137584744935
8,0.32696125619408073,0.453822075812719,0.21921666799320028
9,0.29165019100308426,0.4686782449034326,0.2396715640934832
10,0.30238541068099756,0.47189684649643066,0.2257177428225718
11,0.29038198733245557,0.4817356624229289,0.22788235024461553
12,0.31689543790055136,0.48247776447740715,0.20062679762204153
13,0.28979712500347454,0.48863842419580183,0.2215644508007236
14,0.30553741107033067,0.48078026900794324,0.21368231992172607
15,0.2745811826420997,0.5015023950863872,0.2239164222715131
16,0.25463565584024034,0.5177515540228299,0.22761279013692967
17,0.26839008394523634,0.49335114992144874,0.23825876613331493
18,0.23451096343458852,0.5256894418724198,0.2397995946929916
19,0.2333780272364029,0.5170987909486506,0.24952318181494643
20,0.2822844524038214,0.49568196572140166,0.22203358187477695
21,0.29796908848525244,0.4654731155918458,0.23655779592290174
22,0.2798038049031864,0.486260457240068,0.23393573785674557
23,0.27275777997622214,0.49825244507490113,0.22898977494887676
24,0.22707873681807803,0.528170193821759,0.24475106936016297
25,0.26588342434823353,0.4966632339998537,0.23745334165191276
26,0.2670257115768093,0.5092291481980994,0.22374514022509132
27,0.3011670912528159,0.47446777821525893,0.2243651305319252
28,0.2625560814256402,0.49991642436993505,0.2375274942044248
29,0.2392729965817312,0.5174935440004845,0.24323345941778426
30,0.2561327448660221,0.5186949062139518,0.22517234892002608
31,0.2123729239495486,0.546892405765438,0.24073467028501347
32,0.24739607003629913,0.5294397607977868,0.22316416916591408
33,0.24928037288928476,0.508609178512614,0.24211044859810124
34,0.2786912890498437,0.4837989030285767,0.23750980792157958
35,0.24439895747969545,0.5261873046940474,0.22941373782625712
36,0.26754954305570317,0.514693048755179,0.21775740818911785
37,0.26047588876816746,0.5257996082843287,0.21372450294750384
38,0.24608596834954177,0.5126482129992828,0.24126581865117552
39,0.24845646844738212,0.5055636036915773,0.2459799278610406
40,0.23359046158842198,0.5372224977106944,0.22918704070088358
41,0.24344168507505345,0.5026394195402378,0.25391889538470874
42,0.22576425786072057,0.5224210630447208,0.2518146790945586
43,0.22699917123297617,0.5271386487271128,0.24586218003991098
44,0.24202824466036107,0.5350166208841577,0.22295513445548124
45,0.2389618783935209,0.5362395524851779,0.2247985691213013
46,0.25000073751451507,0.5063529500326287,0.24364631245285628
47,0.24805991424519078,0.5128532235792465,0.23908686217556277
48,0.23629909178631048,0.521047182419617,0.2426537257940725
49,0.22582792573367622,0.5389765337096724,0.23519554055665143
50,0.23370770522037013,0.5375327456689036,0.22875954911072624
51,0.2312450782337426,0.5415541678626943,0.22720075390356317
52,0.20791268953501368,0.5540481419574698,0.23803916850751655
53,0.20262130000820933,0.5384479757624028,0.25893072422938795
54,0.25763532999459227,0.5329760999368597,0.209388570068548
55,0.2520791415747684,0.5122925761999992,0.23562828222523238
56,0.28875261023945137,0.47964114793659046,0.23160624182395814
57,0.2834462391678309,0.483279316596981,0.23327444423518814
58,0.2777238906635967,0.5095872703895833,0.21268883894682006
59,0.24545715425297715,0.5309236323703853,0.2236192133766375
60,0.21369244015252326,0.5579719919518112,0.2283355678956655
61,0.2600083034155401,0.5303813158589952,0.2096103807254648
62,0.24895041760706493,0.5109970948643621,0.24005248752857303
63,0.2730222618797603,0.5198169430540569,0.2071607950661827
64,0.2338572599165901,0.5321759772184375,0.23396676286497245
65,0.25043063979235847,0.5177010053979133,0.23186835480972823
66,0.25675337537047216,0.5124591113113062,0.23078751331822162
67,0.24007156645496597,0.5257537587690507,0.23417467477598336
68,0.20434110968282107,0.5567733880419243,0.23888550227525462
69,0.22368538084566647,0.5603232439215072,0.2159913752328263
70,0.20154341265995723,0.5601600777987983,0.23829650954124454
71,0.20860445530864039,0.5580403854830911,0.23335515920826858
72,0.2193580253236367,0.5497392981239708,0.23090267655239252
73,0.2120584868996232,0.5689525134306711,0.21898899966970564
74,0.22130722353181403,0.5336872667944461,0.2450055096737398
75,0.20172281518144045,0.5781595370269392,0.22011764779162032
76,0.2334670099167949,0.54633611499777,0.2201968750854351
77,0.23518321300141282,0.532585919853455,0.23223086714513214
78,0.22356547211962807,0.5556508379877245,0.22078368989264743
79,0.248571764281511,0.5139282175859999,0.23750001813248903
80,0.28094371253573414,0.5168553360133512,0.20220095145091463
81,0.3175735892135615,0.4819565118606124,0.2004698989258261
82,0.2643907780019031,0.51724319109752,0.2183660309005769
83,0.2784980200019202,0.5239996279374088,0.1975023520606709
84,0.24719684048121973,0.5531391679510939,0.19966399156768647
85,0.21967845341512166,0.5509996433810741,0.22932190320380427
86,0.22286942600232532,0.5555345376436108,0.22159603635406386
87,0.2687897021854116,0.5015158511099073,0.22969444670468117
88,0.19409779838040508,0.5863321610796373,0.21957004053995766
89,0.19911344581939194,0.5659208704971299,0.23496568368347812
90,0.20823514628863804,0.564771571593134,0.22699328211822803
91,0.2523509204526786,0.5143867226367196,0.23326235691060188
92,0.23830248306139168,0.5540202659495819,0.20767725098902645
93,0.1843647631986616,0.5946379549157047,0.22099728188563364
94,0.20654402518556464,0.5696766728489369,0.22377930196549856
95,0.23698511952057305,0.5388271871867589,0.22418769329266802
96,0.25136283281915117,0.5335781249492301,0.21505904223161879
97,0.2834603527681777,0.5143453896050579,0.2021942576267644
98,0.30383027829301307,0.5053648192527365,0.19080490245425044
99,0.25088297734873893,0.549822770917803,0.19929425173345805
100,0.24955763769591102,0.5351196057720589,0.2153227565320301
101,0.2739845149213424,0.5115386502627168,0.21447683481594076
102,0.2984622044409133,0.5081504265190729,0.19338736904001372
103,0.2920222452266931,0.516554610487429,0.19142314428587792
104,0.28470326010416824,0.5088823335333252,0.20641440636250652
105,0.2713901930587907,0.5366624849939314,0.19194732194727784
106,0.2720726711630611,0.5288752368891736,0.1990520919477653
107,0.2646215530597999,0.5267938597655802,0.20858458717461983
108,0.24098409869899323,0.5680771226832186,0.19093877861778813
109,0.24494555082156547,0.5427709421531705,0.21228350702526408
110,0.25698974628494736,0.5451745617905492,0.19783569192450343
111,0.2274390316708788,0.5615313067954734,0.21102966153364783
112,0.263676093704202,0.5273977505880938,0.20892615570770423
113,0.2556222317223431,0.5363057126187186,0.20807205565893833
114,0.22914057648659406,0.5445486865049685,0.22631073700843748
115,0.21078683979344606,0.5770269794983317,0.2121861807082222
116,0.25165290931461515,0.5229195442395901,0.22542754644579477
117,0.2479984160538498,0.5419868284092834,0.21001475553686677
118,0.2539031226543651,0.5322706513060927,0.21382622603954218
119,0.2285128403487547,0.5499116895697274,0.22157547008151798
120,0.23446171123921172,0.545378637723808,0.22015965103698026
121,0.24883831753912034,0.5321772088014629,0.2189844736594167
122,0.24018743988019522,0.5415805296415411,0.21823203047826367
123,0.3280090575587881,0.4736155157390586,0.19837542670215333
124,0.2856093225083285,0.4921332941069747,0.2222573833846968
125,0.29482834416677983,0.4997219014988605,0.2054497543343597
126,0.30958051299572364,0.49685149037981324,0.1935679966244631
127,0.30040180984040143,0.4966718363914041,0.20292635376819448
128,0.28754630881698806,0.5154836777369494,0.19697001344606255
129,0.27904807761426487,0.5177363766528776,0.20321554573285752
130,0.25471199467646105,0.5458195108004058,0.1994684945231331
131,0.2746105915182804,0.5119779390692533,0.2134114694124663
132,0.25589364728848785,0.5295126205832114,0.21459373212830077
133,0.25114822647702695,0.5321848898848738,0.2166668836380993
134,0.24804999062931476,0.5444626690966892,0.20748734027399604
135,0.2587423788501108,0.5337568458930826,0.20750077525680657
136,0.2620953813180122,0.5246736549485393,0.21323096373344844
137,0.27427568990164175,0.5143529732828139,0.21137133681554435
138,0.2269603533267814,0.5788724821013052,0.19416716457191344
139,0.25721760768251967,0.5321438114942308,0.21063858082324952
140,0.27421856291453095,0.522162040960927,0.20361939612454202
141,0.2658300738196992,0.5302694933762802,0.2039004328040207
142,0.2756009329254321,0.5214351213094947,0.2029639457650732
143,0.246620882119928,0.5403755551190604,0.2130035627610115
144,0.23238304273818045,0.5516872899938011,0.2159296672680184
145,0.2405898327435735,0.5561604374136405,0.20324972984278594
146,0.228410975078617,0.5796958480826764,0.19189317683870658
147,0.25744147522408023,0.5388206913993346,0.2037378333765851
148,0.2373010173052677,0.5608558469618377,0.20184313573289464
149,0.2493333665996049,0.5371929768852336,0.21347365651516148
150,0.2580315945849337,0.5344071843147643,0.20756122110030198
151,0.22178941846044362,0.5587162784977647,0.21949430304179166
152,0.24992612699186623,0.5453987217815163,0.2046751512266175
153,0.2915818151980176,0.5015816649707465,0.20683651983123583
154,0.2853949374104619,0.511615089034489,0.202989973555049
155,0.23445198330350456,0.568917858152101,0.19663015854439442
156,0.18368995477634023,0.596073086814867,0.22023695840879276
157,0.217249214971588,0.5613166797982565,0.2214341052301555
158,0.22542420430602564,0.56311024619498,0.21146554949899443
159,0.18056154709387615,0.6131720428131969,0.20626641009292696
160,0.2230103689925978,0.5535989508172154,0.22339068019018682
161,0.2361461013931066,0.5574018575005041,0.20645204110638926
162,0.23157540484346903,0.5643010941349826,0.20412350102154833
163,0.2373575254211052,0.54624287351213,0.2163996010667648
164,0.18897756924433748,0.5691178783152938,0.24190455244036874
165,0.2364762249593956,0.5448440544746539,0.21867972056595048
166,0.20443564270055725,0.5712474520982465,0.22431690520119632
167,0.27253140724171343,0.5258527317731453,0.2016158609851413
168,0.23939792465788481,0.529865701698028,0.23073637364408717
169,0.25258958173689794,0.5282091426294584,0.21920127563364364
170,0.24106046244391752,0.5383233478439496,0.22061618971213287
171,0.25765694076623274,0.531065529138943,0.2112775300948243
172,0.24044005215201386,0.5370797883501884,0.22248015949779767
173,0.25159679100765436,0.5348765074726016,0.21352670151974404
174,0.2277520213499547,0.546816485272133,0.22543149337791235
175,0.2579218929775713,0.5308801556737018,0.21119795134872688
176,0.2460880478483192,0.5547850485846946,0.19912690356698623
177,0.24751645439543596,0.5194838068736808,0.23299973873088328
178,0.20216761656194238,0.5878945433521751,0.20993784008588257
179,0.23512850690078607,0.5396984578845212,0.2251730352146927
180,0.25383596002958964,0.5232077839557927,0.22295625601461763
181,0.2578916887440382,0.5048953245597829,0.2372129866961789
182,0.29447175686066884,0.4638330034833835,0.24169523965594758
183,0.2627790767989474,0.5040706062666132,0.23315031693443944
184,0.2764992152707398,0.4934791995392856,0.23002158518997465
185,0.2708158534480738,0.485186503007357,0.24399764354456918
186,0.2588506221615012,0.5100143940839477,0.2311349837545511
187,0.27401127468714664,0.48831216384354814,0.23767656146930521
188,0.28820262945760927,0.4718968282541178,0.23990054228827296
189,0.28699102579599234,0.46163806904213334,0.2513709051618743
190,0.2349935032222382,0.5328343887885165,0.23217210798924526
191,0.27246121327776684,0.4956639755838777,0.23187481113835548
192,0.23219469189884637,0.5025920315720004,0.2652132765291533
193,0.24078916086684243,0.49958100882720596,0.2596298303059516
194,0.22098325055363258,0.536267193438893,0.2427495560074745
195,0.24412815278406175,0.49438425052983875,0.2614875966860995
196,0.21311141351689786,0.5358688080072225,0.25101977847587964
197,0.21578378525335598,0.5345781716270043,0.24963804311963977
198,0.2603682799425432,0.5003972739728418,0.23923444608461503
199,0.2328342025854163,0.5147898429415289,0.2523759544730549
200,0.26649057672406073,0.5088006796502633,0.22470874362567594
201,0.26199348528895244,0.5060754273249374,0.23193108738611018
202,0.2442801094642286,0.5313883660550759,0.22433152448069554
203,0.22186459255236848,0.5264436737077252,0.2516917337399064
204,0.24190777982697495,0.5142510201799548,0.2438411999930702
205,0.22521871203736502,0.5295695028754269,0.245211785087208
206,0.22179259087956643,0.5317715498570182,0.2464358592634153
207,0.19865413325476725,0.5608454962206958,0.24050037052453696
208,0.22953073685889883,0.5241881996910009,0.24628106345010017
209,0.2137731659994812,0.5248389290446512,0.2613879049558676
210,0.24700259638957106,0.5100457543533764,0.2429516492570525
211,0.27535154485605057,0.4644559973761933,0.2601924577677561
212,0.3035182893767292,0.457960877000292,0.23852083362297885
213,0.24785948906155983,0.4938333561787937,0.25830715475964644
214,0.25095476841843134,0.49121081186370397,0.25783441971786464
215,0.2298703085430362,0.5101995222698241,0.2599301691871397
216,0.24649076694727193,0.4998126468812072,0.25369658617152085
217,0.26846100457896643,0.48869103521621515,0.24284796020481839
218,0.19314256792035406,0.5462793569687083,0.2605780751109376
219,0.20242499812429135,0.5044515490507206,0.29312345282498803
220,0.19965451367095402,0.5377418661150726,0.2626036202139734
221,0.28755724851684095,0.48318267889080047,0.2292600725923586
222,0.31518816835451535,0.4568307736605256,0.22798105798495902
223,0.2570587215557049,0.4781403094902677,0.2648009689540273
224,0.25798100224431914,0.49633620516934995,0.24568279258633088
225,0.2770273576753564,0.47682387083386246,0.24614877149078115
226,0.29763537962235337,0.4545553815589378,0.24780923881870884
227,0.30561507807367366,0.46106511149124074,0.23331981043508557
228,0.3117546547421591,0.45903819539049107,0.22920714986734989
229,0.2671899594092535,0.4860248665899152,0.2467851740008313
230,0.26266958496004494,0.49953318050118467,0.2377972345387704
231,0.2754548142375442,0.4889337792748835,0.23561140648757226
232,0.27042039848609817,0.48575035454387927,0.2438292469700226
233,0.25568747426215716,0.48912559262557925,0.25518693311226365
234,0.24574729614886415,0.521711613961215,0.23254108988992087
235,0.24497890840418265,0.513617135128724,0.24140395646709334
236,0.2203294643888466,0.5512385475422854,0.22843198806886802
237,0.2493731387087457,0.5096697840666835,0.24095707722457085
238,0.26321418764647453,0.5178510701167849,0.2189347422367406
239,0.2342835194975506,0.5151872437578868,0.2505292367445626
240,0.24824179638593633,0.4993468156639794,0.2524113879500843
241,0.26036421018441913,0.48479030650093874,0.25484548331464213
242,0.2761947059444022,0.45892784581119683,0.26487744824440096
243,0.24013844802239184,0.5000091278903346,0.2598524240872736
244,0.22087370367882375,0.5112057456685055,0.2679205506526707
245,0.21704700239103167,0.5067822250313578,0.2761707725776105
246,0.2626492495456891,0.491715724766114,0.2456350256881969
247,0.23453302683963692,0.4763603433295988,0.28910662983076424
248,0.284401532452191,0.4677189192020079,0.2478795483458011
249,0.2637156192174919,0.4895720792482194,0.24671230153428872
250,0.24929923687639094,0.4977232841386495,0.25297747898495954
251,0.25673387564155276,0.502133088857039,0.2411330355014082
252,0.21019352454460738,0.5052682669819976,0.2845382084733951
253,0.20133621935229332,0.5228368490444649,0.27582693160324173
254,0.2635716712905208,0.4661889977097957,0.27023933099968345
255,0.24465229101639974,0.4947583993522549,0.2605893096313453
256,0.238036675498674,0.52432069184143,0.237642632659896
257,0.24184344278360898,0.515113122856049,0.24304343436034195
258,0.19610972539070487,0.5694652765102021,0.234424998099093
259,0.18217263545080795,0.5439323794391696,0.2738949851100224
260,0.21658455249278608,0.5405702951149133,0.2428451523923007
261,0.20633403364753963,0.5407501028214579,0.2529158635310025
262,0.21190774937565987,0.5531933126444424,0.23489893797989775
263,0.2393111861240749,0.5226648869563123,0.2380239269196128
264,0.1986398175795607,0.5501064021657361,0.2512537802547032
265,0.20217975180989178,0.542291142484712,0.25552910570539616
266,0.22665715021330543,0.5382305045784352,0.23511234520825933
267,0.2142248604875458,0.5408492886750251,0.2449258508374291
268,0.24006027567360358,0.51603020133439,0.24390952299200636
269,0.19002948198116446,0.5561195572981723,0.25385096072066327
270,0.212968881698411,0.49966601990077897,0.28736509840081004
271,0.1798067445920107,0.5487536151886,0.27143964021938927
272,0.2465882538188514,0.5013396458437254,0.25207210033742317
273,0.21913103916018511,0.5234321936288201,0.2574367672109948
274,0.22427637532217853,0.5191428211354676,0.2565808035423538
275,0.22461161564438353,0.5285505173071073,0.24683786704850913
276,0.20826020082132227,0.5346307211507618,0.25710907802791594
277,0.19130520561718037,0.5571894486017606,0.25150534578105904
278,0.20359719764364753,0.5489527414525596,0.24745006090379285
279,0.19060544938794324,0.5300606741420774,0.27933387646997937
280,0.1731734665849791,0.5551542185961069,0.271672314818914
281,0.19002904395723405,0.573446314568116,0.23652464147465
282,0.19765308772917162,0.5634080824260266,0.23893882984480183
283,0.20938499352485662,0.5386951832630179,0.2519198232121255
284,0.22330341282060984,0.545712581653215,0.23098400552617512
285,0.22292034845822686,0.5217875078837667,0.2552921436580064
286,0.19097822133512876,0.5564777630136932,0.252544015651178
287,0.20752796295753376,0.541798675217353,0.2506733618251132
288,0.20847455040317453,0.5472283129414358,0.24429713665538966
289,0.20966765736531237,0.5204145701168414,0.26991777251784616
290,0.21273318035979033,0.549441467025179,0.2378253526150306
291,0.194724327754922,0.5720847249354086,0.23319094730966936
292,0.1838477219832695,0.5652858468702254,0.2508664311465051
293,0.19407002706781923,0.554658718240326,0.25127125469185474
294,0.1788333954695929,0.5825025041661239,0.23866410036428318
295,0.23189292036505568,0.5346190168042358,0.2334880628307085
296,0.18785376476038304,0.5707720440995006,0.24137419114011635
297,0.22278960419477192,0.5503992604338305,0.22681113537139758
298,0.1760416645308594,0.5857013455699712,0.23825698989916938
299,0.19843625687372904,0.5487907443764697,0.2527729987498012
300,0.20348910358154418,0.5313579358374121,0.2651529605810437
301,0.18460153301242102,0.5630313122328203,0.2523671547547587
302,0.19806145089267752,0.5621308552521505,0.239807693855172
303,0.21111106794098405,0.5689658563687782,0.21992307569023772
304,0.1874037633741979,0.5640113712009891,0.24858486542481298
305,0.20648988042649905,0.5429051707277596,0.2506049488457414
306,0.1788715766978483,0.5731386447653218,0.24798977853682982
307,0.19628227603529777,0.5562228450189377,0.24749487894576455
308,0.15017771100934996,0.588479348537731,0.26134294045291906
309,0.1865865918785502,0.5293324866346333,0.2840809214868166
310,0.14888160609977077,0.584181567154648,0.2669368267455812
311,0.2004552327439626,0.5539586283509249,0.24558613890511244
312,0.20891817136610374,0.5119379759122437,0.2791438527216526
313,0.19205143203200958,0.5656852672458632,0.24226330072212715
314,0.16426088455915894,0.5532852429601077,0.28245387248073334
315,0.1976978521090419,0.5507423768480114,0.25155977104294663
316,0.20182981692628393,0.551708311487354,0.24646187158636204
317,0.1556324296922819,0.5715578011830962,0.2728097691246219
318,0.16264177045572106,0.5900241958317761,0.2473340337125028
319,0.18636493153287098,0.5501906202681698,0.26344444819895924
320,0.19478367512509454,0.5497222165038506,0.2554941083710549
321,0.19749890487515692,0.5548667530595318,0.24763434206531132
322,0.22509276444286502,0.5308961468572532,0.24401108869988186
323,0.18071860543650198,0.5519029786378468,0.2673784159256512
324,0.18411249848846944,0.5459767210448437,0.2699107804666868
325,0.17688765244302648,0.5740749300852844,0.24903741747168912
326,0.1570344514657825,0.569461023733408,0.2735045248008095
327,0.17333920307437023,0.554033355960961,0.2726274409646688
328,0.17161777452731514,0.5684371385370574,0.2599450869356275
329,0.20010551337023716,0.5489050135508466,0.25098947307891617
330,0.16171270853437145,0.5780328112575442,0.2602544802080843
331,0.19169642534696035,0.5890851675372983,0.21921840711574125
332,0.18741164639066266,0.5474736232081483,0.2651147304011891
333,0.19522375585946877,0.5734364388771206,0.2313398052634106
334,0.17595427022026375,0.5736589222896535,0.25038680749008274
335,0.20458482448095072,0.5655074008906759,0.22990777462837342
336,0.24428576004066582,0.5213759015754906,0.2343383383838436
337,0.18282489924482717,0.5910696513978579,0.22610544935731486
338,0.16319935210744768,0.5868110063939436,0.24998964149860878
339,0.20413484957648012,0.5641154628590143,0.2317496875645056
340,0.17329115994199545,0.5964252795307406,0.23028356052726387
341,0.18153178205226608,0.5816319404686559,0.2368362774790781
342,0.19069869576592532,0.5723365478821714,0.23696475635190334
343,0.21710204649068485,0.5457729993304535,0.23712495417886162
344,0.1595192872694468,0.6000408093468454,0.24043990338370777
345,0.18646850875150417,0.5884614862712084,0.2250700049772874
346,0.2050016949630768,0.5689663914788133,0.22603191355810984
347,0.19160962002587242,0.5734954253498792,0.23489495462424842
348,0.2083051648486344,0.5441893625510674,0.24750547260029812
349,0.21401808033783484,0.5472445853057687,0.23873733435639644
350,0.18418633140243487,0.5980104136041345,0.21780325499343062
351,0.17898081516439535,0.5599729971697568,0.2610461876658478
352,0.17296130114608604,0.5979632325400416,0.22907546631387235
353,0.14490259776184702,0.6212872233517781,0.23381017888637487
354,0.18098260505683256,0.5644344678600333,0.2545829270831342
355,0.21264369104270986,0.5604803428493648,0.22687596610792535
356,0.18162079445491386,0.5858945057421292,0.23248469980295694
357,0.15208390818734432,0.6082247509780219,0.23969134083463386
358,0.18684209057550918,0.5726777062153222,0.24048020320916855
359,0.14457436141394564,0.6092395885951737,0.24618604999088065
360,0.15373340743824304,0.6138826426836231,0.2323839498781338
361,0.16168069893927403,0.5761043039552459,0.26221499710548
362,0.22195149932807826,0.5417195435480602,0.23632895712386154
363,0.17782462654348583,0.5825027520670735,0.23967262138944068
364,0.15539772664415025,0.5952783072792966,0.24932396607655308
365,0.14908092012170696,0.6041999981184365,0.24671908175985652
366,0.16989656599277553,0.5752543302488337,0.2548491037583908
367,0.18771165175269,0.557158065081168,0.2551302831661419
368,0.13212071718594096,0.6244956910848726,0.24338359172918642
369,0.16244797235995675,0.6051916107587307,0.23236041688131245
370,0.17045119087537083,0.5933583800391671,0.23619042908546203
371,0.20010557595326997,0.5726761375606493,0.2272182864860807
372,0.15612765130973147,0.6043983004134937,0.2394740482767748
373,0.14287729808921504,0.6012353394635382,0.25588736244724675
374,0.18417995468278894,0.5948866012280164,0.22093344408919463
375,0.18537368062212609,0.5926542371317405,0.2219720822461335
376,0.15410946061987307,0.601037590963873,0.24485294841625396
377,0.1538798288819631,0.6076816293907972,0.2384385417272397
378,0.1646669793054526,0.6022804188231121,0.23305260187143526
379,0.17356670634007781,0.5901806307072203,0.23625266295270195
380,0.16150674638069404,0.6185870473699382,0.21990620624936777
381,0.152214977429351,0.6242329742561376,0.22355204831451148
382,0.17263004892824368,0.6051321428872461,0.22223780818451022
383,0.15194322974149552,0.6164914590473991,0.23156531121110538
384,0.1764359432222427,0.6048808516112683,0.21868320516648904
385,0.16036830334754357,0.6189712575308941,0.22066043912156236
386,0.15919255947145092,0.617371467508188,0.223435973020361
387,0.14741285036310275,0.6258935565834021,0.22669359305349523
388,0.16358623776553982,0.6191488912566891,0.21726487097777103
389,0.12487202391248124,0.641065271717017,0.23406270437050178
390,0.14563559982996854,0.6055243074782221,0.24884009269180937
391,0.15713739858047746,0.6213354606717262,0.2215271407477963
392,0.1607252058465804,0.5934127313663036,0.245862062787116
393,0.17288533752318327,0.575816068307972,0.25129859416884465
394,0.1518982443267806,0.5975829376425765,0.25051881803064285
395,0.13235229785672645,0.6452172660577379,0.22243043608553573
396,0.1831574772168528,0.5769938127119921,0.2398487100711551
397,0.14598986528794122,0.6414201573311434,0.2125899773809153
398,0.15882638658244919,0.6179707983291894,0.22320281508836137
399,0.13835116564464736,0.6159577562963632,0.24569107805898951
400,0.17179264639234837,0.5988705701278468,0.22933678347980485
401,0.1849384299138606,0.5901682654659358,0.2248933046202036
402,0.14007794953428762,0.6525506457275843,0.20737140473812818
403,0.17685420080051467,0.5786422070246271,0.24450359217485826
404,0.16893942274557083,0.6237613532457795,0.20729922400864959
405,0.15479157937004595,0.6119689972346428,0.23323942339531123
406,0.17749490945961563,0.5974556803125687,0.2250494102278157
407,0.15553539737925776,0.612141150620743,0.2323234519999992
408,0.12826617365258652,0.6545992663896537,0.2171345599577598
409,0.14650822293291108,0.6399440842650013,0.21354769280208766
410,0.2045618184251587,0.5847686017354423,0.21066957983939902
411,0.17900988090816958,0.5973443272921571,0.22364579179967328
412,0.15584068276352803,0.6132630439880965,0.23089627324837544
413,0.13792850302336948,0.6589124589580238,0.20315903801860677
414,0.14012241738055822,0.6452964491805402,0.21458113343890162
415,0.13491180502273925,0.6314705619755061,0.23361763300175467
416,0.16413097758231768,0.6259646921936055,0.20990433022407684
417,0.14303493093617492,0.6201653560462371,0.23679971301758798
418,0.13200815080574357,0.6328671248061808,0.23512472438807563
419,0.1754438812314515,0.6099978213824054,0.21455829738614302
420,0.18431263333110617,0.600660783186059,0.21502658348283485
421,0.1575723267917693,0.6006740081760942,0.24175366503213658
422,0.1944429796153104,0.5807440249301181,0.2248129954545715
423,0.19944812854974311,0.5893518391793193,0.21120003227093756
424,0.14711555516377087,0.5895287904475303,0.26335565438869885
425,0.14147769543425742,0.630229346664463,0.22829295790127965
426,0.11905925414109966,0.6512287601680236,0.2297119856908768
427,0.1238720288059766,0.6535950706737034,0.22253290052032002
428,0.10474291545555431,0.6659934655477593,0.2292636189966864
429,0.12562615423519705,0.6569764465775889,0.21739739918721407
430,0.12972568449345684,0.6325417455940314,0.2377325699125118
431,0.1406855306229096,0.6453180544032384,0.21399641497385194
432,0.11952842879556905,0.6249385861188951,0.25553298508553585
433,0.13335322787119305,0.624838611712751,0.24180816041605593
434,0.1393133218780461,0.6293550751259792,0.23133160299597463
435,0.14024464677196716,0.605569249788645,0.25418610343938786
436,0.16850846272861728,0.6114551588333326,0.2200363784380501
437,0.16041163877937786,0.57101913561985,0.26856922560077223
438,0.15225780842338632,0.6050755365419983,0.24266665503461535
439,0.17997100452475862,0.5868464731136916,0.2331825223615497
440,0.13795757104995238,0.6015863089089639,0.2604561200410837
441,0.15885628484503497,0.5754407016684021,0.26570301348656294
442,0.16088883405560456,0.5786192439658667,0.2604919219785287
443,0.1395231923681763,0.6074579141613549,0.25301889347046885
444,0.1742232629009464,0.5772818008679661,0.24849493623108757
445,0.1553708654099375,0.5810970581338,0.2635320764562625
446,0.17140762644595117,0.5888567394722924,0.23973563408175644
447,0.16301438374521568,0.602117600248403,0.2348680160063813
448,0.14343772458328932,0.6102218292596018,0.24634044615710893
449,0.17258547323892257,0.5841288612952427,0.24328566546583474
450,0.20055394466202145,0.5923205303478113,0.2071255249901672
451,0.14918789616016453,0.6125071088417634,0.2383049949980721
452,0.14257860571125305,0.6181254554402645,0.23929593884848244
453,0.12827621033472483,0.6489207217137481,0.22280306795152702
454,0.15405297151429906,0.6445446987440022,0.20140232974169872
455,0.17301780157075658,0.6189503765514983,0.2080318218777451
456,0.1799403189081999,0.6127733358628081,0.20728634522899198
457,0.11851614276119934,0.6233241018654178,0.25815975537338287
458,0.1678347747206901,0.6025503910576209,0.22961483422168905
459,0.1740982415267078,0.5863350820424347,0.2395666764308575
460,0.16785890577815737,0.6050674041855925,0.22707369003625014
461,0.15134736333121782,0.6423841249323323,0.20626851173644986
462,0.15153026203024939,0.628173784519302,0.22029595345044872
463,0.14281601927002913,0.6300897740826537,0.22709420664731722
464,0.17453731747076207,0.6098006479229096,0.21566203460632838
465,0.15689355275579736,0.6185506754219551,0.2245557718222476
466,0.1416104945370018,0.6385729423869368,0.2198165630760614
467,0.13154435413155885,0.6584453280031939,0.21001031786524732
468,0.11087598648535353,0.6617840114863951,0.22734000202825141
469,0.13766635178122724,0.6472148915645545,0.21511875665421834
470,0.14679342909625767,0.667071128231379,0.18613544267236326
471,0.15093386836795653,0.6196994509561435,0.22936668067589988
472,0.14809871625964494,0.6230061476391987,0.2288951361011564
473,0.14511337330030247,0.619426190195138,0.23546043650455953
474,0.16541008290257456,0.5924807241158754,0.24210919298155012
475,0.14256353701939947,0.597691358082416,0.25974510489818453
476,0.16856926640452827,0.6076314995577053,0.22379923403776633
477,0.13183152333280754,0.6422531065295414,0.22591537013765106
478,0.1622689715630205,0.657331420851175,0.18039960758580448
479,0.17910157436998747,0.5962799222639207,0.22461850336609182
480,0.1369687721973104,0.6327096503172611,0.23032157748542842
481,0.1489778296105616,0.6126278491934226,0.23839432119601575
482,0.1164105532062694,0.6667022495059396,0.21688719728779102
483,0.0944023144655078,0.6849634503714969,0.2206342351629953
484,0.10379745921459643,0.6860647488711187,0.21013779191428483
485,0.09151028531029279,0.6853165808990979,0.2231731337906093
486,0.12384781214946959,0.6644974684877182,0.21165471936281222
487,0.16204478733795283,0.6247124963708179,0.21324271629122918
488,0.10185999571072972,0.6531901987194052,0.24494980556986512
489,0.14212290558819032,0.6425875965036421,0.21528949790816768
490,0.13775031966822449,0.6467450528063161,0.21550462752545937
491,0.1120287754083557,0.6507145677087769,0.23725665688286743
492,0.13819307436016023,0.6361954589816511,0.22561146665818874
493,0.09931159856170883,0.6871233533195009,0.2135650481187902
494,0.12236425215776248,0.6459760786211131,0.2316596692211245
495,0.1049471773974647,0.6815358847904744,0.21351693781206083
496,0.11687940596641685,0.6713522049968166,0.21176838903676656
497,0.10563661340525243,0.6623632280798312,0.2320001585149164
498,0.11039870384202627,0.6824285656030785,0.20717273055489524
499,0.12267967977098998,0.6484975748433721,0.22882274538563785
500,0.11400840458132395,0.6465455550734215,0.23944604034525457
501,0.11946299944239205,0.6482751337887726,0.23226186676883545
502,0.12588327309294342,0.6616974537933257,0.2124192731137309
503,0.11772141831792535,0.6632334511534583,0.21904513052861627
504,0.10737204513398567,0.6462258000993542,0.24640215476666016
505,0.13953090413455801,0.6307844605215072,0.22968463534393488
506,0.1497011826828265,0.6150907857755915,0.23520803154158196
507,0.12499715417596723,0.645158684155439,0.22984416166859375
508,0.1424011916419582,0.598994524144905,0.2586042842131368
509,0.09679634920391422,0.6753939962029943,0.22780965459309144
510,0.1103002281294113,0.6682577210089231,0.22144205086166563
511,0.1170337333402943,0.6399454191058422,0.24302084755386344
512,0.12060264877323906,0.6516256543689907,0.22777169685777024
513,0.13037524630508676,0.6482428415158487,0.2213819121790646
514,0.17358505744330968,0.6040460070305148,0.22236893552617548
515,0.17933475252847286,0.608121148585569,0.21254409888595815
516,0.1275174393946484,0.6127866009762729,0.2596959596290787
517,0.140765993424536,0.6036920539849363,0.25554195259052775
518,0.17253120236692118,0.5923061236481278,0.23516267398495097
519,0.1379146861531747,0.6136430961230261,0.24844221772379918
520,0.10820960655024274,0.6449967903967104,0.24679360305304682
521,0.15775454505577743,0.6124973119631282,0.22974814298109442
522,0.16017143061171626,0.6318241973116334,0.2080043720766503
523,0.13670438120688921,0.6370927724365795,0.22620284635653135
524,0.13192189071466948,0.6289974194505225,0.23908068983480807
525,0.1494277647310782,0.6027676217306436,0.2478046135382782
526,0.1271439035268988,0.6236252910438295,0.24923080542927176
527,0.12767844822287522,0.6418548227230672,0.23046672905405763
528,0.13350148089261635,0.6148857832609456,0.25161273584643806
529,0.11198468763100025,0.6310047561308787,0.2570105562381211
530,0.13781196286325076,0.625793242524494,0.2363947946122553
531,0.12614435163820037,0.6369116395093157,0.23694400885248385
532,0.13324086286409742,0.6448567959376603,0.22190234119824223
533,0.16070319867644667,0.597921008514491,0.24137579280906232
534,0.11731236934398921,0.6345802436843743,0.2481073869716365
535,0.09999531823672637,0.664351806675384,0.2356528750878897
536,0.1503236708863349,0.6493799656297841,0.20029636348388102
537,0.15489369230070935,0.6335991335851819,0.21150717411410871
538,0.13332178087554794,0.6650644576374918,0.20161376148696034
539,0.11048481441056412,0.6778929995953883,0.21162218599404758
540,0.14755203077485726,0.6195097204255925,0.2329382487995503
541,0.1300344299599868,0.630584822901422,0.23938074713859117
542,0.13974216648986312,0.6161892114733086,0.24406862203682822
543,0.14207567712010974,0.623806247081156,0.2341180757987343
544,0.14014013610962528,0.620093664285569,0.23976619960480572
545,0.12119607066784487,0.6498552809031976,0.22894864842895762
546,0.10638387542717882,0.6449978531654353,0.2486182714073858
547,0.10320906778821276,0.6494811014345955,0.2473098307771918
548,0.12973404242833814,0.6218188188715779,0.248447138700084
549,0.1358893115526296,0.6203693551829331,0.24374133326443728
550,0.13803366735149988,0.6206019145533537,0.24136441809514642
551,0.12357340017761138,0.6355566339112437,0.24086996591114493
552,0.1314154678647068,0.6212784899122148,0.2473060422230784
553,0.14606800166337822,0.6190922633847067,0.23483973495191507
554,0.13981780521944423,0.6266299255144671,0.23355226926608869
555,0.11872020614318889,0.6326997105968275,0.24858008325998357
556,0.12171250842171212,0.6228166206130483,0.25547087096523957
557,0.1256266422053993,0.645180034958068,0.22919332283653268
558,0.16386828003600593,0.5739272957106399,0.26220442425335416
559,0.11255631124245295,0.6394918767586216,0.24795181199892538
560,0.15692514008921682,0.6003038338060432,0.24277102610473997
561,0.12329480992583847,0.6397529672565642,0.23695222281759742
562,0.14432723002372694,0.6024153724488813,0.2532573975273918
563,0.14144891518117786,0.5947418547792545,0.26380923003956774
564,0.16318633916639916,0.6083802740821751,0.22843338675142572
565,0.13113792978662958,0.6312389019058462,0.23762316830752425
566,0.1447645275270463,0.5867006253969865,0.26853484707596714
567,0.14325678182981094,0.6044763527364899,0.2522668654336991
568,0.15119079358147236,0.6032277478291462,0.24558145858938135
569,0.14280795542162186,0.623374335329678,0.23381770924870016
570,0.14766018614668666,0.6201330998487238,0.23220671400458956
571,0.16108736712083777,0.5993301740694961,0.2395824588096662
572,0.18305125946308967,0.5689846679420981,0.2479640725948122
573,0.17580985351317902,0.5801266703991278,0.2440634760876932
574,0.12648981925528477,0.6196038526144542,0.2539063281302611
575,0.1253786961972647,0.6056141994530095,0.2690071043497258
576,0.13709391550583908,0.6109548067688518,0.25195127772530906
577,0.13167945260023373,0.626783904079442,0.2415366433203243
578,0.1828129166312332,0.5589507916238297,0.2582362917449372
579,0.15529602276965543,0.5984862876361918,0.24621768959415277
580,0.1482665941232372,0.5983159834695492,0.25341742240721365
581,0.1390495194894108,0.6173433792477809,0.24360710126280832
582,0.1510764420625517,0.6101870956257432,0.23873646231170506
583,0.1464327005308268,0.5878316672866101,0.26573563218256313
584,0.15918714381599328,0.5828007165767809,0.25801213960722585
585,0.12238371373250073,0.612332311562517,0.2652839747049823
586,0.14114654240894875,0.6197111789727058,0.2391422786183455
587,0.15973440990699517,0.591155067997174,0.24911052209583087
588,0.15063542031013175,0.6126777102713215,0.23668686941854686
589,0.14311720162903957,0.5907602226943774,0.266122575676583
590,0.14292711116624246,0.6125095746887389,0.2445633141450187
591,0.13594719045980644,0.6271340297292719,0.2369187798109217
592,0.1549959784984765,0.5942707449273809,0.2507332765741426
593,0.17232226861820085,0.5833744764108029,0.2443032549709963
594,0.14651677961169532,0.6059576131320474,0.24752560725625725
595,0.1281815782060684,0.6308270922857443,0.24099132950818733
596,0.14279607947845824,0.6109373918375016,0.24626652868404014
597,0.15398411183138774,0.6106868217365552,0.23532906643205706
598,0.14232144050442483,0.613015802276656,0.24466275721891917
599,0.13930540948916356,0.6104572753287696,0.2502373151820669
600,0.12082704343544982,0.6475718782680261,0.23160107829652404
601,0.1263839331001601,0.6442619317505194,0.22935413514932054
602,0.12189603930950232,0.6433135529530488,0.2347904077374489
603,0.12104296515891844,0.6153846561529095,0.263572378688172
604,0.12313601050129652,0.6274498222473519,0.24941416725135154
605,0.15288242093560012,0.5978064157310684,0.24931116333333153
606,0.11574494531491483,0.6365242894452652,0.24773076523981993
607,0.09934951820054455,0.6480735915582285,0.2525768902412269
608,0.15643449702288773,0.6177267233892665,0.22583877958784584
609,0.15279125629128631,0.6070338378677215,0.24017490584099216
610,0.1578266363959627,0.5947323504472223,0.24744101315681502
611,0.18337705116421638,0.5703510735417979,0.24627187529398567
612,0.18618344925408417,0.5591011498988256,0.25471540084709016
613,0.13450269030325573,0.6162724803532392,0.24922482934350504
614,0.12445884992599407,0.6219847169081616,0.2535564331658443
615,0.11731659450966125,0.6371880560851264,0.24549534940521234
616,0.1578294160217414,0.6252548026949883,0.21691578128327027
617,0.13645496779071395,0.6291950251923408,0.23435000701694528
618,0.1560578411083971,0.585647720937413,0.2582944379541899
619,0.12872496497389757,0.5875552334692243,0.28371980155687815
620,0.11893877922981827,0.6111277715687548,0.269933449201427
621,0.11691742093210802,0.623912274904624,0.259170304163268
622,0.13436368265532225,0.6158417841707693,0.24979453317390843
623,0.11395579080911172,0.6129677906204866,0.2730764185704017
624,0.1381075144409755,0.6057876320983241,0.2561048534607004
625,0.1344501555097712,0.6419940838329041,0.22355576065732466
626,0.16837004384134704,0.5876495206434953,0.24398043551515766
627,0.16389707048152,0.5991318005099168,0.23697112900856326
628,0.16118912960227824,0.5979122316100786,0.24089863878764323
629,0.13914233706096524,0.5997663377165726,0.26109132522246215
630,0.14293857912106217,0.6233292001236131,0.23373222075532474
631,0.12727829103636576,0.6261537290950353,0.24656797986859894
632,0.12045336901833183,0.6187742000628725,0.2607724309187956
633,0.13010609806181944,0.6124776050566078,0.2574162968815728
634,0.14050458601688123,0.6009404551477842,0.2585549588353346
635,0.13359269538306595,0.5989711623124564,0.2674361423044777
636,0.1421981197148511,0.5834069145284005,0.2743949657567484
637,0.14310933204335027,0.5931789801075374,0.2637116878491123
638,0.16067210250372665,0.578353422655513,0.2609744748407603
639,0.13508651258893034,0.6221607065226581,0.24275278088841154
640,0.12533614929588652,0.635786603928699,0.23887724677541447
641,0.12993236000557473,0.6166434777380138,0.25342416225641146
642,0.13741709775098626,0.6169573713007508,0.24562553094826295
643,0.1191252185974334,0.6368239292636826,0.24405085213888403
644,0.13486522226747982,0.6235847361637308,0.24155004156878937
645,0.15463229095259268,0.630372914296544,0.21499479475086336
646,0.11966453847375043,0.6283752119454249,0.25196024958082464
647,0.13932058904211103,0.634106276676101,0.22657313428178802
648,0.10830282194062732,0.6463903312774394,0.2453068467819333
649,0.1359575672695849,0.604611037819417,0.259431394910998
650,0.11001011004024808,0.6499649714373148,0.24002491852243715
651,0.1555459314879402,0.6138574682192536,0.23059660029280618
652,0.11900384683385797,0.6093419918233136,0.27165416134282844
653,0.1509577450071243,0.6024967442324484,0.24654551076042733
654,0.16207661099736104,0.5772256708492226,0.2606977181534164
655,0.15174594921988824,0.6146418847760345,0.23361216600407728
656,0.13990124744204763,0.6208941068661163,0.239204645691836
657,0.17287230096317802,0.6095273702221004,0.21760032881472163
658,0.1629903127822018,0.61566886955094,0.22134081766685823
659,0.13583517109168536,0.6219590595340992,0.24220576937421537
660,0.1139158284677942,0.6386506979560223,0.24743347357618353
661,0.14481928604074562,0.6089737373432675,0.2462069766159868
662,0.11774275784982569,0.6194008769542269,0.26285636519594746
663,0.16656873351622953,0.6095028457576981,0.22392842072607244
664,0.14007640343324346,0.623884318377156,0.23603927818960052
665,0.15508116951599293,0.5811320864502706,0.2637867440337365
666,0.16633303145523165,0.5986766563188325,0.2349903122259359
667,0.16214732123261982,0.6016917962489647,0.23616088251841538
668,0.13619960392944663,0.6311547696779377,0.2326456263926156
669,0.14031952242935128,0.6162612702916737,0.24341920727897506
670,0.19866974059512507,0.5802385238357686,0.22109173556910636
671,0.15943282910758635,0.6063957923328951,0.2341713785595186
672,0.17329405969328837,0.5970652439214436,0.2296406963852681
673,0.1329460333106881,0.6343630252250092,0.2326909414643027
674,0.1531713123274415,0.6143127091559971,0.23251597851656144
675,0.1700409638736036,0.5864069154246002,0.2435521207017962
676,0.18952862910241214,0.5828065876801973,0.2276647832173905
677,0.20679384620984814,0.580462686968982,0.21274346682116993
678,0.15815654190446563,0.6167082176808207,0.2251352404147137
679,0.1726590738472128,0.5890046877945212,0.23833623835826598
680,0.18174428194205902,0.6060675851876511,0.21218813287028981
681,0.17558650359422906,0.6039046139984406,0.2205088824073303
682,0.14942483889571476,0.6120670996213736,0.23850806148291165
683,0.17971186775916892,0.5944588409047782,0.22582929133605287
684,0.14866994729877633,0.617816091954023,0.23351396074720068
685,0.16724623624895085,0.6119318364967054,0.22082192725434377
686,0.1681302954172068,0.5878132244967429,0.24405648008605024
687,0.16819095556058433,0.6009477957993713,0.23086124864004437
688,0.17322091698782585,0.6041987497258021,0.22258033328637203
689,0.16700604662502777,0.5967420348026774,0.23625191857229483
690,0.202550815687223,0.5805381648315117,0.21691101948126532
691,0.19929251538831275,0.597339115973784,0.20336836863790322
692,0.18006287925214545,0.5908939800640937,0.22904314068376092
693,0.1849287419379759,0.5706199444814957,0.2444513135805284
694,0.18862721767421076,0.5717518448346394,0.23962093749114988
695,0.2155799655660649,0.5666110971001225,0.21780893733381257
696,0.2027520231877695,0.573794954505588,0.2234530223066424
697,0.17500002694951045,0.5948921171897992,0.23010785586069044
698,0.21100187984666535,0.5785713640652219,0.21042675608811276
699,0.19143356689046684,0.5903568171067315,0.21820961600280164
700,0.19311130116153985,0.5694065477486361,0.23748215108982404
701,0.22803442234110236,0.5517100254461361,0.22025555221276152
702,0.21018665055262278,0.5996731527836819,0.1901401966636953
703,0.17870950458164084,0.5947860095365254,0.2265044858818338
704,0.15709836447140954,0.6137722244256818,0.22912941110290871
705,0.18863691069857694,0.5798614307293899,0.23150165857203311
706,0.20198952604855983,0.5736196762725606,0.22439079767887962
707,0.20989835419567637,0.5769652477038998,0.21313639810042384
708,0.22417055141562123,0.5416836340910405,0.2341458144933383
709,0.21136088339727918,0.5537321857199136,0.23490693088280723
710,0.22342776503155504,0.5453488838417253,0.23122335112671966
711,0.23404205373524178,0.5525581104494977,0.21339983581526062
712,0.2253752016950323,0.5556055984521049,0.2190191998528628
713,0.26416723213782606,0.5406586764689417,0.19517409139323222
714,0.27100739947832503,0.5192890863765808,0.20970351414509417
715,0.2652742388128013,0.5394969906048936,0.19522877058230503
716,0.26735986913285364,0.52083829098208,0.21180183988506632
717,0.25163077650624066,0.5239970177991068,0.22437220569465255
718,0.22655189111866342,0.5533843406369091,0.22006376824442747
719,0.2567831096275146,0.5206131861313389,0.22260370424114656
720,0.2447273974147263,0.543546489965929,0.21172611261934468
721,0.2345231332819985,0.5470882355826597,0.2183886311353418
722,0.2381430079342373,0.5496460687392463,0.21221092332651648
723,0.22670306871316356,0.5459520442604845,0.22734488702635192
724,0.22938652079082475,0.5369504116194819,0.23366306758969338
725,0.20733995170807903,0.57316796402422,0.21949208426770095
726,0.2002050264476852,0.5909994822370789,0.2087954913152359
727,0.23844030786940534,0.5396450134089263,0.22191467872166837
728,0.20810885630405254,0.5494563496777163,0.24243479401823118
729,0.24359275031535926,0.5457508325821475,0.2106564171024932
730,0.2706552824041952,0.5211797874387406,0.20816493015706425
731,0.2456971394163314,0.546766603307786,0.2075362572758826
732,0.23321151805042434,0.5610428543202648,0.20574562762931087
733,0.21657005087500678,0.5689160477062721,0.21451390141872106
734,0.2561433130519445,0.5518514283188517,0.1920052586292038
735,0.27314942573086687,0.5283893571678231,0.19846121710131007
736,0.2800467891570166,0.5391767873210682,0.1807764235219152
737,0.2612969906006748,0.5253393408323452,0.2133636685669799
738,0.28789005426130737,0.5039360438840814,0.20817390185461118
739,0.25337589781007747,0.5353375068320463,0.2112865953578763
740,0.2568716180965932,0.5496557719430096,0.19347260996039714
741,0.27354846308066494,0.5141624922558884,0.21228904466344664
742,0.23629630598312334,0.5513892409380686,0.21231445307880803
743,0.2450971784433816,0.5705023707039698,0.18440045085264853
744,0.2899414417864834,0.5072520265576771,0.20280653165583945
745,0.281584697377127,0.5345956585178749,0.18381964410499807
746,0.2601629970385291,0.5355048005749825,0.20433220238648842
747,0.2805759839356657,0.5382455758470158,0.18117844021731855
748,0.27589112176102376,0.5145992745514467,0.2095096036875295
749,0.2508064607185329,0.5380241150259505,0.21116942425551663
750,0.25900367100405797,0.5290938132187125,0.21190251577722954
751,0.27911448905944575,0.5214741781822876,0.1994113327582667
752,0.29870149643660115,0.5090929567498187,0.19220554681358018
753,0.28133905785753693,0.555786828929635,0.16287411321282796
754,0.26360109762911604,0.5320618610093657,0.20433704136151823
755,0.2475508108917993,0.5435862975091396,0.20886289159906118
756,0.26662896754413296,0.5326055444288356,0.20076548802703145
757,0.26219380476678084,0.5334492519478654,0.20435694328535373
758,0.32299355208777464,0.49283406064289337,0.184172387269332
759,0.3074758150248189,0.511416823182665,0.18110736179251613
760,0.296593025073508,0.5214444665719145,0.18196250835457753
761,0.3342349753762329,0.48143113846946317,0.18433388615430393
762,0.3139194957275989,0.4851393852662639,0.2009411190061372
763,0.26584477464057776,0.5300419673622937,0.2041132579971286
764,0.28969286588711923,0.5061639841400208,0.20414314997285996
765,0.3194865219847539,0.5158673196822978,0.16464615833294824
766,0.3221211788290592,0.5099344297034037,0.16794439146753704
767,0.32265945850954403,0.4968407013825851,0.18049984010787085
768,0.25899690063911723,0.5544552357383198,0.186547863622563
769,0.3100140446988907,0.496920671756322,0.1930652835447873
770,0.3206151120914376,0.49672067423259736,0.18266421367596503
771,0.324866495617705,0.48629764497513267,0.18883585940716233
772,0.2695014839431379,0.5629588765906289,0.16753963946623315
773,0.28854614949829593,0.5095678272290413,0.20188602327266278
774,0.28151402678138154,0.520103131248126,0.19838284197049244
775,0.3228668410771474,0.5229152996024827,0.1542178593203699
776,0.31176872882281237,0.5007059572188702,0.18752531395831742
777,0.2986844001060544,0.5245683607778258,0.1767472391161198
778,0.3272513006616426,0.49149042537936216,0.18125827395899527
779,0.31281592720872425,0.47203294752173086,0.2151511252695449
780,0.3322523907453893,0.5102536359131554,0.15749397334145523
781,0.3402901680663089,0.5071525187799072,0.15255731315378387
782,0.35332310108985393,0.4816743248997987,0.16500257401034735
783,0.32202764931038647,0.49183921536144765,0.18613313532816586
784,0.32824926773158025,0.4930498603139792,0.17870087195444054
785,0.3077027175143648,0.5105177657208083,0.18177951676482695
786,0.3257462170258487,0.5078920277755123,0.166361755198639
787,0.3421613399755292,0.49363491607866616,0.16420374394580464
788,0.36868629458784374,0.463275416947922,0.16803828846423421
789,0.34875468236051804,0.4829296027071286,0.16831571493235334
790,0.3598340642265346,0.4700136746177129,0.17015226115575255
791,0.3110961538476681,0.5041558243785949,0.18474802177373703
792,0.294205746027319,0.530268409134676,0.17552584483800493
793,0.31823241114625317,0.5047056159601326,0.17706197289361425
794,0.35902364962073674,0.4698267058549055,0.17114964452435774
795,0.3870235554702087,0.45592859744839165,0.15704784708139957
796,0.3812023614506207,0.45649817294981315,0.16229946559956615
797,0.37720247135773505,0.46401388197545074,0.15878364666681422
798,0.385648861534254,0.4588167666397521,0.1555343718259939
799,0.342337249502405,0.48156918938149107,0.17609356111610386
800,0.36706589124388306,0.48841701631330325,0.14451709244281363
801,0.41190636985769474,0.4452584888307112,0.14283514131159408
802,0.38963788647964803,0.46133413453422545,0.14902797898612655
803,0.3843041029619635,0.4669518074774648,0.1487440895605717
804,0.39326200303255304,0.46187659386015023,0.14486140310729673
805,0.3796233658038674,0.4783840786429565,0.14199255555317605
806,0.3725117390879959,0.4736492001221156,0.1538390607898885
807,0.37301937943480573,0.48137559370502075,0.14560502686017351
808,0.3905777955474834,0.4624862221291284,0.14693598232338825
809,0.4404354840626056,0.39831547989840715,0.1612490360389873
810,0.380495588604828,0.46576625232071683,0.15373815907445512
811,0.386077622223164,0.4653943683746429,0.14852800940219316
812,0.40165831862586693,0.44772676427452834,0.15061491709960476
813,0.41694696197745545,0.4575148846725691,0.1255381533499754
814,0.4412366181403442,0.4147751785971465,0.14398820326250927
815,0.43198525444417,0.43691658653212057,0.13109815902370944
816,0.4293742894159248,0.4319658665477446,0.13865984403633058
817,0.4168371159488837,0.442621356156033,0.14054152789508334
818,0.4067328701236934,0.4504187754641405,0.14284835441216606
819,0.4264211837598623,0.4374147434250595,0.13616407281507817
820,0.42638426654527634,0.43406319755501327,0.13955253589971042
821,0.4560434040048209,0.4185292263297683,0.12542736966541077
822,0.4364211005039994,0.4345786640442692,0.1290002354517314
823,0.4241413204729518,0.44463939938946656,0.13121928013758166
824,0.4377614615508283,0.4295072049897651,0.1327313334594066
825,0.46636233282396783,0.4084750553674369,0.12516261180859525
826,0.432604798576485,0.43364398381667907,0.13375121760683595
827,0.39605036795184917,0.4614362501657261,0.14251338188242474
828,0.3974952439524214,0.4619664756130849,0.14053828043449365
829,0.476810014325894,0.38630308556066695,0.13688690011343907
830,0.41013007191530243,0.450407877372755,0.13946205071194256
831,0.43397538303579947,0.4214863919149824,0.14453822504921818
832,0.45655577042052997,0.42102617222313693,0.12241805735633308
833,0.4440029258465141,0.4230406720537468,0.13295640209973916
834,0.5025180466728592,0.36369608420012184,0.133785869127019
835,0.43936951072268843,0.4181837566803451,0.14244673259696652
836,0.42065349102674077,0.4290436403671708,0.15030286860608844
837,0.46613433905523555,0.38989109814256767,0.14397456280219678
838,0.4054921642823011,0.45148890870477043,0.14301892701292843
839,0.4244058298224041,0.43740369859240874,0.13819047158518719
840,0.44975610218978007,0.4118417613962993,0.13840213641392066
841,0.382165646635294,0.4654426245828914,0.15239172878181462
842,0.3371465037292252,0.5142641627997036,0.14858933347107117
843,0.4282764754502407,0.4325045310376076,0.13921899351215164
844,0.42757676543548045,0.4373707627417798,0.13505247182273977
845,0.42479159916435244,0.4330883399700323,0.1421200608656152
846,0.4247278744731362,0.44286670991415394,0.1324054156127098
847,0.44149977169323645,0.4107045088459509,0.14779571946081266
848,0.4420066035271653,0.4155965699126212,0.14239682656021344
849,0.4131154120675568,0.44999170286531204,0.13689288506713115
850,0.4239118146331898,0.4305145716929903,0.14557361367381988
851,0.42556959179328996,0.4333658162773503,0.14106459192935972
852,0.4554107151843284,0.4096633337120849,0.13492595110358666
853,0.42484750349934886,0.43381337253665236,0.14133912396399873
854,0.42027977582231285,0.4449458399325458,0.13477438424514135
855,0.43881495227332773,0.42708248823197265,0.13410255949469962
856,0.43037175029770325,0.43394826273674697,0.13567998696554973
857,0.46949700362787117,0.40386090501630845,0.12664209135582039
858,0.42869562957172036,0.4403633011873441,0.13094106924093554
859,0.39516015936460014,0.46287754089235617,0.1419622997430437
860,0.41840068651005,0.4538759272971665,0.12772338619278345
861,0.41952065178574005,0.4583045359905821,0.12217481222367786
862,0.47464287061226346,0.40106847400315326,0.12428865538458325
863,0.45647704147380463,0.4205306678161374,0.12299229071005797
864,0.4607007687561881,0.4111680031189735,0.12813122812483838
865,0.48299211694374655,0.3873548856454747,0.12965299741077876
866,0.44407351316695515,0.4215387133746413,0.13438777345840353
867,0.4665761181276258,0.40086101322037354,0.13256286865200068
868,0.4481573625428374,0.42448126135276976,0.12736137610439285
869,0.4658637256571935,0.4094033884258603,0.12473288591694622
870,0.5008312733795638,0.39346440456743575,0.10570432205300047
871,0.49461527362537994,0.389116920570613,0.11626780580400713
872,0.49959539258252067,0.3911766385536433,0.10922796886383604
873,0.4983102083207091,0.3889983505327704,0.11269144114652054
874,0.5017673375279907,0.3851253426218021,0.11310731985020715
875,0.48347839562363176,0.39837930071088623,0.11814230366548199
876,0.4083632107203283,0.46978565206543005,0.12185113721424169
877,0.5027396497754667,0.3798605312787225,0.11739981894581078
878,0.508629635134406,0.3790032665256217,0.11236709833997229
879,0.5208621335100987,0.3679000808149704,0.11123778567493094
880,0.5091256281253135,0.37942426216889513,0.11145010970579144
881,0.5168218019017025,0.36842120014602453,0.11475699795227295
882,0.5255661104423673,0.3647489860996047,0.10968490345802792
883,0.5262938430598351,0.35805534542457734,0.11565081151558762
884,0.5147825421251133,0.36013126446745297,0.12508619340743374
885,0.5327643580251674,0.35899156243251,0.10824407954232261
886,0.5193056978799487,0.3735466893245889,0.1071476127954624
887,0.5129599168244322,0.38190774446437536,0.10513233871119249
888,0.4842129214280148,0.4004712560767757,0.11531582249520951
889,0.45115392421128453,0.42010347557890587,0.1287426002098096
890,0.5075554764840116,0.3783788473182594,0.11406567619772902
891,0.49110712119282257,0.40147131886764653,0.10742155993953094
892,0.4577740692468271,0.4337296122803691,0.10849631847280382
893,0.48609125472696324,0.39907725160588814,0.11483149366714862
894,0.5085263795211642,0.3815482674086749,0.1099253530701609
895,0.5267097167389809,0.3636940324411375,0.10959625081988159
896,0.5086451368550811,0.37044804512868107,0.12090681801623786
897,0.5124852090986907,0.37926497070150833,0.10824982019980105
898,0.5391740979350977,0.3470168635667087,0.11380903849819365
899,0.5056107514240734,0.37867413647028864,0.11571511210563791
900,0.5144509562739562,0.3692880337968215,0.11626100992922224
901,0.48961876738334803,0.3849584068750182,0.12542282574163377
902,0.4652574371893471,0.4112347517827723,0.12350781102788057
903,0.5047996212659824,0.38452929350381293,0.11067108523020464
904,0.4758661245357184,0.3993487053990953,0.12478517006518632
905,0.5139810877957709,0.37540588202582376,0.11061303017840535
906,0.4555267084264324,0.42107147157745956,0.12340181999610807
907,0.47870366675159964,0.4032624501018684,0.11803388314653192
908,0.48068364524163254,0.4049269908860792,0.11438936387228826
909,0.491535488134989,0.38055187094740206,0.12791264091760896
910,0.5139908244217701,0.3527355466124251,0.13327362896580472
911,0.5235949560550571,0.36457580143724894,0.11182924250769395
912,0.5502090653009182,0.3331482621737847,0.11664267252529713
913,0.5182027260401365,0.36526954059898187,0.11652773336088168
914,0.5213170005430109,0.357218641457696,0.12146435799929313
915,0.5172677191071927,0.3628055022695129,0.1199267786232943
916,0.5140908620861713,0.3586793540898384,0.1272297838239903
917,0.48853443598320034,0.37787942423797405,0.13358613977882558
918,0.5378102736986363,0.3515052052885299,0.11068452101283381
919,0.4882984942559645,0.3829163140399882,0.12878519170404729
920,0.5188162911340306,0.371480827890145,0.10970288097582435
921,0.5193987442220064,0.3694932534654714,0.11110800231252223
922,0.5328140130696285,0.35795827076319503,0.10922771616717646
923,0.4852585818281293,0.3952960157453915,0.11944540242647911
924,0.4922008921950395,0.38766066322676773,0.12013844457819274
925,0.5129931107782073,0.3712133795052017,0.11579350971659103
926,0.5216017154703501,0.36914959812222736,0.10924868640742255
927,0.5360534896017148,0.3491672243862451,0.1147792860120401
928,0.5457092324628671,0.34688823988931994,0.10740252764781295
929,0.5526503287745504,0.3392096559800102,0.10814001524543944
930,0.50348146824889,0.37615965130518636,0.12035888044592367
931,0.491724443272427,0.3929140255792812,0.11536153114829183
932,0.5158304020999908,0.3545228620466076,0.12964673585340167
933,0.4866511221525672,0.38100115529275413,0.13234772255467867
934,0.5236662419684787,0.3583966033785455,0.11793715465297579
935,0.5184012039862005,0.37288321340020364,0.10871558261359583
936,0.5392647895821632,0.35197532249528185,0.10875988792255491
937,0.5363368673404096,0.36016649058297445,0.10349664207661591
938,0.5472730310234379,0.33841712164469634,0.11430984733186576
939,0.5294066052961887,0.3476488922306642,0.12294450247314709
940,0.5217657012515513,0.3642070052020124,0.11402729354643636
941,0.5343256433887001,0.3549924869959396,0.11068186961536022
942,0.4938964357892261,0.3808175844845282,0.12528597972624575
943,0.48928515149822366,0.38765959194155014,0.12305525656022619
944,0.535398242894991,0.34130193008575815,0.1232998270192508
945,0.4954821008529283,0.38927577462252494,0.11524212452454675
946,0.5160222889777905,0.36189747806384565,0.12208023295836386
947,0.5197391013618444,0.3649271036847494,0.11533379495340614
948,0.5169732309261739,0.37674432353909865,0.10628244553472752
949,0.4787787481097705,0.3965623909538138,0.12465886093641572
950,0.48101061773945614,0.3964555898182145,0.12253379244232936
951,0.5253544762826304,0.3645066165724792,0.11013890714489036
952,0.4955930992531369,0.39203127337927773,0.11237562736758537
953,0.5240508535101188,0.3602758927202309,0.11567325376965024
954,0.520031995481274,0.3648488144299642,0.11511919008876176
955,0.569115540283869,0.3118340035977287,0.11905045611840226
956,0.5700059711320139,0.3102532955212237,0.11974073334676243
957,0.5762716500223743,0.3030941194552187,0.12063423052240692
958,0.5506939111463556,0.3311975715117273,0.11810851734191706
959,0.571722378540533,0.3081801866689294,0.1200974347905376
960,0.5799656859799858,0.3069387638999791,0.11309555012003521
961,0.5374792756860367,0.3488115987239082,0.11370912559005512
962,0.5265232507923338,0.3488269221127667,0.12464982709489952
963,0.5100241527699819,0.37076435296751786,0.11921149426250027
964,0.5711155027855507,0.3105101046465954,0.11837439256785391
965,0.5311186932673562,0.33680392496215084,0.13207738177049305
966,0.5070427676546521,0.34935001029942214,0.1436072220459258
967,0.5139184438377209,0.35242821409588077,0.1336533420663984
968,0.5499380673699761,0.3288638215233698,0.12119811110665414
969,0.5286698338739623,0.33765778466530605,0.13367238146073165
970,0.5033533682379854,0.36790696061192585,0.12873967115008883
971,0.5232210258322184,0.3512896474425562,0.1254893267252254
972,0.5185860910589346,0.3670566336404301,0.11435727530063532
973,0.5543393727377679,0.32627578365509247,0.11938484360713965
974,0.5507733711204461,0.3047671934987298,0.14445943538082406
975,0.5327223401200074,0.34083723453675857,0.12644042534323405
976,0.5172216128042474,0.3465206563284544,0.13625773086729817
977,0.5267841067750209,0.3495636097024554,0.12365228352252368
978,0.4697154935402292,0.38408638459114675,0.14619812186862408
979,0.4927422548599883,0.34818184093860177,0.1590759042014099
980,0.5257127385137562,0.3351457363342667,0.1391415251519771
981,0.4970363978798316,0.3686770207114754,0.13428658140869296
982,0.5068233974942583,0.36879988003156494,0.12437672247417678
983,0.5286338303590999,0.3347591659460239,0.13660700369487622
984,0.5275448646890204,0.33979923371039505,0.1326559016005845
985,0.49840659701487794,0.3730223709890227,0.12857103199609937
986,0.45639926562628175,0.40681749364713293,0.13678324072658532
987,0.4803265596601869,0.3898023881025724,0.12987105223724074
988,0.5371239692509633,0.33293161077072186,0.12994441997831485
989,0.4980990591771479,0.3713218642830704,0.13057907653978168
990,0.48635590412332286,0.3841357233768727,0.12950837249980446
991,0.4732632469662901,0.4044078905782002,0.12232886245550968
992,0.5219519150622686,0.35326601704938193,0.12478206788834949
993,0.48636279428084045,0.3781608077991874,0.13547639791997212
994,0.5035899600249917,0.36922283222305274,0.12718720775195558
995,0.4941503211874094,0.3637658648581877,0.1420838139544029
996,0.49726760808562137,0.37884555429197997,0.12388683762239866
997,0.4969102220966904,0.36580390864322443,0.13728586926008518
998,0.4922951984798772,0.3797618029245635,0.12794299859555933
999,0.5425277673196598,0.32930061076312456,0.12817162191721562
1000,0.5379884517779593,0.3301174429024565,0.1318941053195842
1001,0.5499188047365544,0.32117159170872617,0.12890960355471948
1002,0.5276790824625094,0.3414904411568365,0.13083047638065406
1003,0.5592200801183173,0.30612465514865406,0.13465526473302872
1004,0.5569665447379362,0.3253672613410154,0.1176661939210484
1005,0.534516477306326,0.3320425495337267,0.13344097315994727
1006,0.5219618463845891,0.35248423073717555,0.12555392287823533
1007,0.5725473483832141,0.3094249662512457,0.11802768536554017
1008,0.5801671963275631,0.29633685523140507,0.1234959484410318
1009,0.5217413424818592,0.35331200272840274,0.12494665478973797
1010,0.5615381735581648,0.32070863828915885,0.11775318815267634
1011,0.561007337073325,0.32695496448714123,0.11203769843953387
1012,0.5550495916078682,0.32073245648481824,0.12421795190731358
1013,0.5420905416234101,0.3372831257000968,0.12062633267649309
1014,0.5237769131122046,0.3505314345031678,0.1256916523846275
1015,0.5783013545918666,0.3054006766897157,0.11629796871841774
1016,0.5995845180963257,0.28605288204345836,0.11436259986021588
1017,0.5685737255367542,0.3090358568773176,0.1223904175859282
1018,0.5600982536991578,0.3096000303484578,0.13030171595238446
1019,0.5615451094160879,0.3040183293699355,0.13443656121397657
1020,0.5697317522763543,0.31104596521735184,0.11922228250629388
1021,0.5782079035931221,0.28965301685636946,0.13213907955050835
1022,0.5286979074278837,0.34792264020760016,0.12337945236451614
1023,0.589964923587871,0.2823975349579363,0.1276375414541927
1024,0.5391528888430863,0.3263554242026179,0.13449168695429572
1025,0.5610728522733467,0.2840304427363741,0.1548967049902792
1026,0.5810695955717649,0.28993953570880926,0.12899086871942583
1027,0.5250048067892041,0.33038171959515444,0.14461347361564145
1028,0.5393272503327798,0.31282683595839317,0.147845913708827
1029,0.5486596392714821,0.3278770519169092,0.12346330881160875
1030,0.5142718679398359,0.3471290149785856,0.1385991170815785
1031,0.5206714212576472,0.3414939987753985,0.13783457996695433
1032,0.5529025734487806,0.3245806166549047,0.12251680989631476
1033,0.5943524911663985,0.2807979047751555,0.12484960405844604
1034,0.5300112507348614,0.3382833625654586,0.13170538669968
1035,0.5472164673125777,0.33161513522563746,0.12116839746178484
1036,0.5629793080411368,0.30708564089198126,0.1299350510668819
1037,0.5538126567139807,0.31992300533761175,0.1262643379484075
1038,0.5714403351935987,0.3106293767974894,0.11793028800891188
1039,0.49462015135849197,0.36830006082009004,0.137079787821418
1040,0.5347460228130619,0.33600571012861513,0.12924826705832293
1041,0.4838489487588139,0.38859006071884833,0.12756099052233782
1042,0.5717543615079886,0.31210751626961586,0.11613812222239552
1043,0.5217092565823233,0.34814556633064137,0.13014517708703535
1044,0.5529304679049674,0.32275896234341733,0.12431056975161525
1045,0.5646411676970485,0.3241706713304688,0.11118816097248262
1046,0.5745308022894126,0.3007910418812007,0.1246781558293867
1047,0.5825254144825995,0.2947059730218283,0.12276861249557214
1048,0.5886497848284247,0.2828057141192948,0.12854450105228052
1049,0.5772587097650148,0.3032085934794551,0.11953269675553004
1050,0.6200817380360615,0.263969394822949,0.1159488671409895
1051,0.5741032498473458,0.2860973994913572,0.13979935066129698
1052,0.56420023680551,0.3125583821137501,0.1232413810807399
1053,0.5826300423162709,0.30280938334414115,0.11456057433958787
1054,0.528018854239205,0.3385596904661945,0.13342145529460045
1055,0.5394670946683819,0.32784264322556345,0.1326902621060546
1056,0.5996540467234422,0.2850102548868095,0.11533569838974823
1057,0.5593690052488598,0.31810199728296884,0.12252899746817131
1058,0.5585916954646977,0.31548543158540016,0.12592287294990218
1059,0.5479795482093395,0.3375828653557906,0.11443758643486994
1060,0.5500744884770247,0.3263248901736413,0.123600621349334
1061,0.5654566032474533,0.3090086485072154,0.12553474824533134
1062,0.5669414242517047,0.3075390571893421,0.12551951855895316
1063,0.5524504627943717,0.3288740623300699,0.11867547487555842
1064,0.5431466000496948,0.3224980288416616,0.13435537110864357
1065,0.56598955223774,0.32001311313219094,0.11399733463006909
1066,0.5634578798229372,0.31766253166787217,0.11887958850919067
1067,0.569261856830027,0.3034191396969598,0.12731900347301325
1068,0.5875113036171938,0.29620884732490266,0.11627984905790352
1069,0.598539903165311,0.29151891656256923,0.10994118027211977
1070,0.6058567858250709,0.2788126660573359,0.11533054811759323
1071,0.6167218611473289,0.2638858084065801,0.11939233044609111
1072,0.5716038467159633,0.3043132921112356,0.1240828611728011
1073,0.5812847531960323,0.3006886134159237,0.11802663338804399
1074,0.5883031582779812,0.3017317493227693,0.10996509239924956
1075,0.5969096487018783,0.2859315150054032,0.1171588362927184
1076,0.6162356329300249,0.2726447497139448,0.1111196173560303
1077,0.6131711554138348,0.2867316961363037,0.10009714844986144
1078,0.6235285538786904,0.26462771603556073,0.11184373008574885
1079,0.5995282541677094,0.29454627234333647,0.10592547348895419
1080,0.6175355947985794,0.2701358263522792,0.11232857884914141
1081,0.611050689937085,0.275670701862738,0.113278608200177
1082,0.6171818297728533,0.27108493939228623,0.11173323083486053
1083,0.5911926284652674,0.29451261052493083,0.11429476100980179
1084,0.5820612030299357,0.30470963205974444,0.11322916491031994
1085,0.5926315324354641,0.28984968127717553,0.11751878628736036
1086,0.5852271101191264,0.29376065699939113,0.12101223288148241
1087,0.5910842463599988,0.28551856158908556,0.12339719205091565
1088,0.6020542866518729,0.28408991523047195,0.11385579811765521
1089,0.5999971021094043,0.2753195627624455,0.12468333512815019
1090,0.557920488736491,0.30330505590756457,0.1387744553559444
1091,0.6038377089606125,0.26485363560811453,0.1313086554312729
1092,0.6064922934859232,0.26859204437697837,0.12491566213709848
1093,0.6142284988937448,0.2675662783427575,0.11820522276349774
1094,0.6161142115506882,0.2597163601278077,0.12416942832150409
1095,0.5564401368424253,0.31209923269029033,0.13146063046728432
1096,0.5831625403699422,0.3007753018399579,0.11606215779009998
1097,0.6157587057726562,0.2603074354032287,0.123933858824115
1098,0.5992995791291008,0.28100357325931136,0.11969684761158783
1099,0.5587816264822505,0.3188414132858386,0.12237696023191093
1100,0.5991250657268854,0.286183208087916,0.11469172618519857
1101,0.5881673710391403,0.29768500484278954,0.11414762411807022
1102,0.5787667029553005,0.29679209008952884,0.12444120695517062
1103,0.5947669168356925,0.29002120304634066,0.1152118801179668
1104,0.5826101409198967,0.29744781661278097,0.11994204246732228
1105,0.5981095299204877,0.28808449539524406,0.11380597468426829
1106,0.5945428199350014,0.2910038963275281,0.11445328373747057
1107,0.5936377067459339,0.2871281393886344,0.11923415386543176
1108,0.6167551284440971,0.2649280543477487,0.11831681720815429
1109,0.5912354784957106,0.27711771187913625,0.13164680962515324
1110,0.6398809028622392,0.2515192979614339,0.10859979917632684
1111,0.5931042826300813,0.28761968410282357,0.11927603326709511
1112,0.5935009737785796,0.29399723749837836,0.11250178872304203
1113,0.6240799567866241,0.2689886730198602,0.10693137019351578
1114,0.60509768101399,0.2792717333083385,0.11563058567767154
1115,0.5916422959347539,0.29967545912867155,0.10868224493657448
1116,0.6081138608743966,0.2862665428065604,0.10561959631904307
1117,0.6041293234382679,0.28069045589907454,0.11518022066265757
1118,0.6487367076057557,0.24154992858496274,0.10971336380928144
1119,0.6246990497482846,0.25383728514089526,0.12146366511082017
1120,0.630871922321913,0.26225631014853196,0.10687176752955499
1121,0.5973046438686888,0.29257878524985337,0.11011657088145782
1122,0.5922204258538014,0.291478713516985,0.11630086062921356
1123,0.6235377375314936,0.2589800299826957,0.11748223248581068
1124,0.6006660782184318,0.2767676047667494,0.12256631701481889
1125,0.5992896950986526,0.2864961386875648,0.1142141662137826
1126,0.5619351285392131,0.318747372261087,0.11931749919969983
1127,0.6244508150871634,0.26187137793693877,0.11367780697589784
1128,0.611739768430806,0.263961131920015,0.1242990996491789
1129,0.5540748303887502,0.3170841409661166,0.1288410286451333
1130,0.5604417058795607,0.3247728328199618,0.11478546130047755
1131,0.5783467095506181,0.2967326146524165,0.12492067579696538
1132,0.6199023526439876,0.2707716461795394,0.10932600117647298
1133,0.6303415255331013,0.2509514694141605,0.11870700505273815
1134,0.6214979042819713,0.27300132372736124,0.10550077199066746
1135,0.6137934588911885,0.27226756552653203,0.11393897558227944
1136,0.6457316528060183,0.248749903020751,0.10551844417323074
1137,0.5977201786654522,0.27934289729975686,0.12293692403479088
1138,0.6145875849493142,0.27221044188391313,0.11320197316677268
1139,0.6270148661060136,0.261687630754216,0.11129750313977027
1140,0.6249928628546793,0.2684224093292636,0.10658472781605711
1141,0.6475117605886578,0.24615814690581536,0.1063300925055269
1142,0.6219958170168903,0.2743582586149878,0.10364592436812184
1143,0.5926661114615716,0.28919748562764225,0.11813640291078616
1144,0.6268383797903544,0.25579350201157497,0.11736811819807065
1145,0.6364027862593525,0.2552173351802479,0.10837987856039957
1146,0.6079399655713819,0.2840323054559313,0.10802772897268689
1147,0.6122488919341852,0.2662683812054582,0.12148272686035666
1148,0.62972197487722,0.24743249232763476,0.12284553279514517
1149,0.6119514257507728,0.2693770598209956,0.11867151442823164
1150,0.6476084111542932,0.23385409602366466,0.11853749282204207
1151,0.5966946703646968,0.28035644124236186,0.12294888839294138
1152,0.615682072932254,0.2650154458051647,0.11930248126258139
1153,0.6296261229803443,0.259982696499561,0.11039118052009465
1154,0.6026266596200031,0.27315159746570145,0.12422174291429547
1155,0.6129302469736926,0.26839132352508327,0.1186784295012241
1156,0.6002709657364667,0.28149078960982943,0.11823824465370392
1157,0.6361493527247717,0.26127246644806174,0.10257818082716656
1158,0.5859808661070615,0.2873264851236017,0.1266926487693369
1159,0.6164033199155599,0.2646193504399019,0.11897732964453826
1160,0.6732310761609074,0.22422724804582567,0.10254167579326699
1161,0.6375457742107664,0.25296016602596305,0.10949405976327052
1162,0.662898834643994,0.22600233893943708,0.11109882641656887
1163,0.6450040335239835,0.24504375913262744,0.10995220734338902
1164,0.6312046776903993,0.25256702340028425,0.11622829890931645
1165,0.6393798082276817,0.25874952317545014,0.10187066859686825
1166,0.6202109874592358,0.26531500943088643,0.1144740031098778
1167,0.66946090113107,0.2114262689132946,0.11911282995563531
1168,0.634243036750907,0.24914225138273138,0.11661471186636166
1169,0.6339765754395582,0.2458466144682174,0.12017681009222436
1170,0.6059411767890968,0.2795115652590627,0.11454725795184056
1171,0.6136882887444816,0.26758695440314145,0.11872475685237692
1172,0.6130284013641782,0.2685422016047546,0.11842939703106714
1173,0.6356939623607565,0.2573399740708313,0.10696606356841219
1174,0.6043104072729237,0.2903096705362497,0.10537992219082659
1175,0.585836937461993,0.30445145668691836,0.10971160585108874
1176,0.6420242728672184,0.25109261398098326,0.10688311315179833
1177,0.6128028941713493,0.26885431021003975,0.11834279561861097
1178,0.588216327984217,0.2947998112892881,0.1169838607264949
1179,0.5578462075816419,0.3197171941505243,0.12243659826783374
1180,0.5913294172845409,0.30105231712039543,0.10761826559506366
1181,0.6039065751422233,0.295283553452502,0.1008098714052746
1182,0.6156889127791045,0.28251101108650617,0.10180007613438924
1183,0.6125832759000919,0.2798308532385402,0.10758587086136798
1184,0.6302729799916175,0.26794527715596633,0.10178174285241616
1185,0.6016086837907132,0.2889427779943525,0.10944853821493435
1186,0.6115581175156273,0.27994105704642525,0.10850082543794752
1187,0.5510786754778194,0.32741823727298924,0.12150308724919136
1188,0.5992259011822325,0.2811482406011681,0.1196258582165994
1189,0.6297653866280923,0.2674545655539194,0.1027800478179883
1190,0.5732392645150446,0.3060217130365058,0.12073902244844956
1191,0.610098436314209,0.2899858133025219,0.09991575038326907
1192,0.602489006070216,0.2945193284709242,0.1029916654588598
1193,0.6136941373382824,0.2826315853958661,0.10367427726585154
1194,0.6050235146963419,0.2914038640722786,0.10357262123137959
1195,0.6249165527651489,0.265696186216757,0.10938726101809412
1196,0.6061040985878516,0.2885959768960141,0.10529992451613422
1197,0.6279337514945067,0.2565414007797887,0.11552484772570454
1198,0.6110964618758146,0.2799721347789143,0.10893140334527113
1199,0.6133637338878093,0.28575820335641744,0.1008780627557732
1200,0.6074484823828795,0.28543482671706716,0.10711669090005327
1201,0.6033104304277526,0.2852421328224274,0.11144743674982002
1202,0.61082947497065,0.2675905545301795,0.12157997049917059
1203,0.5993368019727735,0.2941133518311232,0.1065498461961033
1204,0.5835932477968581,0.3055433907756626,0.11086336142747935
1205,0.6024471398476023,0.29654667144476404,0.10100618870763362
1206,0.6220433663830465,0.27344306305953503,0.1045135705574185
1207,0.5866703806568431,0.2914739793959548,0.12185563994720211
1208,0.584382157125186,0.3035296391870267,0.11208820368778724
1209,0.5909150678323941,0.29595220692742125,0.11313272524018461
1210,0.6207862037368237,0.2728853686279093,0.10632842763526705
1211,0.6344477887342325,0.25666779612880225,0.10888441513696524
1212,0.6133968861600014,0.27477321324787024,0.11182990059212833
1213,0.6408324799779164,0.25366097293856504,0.10550654708351857
1214,0.5938120353381473,0.2972680808979107,0.10891988376394203
1215,0.6308322888191338,0.2677444918836098,0.10142321929725633
1216,0.6328540215852414,0.2565758926830033,0.11057008573175532
1217,0.5976559919994061,0.289710818200221,0.11263318980037287
1218,0.5753640626433544,0.3040334683948015,0.12060246896184411
1219,0.629647690660163,0.26556341650744814,0.10478889283238885
1220,0.6306168994193694,0.27153746084173125,0.09784563973889938
1221,0.6349909582510608,0.26122422336451456,0.10378481838442463
1222,0.6021519699019234,0.2841736067855831,0.11367442331249349
1223,0.623639577415043,0.2651149566594933,0.11124546592546378
1224,0.6207318133367807,0.25780612032716793,0.12146206633605135
1225,0.5713117387781104,0.31036014659306466,0.11832811462882496
1226,0.577205150694639,0.30615456496817706,0.11664028433718393
1227,0.605167656745618,0.2713212602732262,0.12351108298115585
1228,0.6287399271234232,0.26095486194863876,0.11030521092793806
1229,0.6231935180176263,0.25679409295234046,0.12001238903003314
1230,0.6380333645112409,0.2576816322257154,0.10428500326304367
1231,0.6483611691224566,0.22852410245911672,0.12311472841842666
1232,0.5940987992270236,0.28116673973603423,0.12473446103694225
1233,0.6340086952300578,0.2657311514563879,0.10026015331355434
1234,0.6153222236906102,0.2731677252606648,0.11151005104872502
1235,0.6256511901438103,0.2503938483770354,0.12395496147915429
1236,0.6086688192447945,0.27083908828207837,0.1204920924731271
1237,0.6140408214257028,0.2696041460038292,0.1163550325704679
1238,0.6061345802169683,0.2792547163955277,0.114610703387504
1239,0.602338995900975,0.28179814577854606,0.115862858320479
1240,0.6264328934897491,0.24819909485460992,0.125368011655641
1241,0.6083866746417906,0.2822723636828695,0.1093409616753399
1242,0.6039145532369621,0.2825912750012131,0.11349417176182479
1243,0.5530477213432702,0.3130274436896285,0.13392483496710136
1244,0.6030688891206969,0.2761481890214636,0.12078292185783951
1245,0.6237742028664844,0.2583466232168641,0.11787917391665152
1246,0.584463164007181,0.2914570876307094,0.12407974836210967
1247,0.5646129061421433,0.29114454956253455,0.1442425442953221
1248,0.5672619915327528,0.29394292358019203,0.13879508488705508
1249,0.6233997092918875,0.2616010726252576,0.11499921808285492
1250,0.6236273747613418,0.25763060567504464,0.11874201956361356
1251,0.6338675830861779,0.24033495635766036,0.12579746055616178
1252,0.613151120113503,0.25985127913048334,0.12699760075601366
1253,0.6113190374498291,0.2648453690965874,0.12383559345358353
1254,0.5923438263674637,0.2814223542647003,0.12623381936783595
1255,0.6228393050035811,0.2558380755720274,0.12132261942439153
1256,0.6544452246858597,0.23138769206663612,0.11416708324750412
1257,0.6393668416634426,0.23194168792510247,0.1286914704114549
1258,0.6767684337882524,0.1903925132413814,0.13283905297036624
1259,0.6361635308092908,0.24280956151871713,0.12102690767199212
1260,0.6124008061353243,0.27577579310070405,0.11182340076397163
1261,0.5866527486679268,0.2769266517421175,0.13642059958995562
1262,0.5782336766265214,0.2901794378798954,0.13158688549358324
1263,0.6140859421952188,0.2557129162002601,0.13020114160452104
1264,0.6004586861017874,0.25545807402066034,0.14408323987755223
1265,0.5811374204602567,0.2920439061575376,0.12681867338220565
1266,0.5815385836250077,0.285083738884508,0.13337767749048438
1267,0.6012225795659258,0.2632661279781321,0.1355112924559421
1268,0.6099928189233285,0.2519669342592329,0.1380402468174386
1269,0.5882944476095602,0.272382505475956,0.13932304691448377
1270,0.5614430617984316,0.2838898903139228,0.15466704788764565
1271,0.5975137151744987,0.24386119144502783,0.1586250933804735
1272,0.6207861037928554,0.2458133443906908,0.13340055181645383
1273,0.6183479194489117,0.23639438825661954,0.14525769229446883
1274,0.6204428010079848,0.23400422938707827,0.145552969604937
1275,0.5684831953883764,0.2804982901897314,0.15101851442189218
1276,0.5765241387941554,0.27810081036262946,0.14537505084321517
1277,0.5887606543100595,0.27431276211177996,0.13692658357816048
1278,0.6123068169719628,0.2516214673831442,0.13607171564489298
1279,0.6125593330658639,0.24301698986169837,0.1444236770724378
1280,0.6038611334292788,0.2448616082572292,0.15127725831349195
1281,0.6025515405416398,0.25137640438381614,0.14607205507454404
1282,0.6073269039613245,0.24842160626243548,0.14425148977624
1283,0.6087132616761048,0.2583705845361073,0.1329161537877879
1284,0.5895440314262744,0.2634048616603374,0.14705110691338819
1285,0.5561189302966556,0.29680627735598414,0.1470747923473603
1286,0.597204238681694,0.26630658691391285,0.13648917440439315
1287,0.6455231034453076,0.21558907613968992,0.13888782041500247
1288,0.570987300666634,0.26723727090681343,0.16177542842655268
1289,0.5762703301183122,0.27469765291574855,0.1490320169659393
1290,0.5611010297108057,0.2696637266342088,0.16923524365498557
1291,0.5659681606513985,0.2804239333880639,0.15360790596053756
1292,0.5568806342264302,0.30042379720891554,0.1426955685646543
1293,0.5810554490159471,0.27970964230026446,0.13923490868378846
1294,0.5383408022923989,0.2981928232402908,0.1634663744673103
1295,0.5662070992147277,0.2871450774825764,0.14664782330269588
1296,0.5512495617186112,0.2905891879371897,0.15816125034419912
1297,0.5846602828593969,0.27033829677982857,0.14500142036077462
1298,0.573677897939574,0.26964563492281524,0.1566764671376107
1299,0.5400132792544018,0.3014362262133735,0.1585504945322246
1300,0.576651642650076,0.2756372698296556,0.14771108752026843
1301,0.5509135431385572,0.3081309798624915,0.14095547699895128
1302,0.5666992927895259,0.29889924519688665,0.13440146201358744
1303,0.5872627260307542,0.26901777188661147,0.14371950208263426
1304,0.5438534100895015,0.3018573035737606,0.1542892863367379
1305,0.5409890051924021,0.31310129203505255,0.1459097027725453
1306,0.5570671433660582,0.2985509665037373,0.14438189013020442
1307,0.5274091460610079,0.30681957727027526,0.1657712766687169
1308,0.5233251514966115,0.31379354703087176,0.1628813014725167
1309,0.5376839896638724,0.3135900000557681,0.14872601028035942
1310,0.5424193144093438,0.30413309241732467,0.15344759317333162
1311,0.5635077182617477,0.28792949555863395,0.14856278617961835
1312,0.5169891681662458,0.3200394597512806,0.16297137208247353
1313,0.537280131987569,0.31516761041524566,0.14755225759718532
1314,0.5352900332717163,0.3011088482558253,0.16360111847245837
1315,0.5601329124416276,0.29381242816467384,0.1460546593936986
1316,0.5575586830299161,0.2812893383050027,0.16115197866508119
1317,0.5525979766836776,0.2935684264996595,0.15383359681666287
1318,0.5358673787796105,0.2898347601492926,0.17429786107109688
1319,0.4654628472210132,0.35146041838103387,0.18307673439795294
1320,0.5497548558524848,0.29131400708523436,0.15893113706228074
1321,0.5137961796265399,0.3148395662122471,0.17136425416121298
1322,0.5570484876571534,0.2810610176091429,0.1618904947337036
1323,0.5497787788522663,0.29763464861969186,0.15258657252804184
1324,0.5310548053688433,0.3051396357661069,0.1638055588650498
1325,0.4885755700669247,0.3514308320543771,0.1599935978786982
1326,0.5473770652789193,0.29587925193609155,0.15674368278498915
1327,0.5201939123883013,0.32432163930303287,0.15548444830866584
1328,0.5224811206670716,0.3229906178872914,0.15452826144563694
1329,0.5119124095911997,0.32598510117592294,0.1621024892328774
1330,0.5207942339600752,0.3135619852407596,0.16564378079916522
1331,0.5017476960656662,0.33025318448113283,0.16799911945320098
1332,0.5512245086425847,0.2697505245268562,0.17902496683055918
1333,0.5268752258350604,0.299712737044295,0.1734120371206445
1334,0.5243239819432008,0.3064445209233788,0.16923149713342026
1335,0.5245111313348304,0.3197118876697574,0.15577698099541226
1336,0.5288125550377141,0.2981177567018536,0.17306968826043231
1337,0.5127186172096247,0.32426527738691746,0.1630161054034578
1338,0.4776276213070937,0.33611330333602457,0.18625907535688177
1339,0.4934846409367666,0.3389014349818884,0.167613924081345
1340,0.5085508517745437,0.3334983009828021,0.15795084724265415
1341,0.5259132686312958,0.305263250926711,0.1688234804419931
1342,0.512917438986129,0.3190558228488681,0.168026738165003
1343,0.4845012545664199,0.3321010593585662,0.18339768607501386
1344,0.4789910210460696,0.3123128200066612,0.2086961589472692
1345,0.5268046412611356,0.30196008929810997,0.17123526944075448
1346,0.5242953919940048,0.3152991834850971,0.16040542452089818
1347,0.5084011545950496,0.32443481259305,0.16716403281190034
1348,0.49927852227294606,0.32374497728730656,0.1769765004397474
1349,0.46550689311347443,0.3337553358934282,0.2007377709930974
1350,0.4892708310848846,0.3391406694603963,0.17158849945471907
1351,0.49966731641345874,0.32105813071358685,0.1792745528729544
1352,0.5347014141855501,0.29368970779007614,0.17160887802437386
1353,0.5139539101942855,0.31662763797259164,0.1694184518331229
1354,0.5407160051832978,0.3010483026387515,0.15823569217795072
1355,0.5285498002349804,0.3071642225974271,0.16428597716759252
1356,0.5215479207174059,0.3162787102048023,0.16217336907779184
1357,0.4677884604432146,0.34836663049528466,0.18384490906150072
1358,0.5211919678250403,0.3254314418015786,0.15337659037338108
1359,0.5314723091594065,0.2908598873443826,0.17766780349621097
1360,0.5234351787334677,0.2993759985489699,0.17718882271756245
1361,0.5046774449529428,0.3065476762586922,0.18877487878836502
1362,0.5181151781528519,0.29340205610529935,0.1884827657418487
1363,0.49424503816707177,0.33752619082123997,0.1682287710116883
1364,0.5224076573916207,0.30734226842860524,0.17025007417977406
1365,0.5345481683408564,0.3038494111169371,0.1616024205422065
1366,0.5563547612444069,0.27722894757896305,0.16641629117663012
1367,0.5169847304774738,0.31050194180112334,0.17251332772140276
1368,0.49418654049375244,0.32571023024557677,0.18010322926067082
1369,0.5445746367826666,0.2840896309057273,0.1713357323116061
1370,0.5214402986191132,0.31106992835633845,0.16748977302454837
1371,0.48557398360001697,0.3414211485046349,0.17300486789534816
1372,0.4476210465972146,0.34444013424176023,0.20793881916102516
1373,0.5326523812459032,0.29993227254673127,0.16741534620736548
1374,0.4834508402519601,0.33994256442389365,0.17660659532414621
1375,0.46837109651922176,0.3490862636958338,0.1825426397849445
1376,0.4843579086595709,0.35657457173535,0.1590675196050791
1377,0.45451311751447254,0.36745425715296626,0.1780326253325612
1378,0.43999999658250105,0.36651112489882065,0.19348887851867824
1379,0.4788485983837054,0.338935096623797,0.1822163049924976
1380,0.4648156667616302,0.3470727508172678,0.18811158242110196
1381,0.4743550255448091,0.3560083591596503,0.16963661529554064
1382,0.4385368260256963,0.3628121971103021,0.19865097686400154
1383,0.4414757808078856,0.34917615600876145,0.209348063183353
1384,0.4659286912281791,0.3523582642523344,0.18171304451948647
1385,0.476516200233615,0.34267141991615974,0.18081237985022525
1386,0.4992643955631791,0.32785314683750794,0.17288245759931298
1387,0.424410190867301,0.36540990615412366,0.21017990297857536
1388,0.46476673150738784,0.35975048141473914,0.17548278707787304
1389,0.47577392600180846,0.3313867802473679,0.19283929375082362
1390,0.4773947596566631,0.33493428461312735,0.1876709557302095
1391,0.4401867028330696,0.3531477110776952,0.20666558608923513
1392,0.3879277451295003,0.4059301939741851,0.2061420608963146
1393,0.4196979367219946,0.3839437044293473,0.19635835884865807
1394,0.4353157077865734,0.38437810810302286,0.18030618411040375
1395,0.4381822773048286,0.36358663912260103,0.1982310835725704
1396,0.41582988074201005,0.3805201321353259,0.20364998712266408
1397,0.42224967168312205,0.3808676489972379,0.19688267931964004
1398,0.3788852696859354,0.4152623783852981,0.2058523519287665
1399,0.4279898654624366,0.3810500401034769,0.1909600944340865
1400,0.4351968070059689,0.38721921808193593,0.17758397491209518
1401,0.43400067011325144,0.3982056037914122,0.1677937260953364
1402,0.37412200416802116,0.4178946828711278,0.207983312960851
1403,0.3865930280447534,0.4149265580187047,0.19848041393654195
1404,0.4535915353118644,0.35721776895090634,0.18919069573722924
1405,0.4104578314887094,0.38136058799600037,0.2081815805152903
1406,0.40104151439309005,0.3988133787387293,0.20014510686818066
1407,0.4121837765766073,0.39579623203310904,0.19201999139028367
1408,0.4046974856326664,0.38790157452991336,0.20740093983742022
1409,0.3968207043036494,0.4091337385529885,0.1940455571433621
1410,0.3986693038774803,0.4063630934664817,0.19496760265603805
1411,0.3871557696140584,0.4207907906707366,0.19205343971520497
1412,0.34997850110303635,0.4391443725858252,0.21087712631113845
1413,0.3490375542164313,0.4508446695303521,0.2001177762532166
1414,0.4084152957017036,0.37401854079976365,0.21756616349853272
1415,0.40869292581686595,0.3729339766559052,0.21837309752722886
1416,0.45511803906562154,0.36653733771581926,0.17834462321855918
1417,0.3559502789200251,0.4420846072059437,0.20196511387403115
1418,0.3277659314212901,0.46357145322838333,0.20866261535032654
1419,0.34286107895582846,0.4297272889055458,0.22741163213862575
1420,0.3854436348534531,0.40500115432162787,0.209555210824919
1421,0.3431531649423197,0.45073320907551806,0.20611362598216226
1422,0.38908088755144016,0.41158831429198467,0.19933079815657515
1423,0.4244721397460259,0.39117682500584694,0.1843510352481272
1424,0.3581154864753733,0.4386023118425465,0.2032822016820802
1425,0.3593644201851752,0.44368991887559844,0.19694566093922633
1426,0.3715149664616035,0.41268286323454395,0.21580217030385257
1427,0.3869818773657905,0.40879507759140116,0.20422304504280836
1428,0.363133251802734,0.441754197428311,0.19511255076895498
1429,0.3191098252540436,0.4651295239722469,0.2157606507737095
1430,0.3397555435900491,0.45573962884780894,0.20450482756214192
1431,0.3414364266859537,0.45969706294021906,0.19886651037382724
1432,0.3291001050220557,0.4658358230618427,0.20506407191610157
1433,0.34982350407871143,0.4336338683877811,0.21654262753350745
1434,0.3256374949620263,0.4564844609507915,0.21787804408718217
1435,0.36276636576970206,0.4482764268068758,0.18895720742342215
1436,0.3563115177282598,0.43174077708669334,0.21194770518504685
1437,0.38845058120660075,0.4116764312696178,0.1998729875237815
1438,0.3578275723637916,0.43532022173491103,0.20685220590129738
1439,0.34047191305670677,0.45078398629617805,0.20874410064711516
1440,0.3534476675016811,0.43156530108551877,0.2149870314128001
1441,0.3704997498361194,0.43746163349971373,0.19203861666416688
1442,0.38060007487261033,0.43774714510839247,0.1816527800189972
1443,0.4047560009552428,0.41675702193661324,0.17848697710814396
1444,0.38418960770273586,0.419872118861693,0.19593827343557108
1445,0.36465732121068745,0.43252091006212334,0.20282176872718924
1446,0.32904462268968454,0.46136836028136635,0.20958701702894914
1447,0.30758591503236543,0.4799276707480114,0.21248641421962317
1448,0.3309476377485435,0.4537460787132433,0.21530628353821316
1449,0.33706086506911515,0.4767333818910727,0.18620575303981213
1450,0.3390581201657127,0.4601797088076108,0.2007621710266765
1451,0.362539593639893,0.4397294322444023,0.19773097411570464
1452,0.34697085287484497,0.4500324599620989,0.20299668716305616
1453,0.3647772742772684,0.42930311277979,0.2059196129429416
1454,0.30944598594344114,0.47612817209795977,0.2144258419585991
1455,0.3454297208277942,0.44737761890880007,0.20719266026340571
1456,0.3917948816935614,0.42762947154692027,0.18057564675951834
1457,0.35928419505581227,0.4601298958773691,0.18058590906681862
1458,0.3113718799828683,0.4735570992580747,0.21507102075905699
1459,0.3527544705583172,0.452304662138452,0.1949408673032308
1460,0.3285377613304571,0.4863073577920431,0.18515488087749984
1461,0.353576359709563,0.44941739303285133,0.19700624725758564
1462,0.35675497712614707,0.43261884897407166,0.21062617389978125
1463,0.3263069455333692,0.48314665817803754,0.19054639628859327
1464,0.3587707889530143,0.45414143441405336,0.18708777663293236
1465,0.3675832862964091,0.4424694584130972,0.18994725529049372
1466,0.4013084242990461,0.4364467331113774,0.1622448425895765
1467,0.3210701565081978,0.4840132549350611,0.19491658855674104
1468,0.3864652790235226,0.4331312523139048,0.18040346866257256
1469,0.33568014366263854,0.45888133251412083,0.20543852382324063
1470,0.34764441361806214,0.46246021949580246,0.1898953668861354
1471,0.3573921209088317,0.46535641622437185,0.1772514628667964
1472,0.3617754400813824,0.4484475374011987,0.1897770225174189
1473,0.34354253049413785,0.47692609627312704,0.1795313732327351
1474,0.3610462191366042,0.45752383620945364,0.1814299446539422
1475,0.37895012456768234,0.43482321940246066,0.18622665602985702
1476,0.3365284120285869,0.4792750744219345,0.1841965135494786
1477,0.33534801755267113,0.4866637878524402,0.17798819459488865
1478,0.3559150069824617,0.47002756758233205,0.17405742543520628
1479,0.3458972332072183,0.4605077653255404,0.1935950014672413
1480,0.34372485450044854,0.4713960302978217,0.18487911520172978
1481,0.3499149739150524,0.44973491711669084,0.20035010896825678
1482,0.3355676448018556,0.4712680166807293,0.1931643385174151
1483,0.3445089335664628,0.4708013740608441,0.18468969237269314
1484,0.3861394846656583,0.42840785939324816,0.18545265594109356
1485,0.3350707636380318,0.4653404947316542,0.199588741630314
1486,0.3591380762364756,0.4428004199274179,0.19806150383610646
1487,0.38492977638078557,0.44390538238236993,0.17116484123684453
1488,0.35907289201853293,0.4663931197184856,0.17453398826298142
1489,0.3985086877901058,0.43138466751810484,0.1701066446917894
1490,0.3855586167031348,0.4328681085028583,0.1815732747940069
1491,0.3631939709301466,0.45522902429116546,0.18157700477868793
1492,0.3313625273450162,0.4801257340743781,0.18851173858060566
1493,0.336556250710198,0.48126598824657957,0.18217776104322242
1494,0.35416235032580773,0.4503053039031388,0.19553234577105352
1495,0.36558152025416696,0.46333966711586116,0.17107881262997185
1496,0.3972013037701675,0.4084226261331418,0.19437607009669072
1497,0.36942507392064194,0.44980131142885577,0.1807736146505023
1498,0.3644485683830491,0.46083873375259293,0.17471269786435795
1499,0.3960063181693996,0.42500413085907146,0.17898955097152897
1500,0.38168823453973383,0.4203189165760877,0.19799284888417848
1501,0.37763455278568153,0.44204377105413906,0.18032167616017944
1502,0.3766759357988231,0.44364851409740247,0.17967555010377442
1503,0.3301748360573121,0.4623817873536217,0.2074433765890662
1504,0.3104405231076714,0.48820338745866493,0.20135608943366368
1505,0.3084137902314086,0.4879572742224262,0.2036289355461652
1506,0.3355201644188768,0.45489400191742396,0.20958583366369926
1507,0.3180271498104282,0.467108612199459,0.21486423799011287
1508,0.38500009348476166,0.42444960956286787,0.19055029695237044
1509,0.37196844485740627,0.4320865529687277,0.195945002173866
1510,0.3003376567561608,0.49459370747792714,0.20506863576591206
1511,0.34813785131075276,0.4531815239873245,0.19868062470192277
1512,0.35097619903618854,0.4398175762396452,0.20920622472416625
1513,0.3347742635919355,0.4519964998868996,0.21322923652116488
1514,0.32584909619330726,0.4739447177527732,0.20020618605391957
1515,0.34922117501247474,0.473243861174537,0.17753496381298825
1516,0.3332208372106164,0.4695273758797804,0.19725178690960316
1517,0.3701555439958035,0.4510472171597689,0.17879723884442758
1518,0.31332848758856313,0.49462199843634885,0.192049513975088
1519,0.31695869110496533,0.49415325513414565,0.18888805376088905
1520,0.33554803372698466,0.4800680686247258,0.18438389764828955
1521,0.3202995200467615,0.48424641071326796,0.19545406923997055
1522,0.31983609464805157,0.499382239267368,0.1807816660845804
1523,0.3194781163258385,0.49770584285487834,0.18281604081928313
1524,0.36370857444275734,0.46776905096309923,0.1685223745941434
1525,0.3460841168682624,0.46495214597691203,0.18896373715482556
1526,0.34599926408407516,0.4462964892752704,0.20770424664065446
1527,0.3229294495254643,0.47326726887144016,0.2038032816030955
1528,0.32959279619595144,0.48122106756619015,0.18918613623785838
1529,0.35418684291148833,0.4514762571651983,0.19433689992331335
1530,0.31862326875091423,0.480757774588348,0.20061895666073773
1531,0.3265278434965871,0.48345397229148906,0.19001818421192385
1532,0.3404917061865994,0.46687718176246434,0.19263111205093622
1533,0.3106121617223036,0.4879681991994475,0.2014196390782489
1534,0.34133636357581765,0.45375992780833396,0.2049037086158484
1535,0.32082401568908775,0.4971870281110263,0.18198895619988598
1536,0.30632214549113623,0.5101138294496924,0.18356402505917144
1537,0.3042840965010893,0.4982429166491549,0.1974729868497559
1538,0.2780573496354371,0.5172699328763292,0.20467271748823368
1539,0.3056480167515478,0.5173827501817716,0.17696923306668058
1540,0.3273634588581058,0.4899609220901614,0.1826756190517328
1541,0.3153647353522622,0.48759731934711886,0.19703794530061888
1542,0.30333333631419857,0.5100335518063678,0.18663311187943366
1543,0.32693487848167563,0.48486954497653595,0.18819557654178842
1544,0.3773022788272409,0.4469596553802374,0.17573806579252174
1545,0.3924961108117072,0.42340448786658297,0.18409940132170982
1546,0.37306282787195816,0.452667563070043,0.17426960905799882
1547,0.36649165734181166,0.45903397210780916,0.17447437055037915
1548,0.35805896196968207,0.4519716335747057,0.18996940445561225
1549,0.3458974456811838,0.46644453771617467,0.1876580166026415
1550,0.3212427340920192,0.4944911390331344,0.18426612687484636
1551,0.32223500630147767,0.495350377495748,0.1824146162027743
1552,0.3203856395479171,0.4869399992403935,0.1926743612116894
1553,0.3383969468467888,0.48626232875560044,0.17534072439761075
1554,0.3580902248199225,0.4791600470021745,0.16274972817790304
1555,0.36473522083524934,0.4662382730852799,0.16902650607947076
1556,0.32304402083114153,0.477355566132526,0.19960041303633244
1557,0.32786514473498407,0.4961671975753253,0.17596765768969067
1558,0.38331394779626704,0.4498941009123992,0.1667919512913338
1559,0.35512774611423203,0.46333909695775516,0.1815331569280128
1560,0.3440054137459599,0.46418451120874854,0.1918100750452916
1561,0.3059904210420339,0.5187601468096062,0.17524943214835992
1562,0.36138411337294485,0.4582697506262755,0.18034613600077967
1563,0.2721148326965515,0.5208194950028106,0.20706567230063797
1564,0.31543202784538127,0.48792577791160807,0.19664219424301063
1565,0.2906453903941229,0.5219639828553088,0.18739062675056836
1566,0.29914204542168504,0.5134705400667408,0.18738741451157417
1567,0.2844326960438509,0.5050730849961131,0.210494218960036
1568,0.32890137864348856,0.5002169270236443,0.17088169433286712
1569,0.2636859058625847,0.5315557687379467,0.20475832539946853
1570,0.2963325635836128,0.5064543358987446,0.19721310051764263
1571,0.2893047481895944,0.5244775228398165,0.18621772897058902
1572,0.29730285572136317,0.5141214636109691,0.18857568066766772
1573,0.31943206730732504,0.4992270850310995,0.1813408476615754
1574,0.3204695739834692,0.4903887333850282,0.1891416926315026
1575,0.32702977014763485,0.5008374766676628,0.17213275318470242
1576,0.3091631724097506,0.513527352615657,0.17730947497459248
1577,0.29950035560751037,0.5153097200291332,0.1851899243633564
1578,0.3048412912690156,0.5076656354342958,0.18749307329668857
1579,0.2941104565614605,0.5189905163055054,0.18689902713303405
1580,0.27497040310889886,0.5220830956402757,0.2029465012508255
1581,0.3016241575699064,0.5112513060730931,0.18712453635700044
1582,0.32013771378525646,0.4888667036469564,0.19099558256778718
1583,0.30618664320094036,0.5112331920195239,0.1825801647795358
1584,0.2893017022454309,0.5115209902754932,0.19917730747907586
1585,0.3269593981841764,0.5007248767833982,0.17231572503242543
1586,0.3051058996781954,0.5126029150545166,0.18229118526728805
1587,0.31567640649691425,0.49855370725461057,0.18576988624847518
1588,0.3077475520649778,0.49891493552737987,0.19333751240764238
1589,0.3163879769785397,0.49540096518806787,0.18821105783339245
1590,0.29449405939656476,0.49548652447050445,0.2100194161329308
1591,0.30154081703216623,0.4928990148911056,0.20556016807672817
1592,0.31266240983220867,0.48566377253994536,0.20167381762784597
1593,0.2887067882837549,0.5165163188263912,0.19477689288985395
1594,0.2899103667163126,0.5146315960671756,0.19545803721651184
1595,0.3410882538687826,0.46647672955770686,0.19243501657351053
1596,0.31757123795324393,0.4969396384697924,0.18548912357696365
1597,0.2957861164823035,0.5123824388584043,0.19183144465929214
1598,0.3134791307637342,0.4969494346601656,0.1895714345761002
1599,0.32360864794834887,0.48533521604832564,0.19105613600332547
1600,0.3088606108406498,0.5009562810754753,0.19018310808387492
1601,0.3594083397997242,0.4611648466931449,0.17942681350713094
1602,0.32757295138368336,0.5003178902516497,0.17210915836466692
1603,0.3259638956763407,0.49740838443904417,0.1766277198846151
1604,0.3294604899144791,0.49217751335889914,0.1783619967266217
1605,0.3105106235847445,0.5057324484904304,0.18375692792482504
1606,0.3165330046051393,0.4865662405133367,0.196900754881524
1607,0.29853819338127907,0.5075437178780496,0.1939180887406713
1608,0.2735407455885183,0.5250248590727696,0.20143439533871202
1609,0.27517386113402464,0.5221789541275521,0.20264718473842325
1610,0.2975386017664265,0.4957202254393834,0.2067411727941901
1611,0.3266936792005714,0.48494396123011607,0.18836235956931252
1612,0.3368769572313759,0.4599530171091873,0.20317002565943681
1613,0.31919461235103636,0.49868287643855314,0.1821225112104105
1614,0.3224435592287294,0.49819275579085964,0.17936368498041094
1615,0.28249720950606566,0.4985213724316735,0.21898141806226087
1616,0.2747307406850893,0.5329026823482271,0.19236657696668352
1617,0.29521431411308063,0.505283951559634,0.19950173432728532
1618,0.25135718600547546,0.5410444831606774,0.20759833083384713
1619,0.30317546127795586,0.50774209560367,0.18908244311837416
1620,0.30941865373112803,0.4719728817489844,0.2186084645198876
1621,0.29864311791420567,0.4890655755086994,0.21229130657709494
1622,0.29990190175970693,0.4832492978241007,0.2168488004161924
1623,0.2982031705893795,0.4880811670590831,0.21371566235153738
1624,0.3090670765640131,0.4852362030870798,0.20569672034890707
1625,0.31885145139124577,0.4933694045260791,0.18777914408267515
1626,0.3179049120267651,0.4853865128922107,0.1967085750810243
1627,0.2755214815431854,0.5083487369970606,0.216129781459754
1628,0.2599146748703135,0.5108777659738882,0.22920755915579827
1629,0.2615667794579007,0.510998498009537,0.22743472253256233
1630,0.28855971677057823,0.4846454663056864,0.22679481692373538
1631,0.29437323261819565,0.48229206256806906,0.2233347048137353
1632,0.27890811629492146,0.48492990139216696,0.23616198231291158
1633,0.2663597696565745,0.49240350810006633,0.24123672224335915
1634,0.24946629444346824,0.5048727665609102,0.2456609389956216
1635,0.31043971186774016,0.4543483098805769,0.2352119782516829
1636,0.2780945751326218,0.48008420479252856,0.24182122007484963
1637,0.2400078360737612,0.5204215441829915,0.23957061974324734
1638,0.2513902459886146,0.5111386546180523,0.23747109939333313
1639,0.25739117250688265,0.5108010599937471,0.2318077674993702
1640,0.3236583110644816,0.458576075841259,0.21776561309425943
1641,0.30716635111218404,0.4460222674677246,0.24681138142009132
1642,0.2787738488699983,0.4886463663010492,0.2325797848289525
1643,0.3049242727980701,0.49330479688152623,0.20177093032040366
1644,0.25719500585893273,0.49805806361047866,0.2447469305305886
1645,0.22787658880716702,0.5368099419233133,0.23531346926951963
1646,0.2742289474637637,0.4799010033640964,0.2458700491721399
1647,0.275320303582026,0.48206782857685904,0.242611867841115
1648,0.21006791838426428,0.5187260313291555,0.27120605028658024
1649,0.2264934053365442,0.5245634552137529,0.24894313944970284
1650,0.26449224440079183,0.48131105961412124,0.25419669598508693
1651,0.25218335384506224,0.5070774936906197,0.24073915246431804
1652,0.29158487201969974,0.4955956017165473,0.21281952626375297
1653,0.24965601958067724,0.4950934167343649,0.2552505636849579
1654,0.2321919451644216,0.48995218767464915,0.27785586716092925
1655,0.2539184075847397,0.4819487151140667,0.2641328773011936
1656,0.24432748977728852,0.5091347044486074,0.2465378057741041
1657,0.23023447751205883,0.5227835129828058,0.24698200950513544
1658,0.2764078248014513,0.4857655927092783,0.23782658248927036
1659,0.23345860747981073,0.5020605731375785,0.26448081938261087
1660,0.2715076284060131,0.47560235975059967,0.2528900118433872
1661,0.2629671870160952,0.5082022007821053,0.22883061220179943
1662,0.2927809812759298,0.46967754204500245,0.23754147667906778
1663,0.25546266385894395,0.5071033780754355,0.23743395806562062
1664,0.25835637645103415,0.5192636722498358,0.22237995129913005
1665,0.23942869756160992,0.5093523971015698,0.25121890533682034
1666,0.2507045228253327,0.5072088868820274,0.24208659029263993
1667,0.27477977566426676,0.494609321124748,0.23061090321098526
1668,0.24995569124025477,0.5275776433232814,0.22246666543646382
1669,0.25724512604648414,0.5090642514642928,0.23369062248922312
1670,0.24851396203882617,0.5061529965302975,0.24533304143087623
1671,0.22354770420881473,0.5081548840346576,0.26829741175652766
1672,0.22163329102766627,0.5364434860055,0.2419232229668338
1673,0.2351861791050029,0.528975662977106,0.23583815791789114
1674,0.24536554410892636,0.5369656624939622,0.21766879339711143
1675,0.264928732818409,0.5085072290108125,0.22656403817077858
1676,0.2516290646423571,0.5091438273258755,0.23922710803176742
1677,0.2531685605026042,0.49044875036582264,0.25638268913157314
1678,0.23060116816992626,0.5334457255979905,0.23595310623208324
1679,0.25268491774168256,0.5062211515321774,0.24109393072614008
1680,0.2865218047063235,0.508248827423847,0.20522936786982945
1681,0.2559476362180372,0.5278275909167331,0.21622477286522968
1682,0.2908829402249997,0.4748044391449295,0.23431262063007083
1683,0.24039825546698157,0.5335243770920718,0.22607736744094667
1684,0.23498852388608465,0.5035336578796381,0.26147781823427724
1685,0.2574021933734445,0.512475065824888,0.23012274080166759
1686,0.26933130434481223,0.483906728506779,0.24676196714840873
1687,0.25430716066112136,0.5086431014522651,0.23704973788661354
1688,0.2370608521084068,0.5136771758490882,0.24926197204250494
1689,0.24964679245077767,0.5142414267085053,0.23611178084071713
1690,0.2540115508505855,0.5159383073851626,0.23005014176425193
1691,0.2554574777097305,0.5236986260081414,0.22084389628212803
1692,0.2512484913369421,0.5109530275157655,0.23779848114729235
1693,0.24511549693270582,0.4994649858091526,0.2554195172581416
1694,0.22858879432321697,0.5357115420995474,0.2356996635772356
1695,0.2148759795461864,0.5664055047107139,0.2187185157430997
1696,0.22644325253115846,0.510095876762265,0.26346087070657653
1697,0.22649635303837481,0.5372895897453128,0.23621405721631233
1698,0.24907529416116134,0.5196919348906981,0.23123277094814063
1699,0.21108044455064476,0.5646486970295889,0.22427085841976638
1700,0.22423188817596,0.5440867677168763,0.2316813441071638
1701,0.2197358921619942,0.5428023114350606,0.23746179640294512
1702,0.21231862514691854,0.5384891431140254,0.24919223173905605
1703,0.2386808638442461,0.5130496346940143,0.24826950146173954
1704,0.20804316173233856,0.5401466477309571,0.25181019053670434
1705,0.2398019111402249,0.5132154239193407,0.24698266494043433
1706,0.2098564110749942,0.5319377910788183,0.25820579784618747
1707,0.19443037829432128,0.5553927707095225,0.2501768509961561
1708,0.19952368884810884,0.5782542054441386,0.22222210570775258
1709,0.2271699308725153,0.5302018742173787,0.24262819491010593
1710,0.24567115325253208,0.5240031522435991,0.23032569450386883
1711,0.2719391528750248,0.47880337317988025,0.24925747394509493
1712,0.2362567876106158,0.5231762427506471,0.24056696963873703
1713,0.23583296433126913,0.520744525000716,0.2434225106680149
1714,0.2014455627329276,0.5542846376532864,0.24426979961378606
1715,0.237603409023232,0.5088979516519502,0.25349863932481786
1716,0.22924474334642245,0.5391375992832456,0.231617657370332
1717,0.2238831524460434,0.510273969734506,0.2658428778194506
1718,0.21598965060496103,0.5354379212949185,0.24857242810012045
1719,0.2093646528274422,0.5381952836884399,0.2524400634841179
1720,0.2271372789010731,0.5375476876198031,0.23531503347912378
1721,0.229124398475347,0.5214215268188038,0.24945407470584918
1722,0.2169259641341586,0.532477435353127,0.25059660051271443
1723,0.23231934136222107,0.5290537406328097,0.23862691800496924
1724,0.2468321465550574,0.4991485035751201,0.25401934986982255
1725,0.26780861298336966,0.49125060681798205,0.2409407801986483
1726,0.24297453983116704,0.5135032989475354,0.24352216122129755
1727,0.25327817641640826,0.5399299022823436,0.20679192130124815
1728,0.2394387844322361,0.5254869538664589,0.23507426170130502
1729,0.20886302397411555,0.5259684604782731,0.26516851554761145
1730,0.2164654893487916,0.5626671163532356,0.22086739429797275
1731,0.1630496167367338,0.582933478346434,0.25401690491683215
1732,0.19900570673623602,0.5494355709068931,0.2515587223568709
1733,0.22225626609621038,0.5478537279185282,0.22989000598526146
1734,0.18490605880038577,0.5744753532409899,0.24061858795862437
1735,0.201790830562653,0.5521415755282111,0.24606759390913593
1736,0.21789180935307534,0.5448445874686983,0.23726360317822626
1737,0.2091208254606993,0.5236543757816978,0.2672247987576029
1738,0.21067305178452342,0.5342938859733148,0.25503306224216166
1739,0.19860211147692547,0.5318782719393302,0.2695196165837443
1740,0.2370454058663857,0.5283563780409923,0.23459821609262194
1741,0.20528785449819556,0.545161809932103,0.24955033556970144
1742,0.20846692909318032,0.550044168557784,0.24148890234903567
1743,0.17148049754932246,0.5803544000645277,0.2481651023861499
1744,0.19287143520952021,0.5405827914534637,0.2665457733370162
1745,0.18959171131810137,0.5612853557498861,0.24912293293201243
1746,0.1730463019997435,0.582103838254253,0.24484985974600343
1747,0.18391109607833428,0.5668734952707671,0.24921540865089856
1748,0.16583973699012425,0.5620985069612514,0.27206175604862426
1749,0.19526952155878285,0.5734917350644426,0.2312387433767745
1750,0.22078500554174543,0.526605211327789,0.25260978313046556
1751,0.2113746093810797,0.5585041404157082,0.23012125020321217
1752,0.19992535679721202,0.5196440860740795,0.2804305571287084
1753,0.18005674487289683,0.570887194642713,0.2490560604843902
1754,0.19337438573336263,0.5604022104278714,0.24622340383876595
1755,0.18914348998726316,0.5723892486417794,0.23846726137095745
1756,0.174005457105354,0.5692893169063521,0.2567052259882939
1757,0.166155313967776,0.5708407644087697,0.26300392162345426
1758,0.1860551343388097,0.578432941648998,0.23551192401219231
1759,0.19945427690028283,0.5634812125832734,0.23706451051644373
1760,0.2027611016555779,0.5621066068389293,0.2351322915054928
1761,0.19670298053687452,0.54456510143806,0.25873191802506545
1762,0.17433582540336398,0.565339060276998,0.26032511431963806
1763,0.1765314368766206,0.5905417902370722,0.23292677288630717
1764,0.19518235999381844,0.5359732503579016,0.26884438964827995
1765,0.15428311157616573,0.5771301781589127,0.26858671026492165
1766,0.16866081446037215,0.578577650098197,0.2527615354414309
1767,0.16066557900669362,0.5999664239880809,0.23936799700522554
1768,0.16632579275460163,0.5736831403351851,0.2599910669102133
1769,0.18639928735975683,0.5874457423846203,0.22615497025562278
1770,0.18456682095521498,0.5693381946917504,0.24609498435303456
1771,0.18563820157097755,0.5648021735538807,0.24955962487514177
1772,0.18952125599458758,0.564014770202672,0.24646397380274046
1773,0.20833187017407145,0.5597955165716192,0.2318726132543094
1774,0.16158872056622048,0.5946557075606109,0.24375557187316862
1775,0.14278706870509542,0.624341178406865,0.23287175288803963
1776,0.1955956242188475,0.5703267828511187,0.23407759293003383
1777,0.19859129418273685,0.5759901871323373,0.22541851868492582
1778,0.1456628984552866,0.6195244091645014,0.23481269238021202
1779,0.1601096113136185,0.617187003560057,0.2227033851263245
1780,0.19381811411272906,0.5702032369335421,0.2359786489537288
1781,0.16150637089590716,0.6154065586508464,0.22308707045324647
1782,0.19838812692076438,0.5707212059915897,0.2308906670876459
1783,0.17313244413423456,0.5980506691279877,0.2288168867377778
1784,0.17094557280611253,0.5946286717368157,0.23442575545707187
1785,0.16406859027715842,0.6000010816849215,0.23593032803792005
1786,0.1833450410259222,0.5648771582828178,0.25177780069125993
1787,0.1717690277603561,0.5601093829189944,0.26812158932064956
1788,0.14289924863852577,0.6235690719281689,0.2335316794333053
1789,0.1538869734448831,0.5993273166816745,0.2467857098734424
1790,0.19062184012341504,0.5930256658641334,0.21635249401245157
1791,0.1911053021021083,0.5959883267262656,0.21290637117162614
1792,0.20590200399727865,0.5610194003460818,0.2330785956566396
1793,0.21190944125855515,0.5511956958960201,0.23689486284542471
1794,0.18673437417033698,0.5734596365202195,0.23980598930944355
1795,0.17897606676217132,0.6107522669355685,0.2102716663022602
1796,0.20462928146908993,0.5579972112092676,0.23737350732164247
1797,0.20524019494503737,0.5574830206247295,0.23727678443023306
1798,0.16708023498051475,0.5962785238395373,0.23664124117994803
1799,0.17779265193879865,0.5872340016407188,0.2349733464204825
1800,0.15535239904615816,0.6013953236515939,0.24325227730224797
1801,0.17144016324495764,0.606759355009285,0.22180048174575734
1802,0.11833374233895148,0.6226558674826105,0.2590103901784381
1803,0.1840864946119873,0.5911404484849433,0.22477305690306937
1804,0.16914443957839972,0.6020424834108844,0.2288130770107159
1805,0.20792238510866284,0.5441757937811218,0.24790182111021541
1806,0.16723040945010065,0.5724950270950095,0.26027456345488975
1807,0.13975890103371366,0.624260842333102,0.23598025663318442
1808,0.20084613497444892,0.5614186245391323,0.23773524048641886
1809,0.14078821478513567,0.6465154502076219,0.21269633500724244
1810,0.17200096359142125,0.5733014756780402,0.2546975607305385
1811,0.14512566449686884,0.6167813431767433,0.2380929923263879
1812,0.1587856116317384,0.6210414658443336,0.220172922523928
1813,0.14309999774030732,0.6186980264294064,0.23820197583028624
1814,0.13759880301089458,0.6159668878711673,0.24643430911793812
1815,0.12634272013863693,0.6417759452270748,0.2318813346342883
1816,0.1688400280301731,0.6106386009952012,0.2205213709746257
1817,0.13285043388550402,0.6058013895585785,0.2613481765559174
1818,0.1590215551413083,0.5990198410147629,0.24195860384392878
1819,0.14831228809626676,0.6124190668079507,0.2392686450957826
1820,0.15355737958406931,0.5930836269237901,0.2533589934921406
1821,0.15398070670193126,0.5968738756880684,0.24914541761000036
1822,0.14396281105133715,0.604887037625512,0.2511501513231509
1823,0.1389502770001638,0.6188544574374317,0.24219526556240445
1824,0.16242103137407315,0.6164004531725892,0.2211785154533377
1825,0.13198100920747666,0.6399478130822839,0.22807117771023946
1826,0.12848638960051023,0.6178256068832688,0.25368800351622095
1827,0.13390008633044226,0.6310909308575348,0.23500898281202295
1828,0.1463420890567188,0.6098941100512111,0.2437638008920701
1829,0.13893092328523046,0.5957246969474017,0.26534437976736786
1830,0.18247417545346098,0.5991118700589219,0.21841395448761713
1831,0.15761491197258395,0.6177317938171613,0.22465329421025482
1832,0.14824749169288132,0.6399256988665862,0.2118268094405324
1833,0.17761353414962033,0.5869945031340009,0.23539196271637872
1834,0.1678924345127269,0.6119436828488505,0.22016388263842265
1835,0.1493836244910224,0.6009586841642558,0.24965769134472174
1836,0.14816356056873312,0.6045811013399579,0.247255338091309
1837,0.16192627024630354,0.6018662791960967,0.23620745055759976
1838,0.1722906802638501,0.586366395532354,0.24134292420379588
1839,0.15645044742086284,0.6268671475230234,0.21668240505611375
1840,0.16251967211818297,0.632124766702518,0.205355561179299
1841,0.1762799690067169,0.6130563507482155,0.21066368024506754
1842,0.1600910971003718,0.6240013959914377,0.2159075069081905
1843,0.17061798711567627,0.6172641997522119,0.21211781313211178
1844,0.17981115194677774,0.6056196127967368,0.2145692352564854
1845,0.19493898820246963,0.6027210274815104,0.20233998431602004
1846,0.14575228609416715,0.6433992844648366,0.2108484294409962
1847,0.1495503481032164,0.623990376619807,0.22645927527697648
1848,0.1539727803314518,0.6190435962519645,0.22698362341658376
1849,0.16563948377720164,0.6262020875706482,0.2081584286521501
1850,0.15347769229206157,0.6127388477797976,0.2337834599281408
1851,0.13761221245444194,0.6428390271825593,0.2195487603629988
1852,0.15219781647923558,0.6274302106761002,0.22037197284466423
1853,0.1381990621278285,0.6322169222244277,0.2295840156477438
1854,0.17374047395630832,0.6209103197162927,0.20534920632739895
1855,0.1327852832061045,0.6429443348033447,0.22427038199055077
1856,0.12708985623286445,0.6644769557271616,0.20843318803997393
1857,0.12896101588737746,0.6569561318442978,0.2140828522683248
1858,0.15733770512840603,0.6288790494034664,0.21378324546812758
1859,0.17105133872081457,0.6115421151864155,0.21740654609276988
1860,0.20013392960060797,0.5868661347905341,0.212999935608858
1861,0.16131830741817735,0.6264698666524077,0.21221182592941495
1862,0.1459265170185079,0.6284292445198314,0.22564423846166073
1863,0.12423220467527836,0.6509611333037325,0.22480666202098915
1864,0.1176678206862228,0.6464296451556206,0.23590253415815654
1865,0.13442310826385642,0.6565244156298452,0.20905247610629835
1866,0.15320016108102602,0.6348232893021569,0.21197654961681703
1867,0.14226420383524938,0.6233289268505984,0.23440686931415225
1868,0.13477356212293934,0.6470789011264789,0.2181475367505817
1869,0.1496076882447185,0.6296789132496201,0.22071339850566132
1870,0.1375975381010246,0.6421849926550577,0.2202174692439177
1871,0.10966675062484257,0.6735999651250654,0.21673328425009203
1872,0.12215226520755879,0.6622372890007421,0.21561044579169908
1873,0.12178796253926098,0.638470469141257,0.23974156831948198
1874,0.12419701896841016,0.6576068966564018,0.21819608437518806
1875,0.11161672533699665,0.6564183266557297,0.23196494800727363
1876,0.08825800007027942,0.6967951508907918,0.2149468490389288
1877,0.13849696954931956,0.6426551577191961,0.21884787273148432
1878,0.16293708920042746,0.6332051420310905,0.20385776876848202
1879,0.14148358770294037,0.6362096584879248,0.2223067538091349
1880,0.14091117206130138,0.6510548612785367,0.2080339666601619
1881,0.17261791190366968,0.6238324120990127,0.20354967599731758
1882,0.14406349640466784,0.6394278606597028,0.21650864293562935
1883,0.15288664980924488,0.6402817524668192,0.2068315977239359
1884,0.15933892117695547,0.652718588512416,0.18794249031062846
1885,0.12757403433497347,0.6495052335516738,0.2229207321133527
1886,0.1472340257112112,0.6648806560190528,0.18788531826973598
1887,0.1255651832124631,0.652596276360513,0.22183854042702397
1888,0.120201004567181,0.6713810178723042,0.20841797756051478
1889,0.12705740258513648,0.6498186149480364,0.22312398246682716
1890,0.12578053191382124,0.6537391659752081,0.22048030211097067
1891,0.11285361394250107,0.6751776449189816,0.21196874113851735
1892,0.089933065608846,0.6839814021551021,0.226085532236052
1893,0.12341980162681196,0.657827851543921,0.2187523468292671
1894,0.1285221725794514,0.6577330780671892,0.21374474935335944
1895,0.15021782791087285,0.6427049287774795,0.2070772433116476
1896,0.11604982268841432,0.6802121524962949,0.20373802481529082
1897,0.15531884858825654,0.614639677796587,0.23004147361515648
1898,0.13562458584440207,0.6290316774604775,0.23534373669512043
1899,0.13939498602122524,0.6384646816629311,0.2221403323158436
1900,0.09765958056170491,0.6655210307858925,0.2368193886524025
1901,0.1166141926020625,0.6777547212029124,0.20563108619502518
1902,0.1155990100993665,0.662080341591815,0.22232064830881856
1903,0.10202490937211034,0.6874340237146388,0.2105410669132509
1904,0.15057525833216914,0.6260587349733687,0.2233660066944621
1905,0.13210275562706014,0.6531422580615759,0.21475498631136397
1906,0.1958782551289914,0.5880360949948267,0.21608564987618187
1907,0.14823385933172117,0.6385943347748181,0.21317180589346077
1908,0.11726734104729011,0.6851700047090099,0.19756265424369993
1909,0.13641839385689136,0.6140809877254089,0.24950061841769974
1910,0.13554822198135316,0.6460274960656421,0.21842428195300473
1911,0.1565051138405728,0.6371301124121812,0.20636477374724593
1912,0.1502683128580374,0.624998098207751,0.2247335889342116
1913,0.13142875829533532,0.6604709654989334,0.20810027620573132
1914,0.16286256631513998,0.6337003880897887,0.2034370455950713
1915,0.1380496355306263,0.6557232208696493,0.20622714359972438
1916,0.10787673839489025,0.6735999184661841,0.21852334313892569
1917,0.13378941786337617,0.6714282156719928,0.19478236646463093
1918,0.14534950257644946,0.6384978474140629,0.21615265000948763
1919,0.11595810998142735,0.6778938929243364,0.20614799709423623
1920,0.12615585836118423,0.642937121180902,0.23090702045791384
1921,0.1353814784989654,0.655649672856455,0.2089688486445796
1922,0.13406366051547344,0.6621887608376137,0.2037475786469129
1923,0.14303350089514402,0.6276510430346603,0.22931545607019563
1924,0.10590348759000713,0.6451564191859804,0.24894009322401245
1925,0.11413592054704384,0.6630336700914257,0.22283040936153053
1926,0.10678632805041054,0.6567843153445597,0.2364293566050297
1927,0.12622388058511952,0.6530325937780441,0.22074352563683633
1928,0.14198886766246974,0.6270660794860633,0.23094505285146694
1929,0.15853858025720205,0.609240814651223,0.23222060509157497
1930,0.14941312655893021,0.6374413070910935,0.21314556634997633
1931,0.1384683832755883,0.6314202551073694,0.23011136161704226
1932,0.12440612324360288,0.667660556527919,0.2079333202284781
1933,0.13131794966136048,0.6604503016777766,0.20823174866086294
1934,0.10141361789374657,0.6559990269741627,0.24258735513209073
1935,0.10843008259364247,0.6766433445296812,0.21492657287667633
1936,0.1653050058998509,0.6489692439134116,0.18572575018673754
1937,0.13402709980936348,0.6464818677499512,0.21949103244068532
1938,0.12259277859447756,0.6753552112167454,0.20205201018877708
1939,0.11929410966688515,0.6783190134099665,0.2023868769231484
1940,0.14621211324512118,0.6558219523891909,0.19796593436568788
1941,0.1230763253488178,0.6624537257916209,0.2144699488595613
1942,0.14791963477946987,0.6510897055813248,0.20099065963920523
1943,0.1114374522201477,0.6859281453491414,0.20263440243071093
1944,0.1165642721998394,0.6632121543966771,0.22022357340348347
1945,0.13800548840515559,0.642263517542096,0.21973099405274843
1946,0.13461679716168504,0.6461808715687705,0.2192023312695445
1947,0.1388123461360766,0.6472019776625861,0.2139856762013372
1948,0.12587875673470686,0.6789044621780197,0.19521678108727342
1949,0.12784848213399247,0.6552085707173761,0.21694294714863135
1950,0.1325403365783422,0.6419168297604888,0.22554283366116895
1951,0.1362289333587417,0.6353851375812863,0.22838592905997196
1952,0.12653246641787733,0.6445522334318823,0.22891530015024036
1953,0.1319887835247477,0.6515003488637297,0.21651086761152266
1954,0.14530969744244768,0.6289848899532731,0.22570541260427932
1955,0.12309322171782582,0.6530007090097434,0.22390606927243076
1956,0.11789150189744381,0.6680656096578186,0.21404288844473757
1957,0.15075852764159553,0.6285806066493136,0.2206608657090909
1958,0.20003022518060398,0.5970429865446802,0.2029267882747158
1959,0.17479555911644049,0.5796068602899616,0.245597580593598
1960,0.14686107810491877,0.6195797430736858,0.23355917882139546
1961,0.14105714472447917,0.6379290561704672,0.22101379910505356
1962,0.14874081459714922,0.6068800406413235,0.24437914476152733
1963,0.13396481641364444,0.6304923521325905,0.23554283145376512
1964,0.13927657006800503,0.6430531319819306,0.21767029795006443
1965,0.12315098147971701,0.6428877794045126,0.23396123911577044
1966,0.13734751072945517,0.6514013720402196,0.21125111723032525
1967,0.10661840801618772,0.655160608407641,0.23822098357617122
1968,0.13037218680829593,0.6319794257543122,0.23764838743739186
1969,0.11629833108280113,0.6394549493846077,0.24424671953259117
1970,0.15193441643042102,0.6281999979612495,0.21986558560832956
1971,0.12175344949402762,0.6193057912373813,0.2589407592685911
1972,0.14646933364726789,0.6273897087853748,0.2261409575673573
1973,0.16768771751848133,0.605070218234234,0.2272420642472847
1974,0.15880487049909564,0.6235812756295528,0.21761385387135157
1975,0.1255367058997081,0.6409467561615544,0.23351653793873745
1976,0.12253434389797883,0.6268980760725574,0.2505675800294638
1977,0.13364292959908858,0.6372685262750665,0.22908854412584495
1978,0.13352334134951074,0.6476183561893453,0.21885830246114402
1979,0.16821868437934565,0.6132676744936626,0.2185136411269918
1980,0.1072770249101321,0.6458702229624351,0.24685275212743282
1981,0.13348879333410205,0.6155323796015283,0.25097882706436964
1982,0.13979676140722833,0.5917552151488743,0.2684480234438974
1983,0.13340257877605624,0.6227655012659363,0.24383191995800746
1984,0.16386188627064416,0.6038655859827923,0.2322725277465636
1985,0.21084633232885153,0.5725806815464508,0.21657298612469766
1986,0.18139163212563786,0.6186730837095465,0.1999352841648156
1987,0.13548509676767947,0.6368900447989766,0.22762485843334393
1988,0.18756114345532432,0.5647736140250004,0.24766524251967528
1989,0.1616541492425438,0.6184106816448371,0.219935169112619
1990,0.15014731228091105,0.6203167307235885,0.22953595699550047
1991,0.14421685479057852,0.6124881504953187,0.24329499471410274
1992,0.142816520735654,0.621928751901314,0.23525472736303196
1993,0.14177845223585783,0.623954161117659,0.23426738664648314
1994,0.15500461968497975,0.592435919373746,0.25255946094127424
1995,0.13588401321310853,0.6349709102072342,0.22914507657965733
1996,0.19112074000493084,0.5983842506678057,0.21049500932726348
1997,0.21485363799933696,0.5826563788553313,0.2024899831453317
1998,0.14617639606940008,0.6339110480653772,0.2199125558652227
1999,0.13206711170879987,0.6288771290471479,0.23905575924405223
2000,0.14752436850263978,0.6258948091105379,0.22658082238682237
2001,0.15401887690456786,0.6318399457010778,0.2141411773943543
2002,0.18303969828047328,0.6080220915207293,0.2089382101987975
2003,0.17823208091913093,0.6252521211475185,0.19651579793335056
2004,0.18352407567405585,0.6147743204252343,0.20170160390070987
2005,0.1535039290743897,0.6355000261041212,0.21099604482148918
2006,0.2124323230742658,0.6009021199983335,0.18666555692740064
2007,0.17623402668727403,0.609573070062016,0.21419290325070994
2008,0.181547456663399,0.6042745522442499,0.21417799109235117
2009,0.19989376721124677,0.5823370894568193,0.2177691433319339
2010,0.15728682467469815,0.6032324364632875,0.2394807388620144
2011,0.1325203912670338,0.6410322393665524,0.2264473693664138
2012,0.1358048039244024,0.637704860494597,0.22649033558100068
2013,0.13283084467523318,0.6436561362407622,0.22351301908400453
2014,0.13559452070831968,0.6418919486022108,0.22251353068946958
2015,0.12684386376900272,0.6352514021220383,0.23790473410895896
2016,0.12458550601772565,0.6349504777279205,0.24046401625435393
2017,0.1351853724029759,0.6350189209036011,0.22979570669342297
2018,0.15791857218095354,0.6141344547638875,0.22794697305515896
2019,0.16175201142927767,0.6186076182492571,0.21964037032146524
2020,0.15344007502343177,0.6089693743723305,0.23759055060423773
2021,0.16902108343881125,0.622511425051144,0.2084674915100448
2022,0.12530468586522955,0.6286592212309766,0.24603609290379388
2023,0.11867729315662508,0.6455737049186383,0.23574900192473663
2024,0.15449932928382448,0.6013501405888287,0.24415053012734675
2025,0.1551243483101336,0.6218320442036729,0.22304360748619356
2026,0.1498147708380464,0.6194798389829814,0.23070539017897215
2027,0.14580656878111564,0.6123654205275397,0.24182801069134466
2028,0.1347869199539427,0.6405043151279098,0.2247087649181475
2029,0.14896453308421292,0.6125706444714788,0.23846482244430828
2030,0.1621449858294704,0.6192989078589706,0.21855610631155908
2031,0.11665919566377866,0.6363046120112716,0.24703619232494975
2032,0.21347258157468432,0.5484820355331865,0.23804538289212915
2033,0.18470990859214328,0.6111706567438107,0.20411943466404603
2034,0.1540633515314069,0.5956326761430631,0.2503039723255299
2035,0.1431329264078692,0.6358511764527824,0.22101589713934833
2036,0.13650790760274628,0.6150361370389025,0.24845595535835122
2037,0.14887315725721542,0.6223885217571368,0.22873832098564786
2038,0.17052140948766353,0.6029530884953708,0.22652550201696567
2039,0.17038258658874,0.5824897777636383,0.24712763564762175
2040,0.16705050021745077,0.6208474568749541,0.21210204290759513
2041,0.15150897961248547,0.6135835483381393,0.23490747204937523
2042,0.14927736633046468,0.6135825152436971,0.23714011842583824
2043,0.165429051940126,0.6054692380425009,0.2291017100173732
2044,0.17935455811408374,0.5791451116644826,0.2415003302214337
2045,0.19499893184703046,0.5779390388421828,0.2270620293107867
2046,0.1917111839948471,0.5579760643471331,0.2503127516580198
2047,0.17440589891639,0.5695117586530862,0.2560823424305238
2048,0.19217425473514896,0.5480419413293997,0.2597838039354513
2049,0.15626726130239396,0.5942278704619123,0.2495048682356937
2050,0.2029710563369352,0.5542807540133825,0.24274818964968228
2051,0.1616784651547572,0.5842979503890497,0.25402358445619305
2052,0.1758404137024076,0.5948264176373486,0.22933316866024384
2053,0.17514891766055643,0.5792770109104884,0.2455740714289551
2054,0.14774753805484944,0.6005812812123205,0.25167118073283007
2055,0.18304139013503287,0.5771865614561452,0.2397720484088219
2056,0.12587564666426687,0.6302038414674516,0.2439205118682815
2057,0.13356023893400856,0.6012885351174395,0.26515122594855195
2058,0.18203381100686905,0.5539532017925995,0.2640129872005314
2059,0.17325684899301338,0.5416389577086541,0.2851041932983325
2060,0.15737521068361257,0.6050771708996251,0.23754761841676234
2061,0.20147008063350932,0.549948978262522,0.24858094110396872
2062,0.19318718829366133,0.5786927389094246,0.22812007279691401
2063,0.20274071495845028,0.5627905991461339,0.2344686858954158
2064,0.15166384823631068,0.6188921647417154,0.2294439870219739
2065,0.17381342862830904,0.5951417685115207,0.2310448028601703
2066,0.1774548157263193,0.5917359133757503,0.23080927089793044
2067,0.14566771727539551,0.6113675229650937,0.24296475975951087
2068,0.17641528954250846,0.5843100952176576,0.23927461523983393
2069,0.16428303629802063,0.5942866349823098,0.24143032871966957
2070,0.20066437807281626,0.5760628966234216,0.2232727253037621
2071,0.17236700249270295,0.6128807236264909,0.2147522738808061
2072,0.14309355392922463,0.5994061739470639,0.25750027212371146
2073,0.16950273600850613,0.6048637025428986,0.2256335614485953
2074,0.18588479263065433,0.5865543052174824,0.22756090215186325
2075,0.18248905301301185,0.6062487734521793,0.21126217353480883
2076,0.1734562343965468,0.5820908518961851,0.24445291370726802
2077,0.138896047790846,0.6115217191227413,0.24958223308641267
2078,0.1420483507896744,0.6192493985595743,0.23870225065075132
2079,0.17391390372612905,0.5914025580922313,0.23468353818163964
2080,0.13948645510572907,0.632846714946878,0.22766682994739293
2081,0.14790290221209218,0.6106503606726881,0.24144673711521975
2082,0.160366427781502,0.5974936140387428,0.2421399581797552
2083,0.16160800689127944,0.5980672733535631,0.24032471975515737
2084,0.15503677272901822,0.6046051480675885,0.24035807920339333
2085,0.1359709332443152,0.6208290980954037,0.2431999686602812
2086,0.15063549720814043,0.600023322485642,0.24934118030621755
2087,0.16676197142471832,0.5940211883953063,0.2392168401799754
2088,0.1642858502456678,0.5974529912549376,0.2382611584993946
2089,0.1469127093066603,0.6150146641979404,0.23807262649539937
2090,0.17767421808373707,0.6017051190837727,0.2206206628324903
2091,0.18341853156984314,0.5851840045630661,0.23139746386709076
2092,0.1503329154619053,0.6230839614123534,0.22658312312574125
2093,0.1633116527161221,0.6000876092364773,0.23660073804740053
2094,0.16978013950120063,0.5996926442126482,0.2305272162861511
2095,0.19473311802066826,0.5729491621599558,0.23231771981937596
2096,0.17091557962047813,0.5943013192762866,0.23478310110323528
2097,0.14620114660228933,0.624345526909701,0.22945332648800965
2098,0.2005628524826348,0.5871942351165704,0.21224291240079476
2099,0.19106141449191444,0.581326641178574,0.22761194432951157
2100,0.18911151534874654,0.5588378993247934,0.2520505853264601
2101,0.1553301695327643,0.5877312461763594,0.25693858429087624
2102,0.18092821771819045,0.597257232237501,0.22181455004430847
2103,0.16789573033597255,0.6057584044410773,0.2263458652229501
2104,0.17537997634635627,0.5902023648996656,0.2344176587539781
2105,0.13878270272413748,0.6041037362404956,0.2571135610353669
2106,0.1589081526095154,0.5970369273856742,0.24405492000481038
2107,0.14130162586802592,0.6160114934172907,0.24268688071468345
2108,0.1265178734202853,0.6347529810131777,0.238729145566537
2109,0.17566674144820557,0.6085204185441653,0.21581284000762918
2110,0.17402359603015596,0.6068855196279003,0.2190908843419438
2111,0.16824616713305768,0.6127246385548865,0.2190291943120558
2112,0.16228802231716072,0.6020010430378877,0.23571093464495158
2113,0.2106389355608164,0.5818491851167309,0.2075118793224527
2114,0.19658687573689673,0.6077958550545639,0.19561726920853936
2115,0.19766834862146945,0.5879908332597154,0.2143408181188152
2116,0.18537961451980417,0.611510355174203,0.20311003030599276
2117,0.16964455199605366,0.611696240982207,0.21865920702173933
2118,0.18184814149591663,0.6103846570253227,0.20776720147876065
2119,0.21676919664570313,0.5636669892589693,0.21956381409532752
2120,0.20276103997673642,0.5766234295143137,0.22061553050894997
2121,0.20503926189208654,0.5784043935740456,0.2165563445338678
2122,0.18279506039517765,0.5900849672899687,0.22711997231485365
2123,0.18818572795358582,0.6101377544368933,0.20167651760952082
2124,0.20193466803236235,0.5740467616348169,0.22401857033282077
2125,0.19900403647845666,0.6010538445944803,0.19994211892706307
2126,0.16732165815403852,0.6114102079782636,0.22126813386769786
2127,0.21812989528818233,0.5562333060429351,0.2256367986688826
2128,0.2089631998269761,0.586495845749488,0.20454095442353593
2129,0.21964209061963344,0.5805297060356676,0.19982820334469895
2130,0.21523624068076722,0.5694885729345772,0.21527518638465556
2131,0.20374157623329292,0.5926372768040233,0.2036211469626837
2132,0.1810912680787255,0.6020699156649563,0.2168388162563183
2133,0.19322562456070025,0.5884181991084851,0.21835617633081458
2134,0.141593582035455,0.6189230023702615,0.23948341559428352
2135,0.1789917159227974,0.607543451141181,0.21346483293602156
2136,0.25121967832736897,0.5494081922081969,0.1993721294644341
2137,0.22886670160921999,0.5602969726204149,0.21083632577036512
2138,0.1988261664749597,0.5715224309162888,0.22965140260875144
2139,0.19430771387012988,0.5879239922417717,0.21776829388809843
2140,0.22285734477820465,0.5754308829904901,0.20171177223130535
2141,0.19697990138318497,0.6043109679478814,0.19870913066893361
2142,0.21411338202212757,0.5758580051973161,0.21002861278055635
2143,0.19552808519413348,0.5894396670930558,0.21503224771281065
2144,0.18274881910107785,0.6003280397944496,0.21692314110447253
2145,0.18906003200792293,0.5870333793714455,0.22390658862063154
2146,0.23463967944351355,0.5716047580251049,0.19375556253138154
2147,0.23127650939289673,0.5683612893436452,0.2003622012634581
2148,0.21066106879407687,0.590695556013037,0.19864337519288613
2149,0.23048140572477555,0.5642610690340581,0.20525752524116636
2150,0.21015486707103248,0.5844637958372134,0.20538133709175413
2151,0.20531957911892712,0.6082974979550404,0.18638292292603253
2152,0.24245583426890602,0.560229228874359,0.19731493685673496
2153,0.23822029783029056,0.5659843524885301,0.19579534968117931
2154,0.2159238432683273,0.5758974865205734,0.20817867021109934
2155,0.23794864781029565,0.5532834167808651,0.20876793540883928
2156,0.23157882840500144,0.5756823654414438,0.1927388061535547
2157,0.24081127074012584,0.5670557342371859,0.19213299502268827
2158,0.23573804884722746,0.5491391229127884,0.21512282823998413
2159,0.2603528798687591,0.5460331481157916,0.19361397201544922
2160,0.24339916412716314,0.5599986946267661,0.19660214124607076
2161,0.25554505843843217,0.5561633303806232,0.18829161118094467
2162,0.22329230739278147,0.5800315493824786,0.19667614322473997
2163,0.20861539474820548,0.5874454233214679,0.20393918193032667
2164,0.2735863156159536,0.5412040375844512,0.18520964679959517
2165,0.2768406088088147,0.5231943081721361,0.19996508301904914
2166,0.26654625721930136,0.5473461352676187,0.18610760751307995
2167,0.2808707231791873,0.5195151516579316,0.19961412516288113
2168,0.2661459628351464,0.5524846658224226,0.181369371342431
2169,0.2539268819681951,0.5579975751281534,0.18807554290365158
2170,0.24074288375667188,0.566397762354759,0.19285935388856906
2171,0.29252478583365416,0.5232804107653882,0.18419480340095762
2172,0.2655419744026889,0.5425335720665594,0.19192445353075166
2173,0.290167073576505,0.5323007850609381,0.17753214136255688
2174,0.27340071829283935,0.542557500556947,0.18404178115021366
2175,0.2829265950316579,0.5184944300545837,0.19857897491375837
2176,0.2921633269186015,0.5197832256366806,0.188053447444718
2177,0.2577204620136852,0.5624974682818823,0.17978206970443247
2178,0.26435851160595947,0.5525990532303515,0.18304243516368907
2179,0.3044245852456396,0.5207831737627997,0.17479224099156065
2180,0.26726609737697543,0.5683736843441197,0.16436021827890485
2181,0.2999406511258911,0.5403487364729409,0.15971061240116805
2182,0.2931625654031893,0.5206138110329416,0.18622362356386912
2183,0.2626856145730721,0.5611973555262267,0.17611702990070116
2184,0.31613107700990584,0.5184534978157535,0.16541542517434069
2185,0.325106578188913,0.5210065595907952,0.15388686222029183
2186,0.275355534137492,0.5387693942307332,0.18587507163177483
2187,0.3333000920615497,0.504560496636799,0.1621394113016512
2188,0.30511766481770203,0.5293438676142967,0.1655384675680012
2189,0.24129808216853157,0.58125915105179,0.17744276677967838
2190,0.3116325338365137,0.5209172485329733,0.16745021763051307
2191,0.2816634675102097,0.5429934918033845,0.17534304068640572
2192,0.2869958773147864,0.5427627981420268,0.17024132454318683
2193,0.24270759036923217,0.5731770725717484,0.18411533705901933
2194,0.25773943507134794,0.5669128142086127,0.17534775072003925
2195,0.28176800735009666,0.5338655257993035,0.18436646685059985
2196,0.3056747374574027,0.519734425583517,0.17459083695908031
2197,0.33861146951125326,0.5006048002398757,0.16078373024887105
2198,0.30042527201506153,0.5300110535116098,0.16956367447332868
2199,0.32378321689007633,0.4998836237645581,0.1763331593453656
2200,0.32284377653546753,0.5043710187628928,0.17278520470163974
2201,0.3423122236235054,0.494956577960122,0.16273119841637265
2202,0.3248716962707108,0.5128846904530729,0.16224361327621623
2203,0.3500031842420118,0.46764950163664143,0.18234731412134675
2204,0.34334961087418703,0.49742849932468597,0.159221889801127
2205,0.34704479761091384,0.4911936787917386,0.16176152359734752
2206,0.31380986429057095,0.5306740471577865,0.15551608855164256
2207,0.34393255920676913,0.4942514402607877,0.16181600053244316
2208,0.27889199080590316,0.5340989411704247,0.18700906802367218
2209,0.3309459779450969,0.5070892663458539,0.16196475570904914
2210,0.35180097726604925,0.4933400080531946,0.15485901468075614
2211,0.36553538085622256,0.4722178605250965,0.16224675861868093
2212,0.33444075872558043,0.5025696926316598,0.16298954864275975
2213,0.32708379357481315,0.5122762670521512,0.16063993937303567
2214,0.3094124573025955,0.5170113572619878,0.17357618543541672
2215,0.36284912097082395,0.48873194019239397,0.14841893883678206
2216,0.3289376722192466,0.5065113438116831,0.16455098396907042
2217,0.36988416239158206,0.4743503805108892,0.1557654570975288
2218,0.37065271311238496,0.4690870143377939,0.16026027254982117
2219,0.3594072923883032,0.4916414062927721,0.14895130131892467
2220,0.37142991825403465,0.4928962161659095,0.1356738655800558
2221,0.37463435757366403,0.47383863907038437,0.1515270033559516
2222,0.3505205132273334,0.4787037134608857,0.1707757733117809
2223,0.3648175143053397,0.4734769986780472,0.1617054870166131
2224,0.34057212204039267,0.49944059756915005,0.1599872803904573
2225,0.3597903704518196,0.4934956408388885,0.14671398870929186
2226,0.3918347031581119,0.4672440412464866,0.14092125559540145
2227,0.36602770336147505,0.47645626118449147,0.1575160354540335
2228,0.417302402879485,0.4378917133988153,0.14480588372169967
2229,0.40123658250979355,0.4520372624503241,0.14672615503988237
2230,0.4266583636887348,0.4215388389115296,0.15180279739973568
2231,0.40478658369930814,0.4393374189660171,0.15587599733467475
2232,0.39954088033894175,0.44621887252671566,0.1542402471343426
2233,0.4555656000052114,0.38483221392676487,0.15960218606802373
2234,0.3512125590140116,0.47847909790510773,0.17030834308088066
2235,0.36894754514324013,0.4804743638929126,0.15057809096384725
2236,0.4058214768475124,0.4614125807290073,0.13276594242348025
2237,0.4200144709631153,0.43984316326855966,0.14014236576832506
2238,0.41011501934854955,0.4545577387215451,0.13532724192990536
2239,0.4364208791348638,0.4260220094154916,0.13755711144964455
2240,0.4256533635122277,0.4314014841824584,0.14294515230531385
2241,0.3826740689621346,0.46216311492670664,0.15516281611115884
2242,0.45442879872266284,0.3890328218988306,0.15653837937850654
2243,0.43506788792032364,0.41082796177204367,0.15410415030763266
2244,0.46236020063082933,0.3937661402864754,0.14387365908269525
2245,0.466424722559922,0.3931162905167816,0.14045898692329636
2246,0.4920783193637747,0.37369467000552836,0.1342270106306969
2247,0.46410451460099544,0.40054020536211626,0.1353552800368883
2248,0.47565475087368403,0.37891388306136903,0.14543136606494697
2249,0.44880931681525066,0.4173778933889975,0.13381278979575184
2250,0.382886015819745,0.46916563540282097,0.14794834877743399
2251,0.4494672807118439,0.4308236013927458,0.11970911789541032
2252,0.463199275925647,0.4119616902174282,0.1248390338569248
2253,0.4411339588710725,0.4186054871372369,0.14026055399169066
2254,0.4604802068165141,0.39078844012618685,0.14873135305729906
2255,0.49598678377114747,0.37961834217458684,0.1243948740542657
2256,0.46648476496202723,0.40089804946430346,0.13261718557366928
2257,0.4224885758541672,0.4332674841819986,0.14424393996383417
2258,0.4340172495758195,0.433145358923904,0.1328373915002765
2259,0.40829813299528384,0.4441501319911551,0.14755173501356106
2260,0.4147240890039908,0.45263356110208625,0.13264234989392293
2261,0.42685656303405706,0.42227284876687116,0.15087058819907176
2262,0.39869875078251477,0.45858577841699605,0.1427154708004892
2263,0.42285787629015054,0.44692835095880484,0.13021377275104465
2264,0.4871722641075404,0.39356995403391587,0.11925778185854377
2265,0.4567162801748227,0.421519321191889,0.12176439863328833
2266,0.43819783442299487,0.42898413762095816,0.13281802795604697
2267,0.49104534972225206,0.3856191687514883,0.12333548152625967
2268,0.4805530158678695,0.4035857458613487,0.11586123827078176
2269,0.4651355941171459,0.42248692116207953,0.11237748472077458
2270,0.43466495393479937,0.45532209554102837,0.11001295052417229
2271,0.4454269797323771,0.4308850965118723,0.12368792375575062
2272,0.43952789036616396,0.443041287726944,0.11743082190689202
2273,0.4330512412142763,0.44790874933192243,0.11904000945380126
2274,0.49200453909437436,0.3686063103098965,0.13938915059572912
2275,0.4940245837057535,0.39089044812816376,0.11508496816608278
2276,0.470983418586182,0.41351334635997894,0.11550323505383907
2277,0.5157783609689259,0.3702856676056027,0.11393597142547135
2278,0.4734231085999242,0.40837208572384937,0.11820480567622643
2279,0.47556253471487026,0.4101054589491488,0.11433200633598097
2280,0.4290834436055332,0.43560320968015487,0.13531334671431192
2281,0.44723260755972966,0.42421495378643675,0.12855243865383353
2282,0.472523339752273,0.4040502285980176,0.12342643164970937
2283,0.49731822590722186,0.3897716371502783,0.11291013694249985
2284,0.4780552281672675,0.4013991973291917,0.12054557450354081
2285,0.4880541014056026,0.39566415526588217,0.11628174332851521
2286,0.4925309633247394,0.4034175751559718,0.10405146151928879
2287,0.43707896309339034,0.4350111118321217,0.12790992507448795
2288,0.49611394047397006,0.38205433734131833,0.12183172218471156
2289,0.4593310187095481,0.4055477287999717,0.13512125249048018
2290,0.4599027872069669,0.4255847962257134,0.1145124165673197
2291,0.4861525760496733,0.39423345840221075,0.11961396554811596
2292,0.4559117873079931,0.4274864206344608,0.11660179205754614
2293,0.44813817333416606,0.43610987007068686,0.1157519565951471
2294,0.47295366253324383,0.4101339045272352,0.11691243293952097
2295,0.4970190770958629,0.3955641515061782,0.10741677139795891
2296,0.464264519811009,0.418851234292231,0.11688424589675998
2297,0.488867921745833,0.3986231089357457,0.11250896931842136
2298,0.4797099984887023,0.4057680358962069,0.11452196561509073
2299,0.475393744525497,0.40259203440938723,0.12201422106511577
2300,0.5100094052722355,0.3752552885571934,0.11473530617057107
2301,0.5040779675563679,0.37684894007847974,0.11907309236515237
2302,0.518557600927545,0.37450035163080664,0.1069420474416483
2303,0.5113157837612254,0.38126024620820625,0.10742397003056824
2304,0.5306872582580456,0.3615675342508566,0.1077452074910978
2305,0.5311010283344088,0.3579336292052549,0.11096534246033636
2306,0.5373605263692549,0.351280280730545,0.11135919290020008
2307,0.48094018247446124,0.4032252574702447,0.1158345600552941
2308,0.5039915204064094,0.3859176231033896,0.11009085649020105
2309,0.5257706251582432,0.36176203548173275,0.11246733936002402
2310,0.490322764189544,0.38987632737548544,0.11980090843497052
2311,0.5479847843407198,0.3451115111020491,0.10690370455723108
2312,0.479954592393179,0.39839591642917327,0.12164949117764773
2313,0.5282748944416833,0.35714099202485355,0.11458411353346311
2314,0.5486547808114186,0.34085568096773955,0.11048953822084186
2315,0.5259156763965083,0.3652723301192237,0.10881199348426798
2316,0.48598674286667953,0.40045681383067827,0.11355644330264224
2317,0.5243495404776063,0.3514780105596296,0.1241724489627641
2318,0.48967354266074803,0.386570128280558,0.12375632905869398
2319,0.5352047999762642,0.36382396324990296,0.1009712367738328
2320,0.5251468243855127,0.36790233433467484,0.10695084127981243
2321,0.5251070202969405,0.36456678648089597,0.11032619322216354
2322,0.48368052749649865,0.40682473383488466,0.10949473866861668
2323,0.5547407189279809,0.31991047037020587,0.12534881070181314
2324,0.5239264955898028,0.36056623854046765,0.11550726586972958
2325,0.5069324153337089,0.3774763291253421,0.11559125554094893
2326,0.5176270257870269,0.3804491946548603,0.10192377955811274
2327,0.5450109192184062,0.35229223651162817,0.10269684426996567
2328,0.5195905560921618,0.3758856160636105,0.10452382784422776
2329,0.5049372955704426,0.3904531306962894,0.10460957373326797
2330,0.5033123482716564,0.39872899319196614,0.09795865853637752
2331,0.4923721158259273,0.39426701297617556,0.1133608711978971
2332,0.46453068986104407,0.426218262920318,0.10925104721863792
2333,0.48555002870088765,0.4023537283071817,0.11209624299193063
2334,0.5139211224953637,0.37713746274809323,0.10894141475654308
2335,0.533868110601797,0.3523986998343462,0.11373318956385683
2336,0.49883583772947554,0.39690054679621695,0.10426361547430753
2337,0.5470893802162322,0.3637116019504981,0.08919901783326971
2338,0.5245949211775565,0.378951063299827,0.09645401552261655
2339,0.5099762470649964,0.37323860886350124,0.11678514407150231
2340,0.5554623652797464,0.34973794937793984,0.09479968534231378
2341,0.5335429397926313,0.35437815585858295,0.1120789043487857
2342,0.5164058462695162,0.37824012595379053,0.10535402777669321
2343,0.5360966276643753,0.36371298907884086,0.1001903832567839
2344,0.5169402927808882,0.36883394560855615,0.11422576161055575
2345,0.5151933619837322,0.373115075027468,0.11169156298879983
2346,0.5236951952831923,0.3753239863415892,0.10098081837521856
2347,0.5113348882332358,0.37559235977258665,0.11307275199417757
2348,0.5097472944834582,0.3782869004902103,0.11196580502633147
2349,0.51704579113504,0.3705964018769568,0.11235780698800324
2350,0.5324716668557954,0.3508403767567778,0.11668795638742685
2351,0.529461243088073,0.36279879990553066,0.10773995700639641
2352,0.5193528856939235,0.36794743012889364,0.1126996841771829
2353,0.5615850003334009,0.3298063330307031,0.1086086666358961
2354,0.5335660375063441,0.36107870538256986,0.10535525711108598
2355,0.4570988644887338,0.41752258517413715,0.12537855033712902
2356,0.5001249072174617,0.3883195307736854,0.11155556200885285
2357,0.5388306805445638,0.34867475693406796,0.11249456252136823
2358,0.5546842744234513,0.3424320270591135,0.10288369851743522
2359,0.5326434805477309,0.3600544977609816,0.1073020216912875
2360,0.5102140091332095,0.3799897018120375,0.10979628905475304
2361,0.5475517334446632,0.35528103257470783,0.09716723398062892
2362,0.5513780368457396,0.3577464519019889,0.09087551125227149
2363,0.5552062298788707,0.3346440358101776,0.11014973431095168
2364,0.5594161729485944,0.32503607074809887,0.1155477563033068
2365,0.5389216359026132,0.3612508725492471,0.09982749154813972
2366,0.5212646573524854,0.3715742151148886,0.10716112753262601
2367,0.5596347230948798,0.34071149484345115,0.09965378206166903
2368,0.5260712836206791,0.3561143747724871,0.11781434160683381
2369,0.5424259268260074,0.35146139752749095,0.10611267564650162
2370,0.5613128647556185,0.32975540084324306,0.10893173440113846
2371,0.5386053607372391,0.3484961421926516,0.11289849707010934
2372,0.544523325841364,0.35088320285292746,0.10459347130570858
2373,0.5656652030610757,0.32924785212097035,0.10508694481795393
2374,0.5773018969851741,0.3082924930333284,0.1144056099814975
2375,0.5521105432167025,0.3477744610096689,0.10011499577362866
2376,0.514447193091456,0.3646885648855543,0.1208642420229897
2377,0.5439960819462837,0.35110182382864535,0.10490209422507095
2378,0.5548447126565457,0.3268341607443982,0.11832112659905616
2379,0.5685576973470183,0.32467127849678457,0.10677102415619714
2380,0.5682339890642634,0.3220421155071315,0.10972389542860514
2381,0.5191850497575524,0.36418105657576133,0.11663389366668626
2382,0.5182673527662583,0.35984167400250594,0.12189097323123568
2383,0.5529993427448046,0.33614970385934906,0.11085095339584634
2384,0.5420689069855373,0.3407785731123981,0.1171525199020646
2385,0.5031785790437253,0.3662444016857423,0.13057701927053242
2386,0.5447647220498523,0.3418150479194123,0.11342023003073547
2387,0.5751647505593436,0.305102999483335,0.11973224995732144
2388,0.5994410346842127,0.27997966111431244,0.12057930420147485
2389,0.5256033509762728,0.3549832784990497,0.11941337052467751
2390,0.5293350803044703,0.3488039865250436,0.1218609331704861
2391,0.5449212928308201,0.3367654298470088,0.11831327732217109
2392,0.5432131429035194,0.33648021069323736,0.12030664640324322
2393,0.56554777083929,0.3290490169654926,0.10540321219521742
2394,0.5185829316346395,0.3691812378994955,0.11223583046586506
2395,0.49548201298158934,0.3876723389508717,0.11684564806753896
2396,0.5515330043175714,0.33794456735822603,0.11052242832420262
2397,0.5043701368592068,0.3810602534445629,0.1145696096962302
2398,0.48933359271781196,0.37590703217587296,0.13475937510631508
2399,0.49278031361173136,0.3929014870157541,0.1143181993725145
2400,0.4780002312445832,0.39445972803386153,0.1275400407215553
2401,0.4961944538496408,0.3911371673411158,0.11266837880924341
2402,0.5014532240349293,0.38696428122102117,0.11158249474404948
2403,0.49928504516248,0.38207642265172054,0.11863853218579944
2404,0.5233800268253539,0.3571210861200236,0.11949888705462254
2405,0.48573216167687877,0.38365066341894616,0.1306171749041751
2406,0.4821281100606503,0.3932889686456015,0.12458292129374823
2407,0.5015377637172438,0.3796084537698998,0.11885378251285642
2408,0.4613624524666011,0.41319257385040425,0.12544497368299462
2409,0.48293981859146295,0.3705793980915712,0.1464807833169658
2410,0.5478373234427293,0.3371783976185916,0.11498427893867912
2411,0.53159080467717,0.35536245098508273,0.11304674433774724
2412,0.5429277932764424,0.3312071301590461,0.1258650765645115
2413,0.5227741477275871,0.3635756057086034,0.11365024656380947
2414,0.5018095121417392,0.38148255721917623,0.11670793063908455
2415,0.5182677251642087,0.35807616527745456,0.12365610955833674
2416,0.5067570557363733,0.36257705370446,0.13066589055916672
2417,0.47080908354107803,0.39986645706885543,0.12932445939006657
2418,0.48537568531975783,0.3819788384116281,0.13264547626861403
2419,0.4739967574331955,0.37678921365129125,0.1492140289155132
2420,0.4990816258088732,0.3746490662176557,0.1262693079734711
2421,0.4874734071722847,0.3739733227801009,0.1385532700476144
2422,0.48047433838630954,0.3829178955107038,0.13660776610298664
2423,0.5148091735280839,0.3617145138282616,0.12347631264365452
2424,0.5216387805809722,0.36783510253882495,0.1105261168802028
2425,0.492293569045438,0.3804054199802758,0.1273010109742862
2426,0.5263733370752517,0.3394950683725115,0.13413159455223678
2427,0.46579499868423707,0.38527800191453043,0.14892699940123252
2428,0.48311514441410264,0.3714804199820682,0.1454044356038291
2429,0.496558656577463,0.3589550878980866,0.1444862555244504
2430,0.5115943636453382,0.3508354359812664,0.13757020037339543
2431,0.5161330124692406,0.36065893067725147,0.12320805685350794
2432,0.535386545475694,0.340433806077827,0.12417964844647907
2433,0.5709617157030646,0.3131400636795022,0.11589822061743314
2434,0.5707477392819986,0.3079949158982808,0.12125734481972056
2435,0.5283289154847577,0.34041337919097797,0.13125770532426434
2436,0.5419274800436124,0.3435318200395227,0.11454069991686493
2437,0.49510585469655877,0.3747944187537451,0.13009972654969615
2438,0.49035223082855506,0.38982482094785104,0.11982294822359395
2439,0.5202972571668663,0.35693344483767364,0.12276929799546009
2440,0.5273853566047234,0.3530030371232294,0.1196116062720472
2441,0.4975404059090907,0.3832322956645692,0.11922729842634008
2442,0.4735283164194966,0.3999503443505141,0.12652133922998926
2443,0.4856241132569123,0.38292382026651467,0.13145206647657304
2444,0.5878772402427733,0.31226651019474566,0.09985624956248097
2445,0.5349240740440858,0.346004001456695,0.11907192449921916
2446,0.5151074432152128,0.34737451853209494,0.13751803825269224
2447,0.5272257936582317,0.3617488090120436,0.11102539732972465
2448,0.5343269594930836,0.3466961897656059,0.11897685074131048
2449,0.5380358955514736,0.33988454356818504,0.12207956088034143
2450,0.5139018642782176,0.36823989564865794,0.11785824007312443
2451,0.5234812514541268,0.35654270135896,0.11997604718691321
2452,0.5023510833617996,0.3722829657615872,0.1253659508766132
2453,0.4847170179834841,0.3925090300706055,0.12277395194591038
2454,0.5658684982094635,0.32280951569095,0.11132198609958652
2455,0.526599012260497,0.36281078274101464,0.11059020499848841
2456,0.5571688966523722,0.3138544117081306,0.12897669163949718
2457,0.572698638031694,0.3085043557373032,0.11879700623100274
2458,0.5437377705573785,0.3424507734744887,0.11381145596813287
2459,0.5708193514170566,0.30477056976809375,0.12441007881484961
2460,0.5675659936454647,0.3132087608358631,0.1192252455186722
2461,0.5080592121433264,0.3677760727278243,0.12416471512884925
2462,0.5198930075399439,0.35326095948047836,0.12684603297957764
2463,0.5343274573082462,0.34892470006264875,0.11674784262910505
2464,0.5149975098309274,0.36300886630218915,0.1219936238668834
2465,0.5129454459575925,0.3528518768126137,0.13420267722979382
2466,0.5675312375085944,0.3254000310586956,0.10706873143271013
2467,0.5260835253334569,0.358160668252791,0.11575580641375205
2468,0.5488024908602195,0.33380863590859094,0.11738887323118953
2469,0.5466359378755358,0.33187677622064976,0.12148728590381447
2470,0.5389189562967927,0.33980505060791893,0.12127599309528841
2471,0.5593316467909424,0.3047250767756629,0.1359432764333947
2472,0.4957392392938275,0.3760585999552742,0.1282021607508983
2473,0.5364338929836491,0.35682242958134647,0.1067436774350045
2474,0.5440881675422552,0.33284639311560427,0.12306543934214052
2475,0.5076576892266783,0.365096258691923,0.1272460520813987
2476,0.5386189531118778,0.34065497217388363,0.1207260747142386
2477,0.5458584558696667,0.3196502863269196,0.1344912578034136
2478,0.5408501404555652,0.32736224928070623,0.13178761026372848
2479,0.5313145755154633,0.338157687931273,0.13052773655326363
2480,0.5285765167443809,0.33660621774407773,0.13481726551154133
2481,0.49566322783327565,0.3739613166644687,0.13037545550225568
2482,0.5270798531367653,0.34142449871736463,0.13149564814587003
2483,0.5809849530798914,0.2994342569232517,0.11958078999685695
2484,0.5989530684971971,0.293450188329972,0.10759674317283091
2485,0.61637165826163,0.2754027478390389,0.10822559389933117
2486,0.6220195923524642,0.2732169309173191,0.1047634767302167
2487,0.6121225925218333,0.2832823813303638,0.10459502614780287
2488,0.5774793086649614,0.30907730822860846,0.11344338310643011
2489,0.6041261072675687,0.29176808013555156,0.1041058125968798
2490,0.5937492886276025,0.2913820864385442,0.11486862493385332
2491,0.5948587366222113,0.3026134901213916,0.10252777325639706
2492,0.5730693136343152,0.316764469154622,0.11016621721106276
2493,0.5848104415414285,0.303051286312338,0.11213827214623345
2494,0.5799356754996287,0.3023441545519376,0.11772016994843378
2495,0.6052859484570983,0.28995558802750215,0.10475846351539958
2496,0.5975213222100765,0.29272614026149624,0.10975253752842724
2497,0.5956190232069662,0.2755468427269378,0.1288341340660959
2498,0.6409521958012123,0.24340449300966596,0.11564331118912176
2499,0.6136936948251162,0.2741010511058487,0.11220525406903517
2500,0.6001116359893485,0.2914814565629855,0.108406907447666
2501,0.595310758556016,0.3018338743603701,0.10285536708361384
2502,0.5709920478874471,0.31252818193734433,0.11647977017520864
2503,0.6328850674326014,0.26071279981444456,0.10640213275295406
2504,0.5679953351336714,0.2985826650887089,0.1334219997776197
2505,0.6019482120755474,0.2876653316937169,0.11038645623073572
2506,0.5916490249212232,0.29104511467414734,0.11730586040462944
2507,0.6114557560664279,0.2866575229685,0.1018867209650721
2508,0.5459440861824005,0.34818217458812306,0.10587373922947642
2509,0.601092874498729,0.2846710279569364,0.11423609754433468
2510,0.5766374727893493,0.31359305748183103,0.10976946972881965
2511,0.5756636752122926,0.319906649722726,0.10442967506498148
2512,0.5426976230026106,0.33780746989335925,0.11949490710403013
2513,0.5948649430533999,0.3089839467699701,0.09615111017663006
2514,0.6008646582930448,0.2973900394685663,0.10174530223838889
2515,0.5915987212633007,0.30683530174282886,0.1015659769938704
2516,0.6370584483023826,0.26267028186443214,0.10027126983318532
2517,0.5958895581255659,0.3086398865039056,0.09547055537052847
2518,0.6064206525655298,0.28511416568897546,0.10846518174549477
2519,0.6011433004392868,0.30065635053577267,0.09820034902494057
2520,0.5967081012176828,0.3032353224265388,0.10005657635577841
2521,0.5615606279874011,0.33210136669706486,0.10633800531553399
2522,0.5570582842705373,0.337075807967907,0.10586590776155574
2523,0.5480775091060125,0.34181085244804715,0.11011163844594034
2524,0.5889974979517356,0.3014832982588038,0.10951920378946059
2525,0.6055289385312675,0.2918409076317403,0.10263015383699216
2526,0.5894958431615618,0.30422346215292595,0.10628069468551218
2527,0.6040990808248945,0.2899653208026126,0.10593559837249286
2528,0.5888276500508763,0.30738101325539363,0.10379133669372997
2529,0.590959629983096,0.2932661831714665,0.11577418684543747
2530,0.567674890824284,0.3150194689637957,0.11730564021192029
2531,0.5884831962063382,0.3079301717796319,0.10358663201402991
2532,0.6022596369434402,0.2817930675550925,0.1159472955014673
2533,0.5827078861779715,0.3132859602863463,0.10400615353568221
2534,0.5830520933628061,0.313938434680002,0.103009471957192
2535,0.5991329270338931,0.2988698354933426,0.10199723747276422
2536,0.5993499779261116,0.29843155385386333,0.10221846822002514
2537,0.5909611636717949,0.2991875739450285,0.10985126238317672
2538,0.599979554910208,0.29723144557784364,0.10278899951194838
2539,0.5914656158421575,0.3022074007823575,0.10632698337548496
2540,0.6065261051085404,0.2915257345392053,0.10194816035225432
2541,0.5762739499778995,0.32077767608425856,0.10294837393784197
2542,0.6060495950946971,0.2928532297393238,0.10109717516597908
2543,0.6044728800041047,0.2953466044675722,0.1001805155283231
2544,0.5888854410549511,0.3102376136207134,0.10087694532433548
2545,0.6159224788068155,0.2876966069291178,0.09638091426406664
2546,0.6275753430923414,0.27048966047211487,0.1019349964355437
2547,0.6061659789097752,0.29440050377857047,0.09943351731165435
2548,0.5835219079651883,0.3061935702591502,0.1102845217756614
2549,0.6172820831008234,0.2755491276073292,0.10716878929184737
2550,0.6130798694421365,0.281566017421371,0.10535411313649251
2551,0.5868367354619886,0.31426550445457047,0.098897760083441
2552,0.6149579085423726,0.2773030511288658,0.1077390403287616
2553,0.604488315633357,0.2901878352094814,0.10532384915716154
2554,0.5892170510935494,0.30522740336831383,0.10555554553813674
2555,0.5911802376242722,0.30866122190631595,0.10015854046941189
2556,0.6238112548174757,0.2831954378759818,0.09299330730654251
2557,0.6050525857702667,0.30819188285481597,0.08675553137491733
2558,0.6253748099142044,0.2799771146851703,0.09464807540062539
2559,0.6115333715391639,0.29300818833292314,0.09545844012791298
2560,0.6321061118928004,0.26732895128753403,0.10056493681966562
2561,0.602625896787131,0.2889985621568339,0.10837554105603513
2562,0.616668259317049,0.28222023323138595,0.10111150745156496
2563,0.6442133708733473,0.23811714727148245,0.11766948185517027
2564,0.6245190598252156,0.26898003754381594,0.10650090263096848
2565,0.5987582651841071,0.301414716282493,0.09982701853339983
2566,0.6318195855175058,0.2753486332398448,0.09283178124264933
2567,0.5892319760242225,0.3063449974363628,0.10442302653941475
2568,0.6181330917792001,0.2830567257795611,0.09881018244123889
2569,0.6240724401672394,0.27353688181588776,0.10239067801687281
2570,0.606821722073063,0.28881561117601173,0.10436266675092531
2571,0.59235557439169,0.2921534816988366,0.11549094390947338
2572,0.6222896126229718,0.2803185530852387,0.09739183429178962
2573,0.6136519057255816,0.27913051838850356,0.1072175758859148
2574,0.6087713461637595,0.2824402078053967,0.1087884460308438
2575,0.5973717261926682,0.30874353989915115,0.09388473390818068
2576,0.601350321566831,0.30219403421156776,0.0964556442216013
2577,0.5757464361234592,0.31846219179916097,0.10579137207737982
2578,0.6018640574535681,0.29293495362037275,0.10520098892605911
2579,0.6203838391138524,0.2720316964854274,0.10758446440072016
2580,0.5830588965044151,0.3113952574096093,0.10554584608597552
2581,0.624829162596076,0.27319606462330187,0.10197477278062209
2582,0.603279298029113,0.2888705039399705,0.10785019803091654
2583,0.6150363237033283,0.28335381047279634,0.10160986582387538
2584,0.6314515160511391,0.2690768912201246,0.09947159272873617
2585,0.6140236888366655,0.28801861885304936,0.09795769231028516
2586,0.599174182419192,0.30003817678816413,0.10078764079264386
2587,0.6110353820674196,0.2891597666045155,0.09980485132806494
2588,0.5894779995341392,0.3012861393511142,0.1092358611147466
2589,0.6268451290107258,0.27951222015923055,0.09364265083004368
2590,0.6328417940257504,0.26723064037644245,0.09992756559780719
2591,0.6204292933798098,0.27763439671447016,0.10193630990572007
2592,0.6084518767033441,0.28405374035327347,0.10749438294338244
2593,0.6064647436357962,0.29392219790101054,0.09961305846319332
2594,0.6532241372708799,0.24212050176799169,0.10465536096112835
2595,0.6338923010403645,0.2592387284811062,0.10686897047852927
2596,0.6413688377653526,0.25134905298585736,0.10728210924879002
2597,0.6347872827258065,0.26136283012627953,0.10384988714791389
2598,0.6633022620928474,0.23984930757123846,0.0968484303359142
2599,0.6342616001652945,0.2709845931947316,0.0947538066399739
2600,0.6047080907602913,0.29026349883717284,0.10502841040253587
2601,0.5943621074142922,0.2992889732795432,0.10634891930616462
2602,0.5990360413509125,0.2939259494896696,0.10703800915941793
2603,0.6111374571637898,0.28305244012564373,0.10581010271056648
2604,0.625793423209959,0.26582129416404954,0.10838528262599144
2605,0.629985842452908,0.26559041933535116,0.10442373821174082
2606,0.5988351514437894,0.3019416743450771,0.09922317421113347
2607,0.5914600226799059,0.3039569321658106,0.10458304515428342
2608,0.6321800810534927,0.25781267927264834,0.11000723967385907
2609,0.6022661519582494,0.2838032831698579,0.11393056487189272
2610,0.6151750473836569,0.27716929347258984,0.1076556591437532
2611,0.6244618990005578,0.2723107927025896,0.10322730829685256
2612,0.6087229133647123,0.2762069201363526,0.11507016649893503
2613,0.5936874152548861,0.3015548288336511,0.10475775591146284
2614,0.5682254640560378,0.3047452282500182,0.12702930769394405
2615,0.5699872660185934,0.3094660947610218,0.12054663922038475
2616,0.5891064082186105,0.298332349949431,0.11256124183195852
2617,0.5938047940710907,0.29074445499204077,0.11545075093686857
2618,0.685229958324406,0.22362580203015256,0.09114423964544141
2619,0.6585078993459398,0.22831952712249368,0.11317257353156654
2620,0.6162569045043347,0.2837682061764513,0.09997488931921397
2621,0.6253552396180244,0.2620774158414423,0.11256734454053337
2622,0.6122196684310017,0.2696607514996152,0.11811958006938307
2623,0.6258535521499771,0.26813672685208595,0.106009720997937
2624,0.6711360983133954,0.22876771549958685,0.10009618618701774
2625,0.6249218121967769,0.2836517069636751,0.09142648083954798
2626,0.6272450618869126,0.2692990661398545,0.1034558719732329
2627,0.6075486537038459,0.2783547826068724,0.11409656368928173
2628,0.6086126222072462,0.28779821979608255,0.10358915799667119
2629,0.6123591269279386,0.28724266356579925,0.1003982095062621
2630,0.6341715678826543,0.27213561821156723,0.09369281390577847
2631,0.5962929050999626,0.28681852662870916,0.11688856827132826
2632,0.6448336582726109,0.24535884342823566,0.1098074982991535
2633,0.6334373153172187,0.2597234800992808,0.10683920458350045
2634,0.6106582337700017,0.2840499063039707,0.1052918599260276
2635,0.5920738263940174,0.30185969211312164,0.10606648149286095
2636,0.5761901501616008,0.31699432325334775,0.10681552658505142
2637,0.609378499097233,0.28261058022030316,0.10801092068246393
2638,0.5750207599716165,0.3180857764680552,0.10689346356032824
2639,0.585261605475202,0.30230739353233216,0.11243100099246577
2640,0.6296730851097215,0.2692693753428443,0.10105753954743416
2641,0.5785289821694434,0.31047305282763754,0.11099796500291911
2642,0.5708444794610466,0.317519588106109,0.11163593243284453
2643,0.6031430536674071,0.2928200051307225,0.1040369412018705
2644,0.625637322997864,0.260236830940188,0.11412584606194795
2645,0.6383952615433203,0.2572788663369365,0.10432587211974324
2646,0.6371518200799909,0.2616263804393866,0.10122179948062252
2647,0.624724847387321,0.27545626796916806,0.09981888464351088
2648,0.6026218415307083,0.29011881618303675,0.10725934228625492
2649,0.6561267666952011,0.2331187629095402,0.11075447039525865
2650,0.6157907687090283,0.2792424740202622,0.10496675727070949
2651,0.627479698691351,0.27136616650132894,0.10115413480732012
2652,0.6278087239293619,0.26012203276922435,0.11206924330141374
2653,0.6382075158210648,0.2599684475305705,0.10182403664836459
2654,0.6417111120330513,0.26238736051220046,0.09590152745474817
2655,0.640122254783751,0.26225902608722224,0.0976187191290268
2656,0.6181049638400469,0.2829001358687751,0.09899490029117805
2657,0.6217985204884814,0.27885223664755665,0.09934924286396192
2658,0.6250312427112201,0.2690334771937223,0.10593528009505755
2659,0.5926350237826106,0.2877632879396833,0.11960168827770612
2660,0.6045708944150833,0.27958050439601395,0.11584860118890276
2661,0.6070404520811722,0.28157743844989863,0.11138210946892914
2662,0.6169401504292509,0.2776399625496093,0.10541988702113979
2663,0.6164795776258924,0.27866387677132837,0.10485654560277913
2664,0.5990644919870199,0.2893126468323086,0.11162286118067147
2665,0.6142027448917877,0.27697460486195985,0.10882265024625244
2666,0.6159412334285298,0.2640600224948652,0.11999874407660494
2667,0.6127794114016455,0.2749065291369585,0.112314059461396
2668,0.6094147062136916,0.2829568670248049,0.10762842676150348
2669,0.6196018267680533,0.2665149536552,0.11388321957674669
2670,0.6090901918828484,0.2813396611105985,0.10957014700655307
2671,0.5981073115858165,0.28774242752134555,0.11415026089283792
2672,0.6077596027086393,0.276448899433646,0.11579149785771477
2673,0.6143927872240196,0.267992030107541,0.1176151826684394
2674,0.6062533353886129,0.26678393544273293,0.12696272916865414
2675,0.6261210870981149,0.27430917736150895,0.09956973554037618
2676,0.6005429899956807,0.2900562695689911,0.10940074043532823
2677,0.5889471124098863,0.2968185871879675,0.1142343004021462
2678,0.6069598486379509,0.2738586347290523,0.11918151663299674
2679,0.6391703465082986,0.25620828294780945,0.10462137054389191
2680,0.6499933246810565,0.2377721545574672,0.11223452076147633
2681,0.6517594372795752,0.22962497929478415,0.11861558342564069
2682,0.6345379680423476,0.2518197039367896,0.11364232802086278
2683,0.6187370061262745,0.2631556262510419,0.11810736762268363
2684,0.6034450873400863,0.26739819078224586,0.12915672187766788
2685,0.637807590153169,0.23687980903769426,0.12531260080913667
2686,0.607340139991813,0.2781166893912399,0.11454317061694708
2687,0.6094959741969864,0.2716003997676721,0.11890362603534149
2688,0.6125650749962662,0.27512680597475453,0.1123081190289793
2689,0.6119431911199953,0.2714159569557229,0.1166408519242818
2690,0.582275357693546,0.28204091616845156,0.13568372613800248
2691,0.6170399943385299,0.27346318325437735,0.1094968224070928
2692,0.6293701627145196,0.2501677824875401,0.12046205479794028
2693,0.6360461347129485,0.2584791546875896,0.105474710599462
2694,0.6047287594632695,0.2737942930847806,0.1214769474519498
2695,0.6236552757188543,0.25812817827686885,0.11821654600427685
2696,0.5943355850728053,0.27709307531979693,0.1285713396073978
2697,0.6434148300706884,0.24566906868127983,0.11091610124803171
2698,0.580723978109736,0.29583903305373344,0.12343698883653055
2699,0.5803953867132111,0.2914950949607057,0.1281095183260832
2700,0.601614282751179,0.2741921659381161,0.12419355131070489
2701,0.6164594742951511,0.26125854781453384,0.12228197789031502
2702,0.577281505643106,0.2936802600765595,0.12903823428033454
2703,0.5605165059229242,0.29660029388946296,0.14288320018761277
2704,0.5867812172735557,0.28761477683504405,0.12560400589140025
2705,0.5891566025539804,0.286124986225864,0.12471841122015556
2706,0.5729939869092969,0.29826802288721477,0.12873799020348825
2707,0.5898552541336574,0.28097880672592573,0.1291659391404169
2708,0.6059348241850628,0.26792043975105484,0.1261447360638823
2709,0.60108388346106,0.26248339908773766,0.13643271745120236
2710,0.574694339935933,0.28876611675764685,0.13653954330642018
2711,0.5399275217233257,0.31473351173410224,0.14533896654257208
2712,0.5629269791786209,0.3014995766996639,0.13557344412171524
2713,0.49935687058333983,0.3523285517916756,0.14831457762498457
2714,0.5454623280827219,0.29200652595422333,0.1625311459630548
2715,0.49115194286573655,0.32706423715383526,0.18178381998042822
2716,0.5125236195230691,0.31974270317824977,0.1677336772986811
2717,0.552251940707535,0.30367650244121,0.14407155685125503
2718,0.5883900429794726,0.2597536601327263,0.15185629688780108
2719,0.5563946647000974,0.2897885940287188,0.15381674127118378
2720,0.5074496957819827,0.33030311795553985,0.16224718626247742
2721,0.5465626535257602,0.2992643596258845,0.1541729868483554
2722,0.5496765208498472,0.31164077392568906,0.13868270522446377
2723,0.5562097988086274,0.29402747462403694,0.14976272656733564
2724,0.4862741968790861,0.34211639398874455,0.17160940913216935
2725,0.5171843902466763,0.31869967530621296,0.16411593444711073
2726,0.566238650486018,0.27304140570265767,0.16071994381132435
2727,0.5421857135380105,0.2852218755642708,0.17259241089771868
2728,0.5642169496259348,0.29215384219899854,0.14362920817506658
2729,0.565433583851763,0.2759187603887027,0.15864765575953424
2730,0.5207173293719891,0.3097950396391107,0.16948763098890018
2731,0.5202547942363122,0.3132914035848672,0.16645380217882072
2732,0.5753329394695448,0.285565415145936,0.13910164538451927
2733,0.5594718627619147,0.3008611106258325,0.1396670266122528
2734,0.6013361637762233,0.26826021906982844,0.13040361715394824
2735,0.5441845139030493,0.30369570024063813,0.1521197858563125
2736,0.5380086602492976,0.30890959000221774,0.1530817497484847
2737,0.539612583217015,0.3128866551241292,0.14750076165885584
2738,0.5831401839526448,0.28206401503402684,0.1347958010133284
2739,0.5800783613148316,0.28803255834520186,0.13188908033996657
2740,0.5697250043978512,0.29770134802747766,0.13257364757467113
2741,0.5270081205046286,0.3204348420039256,0.15255703749144583
2742,0.5519513867203893,0.3064930306432381,0.14155558263637263
2743,0.5416818818392399,0.3251691657051313,0.13314895245562874
2744,0.5365039225050519,0.321249850271223,0.14224622722372512
2745,0.5617149898246084,0.30610707218801847,0.1321779379873731
2746,0.4813116775922064,0.3566676078937388,0.1620207145140548
2747,0.5114845683821184,0.332265855917973,0.15624957569990863
2748,0.5209323615110392,0.33794792942930374,0.14111970905965715
2749,0.48094052235845547,0.35801115849161663,0.16104831914992793
2750,0.513804589276163,0.3573701505534601,0.12882526017037685
2751,0.5072348384005112,0.3401210665033811,0.15264409509610777
2752,0.567359874121997,0.30736950210700825,0.1252706237709948
2753,0.5269497574688115,0.30747001329303386,0.16558022923815474
2754,0.5371474795753327,0.31359525321646997,0.1492572672081973
2755,0.5433711728458767,0.3166180152486043,0.1400108119055191
2756,0.4957286192312229,0.3373496712654104,0.16692170950336668
2757,0.5054261432381145,0.34124843221279516,0.1533254245490903
2758,0.5009695297771793,0.34116130004653095,0.1578691701762897
2759,0.528894937572831,0.32003149196766717,0.15107357045950182
2760,0.4794816779853132,0.347374013245783,0.17314430876890377
2761,0.4844741097137088,0.3400358934589747,0.1754899968273165
2762,0.479091407724396,0.34639311693845437,0.17451547533714962
2763,0.4907848946905591,0.3289803200988485,0.18023478521059247
2764,0.5245836491644961,0.312438686526648,0.1629776643088559
2765,0.47598809031434075,0.35120926927955975,0.17280264040609947
2766,0.5226281822597789,0.3248487626018255,0.15252305513839562
2767,0.4659922675134809,0.3579553218131048,0.1760524106734143
2768,0.4911322845720691,0.33877270562582823,0.1700950098021027
2769,0.5302930267313305,0.3178437095940496,0.1518632636746199
2770,0.4690012732422202,0.35349034940178997,0.17750837735598982
2771,0.47279373628748955,0.3567523723446793,0.17045389136783115
2772,0.48675009755739007,0.3411773576001229,0.17207254484248702
2773,0.5077845388516055,0.32136477946169667,0.17085068168669787
2774,0.4829673175422248,0.3489212990745545,0.16811138338322068
2775,0.49345266055519127,0.3339196264647884,0.17262771298002033
2776,0.4837223695871823,0.3421682488574216,0.17410938155539613
2777,0.46137231424841907,0.35259661298224015,0.1860310727693408
2778,0.4790626272852378,0.34448446511549147,0.17645290759927076
2779,0.46287320902680634,0.35395900911689465,0.183167781856299
2780,0.5146220701865128,0.32050616026834255,0.1648717695451446
2781,0.4677720622506734,0.3521636330791288,0.1800643046701978
2782,0.4624164085918222,0.36253539903615256,0.17504819237202524
2783,0.5172639152108554,0.32154361620045746,0.16119246858868716
2784,0.49384282115761974,0.326703383447064,0.17945379539531628
2785,0.48135045673182164,0.338489920302724,0.18015962296545437
2786,0.46923850979414855,0.3640587519231595,0.16670273828269197
2787,0.5072896979489631,0.3194873548506196,0.17322294720041745
2788,0.46975426808433074,0.32243357040284065,0.2078121615128286
2789,0.47770050278798354,0.3089668822916613,0.21333261492035518
2790,0.5064262012776373,0.3206925511932329,0.17288124752912978
2791,0.528396551807898,0.3001239737197614,0.17147947447234058
2792,0.5398541275525811,0.2946655528941977,0.16548031955322118
2793,0.5143160680905547,0.31074807965237305,0.17493585225707223
2794,0.47905254224211097,0.3325666893747818,0.18838076838310724
2795,0.5014495113246475,0.29992154853749986,0.19862894013785265
2796,0.4985023900581517,0.314415332748013,0.1870822771938353
2797,0.5257201844847387,0.29704930634417165,0.17723050917108968
2798,0.4839788584319636,0.32523711360962465,0.1907840279584118
2799,0.5020338390843452,0.3071654041769958,0.19080075673865898
2800,0.5132846857153679,0.3035189265912215,0.1831963876934106
2801,0.4950157780180483,0.31652016851965314,0.18846405346229855
2802,0.5206716767530908,0.29527702512682397,0.18405129812008522
2803,0.4866000958791321,0.3128198998643504,0.20058000425651754
2804,0.4707599483735887,0.32842971796347337,0.2008103336629379
2805,0.502340635115837,0.3143750622073127,0.18328430267685025
2806,0.49246162948316796,0.31331626020262165,0.19422211031421038
2807,0.5241861924641487,0.29816251510429875,0.17765129243155253
2808,0.5427530619997165,0.2701659200915768,0.18708101790870665
2809,0.4430541746501322,0.35904997687859913,0.1978958484712687
2810,0.45293783071870847,0.32720868277263204,0.2198534865086595
2811,0.5224381299840386,0.2907609629326528,0.1868009070833086
2812,0.4713574171284813,0.32790990845417095,0.20073267441734777
2813,0.4969673086292078,0.3231341173436777,0.1798985740271145
2814,0.5027586677224788,0.31851336247654977,0.17872796980097141
2815,0.4487866188056126,0.3462877410143278,0.2049256401800596
2816,0.479799286840264,0.3300005900848879,0.19020012307484804
2817,0.4499327388042835,0.33609162664311626,0.21397563455260024
2818,0.459797300714281,0.33252849092930764,0.20767420835641134
2819,0.4569346234270159,0.34940209848097814,0.19366327809200595
2820,0.4688488477704865,0.339993239114324,0.1911579131151895
2821,0.47528127563765993,0.302296258926021,0.22242246543631908
2822,0.46608508008429617,0.3277774782795631,0.20613744163614076
2823,0.45759158581918985,0.3218786172176072,0.22052979696320296
2824,0.49000400572139696,0.3135677780142589,0.19642821626434415
2825,0.47213266911669993,0.3164387805853191,0.21142855029798094
2826,0.49139249751043623,0.29933300531801627,0.20927449717154747
2827,0.4700455855761164,0.32234870824647355,0.20760570617741003
2828,0.4478818101038871,0.33887320304443086,0.21324498685168203
2829,0.47043673182081136,0.31586757686736777,0.2136956913118209
2830,0.48343984068560303,0.321640076387187,0.19492008292721
2831,0.49315056034711163,0.3173019519276644,0.18954748772522395
2832,0.4591524314241256,0.32982313848848477,0.21102443008738966
2833,0.44582957045182037,0.32166792392673976,0.23250250562143987
2834,0.47378261549461476,0.33433470733841275,0.19188267716697255
2835,0.4376595369467463,0.34956254700596645,0.21277791604728727
2836,0.4086455966009901,0.3738708803643779,0.21748352303463198
2837,0.4214602753731188,0.37991002048060646,0.19862970414627476
2838,0.4599968064969238,0.32992009437705766,0.21008309912601855
2839,0.43226058959498403,0.3464632800329514,0.22127613037206453
2840,0.4344639715273187,0.34583573167154635,0.21970029680113493
2841,0.4686334161315105,0.3405169217015738,0.1908496621669157
2842,0.42312054858280684,0.369047491040013,0.20783196037718013
2843,0.4528974677400808,0.3556360630148824,0.19146646924503682
2844,0.4252235455145819,0.36282332913526805,0.21195312535015
2845,0.46930049988898553,0.3120664510951549,0.21863304901585956
2846,0.4312200530591408,0.36029262979181526,0.20848731714904392
2847,0.44680900810326424,0.34793605516442583,0.2052549367323099
2848,0.4506259170770503,0.3174664061138709,0.23190767680907884
2849,0.43605835785741714,0.3461256840497863,0.21781595809279655
2850,0.442111303383874,0.33790191677696535,0.21998677983916062
2851,0.4194105938101366,0.3865697881220766,0.19401961806778675
2852,0.4440904259243572,0.36063605921619385,0.19527351485944894
2853,0.41430796113029833,0.39269667646894707,0.19299536240075457
2854,0.3867591299597982,0.4101915887886067,0.20304928125159508
2855,0.4011466652020137,0.38999567697672927,0.20885765782125706
2856,0.3883316017293505,0.3973830554409201,0.2142853428297294
2857,0.3928335110281394,0.38888168868078865,0.21828480029107197
2858,0.3564377913858351,0.4196020460334173,0.22396016258074758
2859,0.3808160374333243,0.4126119017649702,0.20657206080170548
2860,0.387326069037634,0.39222492110875823,0.22044900985360777
2861,0.3744727078171651,0.41338150983667077,0.21214578234616416
2862,0.3902795973339594,0.3887551726671697,0.22096522999887092
2863,0.35714175976323287,0.42849872351338936,0.21435951672337777
2864,0.30104246372968674,0.46713847385994056,0.2318190624103727
2865,0.34189642703459633,0.44776403191509706,0.21033954105030658
2866,0.33528387399300497,0.44984607690011724,0.21487004910687785
2867,0.383775932074767,0.40395569517115854,0.21226837275407445
2868,0.34869163871316844,0.43911542368179096,0.21219293760504057
2869,0.3345839361188744,0.44601420818045534,0.21940185570067022
2870,0.3335812339440087,0.4528002802389924,0.21361848581699897
2871,0.3549505936380648,0.4369624930137284,0.20808691334820678
2872,0.3150232377296819,0.4572642663513784,0.22771249591893974
2873,0.32448645595479186,0.4538264201834594,0.2216871238617487
2874,0.32912254008520764,0.445329673492932,0.22554778642186032
2875,0.32191046816934965,0.45400877298007547,0.22408075885057488
2876,0.35510561352084385,0.42911884862078786,0.21577553785836828
2877,0.3513480844941533,0.45015172832286493,0.19850018718298176
2878,0.35262668780518536,0.40595303708213903,0.24142027511267564
2879,0.3717053247847022,0.4234459062319085,0.20484876898338933
2880,0.39758925844778287,0.40201234234353406,0.2003983992086831
2881,0.40294484472229447,0.38096497234451066,0.21609018293319487
2882,0.44060495924587817,0.37602749013859943,0.1833675506155224
2883,0.44824463955238214,0.360975988762133,0.1907793716854849
2884,0.4065383707556622,0.39126280532859087,0.20219882391574692
2885,0.382759768846738,0.3920860150312323,0.2251542161220297
2886,0.4198860271859986,0.38795665298737886,0.19215731982662254
2887,0.4351456131156324,0.373605896048072,0.19124849083629564
2888,0.35778483281493834,0.4333271900743743,0.20888797711068732
2889,0.37584021841805854,0.41311494210090566,0.2110448394810358
2890,0.3632307489709774,0.4290859448847865,0.20768330614423608
2891,0.38296187133916293,0.4204581955940461,0.19657993306679095
2892,0.34829247632021193,0.44132580643335206,0.210381717246436
2893,0.35173505977560043,0.4367522630620285,0.21151267716237102
2894,0.3704866797012631,0.4183867222371311,0.2111265980616058
2895,0.36970734972671676,0.41827867307613154,0.2120139771971517
2896,0.38200564458767033,0.43492742827047265,0.18306692714185704
2897,0.3866937927140851,0.41743993282617337,0.19586627445974156
2898,0.3849303638093748,0.4258129685958548,0.1892566675947704
2899,0.3431396814852445,0.4574337810780935,0.199426537436662
2900,0.38499950776876674,0.4060522330278625,0.20894825920337076
2901,0.39130962875090763,0.40378975205503914,0.20490061919405322
2902,0.31821795959000077,0.48121589484551286,0.2005661455644864
2903,0.35249166913952995,0.43110636280971193,0.21640196805075815
2904,0.33586495545515344,0.45950103118190366,0.20463401336294285
2905,0.39681217168075616,0.4175620691636486,0.18562575915559526
2906,0.36045845148852945,0.4558849144353326,0.18365663407613794
2907,0.36175729223407777,0.4395358969031886,0.19870681086273362
2908,0.33067989063668557,0.4731049660387693,0.19621514332454512
2909,0.34029877568872247,0.45827554960847805,0.20142567470279948
2910,0.33085755950819157,0.4765556857689829,0.19258675472282555
2911,0.3521114700389586,0.4487095578419191,0.1991789721191223
2912,0.33830598542980517,0.4580863305834845,0.2036076839867103
2913,0.34491045815369076,0.45432887771041364,0.20076066413589563
2914,0.37990666929684747,0.42626901497257463,0.19382431573057793
2915,0.35357093917993043,0.4453127964583114,0.2011162643617582
2916,0.34887153077613897,0.46859141667530196,0.18253705254855906
2917,0.35699847341192437,0.4461496056314138,0.19685192095666187
2918,0.40822305844453394,0.4163839787827874,0.17539296277267868
2919,0.33012405650124593,0.47224960129636284,0.19762634220239123
2920,0.34914644183811205,0.4475374709585187,0.20331608720336922
2921,0.36621371120987195,0.44623118825831903,0.18755510053180902
2922,0.3738793021081285,0.41981059914384544,0.20631009874802608
2923,0.3797908336905646,0.42274637432575657,0.19746279198367883
2924,0.3316572504504904,0.4551965222955839,0.21314622725392574
2925,0.3332136987442628,0.45992594710453366,0.2068603541512035
2926,0.3357411817156179,0.4474051932462454,0.21685362503813674
2927,0.3037587888074636,0.47821722416286594,0.21802398702967044
2928,0.3086491690012312,0.4820339955076227,0.2093168354911461
2929,0.30723923125794456,0.4774020920542039,0.21535867668785152
2930,0.33775313615906555,0.461623244277729,0.20062361956320546
2931,0.30062427355286486,0.4976852419328299,0.20169048451430527
2932,0.32034756223734445,0.48202266541504407,0.1976297723476115
2933,0.3369274988069053,0.46747726688694907,0.19559523430614562
2934,0.30476520966415366,0.510734028502065,0.1845007618337813
2935,0.3153994399770234,0.4918969579781749,0.19270360204480166
2936,0.31768406327349336,0.4785289028466801,0.20378703387982655
2937,0.25562161103657616,0.5254279492798971,0.2189504396835268
2938,0.2926933555330573,0.5039845906497482,0.20332205381719445
2939,0.28169852520869665,0.5046821418221392,0.21361933296916413
2940,0.2994195877718934,0.48363965792037106,0.21694075430773552
2941,0.2741348754229468,0.5169067979083359,0.20895832666871733
2942,0.36990314088849297,0.4214421039360396,0.20865475517546744
2943,0.32409890807776615,0.47651158502857843,0.19938950689365537
2944,0.3196801769940712,0.47784890140270153,0.2024709216032273
2945,0.3293234689547442,0.47545336378589625,0.19522316725935954
2946,0.28804758954799264,0.4977670158500454,0.21418539460196195
2947,0.30627010266266924,0.48356389109961073,0.21016600623772003
2948,0.28219563102279793,0.5166131936436286,0.2011911753335735
2949,0.340151597550414,0.44684907398092616,0.21299932846865982
2950,0.3388584179492665,0.46911952507682386,0.19202205697390962
2951,0.27403356448103317,0.502747198883151,0.2232192366358159
2952,0.3010860425481116,0.4828368266610571,0.2160771307908313
2953,0.3016847329833211,0.49438238001057433,0.20393288700610454
2954,0.30663921533316546,0.48606191779935365,0.2072988668674809
2955,0.299871353768924,0.5008455980635549,0.19928304816752113
2956,0.2748506862200664,0.5094470951339385,0.21570221864599506
2957,0.3506123664681599,0.445889885185629,0.2034977483462111
2958,0.3546286820115579,0.44861864270708385,0.19675267528135823
2959,0.272250286044699,0.5148776201081047,0.21287209384719638
2960,0.2786628637267015,0.5103546166367809,0.21098251963651754
2961,0.2573015532893874,0.5247689790480008,0.2179294676626118
2962,0.2742747479704682,0.499979904910228,0.22574534711930383
2963,0.27212312124193694,0.5252795707063019,0.2025973080517611
2964,0.24896882315781652,0.5373170626763855,0.21371411416579797
2965,0.244955374192795,0.5473797205544232,0.20766490525278178
2966,0.23268833829956778,0.5314667670302378,0.23584489467019448
2967,0.3182967030834891,0.464031796261925,0.21767150065458593
2968,0.33881723350431553,0.45792932165666567,0.2032534448390188
2969,0.3132539722690149,0.4785463761415646,0.20819965158942053
2970,0.2788684233901972,0.5060835660011557,0.21504801060864712
2971,0.2994441363155765,0.4997543696233769,0.20080149406104664
2972,0.32842534978571447,0.48221064713416373,0.18936400308012183
2973,0.32881181833431933,0.46751043511480156,0.20367774655087914
2974,0.31514993512297773,0.487056930675864,0.19779313420115827
2975,0.3049951551189845,0.4804601605385393,0.2145446843424762
2976,0.32367269476599514,0.4721576582650512,0.20416964696895368
2977,0.3267555918338828,0.4663585637130439,0.2068858444530733
2978,0.3292869727799252,0.46970072687665637,0.2010123003434184
2979,0.3310555984745095,0.47573647440706907,0.19320792711842144
2980,0.34374735017369185,0.4717317384228234,0.18452091140348478
2981,0.3257412753111543,0.4731091822852838,0.20114954240356184
2982,0.2832833481990107,0.48958074918174244,0.22713590261924685
2983,0.3144570846044096,0.4873511786310237,0.19819173676456675
2984,0.28534380462277137,0.5031563638106412,0.21149983156658742
2985,0.2924167239287091,0.5243809471179565,0.1832023289533344
2986,0.32374920374657856,0.469925194999826,0.20632560125359542
2987,0.28367252371334506,0.50827756515706,0.20804991112959492
2988,0.32090169817816405,0.48623327685684103,0.1928650249649949
2989,0.2955599028165694,0.4972934502664426,0.20714664691698798
2990,0.32207936085782574,0.4550268510869891,0.2228937880551852
2991,0.3150955305416405,0.47821074628773524,0.20669372317062426
2992,0.32660408573248756,0.45417015998606836,0.2192257542814441
2993,0.33131834503147567,0.4748768624075756,0.19380479256094876
2994,0.32006086894806934,0.489372801523557,0.19056632952837366
2995,0.3385884982927579,0.4616016141726827,0.19980988753455942
2996,0.3219922778557978,0.4622760257836842,0.21573169636051795
2997,0.30946697733993866,0.4963677914299813,0.1941652312300801
2998,0.3283837090595038,0.4847500362409164,0.18686625469957976
2999,0.33749058812464433,0.47086972547523437,0.1916396864001213
3000,0.3279813086676537,0.46771850520485925,0.2043001861274871
3001,0.3464602193121945,0.4545065240577511,0.19903325663005436
3002,0.29849353407049095,0.5052508819264109,0.19625558400309817
3003,0.3077942398545856,0.48534403727750464,0.20686172286790977
3004,0.3019608852218037,0.4885603566487778,0.20947875812941852
3005,0.26682879804626214,0.5372366182831031,0.19593458367063474
3006,0.28811607700542763,0.5051879126256575,0.20669601036891486
3007,0.28574971567218743,0.49341209217742055,0.22083819215039202
3008,0.3009925719132684,0.4803147130495747,0.21869271503715693
3009,0.3333250824124195,0.4493036762232006,0.2173712413643799
3010,0.3578557879122566,0.4404371438144933,0.20170706827325016
3011,0.2984374662588865,0.4968231513438755,0.20473938239723796
3012,0.3230184719091196,0.47699653201065445,0.19998499608022596
3013,0.2892013886875478,0.5040151787720301,0.20678343254042217
3014,0.31235291366409956,0.45328191942225987,0.2343651669136405
3015,0.3159316604536876,0.4702533013348172,0.21381503821149522
3016,0.28311043988562434,0.5028962704847634,0.21399328962961225
3017,0.31812348336348956,0.47212544867769546,0.20975106795881499
3018,0.34195946495136426,0.4856715541068529,0.17236898094178282
3019,0.3218022763979788,0.48077573009565167,0.19742199350636952
3020,0.32441035886471475,0.4777027194019536,0.19788692173333172
3021,0.33759923308168466,0.4579757020625162,0.20442506485579914
3022,0.3041306322115401,0.4863248270718079,0.20954454071665202
3023,0.2918548043017399,0.5070140195744186,0.20113117612384152
3024,0.28767159740482073,0.49188984295930627,0.22043855963587303
3025,0.33150582299424236,0.472009648261314,0.19648452874444364
3026,0.30805138172429636,0.480997812217297,0.2109508060584067
3027,0.27640498389147256,0.4900570138936697,0.2335380022148578
3028,0.305966979980118,0.4807308995155924,0.21330212050428957
3029,0.3008800644998442,0.4878245882556378,0.21129534724451798
3030,0.2859494408992448,0.4938531467712663,0.22019741232948892
3031,0.2998050445370793,0.49359570582171797,0.20659924964120271
3032,0.24110099733255494,0.5453314006915105,0.21356760197593452
3033,0.24247658808174183,0.5408148877423099,0.2167085241759483
3034,0.2654696644594824,0.49493831847267344,0.2395920170678442
3035,0.24893142120928322,0.5486806608440639,0.20238791794665292
3036,0.3061053236677255,0.4791705403059777,0.21472413602629675
3037,0.3237152208052597,0.48293224428662745,0.19335253490811283
3038,0.33105565818572424,0.43114187256421244,0.23780246925006335
3039,0.30119053032818405,0.4998553911602519,0.19895407851156405
3040,0.2934944887215703,0.5029499542395534,0.20355555703887634
3041,0.28570790583305833,0.4913366737777568,0.22295542038918487
3042,0.2749594995643979,0.5049585727103498,0.22008192772525229
3043,0.3130859877760646,0.47439527625588934,0.21251873596804605
3044,0.2733683349498881,0.5133195154472971,0.21331214960281472
3045,0.29905272486557954,0.4972650044710718,0.20368227066334868
3046,0.2908432349551986,0.5064374143469061,0.20271935069789523
3047,0.2974318896725245,0.507748875776344,0.19481923455113156
3048,0.30480838624686885,0.4872252207337032,0.20796639301942793
3049,0.26192789048252446,0.5080024689673905,0.23006964055008497
3050,0.29827251242704933,0.48109303895260686,0.22063444862034381
3051,0.30717462825344943,0.47778069303229426,0.2150446787142563
3052,0.31211456514374175,0.5003992145634925,0.18748622029276582
3053,0.2649215654472214,0.5066685450448044,0.2284098895079742
3054,0.33014389090880875,0.47297715109968036,0.19687895799151087
3055,0.3254015939440805,0.46921344099306633,0.2053849650628532
3056,0.3518053886234108,0.4369102514094133,0.21128435996717584
3057,0.3678621538060428,0.4241366819360021,0.20800116425795506
3058,0.342153487173764,0.4551834919533694,0.20266302087286664
3059,0.3609339936892216,0.43953046488161646,0.19953554142916197
3060,0.35673777318442373,0.42084740932548503,0.2224148174900912
3061,0.3260684415584031,0.45159314856173616,0.22233840987986073
3062,0.3725406603276082,0.4270569853619789,0.20040235431041292
3063,0.3673801085300691,0.450900689286244,0.1817192021836869
3064,0.31465607225269177,0.44480300433079906,0.2405409234165092
3065,0.36173756988276473,0.441706627263803,0.1965558028534323
3066,0.33232567278736996,0.45542793585251035,0.21224639136011972
3067,0.3384647894665415,0.44295101382049185,0.21858419671296664
3068,0.36372836311788276,0.4353709918103839,0.2009006450717333
3069,0.3722333328556602,0.4054571387370328,0.22230952840730703
3070,0.3273134161233484,0.44205822202879197,0.23062836184785962
3071,0.3465499916776395,0.4367485005336991,0.21670150778866137
3072,0.3477248914670088,0.4439750352832472,0.208300073249744
3073,0.3283498686994707,0.46201365484783746,0.20963647645269184
3074,0.33547137431887836,0.4650121478846028,0.19951647779651882
3075,0.3282662270014122,0.43902215910250075,0.23271161389608705
3076,0.38994539625863045,0.39290768544978416,0.21714691829158536
3077,0.3337855943409803,0.4322124397734189,0.23400196588560082
3078,0.3659022132866177,0.41317685447605446,0.22092093223732784
3079,0.3386089252579167,0.4161247358571689,0.2452663388849144
3080,0.36827230658124044,0.4185669704047068,0.21316072301405276
3081,0.3193889975711467,0.45800936204815557,0.22260164038069774
3082,0.27060633902574677,0.47493834123992884,0.2544553197343244
3083,0.2838134667468391,0.47878727632692786,0.23739925692623304
3084,0.2641459648574165,0.4788792909483552,0.2569747441942283
3085,0.28994243667614067,0.4439639068712657,0.26609365645259364
3086,0.29506468660152846,0.44844790544681584,0.2564874079516557
3087,0.28316049263833276,0.47068194726419527,0.246157560097472
3088,0.2856242541530242,0.5096320216933699,0.20474372415360592
3089,0.28842855512759985,0.4798519833947016,0.2317194614776985
3090,0.3508436367014474,0.4168609547996362,0.23229540849891633
3091,0.3073057421783988,0.44561345822747017,0.24708079959413104
3092,0.27325346191938604,0.47948390710398886,0.2472626309766251
3093,0.24473389870390247,0.4900218752372337,0.26524422605886383
3094,0.28153011923158605,0.5077973531056985,0.2106725276627154
3095,0.33922845459029133,0.43233952500576867,0.22843202040394003
3096,0.30573265766397406,0.4561549585524524,0.23811238378357352
3097,0.2943780725598935,0.47549699825293074,0.23012492918717573
3098,0.392604156052884,0.3960254307833981,0.21137041316371788
3099,0.3179668883246865,0.429646769433697,0.25238634224161655
3100,0.3072075575048163,0.45856959092235156,0.23422285157283215
3101,0.2723076596627454,0.4631789048492002,0.2645134354880544
3102,0.29470095258203816,0.4835163552690199,0.22178269214894195
3103,0.29950777759323444,0.4557085328897033,0.24478368951706225
3104,0.307792277853865,0.4446612011492553,0.24754652099687974
3105,0.28280332032818645,0.4706585419556674,0.24653813771614613
3106,0.2760339705634238,0.47422619868220733,0.24973983075436887
3107,0.2701359092756429,0.4949483672220407,0.23491572350231638
3108,0.31878571248454174,0.46039033955960745,0.2208239479558508
3109,0.3298768355773614,0.4234207636999663,0.2467024007226723
3110,0.3122549201076319,0.46603197305243793,0.22171310683993017
3111,0.29080813834644936,0.4666211509483097,0.24257071070524094
3112,0.2988496027583328,0.464438047483991,0.23671234975767622
3113,0.27912588134904237,0.47468314258580907,0.2461909760651486
3114,0.3286069955838882,0.4550980148537602,0.21629498956235158
3115,0.31417008685806347,0.4727170986768013,0.21311281446513522
3116,0.2993894387646011,0.4622049823584437,0.23840557887695518
3117,0.26583249352268695,0.4683691259357119,0.26579838054160115
3118,0.30817873801225115,0.452962048640971,0.23885921334677784
3119,0.2811089763238635,0.4548189109062302,0.2640721127699062
3120,0.28498399052395296,0.4650720604009206,0.24994394907512643
3121,0.30914249686646894,0.4587665789052994,0.23209092422823166
3122,0.2852690012785106,0.488338574786106,0.2263924239353834
3123,0.2783162023907558,0.4741457746887553,0.2475380229204889
3124,0.308738003277799,0.4660753320260371,0.2251866646961639
3125,0.3127173366827852,0.4554820529510505,0.23180061036616437
3126,0.34775780138353185,0.40208231138353395,0.2501598872329342
3127,0.3294182924562266,0.45238177484216646,0.21819993270160692
3128,0.24944517698170093,0.4985921734485367,0.2519626495697624
3129,0.31425769246463003,0.4449004492205,0.24084185831486996
3130,0.3095408901773487,0.4339918494987814,0.2564672603238699
3131,0.30202078396222776,0.4663893942949662,0.23158982174280612
3132,0.32545443019840337,0.43677740591383307,0.23776816388776356
3133,0.2811485218697513,0.45132115569566744,0.2675303224345812
3134,0.28819140863670684,0.46459390329137473,0.24721468807191846
3135,0.25481677591643387,0.4902746114964049,0.25490861258716124
3136,0.2343639417068207,0.5168127746403369,0.2488232836528424
3137,0.2488558843715594,0.5229529869487979,0.22819112867964278
3138,0.238561427841755,0.5097929473885958,0.25164562476964913
3139,0.22692767876327344,0.5567202542274833,0.21635206700924328
3140,0.23922274944507782,0.5016867388992599,0.2590905116556623
3141,0.2895823622846383,0.47273035476030534,0.23768728295505642
3142,0.25835085091004667,0.5073654773638215,0.23428367172613182
3143,0.22564717420720282,0.5302223470017319,0.24413047879106536
3144,0.2303566900317049,0.5254857804384186,0.24415752952987643
3145,0.1957489538130019,0.5319467759185512,0.27230427026844695
3146,0.22436023344179595,0.5045617400225645,0.2710780265356396
3147,0.22608006652451032,0.5351011220811289,0.23881881139436073
3148,0.19920278298076996,0.5540615150034884,0.2467357020157416
3149,0.20897698116867444,0.547126336726562,0.2438966821047636
3150,0.27089700167574404,0.5328350705184007,0.1962679278058552
3151,0.26616563061071663,0.5024413139302571,0.23139305545902622
3152,0.22110688770012157,0.5086878961979968,0.2702052161018816
3153,0.23919694442389308,0.5383301651544603,0.22247289042164664
3154,0.24351005218781385,0.49558295422991183,0.2609069935822743
3155,0.24956360224679144,0.5231437859308272,0.22729261182238136
3156,0.22009391848424897,0.5458185891931705,0.23408749232258058
3157,0.22168333099432547,0.5237133470849342,0.2546033219207403
3158,0.18142633224521187,0.579876296495589,0.23869737125919904
3159,0.21148195698650968,0.5635515634226813,0.22496647959080895
3160,0.1752036532977999,0.5795489111343552,0.24524743556784487
3161,0.16928276918194754,0.5822911122865286,0.24842611853152385
3162,0.20660192208332903,0.5506417311148348,0.24275634680183616
3163,0.21292398329053108,0.5551697354930878,0.2319062812163811
3164,0.241855266617801,0.5536201086457254,0.2045246247364736
3165,0.20835594955548875,0.5502804341473772,0.24136361629713407
3166,0.2144136417347875,0.5452341839362704,0.2403521743289421
3167,0.19761631475502828,0.5607587686157895,0.24162491662918212
3168,0.1907366429468861,0.5411341118302753,0.26812924522283865
3169,0.23842427609707081,0.5491959141122722,0.21237980979065701
3170,0.2504665621069488,0.5380141091723383,0.211519328720713
3171,0.27166580443131866,0.510314899146496,0.21801929642218532
3172,0.2458904952347427,0.5256353608492719,0.22847414391598544
3173,0.20620588588980313,0.5683469482746654,0.22544716583553145
3174,0.2315806380836704,0.5146588548255195,0.25376050709081005
3175,0.2052543409673844,0.5460246666650009,0.24872099236761464
3176,0.17883224803971295,0.5689493551314241,0.25221839682886305
3177,0.2522248996612894,0.5156424383026984,0.2321326620360122
3178,0.21865935354810034,0.5319186833193935,0.24942196313250614
3179,0.23183546951112696,0.5255187158431638,0.2426458146457093
3180,0.2528188481982484,0.49824862842782486,0.24893252337392674
3181,0.2291626377666398,0.5271064393807218,0.24373092285263842
3182,0.19890400985058468,0.5476022400398592,0.25349375010955605
3183,0.20572116110973032,0.5332729079671426,0.26100593092312707
3184,0.24948641892958706,0.5077856539687665,0.24272792710164648
3185,0.2022041322941528,0.5512835156080648,0.24651235209778244
3186,0.22576188128875938,0.5183957049339447,0.2558424137772959
3187,0.20628179775017164,0.5421837535868742,0.2515344486629541
3188,0.19415558798025762,0.5600084049797952,0.24583600703994718
3189,0.24811015465902847,0.5052218035298728,0.24666804181109875
3190,0.21199228534056322,0.5340818979216668,0.25392581673777
3191,0.19875169356700992,0.519258116298806,0.281990190134184
3192,0.2092545017309324,0.5387027526918652,0.25204274557720235
3193,0.2264853768920554,0.5183126196526107,0.25520200345533395
3194,0.20260169739851727,0.5654795038109355,0.2319187987905472
3195,0.21686695688723673,0.5535054227232107,0.22962762038955253
3196,0.1742038199898765,0.5670686859623721,0.2587274940477514
3197,0.2460289248742666,0.5145930692136617,0.23937800591207167
3198,0.18892333351462084,0.5553478989602337,0.2557287675251454
3199,0.20860898843036038,0.5501404730874974,0.24125053848214228
3200,0.18940448642409025,0.5656728356413846,0.24492267793452516
3201,0.20148179593610283,0.5554990966576332,0.24301910740626392
3202,0.21554220481809322,0.5299805294730452,0.25447726570886164
3203,0.2541617985723258,0.5103997309086648,0.23543847051900949
3204,0.1800648548617622,0.5702375694495072,0.24969757568873058
3205,0.1597784742007961,0.6015054793266504,0.23871604647255343
3206,0.2361539617954684,0.5335974763956095,0.23024856180892211
3207,0.1884447815309973,0.5572394777673562,0.2543157407016465
3208,0.1829606791679972,0.5823874384751754,0.23465188235682746
3209,0.1492462209899196,0.55680147405053,0.2939523049595503
3210,0.13836323050771282,0.6111848459971584,0.25045192349512874
3211,0.2214586431988405,0.5671860704714826,0.21135528632967687
3212,0.23857440681068637,0.5395044548491782,0.22192113834013544
3213,0.2345415452371215,0.5384162557191843,0.22704219904369427
3214,0.26318911968941794,0.5238632273843398,0.2129476529262423
3215,0.2037080403993115,0.5643025147083567,0.23198944489233175
3216,0.16753479015267117,0.5878046338309819,0.2446605760163469
3217,0.23458954042198274,0.5477746587734343,0.21763580080458292
3218,0.20583596772990898,0.5536090156972406,0.24055501657285036
3219,0.20857585069170853,0.5600899972455007,0.2313341520627908
3220,0.1657397981605037,0.5739653528519758,0.2602948489875205
3221,0.1775123252705852,0.584202135202989,0.23828553952642575
3222,0.2117902554378439,0.5566523831110946,0.2315573614510615
3223,0.21195976978497735,0.5596340937259257,0.22840613648909697
3224,0.2123223668502464,0.5433623537103794,0.24431527943937414
3225,0.18690896687849295,0.5636400947207444,0.24945093840076268
3226,0.1579904685301389,0.6047091163160381,0.23730041515382308
3227,0.2116578533703988,0.5566401470576148,0.23170199957198645
3228,0.23583690536974333,0.532969674400258,0.2311934202299987
3229,0.2525517157953258,0.5300490996600474,0.21739918454462676
3230,0.22816372221081224,0.5232173447663585,0.24861893302282928
3231,0.21092904109085392,0.5526684902403289,0.2364024686688172
3232,0.19558807490004745,0.5687245797519311,0.23568734534802144
3233,0.2117825715223975,0.5502179524761636,0.237999476001439
3234,0.18973853335005822,0.5904757646564829,0.21978570199345887
3235,0.17929835825993945,0.5879127860852191,0.2327888556548414
3236,0.20143992093231175,0.5480582240245554,0.2505018550431328
3237,0.18261019868253658,0.5775253882607906,0.2398644130566729
3238,0.20281877917209074,0.5701764396086316,0.22700478121927767
3239,0.19283271144278608,0.5393288491751768,0.26783843938203716
3240,0.20888787572351017,0.5462082499449065,0.24490387433158337
3241,0.22888918916284054,0.5377947356851353,0.23331607515202418
3242,0.16680645076470793,0.592450490081136,0.24074305915415598
3243,0.1967798770761995,0.5469013887188862,0.2563187342049143
3244,0.1512494273069606,0.5715553051700671,0.2771952675229723
3245,0.20078211348180783,0.5330755199654215,0.2661423665527707
3246,0.24551013485244444,0.5211609988601504,0.23332886628740515
3247,0.19458204455932623,0.5578138129648141,0.24760414247585968
3248,0.1888344185363468,0.5482389711570351,0.262926610306618
3249,0.16118862012184715,0.6040796786646417,0.2347317012135111
3250,0.16361081441574749,0.6086569512684378,0.2277322343158147
3251,0.19611633692378763,0.5536090436805341,0.2502746193956783
3252,0.15977562603097833,0.5804415624294049,0.2597828115396167
3253,0.15747315286995497,0.6142205588348324,0.22830628829521263
3254,0.16634271789548954,0.5855738923958825,0.2480833897086279
3255,0.19016302224537393,0.5773142173866718,0.23252276036795436
3256,0.1714879653368374,0.6076513529636434,0.22086068169951925
3257,0.17193138290107848,0.5909435388272392,0.23712507827168242
3258,0.22109826360308868,0.5624833808756567,0.2164183555212546
3259,0.2151744622554553,0.5742411103562599,0.2105844273882848
3260,0.193642799944926,0.5733020962413015,0.23305510381377256
3261,0.2104475967940103,0.5838956674659835,0.20565673574000617
3262,0.17042943035314068,0.5963679862955895,0.2332025833512698
3263,0.181939593842006,0.5958709380251231,0.22218946813287085
3264,0.17389481914604296,0.5835818375487263,0.2425233433052307
3265,0.14785631897020018,0.599621831324902,0.25252184970489777
3266,0.1677655839780338,0.5998404984258734,0.23239391759609287
3267,0.12818525482490034,0.6335598762348849,0.2382548689402148
3268,0.1351171966921034,0.6289870617205097,0.23589574158738696
3269,0.15235873224535657,0.6077339529395918,0.23990731481505162
3270,0.14271455110916284,0.6151256674088116,0.24215978148202558
3271,0.1296274484515391,0.6163786561997743,0.25399389534868666
3272,0.1703902132266949,0.5605232581286105,0.2690865286446946
3273,0.20456359181746459,0.577998424967271,0.21743798321526434
3274,0.18329255837853967,0.5846466049465607,0.2320608366748996
3275,0.19339410318517197,0.5493312804385565,0.2572746163762715
3276,0.19452054683869857,0.5970505613155986,0.2084288918457028
3277,0.1622129437335613,0.6019410327373912,0.23584602352904752
3278,0.2210497327069496,0.5594751336465252,0.21947513364652518
3279,0.22859841442054218,0.5536052949014737,0.21779629067798414
3280,0.24080093746630712,0.5556313889538311,0.20356767357986175
3281,0.20939696405717448,0.5753213474879519,0.21528168845487358
3282,0.2075970095595539,0.5573515123434312,0.235051478097015
3283,0.17631216463697827,0.5814346635123531,0.24225317185066866
3284,0.16089298023673593,0.615986054769496,0.22312096499376807
3285,0.1704572011318739,0.5972944471816041,0.232248351686522
3286,0.21511135318061675,0.5931064523168641,0.19178219450251918
3287,0.2573374520317964,0.5470291829360497,0.1956333650321538
3288,0.21548315092153425,0.5972367223767077,0.18728012670175806
3289,0.21973332692521869,0.5798532572554569,0.20041341581932445
3290,0.18805903995532752,0.611907760074885,0.20003319996978747
3291,0.15958741208822638,0.6332928510951714,0.20711973681660223
3292,0.1598771623772718,0.6289707322273617,0.2111521053953666
3293,0.15883797205673886,0.6313150640457593,0.20984696389750182
3294,0.17811097372280837,0.611444626811695,0.21044439946549662
3295,0.18624417441394409,0.6186521290583749,0.19510369652768103
3296,0.15977626595547145,0.6326962575755801,0.2075274764689484
3297,0.15387983078724415,0.6319875343116089,0.2141326349011469
3298,0.17400119364908706,0.5982194866990831,0.22777931965182982
3299,0.1207089340398812,0.6445080758693758,0.23478299009074308
3300,0.12904595702366495,0.6457579482968023,0.2251960946795327
3301,0.15056642160494912,0.6424024253323655,0.2070311530626854
3302,0.1426383242059536,0.6166325439562089,0.24072913183783748
3303,0.13287149245983032,0.6403747517516062,0.22675375578856355
3304,0.14222474258387663,0.6329964768561555,0.22477878055996794
3305,0.17211575261333614,0.6114974407435485,0.21638680664311538
3306,0.16886617764754797,0.5966744700466888,0.23445935230576323
3307,0.16381597310544024,0.6176454309180305,0.21853859597652933
3308,0.19912769847431178,0.5558336944368941,0.24503860708879407
3309,0.16539675304253773,0.6297157170636204,0.20488752989384187
3310,0.15629369100072854,0.6213927854056682,0.2223135235936033
3311,0.15984978023930105,0.586389113208637,0.25376110655206197
3312,0.17723372320814165,0.5911008820068773,0.23166539478498105
3313,0.14880855504985896,0.6019425997561557,0.24924884519398532
3314,0.14503614056500835,0.6182109126306641,0.2367529468043275
3315,0.13207262650474086,0.6410374227279458,0.2268899507673133
3316,0.1763015163161342,0.6166095341918837,0.2070889494919821
3317,0.13644838406084617,0.6468008027463586,0.2167508131927952
3318,0.15619885542479084,0.6141270875983632,0.22967405697684595
3319,0.14684887016201006,0.6127809144536819,0.24037021538430806
3320,0.1955603775405505,0.5802510106607428,0.22418861179870667
3321,0.1867087055924772,0.5885265352153219,0.22476475919220085
3322,0.1531507405344686,0.6269388410092791,0.2199104184562523
3323,0.16964357118340612,0.5920456210824455,0.2383108077341483
3324,0.1705120159546137,0.611479886907747,0.21800809713763927
3325,0.1594486207078598,0.6280831412130046,0.2124682380791356
3326,0.16716713672950612,0.6152909146856824,0.21754194858481143
3327,0.17272803415462684,0.620283136675295,0.2069888291700782
3328,0.13536407475347043,0.6528169323730768,0.21181899287345277
3329,0.12340084151829891,0.6703750001668987,0.20622415831480245
3330,0.15403327729666488,0.6271249172309784,0.21884180547235674
3331,0.19316383910172022,0.5748995820106126,0.23193657888766714
3332,0.14042908164643356,0.6295985722210564,0.22997234613251002
3333,0.14157734408153777,0.599957204311681,0.25846545160678125
3334,0.19314058315515492,0.5535849249229969,0.25327449192184814
3335,0.14554032804211828,0.6375459636739994,0.21691370828388234
3336,0.11461444537009514,0.6465104908264527,0.2388750638034521
3337,0.1535944259031456,0.6048012232550833,0.24160435084177104
3338,0.1361922888525434,0.63692786988684,0.22687984126061653
3339,0.15877564342418304,0.6181034180960459,0.22312093847977113
3340,0.15489642851110194,0.6283512091501322,0.2167523623387659
3341,0.1419435802106248,0.6151795073467653,0.24287691244260984
3342,0.1711118232007056,0.6161474918174752,0.21274068498181922
3343,0.13577474197007303,0.6498464317354429,0.21437882629448407
3344,0.1581233001947395,0.6319859577075295,0.209890742097731
3345,0.16488583983933985,0.6087985702559694,0.22631558990469078
3346,0.09875961512118905,0.6537523258131431,0.24748805906566776
3347,0.1516354631990414,0.6093110416717278,0.23905349512923088
3348,0.1688067457990415,0.6104564447880324,0.22073680941292612
3349,0.13316880140147125,0.6173537123593797,0.24947748623914903
3350,0.12580181370577775,0.6395169231515313,0.23468126314269092
3351,0.13607754643638903,0.628136853298633,0.23578560026497797
3352,0.11078986880688399,0.6181840443793059,0.2710260868138102
3353,0.12426202195320796,0.6560050052490981,0.21973297279769388
3354,0.1632233731824215,0.6324531522380931,0.20432347457948544
3355,0.14876480964137118,0.6304175851713524,0.22081760518727644
3356,0.14975657071957482,0.630242706108678,0.22000072317174718
3357,0.09473489619744348,0.6984206691171935,0.20684443468536304
3358,0.14614686052573603,0.646055621132482,0.20779751834178198
3359,0.09259846628486393,0.687763413732673,0.21963811998246305
3360,0.12936914163919908,0.6607581781342675,0.20987268022653346
3361,0.12062040836434622,0.6629452565157863,0.21643433511986748
3362,0.13275002382527645,0.650779942876262,0.21647003329846157
3363,0.13490344958269762,0.6262203766153779,0.2388761738019245
3364,0.11840162342766887,0.6601295035489053,0.2214688730234258
3365,0.11861019214412137,0.6264112390610955,0.25497856879478314
3366,0.13772999801182714,0.6012212160134024,0.2610487859747705
3367,0.1668803217480822,0.596953218181582,0.23616646007033584
3368,0.17039619262140546,0.5990971491793844,0.23050665819921015
3369,0.15238971386392253,0.609492423255612,0.23811786288046546
3370,0.16551343057340548,0.6044321949905764,0.23005437443601806
3371,0.1524284446953305,0.6297134097660393,0.21785814553863017
3372,0.14969049015666228,0.6193893620417616,0.2309201478015761
3373,0.17207309320952874,0.6272647464601081,0.2006621603303631
3374,0.17671747998710277,0.6033355235206114,0.2199469964922858
3375,0.16164586262279973,0.6056566909421626,0.23269744643503776
3376,0.16558572946201888,0.6222756951549899,0.21213857538299125
3377,0.16037089630009257,0.632962642619006,0.20666646108090142
3378,0.16134686803853326,0.6085923189456698,0.23006081301579698
3379,0.14378775507698352,0.6240961364409723,0.2321161084820442
3380,0.12820764676312138,0.6427968502192565,0.2289955030176222
3381,0.13458983355721768,0.6276045540547127,0.23780561238806963
3382,0.12477362506735089,0.6328247714902313,0.2424016034424178
3383,0.15549079799812562,0.6095947103103446,0.23491449169152978
3384,0.12357799789746673,0.6554455394837585,0.2209764626187747
3385,0.13868649696558488,0.6213651129330371,0.23994839010137803
3386,0.12492928793808682,0.6574636766392666,0.21760703542264653
3387,0.1672083041987048,0.607929860455717,0.2248618353455783
3388,0.1423537971012,0.6011448095639146,0.2565013933348855
3389,0.15688913146077735,0.6175215546105557,0.225589313928667
3390,0.15047280205329364,0.6331701024796534,0.21635709546705292
3391,0.15549686030703355,0.6033478093169311,0.24115533037603534
3392,0.15295592731410365,0.6221187185535572,0.22492535413233924
3393,0.1576018507434976,0.6299129593574188,0.21248518989908366
3394,0.1569508354238983,0.5933649601980289,0.24968420437807287
3395,0.17976906588533711,0.5937829337356677,0.22644800037899515
3396,0.17740836296094553,0.5938827261819761,0.22870891085707837
3397,0.13047185304961886,0.6188448275033456,0.25068331944703554
3398,0.13250626816170824,0.6372628682756023,0.2302308635626895
3399,0.13566635833287388,0.6583652387340754,0.20596840293305071
3400,0.1365652874347871,0.6073652311279873,0.2560694814372255
3401,0.12772144533177301,0.6323122017713263,0.23996635289690074
3402,0.13165978899428205,0.6245541578415639,0.24378605316415408
3403,0.1568297289149175,0.6004986798171996,0.24267159126788285
3404,0.13540493335046613,0.6059016909362626,0.25869337571327133
3405,0.15768875032787757,0.5864512418202048,0.25586000785191765
3406,0.16371873555659214,0.6171169133453142,0.21916435109809376
3407,0.15770284389846573,0.622412049529941,0.21988510657159333
3408,0.1523057133964567,0.6265389531350818,0.22115533346846153
3409,0.14092498981421792,0.6194930061290405,0.23958200405674168
3410,0.15141957370577164,0.6181629139162786,0.23041751237794977
3411,0.1358588817882412,0.6378362090882255,0.22630490912353332
3412,0.143330370631594,0.6265831937419442,0.23008643562646183
3413,0.18022085404757265,0.6090025692177456,0.21077657673468167
3414,0.1279786871337842,0.6477420889463293,0.22427922391988644
3415,0.11908475394511571,0.641450300606628,0.23946494544825625
3416,0.11131735165342345,0.6513391355381887,0.23734351280838792
3417,0.13978486104983126,0.6298346744476486,0.23038046450252012
3418,0.13648118694481626,0.6392804298207456,0.22423838323443807
3419,0.11053321997733696,0.6217611254857777,0.2677056545368854
3420,0.11092653568183523,0.6529302090366752,0.23614325528148958
3421,0.12410721498121223,0.601388133127273,0.27450465189151474
3422,0.11077242857964954,0.6525396346432678,0.23668793677708264
3423,0.1148177222223175,0.6355796009747549,0.2496026768029277
3424,0.13785849141806253,0.6146979622303791,0.24744354635155844
3425,0.1278045427035182,0.6302835571499995,0.24191190014648223
3426,0.1603136086838748,0.6082714139635074,0.23141497735261782
3427,0.12854314259763852,0.6239423251589464,0.24751453224341508
3428,0.1335470427520013,0.6194398926927719,0.24701306455522676
3429,0.14459394025191605,0.6169189367870282,0.23848712296105568
3430,0.14765017623717083,0.6110457920246968,0.24130403173813242
3431,0.13479206791476656,0.6199793365640694,0.24522859552116397
3432,0.14648059182261025,0.6121926323581279,0.24132677581926185
3433,0.1481467335827049,0.6124221502873856,0.2394311161299096
3434,0.15213477621148755,0.6022371260404196,0.2456280977480929
3435,0.13523878957150337,0.606913207324788,0.2578480031037086
3436,0.120697462987539,0.6222667223936161,0.2570358146188449
3437,0.13507168558111143,0.6170086068686828,0.24791970755020584
3438,0.1550932742050941,0.601575787036802,0.2433309387581039
3439,0.15288044538579146,0.5978931480449551,0.2492264065692534
3440,0.1535645579095711,0.6106717280441769,0.23576371404625196
3441,0.12655258658303548,0.6514116918712498,0.22203572154571471
3442,0.15152975616722003,0.6029236309721357,0.24554661286064425
3443,0.1393214646265415,0.6198611113347384,0.24081742403872008
3444,0.13051204202501338,0.6115301667559252,0.2579577912190614
3445,0.16890320406060771,0.5976168155958579,0.2334799803435344
3446,0.14632378602937737,0.6233530704905831,0.2303231434800396
3447,0.11571604975889772,0.6367707661762781,0.24751318406482414
3448,0.1213573623001443,0.6370782313044732,0.24156440639538257
3449,0.13159225949951206,0.6281922889575016,0.24021545154298632
3450,0.14607102327412558,0.6039514377359818,0.2499775389898926
3451,0.1450649681804134,0.6166385172424046,0.23829651457718198
3452,0.11964555059928522,0.6330886889133022,0.2472657604874126
3453,0.17150923989274425,0.602880135631604,0.22561062447565167
3454,0.1314661121026757,0.6265171972813574,0.24201669061596695
3455,0.11365956396277573,0.6527337963872568,0.23360663964996745
3456,0.12120260030003462,0.6573922632098576,0.22140513649010785
3457,0.14445530513435723,0.6259593968299646,0.22958529803567818
3458,0.14270909991592895,0.6264018786185676,0.2308890214655035
3459,0.1158901455486065,0.6583726609640912,0.22573719348730237
3460,0.13119594421495914,0.6310883884203907,0.23771566736465014
3461,0.1290484708515154,0.6433991146214687,0.22755241452701594
3462,0.12317272311422861,0.6413132731661094,0.23551400371966194
3463,0.13199490860748062,0.6165019473709099,0.2515031440216095
3464,0.12711885005721724,0.6422212130696654,0.23065993687311737
3465,0.13910843425464411,0.6230825596140371,0.23780900613131872
3466,0.17560439677599307,0.6091027992701237,0.2152928039538832
3467,0.1640964745518304,0.6314983793602955,0.20440514608787402
3468,0.1480883700595243,0.6313673831103922,0.22054424683008353
3469,0.12429191206893313,0.6416511877181994,0.23405690021286743
3470,0.13020326210138336,0.6388529036450221,0.2309438342535945
3471,0.1359035685220156,0.6359243621589805,0.22817206931900383
3472,0.14263595022763667,0.6248625690755433,0.23250148069682006
3473,0.187267421104795,0.5734405823802997,0.23929199651490526
3474,0.13751989886742697,0.6150794809665245,0.24740062016604852
3475,0.13626420685120186,0.6354702055679282,0.2282655875808699
3476,0.15053122287346235,0.5998734292161175,0.24959534791042007
3477,0.1573977922340177,0.5863683507728027,0.25623385699317963
3478,0.13232102748184738,0.6103387828543805,0.2573401896637721
3479,0.12162432893713297,0.6368407604428067,0.24153491062006036
3480,0.10820891921627374,0.6483219070731638,0.24346917371056237
3481,0.15465177889788062,0.6128199443340255,0.2325282767680938
3482,0.1294554445069416,0.6272650400659621,0.24327951542709636
3483,0.12995127240078327,0.6128064793135216,0.2572422482856951
3484,0.17351674314467613,0.5927634368985569,0.23371981995676694
3485,0.16947325676524935,0.6041719857368236,0.22635475749792708
3486,0.1215195091023676,0.6460239309341655,0.23245655996346687
3487,0.14068974220705388,0.6281984895560563,0.23111176823688986
3488,0.10897135287142345,0.6347913479134791,0.2562372992150974
3489,0.1404457660340092,0.619383077745482,0.24017115622050877
3490,0.1130460384381049,0.6333145426809628,0.25363941888093233
3491,0.1503268147456582,0.6087223862539597,0.24095079900038213
3492,0.15037079059951772,0.6187251802159854,0.23090402918449685
3493,0.1462216490058536,0.6081713763854935,0.24560697460865297
3494,0.15247244854816086,0.605660389982866,0.2418671614689732
3495,0.1652015800702662,0.596288911068602,0.2385095088611318
3496,0.1901705136279953,0.580161513240982,0.2296679731310227
3497,0.18455608404579887,0.5789627597787678,0.2364811561754334
3498,0.1895883456367445,0.5638960623410916,0.24651559202216386
3499,0.1800394428681357,0.5792642125999793,0.24069634453188496
3500,0.1640204187152672,0.6017176666107845,0.23426191467394833
3501,0.141388573051816,0.6092369009909714,0.24937452595721255
3502,0.15083005899065108,0.596023051314169,0.25314688969517996
3503,0.17491833951244057,0.5812108509367576,0.2438708095508018
3504,0.20532106218270677,0.5746914311540259,0.2199875066632673
3505,0.1915236319802163,0.573911697601708,0.23456467041807574
3506,0.1433755744787974,0.6154422584249969,0.24118216709620574
3507,0.18995989991906123,0.5807930973286104,0.2292470027523284
3508,0.1920572450276543,0.5749173926515938,0.23302536232075188
3509,0.16254515451861376,0.5667112617420078,0.2707435837393784
3510,0.12765189749067624,0.6334703998598985,0.23887770264942523
3511,0.16435989190573425,0.5866360264799502,0.24900408161431553
3512,0.15681437589579889,0.5839832571049859,0.25920236699921523
3513,0.17018399955405158,0.5886583081181691,0.24115769232777934
3514,0.1621508568344353,0.5776004211727804,0.2602487219927843
3515,0.19701403319252692,0.5671070685509896,0.23587889825648345
3516,0.1582879712571801,0.5995860929207625,0.24212593582205744
3517,0.1974699182877558,0.5488610616816055,0.2536690200306387
3518,0.18666507441421584,0.568770392116478,0.24456453346930618
3519,0.160615405605032,0.5912427950485619,0.24814179934640607
3520,0.1930819733328658,0.5596581075241873,0.24725991914294687
3521,0.14823119401723076,0.6034472885406358,0.24832151744213343
3522,0.1482949198802746,0.6108911614167916,0.24081391870293387
3523,0.22876234900170223,0.5147890196824462,0.2564486313158516
3524,0.2243740292145436,0.537741794915573,0.23788417586988345
3525,0.21012184512842041,0.5560344619548098,0.23384369291676985
3526,0.16912918265958057,0.5770098290797767,0.2538609882606427
3527,0.16818418294344653,0.5692231035401982,0.2625927135163552
3528,0.16658087352747156,0.5745176944936766,0.25890143197885185
3529,0.16654834282809988,0.5724322365351658,0.2610194206367343
3530,0.18372572578317237,0.5430837075280146,0.27319056668881303
3531,0.19878697337877355,0.5601903854450305,0.24102264117619596
3532,0.19644098439733632,0.567559638235134,0.2359993773675297
3533,0.1708117218535688,0.5769347297706412,0.25225354837579
3534,0.18302599193772928,0.5709953707534163,0.24597863730885441
3535,0.20647416366040758,0.5560169617916548,0.23750887454793762
3536,0.22348232019837946,0.56348244155613,0.21303523824549056
3537,0.21925600951678645,0.5374080172635808,0.24333597321963274
3538,0.21907848290246257,0.5489203748730531,0.23200114222448434
3539,0.18131537435193004,0.5551211586100744,0.26356346703799555
3540,0.21271123074312787,0.5469467731498356,0.24034199610703652
3541,0.17206308277452054,0.5758444451922441,0.2520924720332353
3542,0.1633330500421429,0.5807092959723238,0.2559576539855333
3543,0.18252696227712326,0.5880282985008295,0.2294447392220472
3544,0.17921893776754202,0.5875768499077482,0.23320421232470984
3545,0.16382042316738438,0.576079357478099,0.2601002193545166
3546,0.16242053764173306,0.588968836730003,0.24861062562826394
3547,0.16151937723904025,0.5981140904066159,0.2403665323543438
3548,0.1998001363891868,0.5534409388266047,0.24675892478420852
3549,0.20063497385484164,0.5334405270101993,0.2659244991349591
3550,0.16053168671854373,0.5828212441108097,0.25664706917064656
3551,0.1670743398567549,0.5856596184742744,0.24726604166897068
3552,0.1721911816506893,0.6009314926385425,0.22687732571076819
3553,0.16058519666685867,0.5850410243090962,0.2543737790240451
3554,0.15428597026673996,0.5981597930280569,0.2475542367052031
3555,0.17025361188885751,0.5913966518143899,0.23834973629675255
3556,0.19913767934908766,0.5708671402264779,0.2299951804244344
3557,0.20690024383002953,0.5509059461051629,0.2421938100648076
3558,0.1621569058086351,0.6064335117673466,0.2314095824240183
3559,0.27381527792159044,0.5237274061298715,0.20245731594853808
3560,0.2523201693224232,0.5084344306329909,0.239245400044586
3561,0.2474974209896711,0.5172632905856476,0.2352392884246813
3562,0.20761526515822737,0.576515963373171,0.2158687714686016
3563,0.17676141785273053,0.6065935776775581,0.21664500446971144
3564,0.19230919508769087,0.5865971119191462,0.22109369299316295
3565,0.18791287734197964,0.5835491199954055,0.22853800266261481
3566,0.22114183469721457,0.5587912163059972,0.22006694899678833
3567,0.2061513841350149,0.5581276427428924,0.23572097312209264
3568,0.19505351853743233,0.5855810438157492,0.2193654376468185
3569,0.17609177605320264,0.5821761136904036,0.24173211025639374
3570,0.22633638185099123,0.555778601689746,0.21788501645926273
3571,0.19463100095371427,0.5657156614455394,0.23965333760074625
3572,0.1970532503916722,0.5629656477083319,0.2399811018999959
3573,0.19976772698874715,0.5761239602963572,0.22410831271489573
3574,0.21700607785975312,0.5348314516896757,0.2481624704505712
3575,0.20469015833808893,0.5674873016049096,0.22782254005700156
3576,0.2129305448767982,0.5427533302556325,0.24431612486756926
3577,0.1801514873268719,0.5638504484419214,0.25599806423120663
3578,0.23208961475998016,0.5391953217323703,0.22871506350764959
3579,0.19185959667415303,0.5688490516047899,0.23929135172105703
3580,0.19608576196561403,0.5614360746578109,0.24247816337657505
3581,0.2018456128585179,0.5793140992513705,0.21884028789011167
3582,0.1966653946890868,0.5710600891336801,0.2322745161772331
3583,0.21541581871503604,0.5699028752642322,0.2146813060207318
3584,0.19273465184408142,0.580427403286469,0.22683794486944953
3585,0.22752406281594598,0.5367155215148794,0.23576041566917458
3586,0.22874952660276676,0.5421199527176581,0.22913052067957507
3587,0.23397501308987556,0.5503370361105938,0.21568795079953065
3588,0.19819480443115378,0.5878732551602247,0.2139319404086215
3589,0.19174207506378052,0.5860519048126029,0.2222060201236166
3590,0.25001504736157054,0.5458139314922289,0.20417102114620053
3591,0.21653131905353465,0.5654751186455584,0.21799356230090688
3592,0.2710359783349028,0.5245779597399701,0.20438606192512707
3593,0.26399503176991546,0.518151419070905,0.21785354915917954
3594,0.25121212588906305,0.5447552195717118,0.2040326545392252
3595,0.2282582829244327,0.5778144862898026,0.19392723078576474
3596,0.30527345614752527,0.5031564037484129,0.1915701401040619
3597,0.2476114750028906,0.5463493035946102,0.20603922140249914
3598,0.2755151626249901,0.5333714436254288,0.19111339374958117
3599,0.2372895554312609,0.5543194903820886,0.20839095418665046
3600,0.2199481963861725,0.5662843318380917,0.21376747177573585
3601,0.2372198318566407,0.5436106223023214,0.21916954584103795
3602,0.27774866961026906,0.5208981371832406,0.20135319320649028
3603,0.24660068833842433,0.5493304179078087,0.20406889375376694
3604,0.23929398687400225,0.5627680482469106,0.1979379648790871
3605,0.2880585152770892,0.524697667345152,0.1872438173777588
3606,0.28542525241537237,0.5233946769987239,0.19118007058590378
3607,0.28887353650823056,0.5107617936919868,0.2003646697997826
3608,0.23696760598707167,0.5576260984849352,0.20540629552799322
3609,0.2899004311990339,0.5245310343091795,0.18556853449178656
3610,0.2645554718700751,0.5301084370228702,0.20533609110705467
3611,0.27015631472764184,0.5307528014242341,0.199090883848124
3612,0.2691695627728141,0.5146549850172941,0.2161754522098918
3613,0.2954598271520349,0.5183939101760384,0.18614626267192674
3614,0.2697213310280426,0.5323787710526433,0.19789989791931414
3615,0.2823905257122752,0.533797816771576,0.1838116575161488
3616,0.2885685089753597,0.5233114760429473,0.188120014981693
3617,0.30055197483409596,0.5018660470766947,0.19758197808920927
3618,0.2795597764315861,0.516479167469372,0.20396105609904197
3619,0.29472474838936263,0.5082070835116833,0.19706816809895406
3620,0.2784727453941476,0.5330982090879012,0.1884290455179512
3621,0.32365374865566954,0.5066666859197918,0.16967956542453863
3622,0.28764359288220925,0.5224401185051871,0.18991628861260357
3623,0.30754385626650227,0.5207009096649369,0.1717552340685609
3624,0.2943464541935553,0.5353351401894908,0.17031840561695383
3625,0.2641747471065893,0.5525845983687125,0.18324065452469818
3626,0.3288646624555998,0.49792114393389747,0.1732141936105027
3627,0.2802262180726992,0.5287301809751146,0.19104360095218623
3628,0.2863089130065644,0.5103143193773492,0.20337676761608647
3629,0.2936625853763682,0.5161003556672307,0.19023705895640117
3630,0.30960847917244744,0.5149214674684851,0.17547005335906748
3631,0.31552375433520974,0.5077002879351081,0.17677595772968208
3632,0.308215079106169,0.49485908553659114,0.19692583535723981
3633,0.3587886225369658,0.4603057525997232,0.180905624863311
3634,0.2799033230395264,0.49144403895028194,0.22865263801019164
3635,0.31227171335156934,0.5017471101958854,0.1859811764525453
3636,0.2970278061868776,0.5210356818741171,0.1819365119390053
3637,0.3270966754591866,0.50360747696528,0.1692958475755334
3638,0.3155885577578371,0.5070130460854636,0.17739839615669922
3639,0.3526101760084878,0.46503218994612705,0.18235763404538513
3640,0.3656828425771188,0.4656883028785354,0.1686288545443458
3641,0.35153896779450905,0.4892657648198661,0.15919526738562484
3642,0.3703552953313816,0.45978482874286497,0.1698598759257534
3643,0.34597306774911624,0.4579861851337096,0.19604074711717417
3644,0.31818038397187387,0.5012380207042243,0.1805815953239019
3645,0.3764100484895261,0.4659441234071646,0.15764582810330927
3646,0.35441163172914325,0.48351045160853384,0.1620779166623229
3647,0.3656707064463939,0.46640861494538677,0.16792067860821933
3648,0.3655262915772637,0.46331177285074626,0.17116193557199003
3649,0.3869745003194651,0.45055655028143043,0.16246894939910447
3650,0.3750043909631509,0.47281891208870935,0.15217669694813976
3651,0.37151103794088486,0.4704551963469922,0.15803376571212294
3652,0.40354360271647416,0.4315232696234622,0.1649331276600636
3653,0.3823694575020371,0.45336923513736993,0.16426130736059297
3654,0.4001197422729791,0.4589246519144186,0.1409556058126023
3655,0.39412995452391647,0.4442322603275016,0.16163778514858188
3656,0.389557773951309,0.4519131795953405,0.1585290464533505
3657,0.3560528532499151,0.4841181240360815,0.15982902271400334
3658,0.3507548306292008,0.4899826739122121,0.1592624954585871
3659,0.34759898365444253,0.4836763044889808,0.1687247118565767
3660,0.3445135773016474,0.4886312439794315,0.1668551787189211
3661,0.33861368634195593,0.494558888595083,0.16682742506296105
3662,0.38568415990137894,0.46108507042212715,0.15323076967649388
3663,0.3636613340553352,0.46535268552918657,0.1709859804154783
3664,0.3988593277483152,0.44239405266061166,0.15874661959107317
3665,0.3726178364911768,0.46937233761838243,0.1580098258904408
3666,0.4068002406930992,0.43532997030974646,0.1578697889971543
3667,0.433940917653425,0.41655743880280277,0.14950164354377224
3668,0.4358373730169592,0.41009764400076487,0.15406498298227594
3669,0.4115566853298874,0.42447568312944656,0.16396763154066604
3670,0.3787017245703548,0.4475603964029733,0.17373787902667195
3671,0.4191765898055456,0.4304216081406447,0.15040180205380976
3672,0.3963168771693632,0.44478193420558443,0.1589011886250524
3673,0.4382511984040126,0.4102685824977149,0.1514802190982725
3674,0.4226627617095691,0.4236564249019494,0.15368081338848147
3675,0.43040986312767193,0.41175928083926205,0.157830856033066
3676,0.3893056402750908,0.4568023038698766,0.1538920558550326
3677,0.3944199533195319,0.45473376411778854,0.1508462825626796
3678,0.42893102564002256,0.42532657570916405,0.14574239865081337
3679,0.41100350437294314,0.445214031717174,0.14378246390988286
3680,0.4453792996734306,0.4044739293848103,0.15014677094175907
3681,0.43695993747977274,0.42477335182368503,0.1382667106965422
3682,0.4434121680363499,0.41209513967488476,0.14449269228876532
3683,0.4325358292456022,0.4282468283667075,0.1392173423876903
3684,0.3911575059340551,0.4752174593398404,0.13362503472610449
3685,0.4015787200385929,0.4257759628131702,0.17264531714823686
3686,0.44497813977471623,0.40511618935994176,0.149905670865342
3687,0.43279757376451783,0.4209155809567942,0.14628684527868793
3688,0.4036412881518548,0.44146675714768074,0.15489195470046446
3689,0.4408533537359937,0.42782172578172595,0.13132492048228034
3690,0.3737854097237996,0.4729316243741422,0.15328296590205817
3691,0.4100151631771569,0.4389005690994381,0.151084267723405
3692,0.4497467179214408,0.41209480864801606,0.13815847343054313
3693,0.46340118957636484,0.39507708301711186,0.14152172740652333
3694,0.4178066724732003,0.44046867688893643,0.14172465063786333
3695,0.43108062937387287,0.4283356310691597,0.14058373955696746
3696,0.4190814298142125,0.4451725215127576,0.1357460486730299
3697,0.4221933182984972,0.4364523626808048,0.141354319020698
3698,0.44488906151251667,0.40058460682188113,0.15452633166560223
3699,0.454654419157501,0.42088827622670333,0.12445730461579563
3700,0.418604092143898,0.4422942947554095,0.13910161310069252
3701,0.43691574266985544,0.42940524387756057,0.13367901345258398
3702,0.42930002926509625,0.44355878476702754,0.12714118596787619
3703,0.42779933474989906,0.4282488280613433,0.14395183718875765
3704,0.43422994115934826,0.43228667307990004,0.1334833857607517
3705,0.47627638985796644,0.40999046312969367,0.11373314701233986
3706,0.4723269804641875,0.3986604532117623,0.12901256632405025
3707,0.43173109984003244,0.4391927582896415,0.1290761418703261
3708,0.44572604048691417,0.4290309399963942,0.1252430195166916
3709,0.4400082052375987,0.4318106278877969,0.1281811668746044
3710,0.47560548659961177,0.4064734629084061,0.11792105049198216
3711,0.4812421173280142,0.4023201226799719,0.11643775999201389
3712,0.4413743584320446,0.42174433178992504,0.1368813097780304
3713,0.44903802637670076,0.4176472839144937,0.13331468970880558
3714,0.48767412082279654,0.3837534911270816,0.12857238805012186
3715,0.46454317081943675,0.40606186827935326,0.12939496090121
3716,0.487291680126232,0.39854446244197306,0.114163857431795
3717,0.49681379852360025,0.38547137065773607,0.11771483081866368
3718,0.4793042997013445,0.3990132480502489,0.12168245224840658
3719,0.4847053507601751,0.38333711315403474,0.13195753608579014
3720,0.4717654679130161,0.40373031536062837,0.12450421672635549
3721,0.46462630090595464,0.4176652517724574,0.11770844732158799
3722,0.4888295942616092,0.37406316369843445,0.13710724203995633
3723,0.47355562300774745,0.3791406644973521,0.14730371249490043
3724,0.48881036546045886,0.38272079264636616,0.12846884189317495
3725,0.47762020260407667,0.3990997395561755,0.12328005783974778
3726,0.49765814330266317,0.38229565929968234,0.12004619739765447
3727,0.44328421739813856,0.43489381120807213,0.12182197139378925
3728,0.4606490689085041,0.4085148693854795,0.1308360617060164
3729,0.4215997792336642,0.4461696694104024,0.13223055135593337
3730,0.4611532748117368,0.41852869848524454,0.12031802670301867
3731,0.46300757469089104,0.40486257448804014,0.13212985082106882
3732,0.49252940889555774,0.37167319941134586,0.13579739169309635
3733,0.4519673411412225,0.41689083697575163,0.1311418218830259
3734,0.48026872942889387,0.3947490609644395,0.1249822096066666
3735,0.4634302463066083,0.41271539202061885,0.12385436167277288
3736,0.4584099406045848,0.4125701644761303,0.12901989491928492
3737,0.5113040694880512,0.3759531265272471,0.11274280398470171
3738,0.503586965214946,0.3845106279781945,0.11190240680685949
3739,0.4911826869520316,0.3826496947252848,0.12616761832268356
3740,0.5111860586447234,0.37674442241190487,0.11206951894337162
3741,0.4736655162924597,0.4058232690587513,0.12051121464878901
3742,0.5066907542818208,0.3752184845454122,0.11809076117276708
3743,0.4642130908606727,0.4105943503620639,0.12519255877726346
3744,0.4827780257290025,0.3882308791599243,0.12899109511107315
3745,0.4767937641626781,0.4011910422150041,0.12201519362231775
3746,0.450012944977791,0.4166575089485651,0.1333295460736439
3747,0.4419938199932322,0.4293386104967468,0.12866756951002103
3748,0.5116143466970042,0.3702705984708068,0.11811505483218897
3749,0.5041509493885438,0.3631507189648186,0.13269833164663766
3750,0.49999715430346475,0.364223222538339,0.13577962315819625
3751,0.5227148401013394,0.3369856320021305,0.14029952789653008
3752,0.48213873345014563,0.38974008983609526,0.12812117671375908
3753,0.499697039264464,0.3680976465031557,0.1322053142323803
3754,0.4530668653657606,0.39812819317720377,0.14880494145703566
3755,0.47327024289985453,0.3859030819983394,0.14082667510180608
3756,0.4999908037934813,0.3784353460293791,0.12157385017713955
3757,0.5024101271166523,0.36431761167365484,0.1332722612096928
3758,0.4948036441505804,0.3822601575233853,0.1229361983260342
3759,0.4617236977270687,0.4005567634416109,0.13771953883132038
3760,0.4509739276401043,0.4254533731617086,0.12357269919818707
3761,0.4620335778576642,0.4049213837181491,0.1330450384241867
3762,0.4545199240803712,0.41991032565047604,0.1255697502691528
3763,0.5409292370656772,0.3383746949302284,0.12069606800409442
3764,0.5529611883903689,0.3184014355637895,0.12863737604584155
3765,0.5280686884624084,0.3503044233025053,0.12162688823508636
3766,0.5321669329094316,0.3428203378491066,0.12501272924146178
3767,0.5402742433256984,0.33933125824910704,0.12039449842519458
3768,0.5333845181710144,0.34123635961249954,0.1253791222164861
3769,0.5185702558978998,0.3663703382727672,0.11505940582933288
3770,0.526648881838685,0.35739097582099727,0.11596014234031776
3771,0.5243581091964886,0.35774364395605274,0.11789824684745866
3772,0.5527241902516131,0.335372932668076,0.11190287708031091
3773,0.5552950756497596,0.33237681809993486,0.11232810625030563
3774,0.5536685754500112,0.32691962033488114,0.11941180421510754
3775,0.5475268652223881,0.3491653115153979,0.10330782326221395
3776,0.5407302748608996,0.34362363498271536,0.11564609015638505
3777,0.48461623224697553,0.3858009968761296,0.12958277087689485
3778,0.557037259933947,0.31827843848898435,0.12468430157706863
3779,0.5522707182562431,0.3342195697399819,0.11350971200377502
3780,0.5315567032961364,0.3381536418810857,0.130289654822778
3781,0.49471591790755814,0.3690185177975426,0.13626556429489925
3782,0.5039385083924309,0.3576934383602238,0.1383680532473453
3783,0.5069037820068363,0.3678692939528614,0.1252269240403023
3784,0.5670518474700226,0.3194559186096215,0.1134922339203559
3785,0.5472381695746981,0.3406997898341202,0.11206204059118173
3786,0.5152109092967988,0.37390799533461716,0.11088109536858402
3787,0.4982506178360954,0.37460276826713473,0.12714661389676984
3788,0.5117746215124296,0.35321975228965624,0.1350056261979142
3789,0.5756011619170335,0.31981463368343666,0.10458420439952978
3790,0.5574750431238336,0.3281446547051586,0.11438030217100784
3791,0.5157682475790683,0.3580612254708137,0.126170526950118
3792,0.5061250913827009,0.36958471333762694,0.12429019527967211
3793,0.5437602234703687,0.34176270928868213,0.11447706724094923
3794,0.5281838742828869,0.35167924748261453,0.1201368782344985
3795,0.5203660222972607,0.36273527333717365,0.1168987043655656
3796,0.5136511579516442,0.37441587841182206,0.11193296363653384
3797,0.5559135206758411,0.31951813876781643,0.1245683405563424
3798,0.5189621229708962,0.3637596338265247,0.11727824320257912
3799,0.5286145333144102,0.35571429762329787,0.11567116906229188
3800,0.48848395769446695,0.38290214376997705,0.128613898535556
3801,0.5113902039461136,0.3554758876847819,0.13313390836910446
3802,0.48318134462750645,0.3943733814708182,0.1224452739016754
3803,0.5074090600434418,0.3607643108430058,0.13182662911355236
3804,0.5433625547231548,0.3227464992759487,0.13389094600089652
3805,0.527374356221922,0.3436861614757785,0.12893948230229954
3806,0.541063858385366,0.3293553248353195,0.12958081677931454
3807,0.5985485579754569,0.29505810442945,0.10639333759509309
3808,0.5812608225360639,0.3050768545829505,0.11366232288098566
3809,0.5468229231731815,0.33679644643481205,0.11638063039200648
3810,0.5547569963452584,0.3393669228577359,0.10587608079700564
3811,0.5482410194253395,0.33448096855630327,0.11727801201835715
3812,0.5491855488417728,0.3393355373124379,0.11147891384578924
3813,0.49816118238961854,0.3661056364647165,0.13573318114566493
3814,0.535910979709227,0.34985244813926314,0.11423657215150983
3815,0.5175856711932403,0.36202733380697993,0.12038699499977976
3816,0.5519415309655084,0.3278448923951114,0.12021357663938022
3817,0.5228997237459584,0.35947094625055803,0.11762933000348355
3818,0.5903324298074002,0.2963981884770223,0.11326938171557747
3819,0.5718996868585682,0.3126190627431948,0.11548125039823705
3820,0.5956118586918023,0.30531226212825735,0.09907587917994032
3821,0.5797250991291056,0.30813319866786604,0.11214170220302834
3822,0.5413398141929172,0.32604492404598767,0.13261526176109512
3823,0.6075086356738572,0.28787922507026703,0.10461213925587584
3824,0.5767048441335842,0.3136520411686509,0.10964311469776485
3825,0.600842642275738,0.29126938218968673,0.1078879755345752
3826,0.6055507118845529,0.2938454036557082,0.10060388445973895
3827,0.58311663552411,0.3054766736494273,0.11140669082646272
3828,0.5413711136003293,0.3328640278900734,0.12576485850959734
3829,0.5425583282895752,0.3329874682604426,0.12445420344998218
3830,0.5347275446466744,0.348146580730195,0.11712587462313061
3831,0.5411467895435841,0.3325964462439308,0.12625676421248513
3832,0.5764331400511609,0.3119545136780223,0.1116123462708168
3833,0.570671594162883,0.31785568114099194,0.11147272469612497
3834,0.5849128829265928,0.2985692438136859,0.11651787325972131
3835,0.5462086719054603,0.33672175651844805,0.11706957157609166
3836,0.5603983540733503,0.3295259903683115,0.11007565555833823
3837,0.5595484891390158,0.3279502269133562,0.11250128394762801
3838,0.5399350357992168,0.3463236629510691,0.11374130124971422
3839,0.5482809244844641,0.32921584011870725,0.12250323539682866
3840,0.5724796061067665,0.31173911252753433,0.1157812813656991
3841,0.5442628846670537,0.33707443001488946,0.11866268531805683
3842,0.5489481176907517,0.3235115445771882,0.12754033773206014
3843,0.5527709197738833,0.3322313662850585,0.11499771394105822
3844,0.5442096040268685,0.33712643089016053,0.11866396508297097
3845,0.5422377984097846,0.33599693373473244,0.12176526785548299
3846,0.5700278154617541,0.3229080750548743,0.10706410948337165
3847,0.567015846037575,0.3158997337352968,0.1170844202271282
3848,0.5309761825290219,0.3440642417678604,0.12495957570311769
3849,0.5204980513133503,0.355176533774301,0.12432541491234876
3850,0.509510153032875,0.3438876251600172,0.14660222180710789
3851,0.5621756702732564,0.31824460151104694,0.1195797282156966
3852,0.5272747183590726,0.3535478020040912,0.11917747963683623
3853,0.5431491457386608,0.3316433178315136,0.1252075364298256
3854,0.5314817317104369,0.3370448821294786,0.13147338616008447
3855,0.5374235450704485,0.3439347000475377,0.11864175488201378
3856,0.5461322299175939,0.32313060265896787,0.13073716742343824
3857,0.5681392882041979,0.3114325210016697,0.1204281907941324
3858,0.5516142955668668,0.3270936373902678,0.12129206704286542
3859,0.5399149237512428,0.3260064134628472,0.13407866278590994
3860,0.5768868426925599,0.29983746195840394,0.12327569534903618
3861,0.5834935003834273,0.2876721785474671,0.12883432106910564
3862,0.5501161744705595,0.31362525710345207,0.1362585684259885
3863,0.5852476317079369,0.2850899086605936,0.12966245963146952
3864,0.5935364346058268,0.27411737243008094,0.1323461929640922
3865,0.5572687589960558,0.3158511818409931,0.1268800591629512
3866,0.572233875117741,0.30414122962836915,0.1236248952538898
3867,0.5926847012172966,0.2836378398119458,0.12367745897075763
3868,0.5784755595126834,0.2965869078847695,0.12493753260254714
3869,0.5486618064637164,0.3243645867164354,0.12697360681984818
3870,0.5315097565289159,0.3339245588664597,0.13456568460462442
3871,0.5682257328715778,0.31539608556102644,0.11637818156739564
3872,0.5552240069783637,0.3194194736490151,0.1253565193726213
3873,0.5966032070269919,0.2889817293445268,0.11441506362848135
3874,0.5956102796139219,0.2837710901846142,0.12061863020146386
3875,0.560905915935673,0.31368804588408195,0.12540603818024518
3876,0.5387499470687568,0.3369704159378271,0.12427963699341613
3877,0.5375603463922699,0.3243781320564602,0.13806152155126986
3878,0.5447202764116245,0.33633830431963985,0.11894141926873578
3879,0.5856666357934535,0.3013491702122285,0.11298419399431803
3880,0.565796317130159,0.3187793823547017,0.11542430051513929
3881,0.5857515284177988,0.28869283233744725,0.125555639244754
3882,0.5701251175257643,0.31574511103599134,0.11412977143824435
3883,0.5535024381525929,0.316201840395385,0.13029572145202212
3884,0.564980243449211,0.31510406881616115,0.11991568773462773
3885,0.5963951311893576,0.28842577180261075,0.11517909700803164
3886,0.6083501363028535,0.27243824950233453,0.11921161419481197
3887,0.5399006490772855,0.33372782616038205,0.12637152476233246
3888,0.588004673784845,0.29580167190237444,0.11619365431278061
3889,0.594474352694953,0.28002650086204744,0.12549914644299953
3890,0.6024995891746789,0.282765557979507,0.11473485284581406
3891,0.5579565841497917,0.32308591175221096,0.11895750409799741
3892,0.5927779557296591,0.2930076877664956,0.11421435650384536
3893,0.5653402748347608,0.3135496755669058,0.12111004959833334
3894,0.5921390241823643,0.28259189247616506,0.1252690833414707
3895,0.5527194892270834,0.31414251213941885,0.13313799863349782
3896,0.5908361329348679,0.2761718220704667,0.13299204499466544
3897,0.5498823545256051,0.32920604315594015,0.12091160231845477
3898,0.5720983080896318,0.3099099202492272,0.11799177166114108
3899,0.576656998975577,0.2937975582617835,0.12954544276263952
3900,0.571322896244175,0.29639073901800106,0.13228636473782396
3901,0.5916021064019412,0.28909237199656196,0.1193055216014968
3902,0.5865310405560038,0.29065297749935404,0.12281598194464219
3903,0.5869601906477825,0.29930228646387197,0.11373752288834552
3904,0.5902592995881636,0.28318572182518337,0.12655497858665307
3905,0.5747447252101316,0.29631020620534576,0.1289450685845226
3906,0.5859870535931405,0.2991250122739233,0.11488793413293617
3907,0.6157065225411996,0.2653648198526675,0.11892865760613279
3908,0.6238872092305148,0.26070102786921046,0.1154117629002748
3909,0.624269522199261,0.2659916609263782,0.10973881687436074
3910,0.5923012466280332,0.28179017773442666,0.1259085756375402
3911,0.6255575600835949,0.25173917706908344,0.12270326284732172
3912,0.5980504370122643,0.28735560816482175,0.11459395482291385
3913,0.5894241146740133,0.2829789783424954,0.1275969069834912
3914,0.6223560661770978,0.2624567795438957,0.11518715427900644
3915,0.5768640331698449,0.2861487510412171,0.13698721578893794
3916,0.6179604032338711,0.25945197413006127,0.12258762263606761
3917,0.5982603886550072,0.29207879711564855,0.10966081422934423
3918,0.5913337557538096,0.29953025929307475,0.10913598495311555
3919,0.585054449754572,0.27885577132426664,0.1360897789211613
3920,0.6155793205551039,0.2714155599421928,0.1130051195027033
3921,0.6174945482932154,0.25422519871119326,0.12828025299559143
3922,0.6181257462922299,0.2667318587130387,0.11514239499473138
3923,0.611448618573469,0.27045283183029534,0.11809854959623567
3924,0.5940869678681966,0.28762666173388396,0.11828637039791946
3925,0.6419022951246206,0.24014334550452418,0.11795435937085515
3926,0.617387337735095,0.2658958731616243,0.11671678910328077
3927,0.6110341817058749,0.267894842129886,0.12107097616423913
3928,0.6115437306033931,0.27532027122949315,0.11313599816711381
3929,0.5881197813974721,0.28692291440875267,0.12495730419377521
3930,0.5931248556737219,0.2770732077474073,0.1298019365788708
3931,0.5995239109239446,0.27818740258252245,0.12228868649353289
3932,0.5979033759480551,0.2674575016992022,0.13463912235274267
3933,0.6116576078380133,0.26335037669208755,0.12499201546989916
3934,0.6421600323938429,0.23133451127102547,0.1265054563351316
3935,0.6322830568569561,0.24657575093960474,0.12114119220343918
3936,0.6337384045754454,0.24117609695032063,0.125085498474234
3937,0.6085352800396316,0.2866134247891144,0.10485129517125394
3938,0.5960795957429054,0.2983128073482184,0.1056075969088762
3939,0.5849518188878289,0.3024030359359907,0.11264514517618043
3940,0.61522133453226,0.27340052864597614,0.11137813682176387
3941,0.6108889619750607,0.27419666534499026,0.11491437267994904
3942,0.5930479696039952,0.30709529327446805,0.09985673712153681
3943,0.623153441269162,0.2708919517036724,0.10595460702716569
3944,0.612250160732493,0.2791999740507033,0.10854986521680361
3945,0.6109652435814157,0.2887082061920406,0.10032655022654381
3946,0.6335382502417984,0.2676089132318183,0.09885283652638328
3947,0.6175397998259263,0.2761567822362814,0.1063034179377923
3948,0.621574152520132,0.2728217652009446,0.10560408227892344
3949,0.6245311075482652,0.2680833731777137,0.10738551927402108
3950,0.5920507763118653,0.28638463317467117,0.12156459051346351
3951,0.6096238374712394,0.2833494475079624,0.10702671502079815
3952,0.6110621641360157,0.28454728716050154,0.10439054870348279
3953,0.6100857054776497,0.2896320542840068,0.10028224023834352
3954,0.5857512183633838,0.3070827373241252,0.10716604431249092
3955,0.6014060666874824,0.29082378978164153,0.10777014353087609
3956,0.5933834854204046,0.29779677385289344,0.1088197407267019
3957,0.6054249634486525,0.28335816143383585,0.11121687511751165
3958,0.6099949300412585,0.2806850511932051,0.10932001876553644
3959,0.6114279558877685,0.27953538511057385,0.10903665900165754
3960,0.5803446469437309,0.3056727520130451,0.11398260104322398
3961,0.5864646718917431,0.28508942817841887,0.12844589992983801
3962,0.544899643835037,0.33721826388261067,0.11788209228235243
3963,0.5997764328363772,0.2971811976083436,0.10304236955527926
3964,0.5958810459232626,0.29562698837526385,0.10849196570147354
3965,0.6198050729044315,0.2716427162772954,0.10855221081827301
3966,0.5967606627776308,0.28853797437485723,0.1147013628475119
3967,0.6293201785802237,0.26478455891599795,0.10589526250377834
3968,0.6153739768714989,0.27558761235560286,0.10903841077289834
3969,0.6066636898393637,0.28323429305053016,0.11010201711010614
3970,0.6134197330959925,0.2855415530607994,0.101038713843208
3971,0.5932046877148911,0.2987566528771221,0.10803865940798674
3972,0.6271993652482134,0.2615179363067574,0.11128269844502922
3973,0.613813136166276,0.28164745003309,0.10453941380063397
3974,0.6311419658471894,0.25482067590680435,0.1140373582460063
3975,0.6128996468831663,0.2773714977729039,0.10972885534392979
3976,0.6297646791234769,0.26531625817549587,0.10491906270102727
3977,0.6124256370023589,0.28230575710568023,0.10526860589196092
3978,0.5909989615665014,0.3004594631584366,0.10854157527506197
3979,0.6111971070382625,0.2718699145769771,0.1169329783847604
3980,0.6141178957619544,0.27873937633769585,0.10714272790034977
3981,0.590924492532782,0.28853925099002103,0.1205362564771969
3982,0.6057328202637503,0.27590436841472327,0.11836281132152646
3983,0.6333200430853907,0.2577125001078325,0.10896745680677682
3984,0.6367984975647197,0.2627375748110708,0.10046392762420946
3985,0.6233324437095364,0.2719143789266271,0.1047531773638365
3986,0.5904884207858184,0.29721977611593303,0.11229180309824847
3987,0.6294718216871242,0.2680810540943615,0.10244712421851429
3988,0.6120593895337354,0.27645948347581845,0.11148112699044617
3989,0.618751482050929,0.27677204545601125,0.10447647249305976
3990,0.5896329752562195,0.30029441484603026,0.11007260989775025
3991,0.604691774021319,0.2848616764186113,0.11044654956006969
3992,0.5810470016131478,0.30304847387797157,0.11590452450888059
3993,0.6401549478121481,0.2584725224571819,0.10137252973067004
3994,0.6321106230579491,0.2612535398872759,0.10663583705477503
3995,0.6446631693256215,0.2538482764847045,0.10148855418967405
3996,0.6100653079391253,0.28138878285487284,0.10854590920600186
3997,0.5971814964336912,0.28988260141139843,0.11293590215491037
3998,0.6425944440346658,0.25270429554306095,0.10470126042227323
3999,0.6543618643175492,0.23770706384629822,0.10793107183615258
4000,0.6526529041642501,0.2354659355592628,0.11188116027648703
4001,0.6583793928788597,0.2371797294150619,0.10444087770607836
4002,0.6592764504774643,0.23292630558016938,0.10779724394236632
4003,0.6664389928249612,0.2203173634392211,0.11324364373581775
4004,0.655811389447435,0.23518053881191595,0.10900807174064903
4005,0.6753880515758277,0.22641779029332382,0.09819415813084849
4006,0.6137631028220492,0.2798199671158184,0.10641693006213236
4007,0.6239190781159194,0.2598735348320294,0.11620738705205118
4008,0.6444771963347926,0.24735219472983172,0.10817060893537561
4009,0.6443477591707395,0.2479561995151305,0.10769604131412995
4010,0.6094302863226243,0.28064922621899147,0.10992048745838424
4011,0.6245203488385445,0.2626726057538206,0.11280704540763493
4012,0.6244490347846094,0.2723290508650984,0.10322191435029214
4013,0.6191148040397219,0.271428803814788,0.10945639214549012
4014,0.6297495084295285,0.2683121225314428,0.10193836903902864
4015,0.64630046175433,0.25116005399018715,0.10253948425548286
4016,0.6233045048344664,0.26724434310625494,0.10945115205927862
4017,0.6168593441849984,0.27823244194829316,0.10490821386670833
4018,0.6345753887259434,0.26494196216487853,0.10048264910917801
4019,0.6247477916646296,0.2658414610399205,0.10941074729544996
4020,0.614730713686509,0.2696252320818902,0.11564405423160076
4021,0.6243908997849762,0.27718933690549746,0.09841976330952627
4022,0.5991700643259928,0.29247030802098395,0.10835962765302323
4023,0.634092154938065,0.26168981500014854,0.10421803006178641
4024,0.647591458518189,0.2607719670107797,0.09163657447103128
4025,0.6302888091594655,0.2545278643115894,0.1151833265289451
4026,0.606936552774735,0.2810968074537171,0.11196663977154786
4027,0.6185589292080986,0.26281365513528104,0.11862741565662034
4028,0.6180324655523607,0.27762784455060385,0.10433968989703549
4029,0.6401322480399577,0.250311795720445,0.10955595623959728
4030,0.6426145790128578,0.251352505247414,0.10603291573972827
4031,0.622089071465624,0.2684606005551262,0.10945032797924979
4032,0.6296393510525243,0.26574874158532585,0.1046119073621498
4033,0.6508820111815672,0.24864239731105392,0.10047559150737885
4034,0.657240782684159,0.24360956510323722,0.09914965221260376
4035,0.6737045245092441,0.2350845922070028,0.09121088328375308
4036,0.6531283082921041,0.24750413862222925,0.09936755308566665
4037,0.6462333467978723,0.2393843032192773,0.11438234998285048
4038,0.6457621983056783,0.2514612549418495,0.10277654675247218
4039,0.6531557078558256,0.24020756177629654,0.10663673036787787
4040,0.6377918894230415,0.2501904582311899,0.1120176523457685
4041,0.6488620394517948,0.2501717177436677,0.10096624280453752
4042,0.6281537803053416,0.26281436539190167,0.10903185430275669
4043,0.6793848010996035,0.2257561611188047,0.09485903778159177
4044,0.6577293630256026,0.24244133969748102,0.09982929727691639
4045,0.6484600201054422,0.24216234807538717,0.1093776318191706
4046,0.6555574739745839,0.2432573896625136,0.10118513636290255
4047,0.6328370271059055,0.2513395984384115,0.115823374455683
4048,0.6466638995392029,0.2505709897170729,0.10276511074372413
4049,0.654177564617033,0.24141919488114338,0.10440324050182358
4050,0.6116055363174852,0.2737796722954496,0.11461479138706526
4051,0.6558120092889528,0.22993677122882034,0.11425121948222688
4052,0.616245102640621,0.2785455877960691,0.1052093095633099
4053,0.614873160794632,0.26995239565051443,0.11517444355485362
4054,0.6221701984124915,0.26478687791674704,0.11304292367076142
4055,0.6502074657452511,0.24469732204053657,0.10509521221421228
4056,0.6547595346850085,0.2406907801715905,0.10454968514340103
4057,0.6357376393669693,0.25857311927364557,0.10568924135938516
4058,0.6426507391301982,0.24969976430817953,0.10764949656162229
4059,0.6467017512230484,0.25475937658010667,0.09853887219684487
4060,0.6438983000256472,0.25355059023763277,0.10255110973672002
4061,0.6177761421493245,0.2745394324588765,0.107684425391799
4062,0.637397745094147,0.25588886945005485,0.10671338545579812
4063,0.6426075805310402,0.24501750171958472,0.11237491774937518
4064,0.6288990420123323,0.26055916748341534,0.11054179050425245
4065,0.649497033560289,0.2524400518452738,0.09806291459443725
4066,0.6585038746413858,0.23806585185107795,0.10343027350753621
4067,0.6429915397279047,0.24847936099462328,0.10852909927747202
4068,0.6609831477914097,0.23701876575092262,0.10199808645766775
4069,0.6288832265204746,0.2662417806108039,0.10487499286872151
4070,0.6477060485385913,0.24917147134432685,0.10312248011708183
4071,0.6188621766792445,0.2747597130934399,0.10637811022731566
4072,0.6511933625014069,0.24293950696952413,0.10586713052906893
4073,0.6179848878335711,0.2674818656662821,0.11453324650014673
4074,0.6838169503665319,0.22052984917791255,0.09565320045555557
4075,0.6571499973951758,0.23984790186401947,0.10300210074080475
4076,0.6607465065805374,0.2329784316985816,0.10627506172088111
4077,0.6698999411188489,0.22704887016614866,0.10305118871500245
4078,0.6649255025365567,0.23146504737778717,0.1036094500856561
4079,0.6481547604686885,0.23427927493224604,0.11756596459906551
4080,0.6813795040083992,0.21289629690835982,0.105724199083241
4081,0.6415253828617514,0.25383474881124624,0.10463986832700228
4082,0.6707400760253623,0.22580939572344094,0.10345052825119669
4083,0.6771799584622153,0.22155385530574703,0.10126618623203762
4084,0.6913733060819653,0.20290037612463246,0.10572631779340215
4085,0.6834721140124731,0.20610275196385155,0.11042513402367538
4086,0.6866261250317018,0.21912513724878557,0.09424873771951262
4087,0.6798332392364858,0.21922809386869918,0.10093866689481504
4088,0.6689224732162864,0.2224134359669101,0.10866409081680348
4089,0.6962132912664393,0.20473243381392742,0.09905427491963333
4090,0.6613610316974361,0.23155559275394877,0.10708337554861512
4091,0.6573331300194334,0.23479898164227095,0.10786788833829566
4092,0.6808354904197788,0.20927435726866325,0.10989015231155796
4093,0.6664215814939967,0.22925715583350173,0.10432126267250165
4094,0.6749083165796131,0.2200628995543903,0.10502878386599657
4095,0.6454267610341815,0.2482520544499008,0.10632118451591768
4096,0.6631416054450701,0.24044260592066602,0.09641578863426388
4097,0.6522296750662233,0.23605238165289272,0.11171794328088398
4098,0.6578051505975135,0.22890718211135128,0.11328766729113512
4099,0.6575137215936621,0.23147573534791005,0.11101054305842784
4100,0.6679556129133637,0.2140174399371761,0.1180269471494602
4101,0.6749966028856409,0.21623835327447608,0.108765043839883
4102,0.6431474630349991,0.237772198961131,0.11908033800386993
4103,0.6640172508023857,0.22050523087331036,0.11547751832430396
4104,0.6827457492281624,0.20400891132808782,0.11324533944374973
4105,0.6880754010451365,0.2021312680082932,0.10979333094657029
4106,0.6937304982834562,0.20556564503613403,0.10070385668040976
4107,0.6847437587428225,0.2127740016200824,0.10248223963709512
4108,0.7036372092881632,0.19056878353196233,0.10579400717987443
4109,0.6685062981058325,0.2158784234073781,0.11561527848678943
4110,0.6430366387947996,0.23414888564472747,0.12281447556047302
4111,0.5874284642348663,0.2725929153205223,0.1399786204446114
4112,0.641117896894985,0.24098603097910964,0.11789607212590535
4113,0.6197041589869005,0.25170312376539344,0.12859271724770616
4114,0.6581360824330307,0.2252222440733326,0.11664167349363672
4115,0.6602320089576575,0.2188463449270834,0.12092164611525902
4116,0.6591532652879813,0.22927906472889933,0.11156766998311927
4117,0.683273469619107,0.2135477834164735,0.10317874696441953
4118,0.6654553970010773,0.21874477111213544,0.11579983188678733
4119,0.6568395362226507,0.23439068004617833,0.10876978373117104
4120,0.6469766417235476,0.24329858788054665,0.1097247703959057
4121,0.6598547264141332,0.22932451475943277,0.11082075882643397
4122,0.6621532876774062,0.21899149817640468,0.1188552141461891
4123,0.6520521689093668,0.22639095013071206,0.12155688095992118
4124,0.6451855116106046,0.24079007303735603,0.11402441535203944
4125,0.6309086564109211,0.24757678579598938,0.12151455779308955
4126,0.6374698974206022,0.23816755473621443,0.12436254784318339
4127,0.6573293429995546,0.22450520328644724,0.11816545371399817
4128,0.6375154384210101,0.23711008143835302,0.12537448014063685
4129,0.6623151997312454,0.22703201918678484,0.11065278108196978
4130,0.6602945889918194,0.23317076307145862,0.10653464793672206
4131,0.6658826994691817,0.2230767892263731,0.11104051130444519
4132,0.6318535612393843,0.24602154450305203,0.12212489425756369
4133,0.6428243192583777,0.24426839501036585,0.11290728573125643
4134,0.6280484911629329,0.2563196716821036,0.11563183715496346
4135,0.6250631240735298,0.24967143612513554,0.12526543980133464
4136,0.6290186017893381,0.25350600920624505,0.11747538900441688
4137,0.6445984573597666,0.23415551813433685,0.1212460245058965
4138,0.6352317389136951,0.2399637035436381,0.12480455754266678
4139,0.6304911566957899,0.24425990728442612,0.1252489360197839
4140,0.6300506703641212,0.2479990241286053,0.12195030550727347
4141,0.6243604927956365,0.2508060574122397,0.12483344979212371
4142,0.6293780711230164,0.24161738308210895,0.12900454579487472
4143,0.6609079937401536,0.21417363900802328,0.12491836725182309
4144,0.6210033913301997,0.2533404842906649,0.1256561243791354
4145,0.6222717441371377,0.24355228251508357,0.13417597334777867
4146,0.6662395580413741,0.20932269171605214,0.12443775024257374
4147,0.6559184048902285,0.22134405797835122,0.12273753713142037
4148,0.6256980549333413,0.2459266861097133,0.12837525895694538
4149,0.6331578227242091,0.21935404512329768,0.14748813215249326
4150,0.6584954809889733,0.2209985521573406,0.12050596685368613
4151,0.6417821780572869,0.22196717309232195,0.13625064885039115
4152,0.6350281343388573,0.22650044224414229,0.13847142341700044
4153,0.6574134035670774,0.21740082407157243,0.1251857723613501
4154,0.6393712858457488,0.22284812980119564,0.13778058435305557
4155,0.6249005033896954,0.23767090260947352,0.13742859400083113
4156,0.6169344262109114,0.23206212305447932,0.1510034507346093
4157,0.6311790306048634,0.23059576593193817,0.1382252034631985
4158,0.6490242647578991,0.1981069244274662,0.15286881081463474
4159,0.6526627780374915,0.2139132676956694,0.13342395426683912
4160,0.6813497242588651,0.1899274804455342,0.12872279529560068
4161,0.6280690416983646,0.21861202227373822,0.15331893602789712
4162,0.6338079971087248,0.22958563710537894,0.13660636578589622
4163,0.6643574421426595,0.20908432469318436,0.1265582331641562
4164,0.6251374738174145,0.22543407447638003,0.1494284517062055
4165,0.6148020696127828,0.23512525572044082,0.15007267466677632
4166,0.5982950541382971,0.22916762254325734,0.1725373233184456
4167,0.6208164121999186,0.22133603726578627,0.15784755053429517
4168,0.6449940416237309,0.2170557130923063,0.13795024528396288
4169,0.6632796715203382,0.1858220740366691,0.15089825444299276
4170,0.6433798654708403,0.21601595544371652,0.14060417908544318
4171,0.6235789516653671,0.22477224214183072,0.1516488061928022
4172,0.6355097426641112,0.2165447149997563,0.14794554233613252
4173,0.5822374815891399,0.2529117137204118,0.16485080469044833
4174,0.6090593267070414,0.223021017610188,0.16791965568277062
4175,0.6616745929375778,0.1880681567818551,0.15025725028056716
4176,0.6019995594212516,0.24694165152747416,0.15105878905127423
4177,0.6137528528410809,0.2363122569292131,0.1499348902297059
4178,0.6112951447861544,0.23818331949481678,0.1505215357190288
4179,0.6331708034792642,0.2065197471171137,0.160309449403622
4180,0.6016597552798866,0.22466533354568888,0.17367491117442452
4181,0.538051829071593,0.28093851480677,0.18100965612163702
4182,0.5536452083094101,0.27190289276740276,0.17445189892318716
4183,0.567004949436862,0.2548446285026333,0.17815042206050477
4184,0.5528046466558147,0.268394432395163,0.17880092094902228
4185,0.5995535221558863,0.24246304108747507,0.15798343675663862
4186,0.5956061936132059,0.24348695903219186,0.16090684735460223
4187,0.528000946854261,0.2980255285264258,0.17397352461931326
4188,0.5616659849139102,0.27707029647832176,0.161263718607768
4189,0.6025771997384813,0.23952729882918564,0.157895501432333
4190,0.6013162946962665,0.2373081354502193,0.16137556985351426
4191,0.62521412982201,0.22061581062750626,0.1541700595504837
4192,0.6016630498014965,0.23982294696243078,0.15851400323607265
4193,0.5818558414261702,0.25146355499279693,0.16668060358103287
4194,0.6153742121016473,0.21457598763161034,0.1700498002667423
4195,0.5628782956843935,0.2652464741627952,0.17187523015281128
4196,0.5068488488568547,0.291592129866879,0.20155902127626626
4197,0.5611312519227857,0.26618558935211817,0.17268315872509618
4198,0.5431589499649153,0.2594167580829453,0.1974242919521394
4199,0.5697643645835313,0.2249845405841814,0.20525109483228723
4200,0.5352927053178865,0.2707105835188708,0.19399671116324269
4201,0.5490091862082797,0.26557771719421147,0.18541309659750893
4202,0.5737183140730768,0.26390829873966865,0.16237338718725458
4203,0.5633659280449637,0.2709987998684281,0.16563527208660817
4204,0.5753952079339173,0.2558193832191109,0.16878540884697177
4205,0.5375751839432398,0.27935146477832307,0.18307335127843713
4206,0.5490261524592119,0.28281030300196336,0.16816354453882473
4207,0.5593959721951077,0.25755619083267206,0.18304783697222016
4208,0.5535739681045831,0.2664239452213777,0.18000208667403914
4209,0.5348427800714888,0.26779204139019286,0.1973651785383184
4210,0.5266759644533862,0.26725553488506476,0.20606850066154908
4211,0.5065259078747586,0.2928638578808681,0.20061023424437333
4212,0.5400262369349912,0.2668446382483454,0.19312912481666344
4213,0.5367637522852493,0.26412819220219247,0.19910805551255825
4214,0.5114315644920807,0.26652792822550014,0.2220405072824192
4215,0.5303142460485272,0.2735191129180171,0.19616664103345574
4216,0.5434585710716371,0.28536640072276576,0.17117502820559719
4217,0.5361779351911511,0.28919095783562604,0.17463110697322282
4218,0.5532470814477889,0.2586721852854094,0.18808073326680166
4219,0.5710539607282149,0.2504951248631819,0.17845091440860325
4220,0.5244232303132447,0.29807489261422637,0.17750187707252899
4221,0.5574989308309042,0.2482883463026412,0.19421272286645463
4222,0.518811609121391,0.30675498913556104,0.17443340174304794
4223,0.5397670433072284,0.2877248737811747,0.17250808291159697
4224,0.4967439713035178,0.29032163323070725,0.21293439546577497
4225,0.4972370155013857,0.30838689694378985,0.19437608755482444
4226,0.49733143351178916,0.2926671921267566,0.21000137436145425
4227,0.4747881037383516,0.32909705432277886,0.19611484193886955
4228,0.5177515606399559,0.2962345876920069,0.1860138516680373
4229,0.5177910613848591,0.2885955994158299,0.19361333919931098
4230,0.5362739405611489,0.27779103040623027,0.18593502903262082
4231,0.4856019655420503,0.3146866021722093,0.1997114322857404
4232,0.492058689714245,0.30314756363705103,0.20479374664870395
4233,0.49519064348874153,0.29936437166279234,0.20544498484846613
4234,0.5293457664482197,0.28909592529412054,0.1815583082576597
4235,0.510002829166379,0.28593031920801354,0.20406685162560748
4236,0.5112070234660366,0.29693400537026754,0.1918589711636958
4237,0.49786654706756767,0.30225055360484604,0.19988289932758627
4238,0.48948472695334094,0.300823755612789,0.20969151743387004
4239,0.5170357608826938,0.2979829338444243,0.18498130527288195
4240,0.49440106347354795,0.3039075534898598,0.20169138303659223
4241,0.5059638229017503,0.3029809557172844,0.19105522138096528
4242,0.4810817383853405,0.30174762259294513,0.2171706390217144
4243,0.503982633621415,0.2722491242734777,0.22376824210510732
4244,0.4971388855586626,0.2912402011051197,0.2116209133362177
4245,0.5128326914902177,0.30614867589050204,0.18101863261928022
4246,0.47448856741024953,0.32769525002285665,0.19781618256689382
4247,0.4648054614589407,0.34006238396903693,0.19513215457202238
4248,0.4546286945102074,0.3447431432459123,0.2006281622438803
4249,0.43702006028779766,0.32793729606626454,0.2350426436459378
4250,0.47153883910512906,0.33010872440360906,0.1983524364912619
4251,0.4204507387308449,0.3582403650511911,0.221308896217964
4252,0.4213249168505644,0.3665305102821629,0.21214457286727273
4253,0.44249816736257575,0.3481774023793113,0.20932443025811298
4254,0.46594410188271945,0.3397698199824969,0.19428607813478366
4255,0.4330613327764093,0.3551235797005125,0.21181508752307823
4256,0.43341545560959943,0.3618342323500814,0.20475031204031918
4257,0.4716552200675451,0.33461236019986995,0.19373241973258495
4258,0.482090009166536,0.3177849660485712,0.2001250247848928
4259,0.47033357454444413,0.30892600930031927,0.2207404161552366
4260,0.43188808460038314,0.35876807439777725,0.20934384100183964
4261,0.43797809017533496,0.36330288815688827,0.19871902166777675
4262,0.43057005896587824,0.3611756258735734,0.20825431516054838
4263,0.46306376866031973,0.3291233221990204,0.20781290914065983
4264,0.45819242556648243,0.33324021810036064,0.20856735633315693
4265,0.4780717793720368,0.3298094493988743,0.1921187712290889
4266,0.4430244776990842,0.3479003667660457,0.2090751555348701
4267,0.39044487080466694,0.38055184319853325,0.2290032859967998
4268,0.34515671904693385,0.4066709669096304,0.24817231404343576
4269,0.431745560298022,0.33162807676879075,0.23662636293318723
4270,0.44145799575853206,0.3551208163588741,0.2034211878825938
4271,0.43924890788819004,0.34739829122784033,0.2133528008839696
4272,0.41597368311322197,0.3753799792820333,0.20864633760474469
4273,0.4178346531128455,0.346194180655098,0.2359711662320565
4274,0.46156651255001624,0.32136435379185935,0.21706913365812444
4275,0.4298009998946036,0.33872279818688084,0.2314762019185156
4276,0.45283768603778146,0.3430089752578531,0.20415333870436544
4277,0.4738421433614623,0.3149245312842402,0.2112333253542975
4278,0.4490326936119605,0.3369756989883665,0.21399160739967296
4279,0.42067101403956014,0.3467310813170118,0.23259790464342806
4280,0.44858885519124897,0.34065829967579053,0.21075284513296053
4281,0.4643197408006094,0.3184328171826908,0.21724744201669988
4282,0.49536465654498535,0.29299110423195784,0.2116442392230568
4283,0.4191567734233816,0.3747398978522064,0.20610332872441203
4284,0.4113837030133564,0.37231404922842287,0.21630224775822077
4285,0.4267508938605722,0.37595111786785246,0.19729798827157535
4286,0.4035748465635402,0.3872293871942163,0.2091957662422435
4287,0.4201624345683593,0.3548074210955653,0.22503014433607546
4288,0.42314806529402704,0.36123438542589786,0.21561754928007507
4289,0.45153729804866594,0.35716302664839966,0.19129967530293443
4290,0.4563544624439959,0.3484512297025363,0.1951943078534678
4291,0.44919702091018104,0.3577221961023751,0.19308078298744386
4292,0.4173796840901516,0.369155756662879,0.21346455924696944
4293,0.42168761014902595,0.37483546597420714,0.2034769238767669
4294,0.42257447347120763,0.3735032237958727,0.20392230273291972
4295,0.4415493930539388,0.35379932307305695,0.20465128387300424
4296,0.46233101971898444,0.33137902723919743,0.2062899530418181
4297,0.4448218723377959,0.3748414264337831,0.18033670122842096
4298,0.41532803799104084,0.38189351410338634,0.20277844790557278
4299,0.39226566076087244,0.39194170182314253,0.215792637415985
4300,0.4188748955186224,0.3852120620290397,0.1959130424523379
4301,0.41402201749367534,0.3914439921371898,0.19453399036913488
4302,0.43998390401532866,0.3569173200565913,0.20309877592807996
4303,0.4272371221957763,0.3656142995734778,0.20714857823074587
4304,0.4254605263344426,0.37673229284478177,0.19780718082077567
4305,0.4197491087798058,0.38735828447602794,0.19289260674416625
4306,0.3932565996400436,0.3881012488482977,0.21864215151165867
4307,0.374632603525314,0.4449120289229455,0.18045536755174046
4308,0.3724710911145294,0.41965389671333164,0.20787501217213894
4309,0.396587211255459,0.39016828822272537,0.21324450052181562
4310,0.38415390871111876,0.3889964356276847,0.2268496556611965
4311,0.4232170149934991,0.40656864643558605,0.17021433857091484
4312,0.4165934402813933,0.3980314333908747,0.18537512632773198
4313,0.4164139762902998,0.40217426540627454,0.18141175830342565
4314,0.39343050917278954,0.4047795828593456,0.20178990796786486
4315,0.40101032807735065,0.40045375860393406,0.19853591331871526
4316,0.3958578131833247,0.4017589357040163,0.20238325111265903
4317,0.39407955683696594,0.4079821105047674,0.19793833265826666
4318,0.4142935586263053,0.4097582475635863,0.17594819381010834
4319,0.3888457761911836,0.41079477877296416,0.2003594450358522
4320,0.4564249122375928,0.37194229285241975,0.17163279490998745
4321,0.38832201146227796,0.41477166963143575,0.1969063189062863
4322,0.3857394069643567,0.40603118180112263,0.20822941123452066
4323,0.39529036240721505,0.3965325142659259,0.2081771233268591
4324,0.4065523696015384,0.38697797658000854,0.20646965381845303
4325,0.3559622558634938,0.4268464536108466,0.21719129052565964
4326,0.3734423415787086,0.4169810609213608,0.20957659749993063
4327,0.3802879061690289,0.4018335997533186,0.21787849407765247
4328,0.37697358866028713,0.40020247493556244,0.22282393640415046
4329,0.3757043223048668,0.41521020238009737,0.20908547531503585
4330,0.3705472412879422,0.4208298364628707,0.20862292224918708
4331,0.35698027566457546,0.4340254131413187,0.20899431119410586
4332,0.4266722454048128,0.38649843937037826,0.18682931522480897
4333,0.34802534174088234,0.43617766285415777,0.2157969954049599
4334,0.3727785669579318,0.4266039669890749,0.20061746605299333
4335,0.355687608236931,0.4443439130035219,0.1999684787595471
4336,0.35364585141222604,0.45012438575637415,0.19622976283139976
4337,0.31389161864692816,0.48149525771741297,0.20461312363565884
4338,0.30645998997758556,0.48313311164892025,0.21040689837349422
4339,0.3236905312701437,0.4751625833042725,0.20114688542558376
4340,0.35097759112529253,0.44423234997189054,0.20479005890281693
4341,0.3086465898705842,0.47388604311476973,0.21746736701464606
4342,0.31987880132654545,0.4707084205383759,0.20941277813507864
4343,0.29031791419006026,0.4961499600484312,0.21353212576150857
4344,0.3236365572370743,0.4640715029182401,0.21229193984468556
4345,0.33736185626840215,0.442545873391392,0.22009227034020584
4346,0.3639526704056085,0.44260960336701,0.19343772622738153
4347,0.35919977647102075,0.4391540781860656,0.20164614534291364
4348,0.38563103930218984,0.4214567572469824,0.19291220345082774
4349,0.37555721326673946,0.43576374651510136,0.18867904021815918
4350,0.3233730691539106,0.4742000141334584,0.202426916712631
4351,0.3359736708907242,0.4543178408068356,0.20970848830244015
4352,0.3386575310885338,0.46022710717297427,0.20111536173849187
4353,0.32966431781225636,0.45465342662438357,0.21568225556336007
4354,0.34596632940479566,0.4336872924399873,0.22034637815521704
4355,0.32435185251941195,0.4690456406854935,0.20660250679509456
4356,0.3109536016368208,0.4798298152192005,0.20921658314397876
4357,0.34371103761757704,0.45634799444152535,0.1999409679408976
4358,0.31193128590846597,0.46711080109208697,0.22095791299944706
4359,0.3117310489574031,0.4814002198625561,0.20686873118004076
4360,0.3251282825233927,0.4749306133266585,0.19994110414994884
4361,0.3201608061608388,0.48467019248469967,0.19516900135446152
4362,0.3514823254770497,0.45183725782366524,0.19668041669928504
4363,0.32586039716235915,0.4744172701800332,0.19972233265760767
4364,0.34794195997310334,0.4433340772607332,0.20872396276616345
4365,0.325824191037189,0.47445130608026204,0.19972450288254895
4366,0.3493873511662745,0.46414921983143687,0.18646342900228863
4367,0.3688843335277242,0.4522675293946524,0.1788481370776234
4368,0.32233329324421417,0.4767892432165438,0.200877463539242
4369,0.32486374405430013,0.4802606264746528,0.1948756294710471
4370,0.2788429942537698,0.4939796434666792,0.22717736227955102
4371,0.35651140630577605,0.4490391863062218,0.1944494073880022
4372,0.32263598469158333,0.4704259482195813,0.20693806708883544
4373,0.3278514940402836,0.470844684563281,0.20130382139643543
4374,0.3895581671985323,0.41664777175654627,0.19379406104492142
4375,0.32336533297827486,0.48298550917604244,0.1936491578456827
4376,0.3217448884091128,0.46117606169475,0.21707904989613716
4377,0.33539152663970095,0.46092001060059445,0.20368846275970456
4378,0.27701747490804995,0.5140259142652484,0.2089566108267017
4379,0.3142163499868658,0.4824526362844542,0.20333101372867998
4380,0.30048378050143854,0.47138624182909733,0.2281299776694641
4381,0.3265468596080731,0.4593209589946631,0.2141321813972638
4382,0.3042132264459,0.4726313984020416,0.2231553751520584
4383,0.2728563001910647,0.5065575515813289,0.22058614822760642
4384,0.3081300331249854,0.4858971911065852,0.20597277576842943
4385,0.3300388733736856,0.460716433136161,0.2092446934901534
4386,0.2911043867019518,0.49466727806073474,0.2142283352373134
4387,0.29988251747062067,0.49205605832484645,0.20806142420453289
4388,0.37275064334472413,0.44330637760714753,0.1839429790481283
4389,0.34557056514512435,0.4629049372423287,0.19152449761254695
4390,0.30417776459510426,0.5027423229225048,0.19307991248239098
4391,0.3148623732987691,0.48605284417290556,0.19908478252832532
4392,0.2828684712952256,0.4938314883564716,0.22330004034830278
4393,0.2866804936436258,0.5156178876351893,0.1977016187211848
4394,0.2724158236929955,0.5237579232607368,0.2038262530462677
4395,0.32211190328539585,0.4701445213569769,0.20774357535762722
4396,0.2953191359170738,0.48294848715936833,0.22173237692355785
4397,0.36544595940977304,0.44308887421884463,0.19146516637138233
4398,0.2943803369579332,0.5052424159681239,0.20037724707394286
4399,0.288585115052314,0.5024052003638801,0.20900968458380592
4400,0.3314711954067751,0.488192758658954,0.18033604593427088
4401,0.28456833548814564,0.5155631341983945,0.19986853031345986
4402,0.3205831848304137,0.4777428742142774,0.2016739409553089
4403,0.3236576844917046,0.4665447312672623,0.20979758424103304
4404,0.31492925533450417,0.4916991444954543,0.1933716001700415
4405,0.250038919004996,0.5218062582531184,0.2281548227418856
4406,0.2455338360405977,0.5164267658676037,0.23803939809179855
4407,0.25584282991164825,0.5360254048566983,0.2081317652316535
4408,0.2661165179677644,0.5118351550735335,0.222048326958702
4409,0.2895092290464321,0.47808345154811394,0.23240731940545392
4410,0.29201816551016746,0.5025034295193059,0.20547840497052658
4411,0.30912878861338505,0.4938259417160166,0.19704526967059832
4412,0.3075917969774179,0.5043536984213297,0.18805450460125234
4413,0.2728949785894133,0.5078834700339415,0.21922155137664523
4414,0.2691087621822453,0.5213226464598555,0.2095685913578992
4415,0.3137528106966078,0.48585870424472477,0.20038848505866744
4416,0.36989654489091706,0.4530282408538493,0.17707521425523362
4417,0.272005571337628,0.48706864162877667,0.24092578703359535
4418,0.3061772244657619,0.4849393557405442,0.20888341979369388
4419,0.27132087117294884,0.5295553152816473,0.19912381354540376
4420,0.302172562016198,0.48160975226650393,0.216217685717298
4421,0.34493312275561233,0.4340045039214822,0.22106237332290543
4422,0.3008404231010262,0.4986349872995796,0.2005245895993942
4423,0.29832992233758343,0.4977870733674394,0.20388300429497716
4424,0.30025158079932973,0.5079808808954767,0.19176753830519364
4425,0.3064303726366715,0.5090888553664387,0.1844807719968898
4426,0.33299977692145893,0.48011578302367686,0.1868844400548642
4427,0.31678201137770534,0.49604335823929924,0.18717463038299542
4428,0.3178052075923035,0.5018934274761889,0.18030136493150764
4429,0.3158493058978502,0.4988954851848171,0.18525520891733271
4430,0.3217375152440148,0.48578264832295703,0.1924798364330282
4431,0.3258157931881527,0.4826285042545078,0.19155570255733947
4432,0.33223481456799797,0.4641061081629546,0.20365907726904744
4433,0.3182957156929987,0.48636032812398405,0.19534395618301728
4434,0.3114380572769164,0.4668705042111995,0.22169143851188405
4435,0.2962719528377935,0.4927781744476841,0.2109498727145224
4436,0.30579801374831245,0.4947760717740376,0.19942591447764996
4437,0.30550118716849534,0.4981860335295884,0.1963127793019163
4438,0.31716367363971626,0.4770029729153184,0.20583335344496537
4439,0.30003875117856355,0.49313934025684064,0.2068219085645958
4440,0.2850600530224913,0.5010279592165485,0.21391198776096013
4441,0.2714671599924436,0.5088267845490487,0.21970605545850772
4442,0.2831937857949216,0.5161629425475123,0.20064327165756618
4443,0.29792273874109043,0.48465753740173917,0.21741972385717043
4444,0.28567389613063016,0.48300403230166783,0.23132207156770204
4445,0.2764612451810667,0.5152033339603409,0.20833542085859239
4446,0.25680033222422577,0.540246247847627,0.20295341992814728
4447,0.3121217672834519,0.49167155960271863,0.19620667311382947
4448,0.281992519094715,0.5096362875629338,0.20837119334235119
4449,0.3043149285865956,0.493602886207365,0.2020821852060394
4450,0.27486648591061114,0.5324515354368439,0.192681978652545
4451,0.2573647660590054,0.5380338113675391,0.2046014225734555
4452,0.2878135949097268,0.5122826819299495,0.19990372316032373
4453,0.288866427192455,0.49048461125754855,0.22064896154999647
4454,0.29254413171460053,0.5047900235636851,0.20266584472171437
4455,0.3022014336841846,0.5013289603755097,0.19646960594030569
4456,0.3477625165265288,0.4719356910269704,0.18030179244650082
4457,0.29134939271834004,0.5020309394253311,0.20661966785632896
4458,0.26361452856122763,0.5432174845967785,0.19316798684199385
4459,0.3025296048544535,0.5150693064923603,0.1824010886531862
4460,0.3020297154141068,0.5140686928342871,0.18390159175160614
4461,0.2891760402572205,0.5161145136976392,0.1947094460451403
4462,0.3189581494590133,0.4870225327707842,0.1940193177702025
4463,0.2948194894386982,0.531540878842501,0.17363963171880076
4464,0.29893139127009727,0.4983711754438758,0.20269743328602693
4465,0.31361816527534675,0.4973584111448639,0.18902342357978938
4466,0.30704386260360644,0.5029267566619063,0.19002938073448722
4467,0.310089769668778,0.4950949787046808,0.19481525162654123
4468,0.2954587293844536,0.5187077925387246,0.18583347807682188
4469,0.31663235549760793,0.49786364811594525,0.18550399638644682
4470,0.3552782785636475,0.46508233427666884,0.17963938715968367
4471,0.32124977863998644,0.4924052981223768,0.1863449232376367
4472,0.32577144362872984,0.4604231970243015,0.21380535934696868
4473,0.3864686551108579,0.4376065670149628,0.17592477787417932
4474,0.3268085849255402,0.47705020030832557,0.19614121476613425
4475,0.319289204158276,0.4853635940933862,0.1953472017483378
4476,0.34708758923606403,0.4627538624945187,0.19015854826941722
4477,0.31787937529419585,0.4855355687017671,0.196585056004037
4478,0.26068794737293416,0.5414275566841049,0.19788449594296093
4479,0.2874516119555934,0.5245506415724378,0.18799774647196887
4480,0.27518742379124317,0.5082128164585588,0.2165997597501981
4481,0.2691032767980701,0.5271825400147295,0.20371418318720036
4482,0.28121224849516324,0.5111944835049282,0.2075932679999085
4483,0.24436439842491084,0.5348471925570766,0.2207884090180126
4484,0.2700129622816494,0.5254860405851647,0.20450099713318587
4485,0.2640692306954472,0.5277305828996002,0.2082001864049527
4486,0.29977339903824396,0.5004524873945176,0.19977411356723837
4487,0.28203236163708334,0.5125177861933335,0.20544985216958314
4488,0.29933406022223213,0.5056360163496219,0.19502992342814604
4489,0.30391595571922936,0.5111815011006978,0.1849025431800728
4490,0.29342891555763795,0.5218178181591889,0.1847532662831731
4491,0.3513366337519329,0.4623175610854459,0.1863458051626212
4492,0.3012033141242491,0.5129952770546637,0.18580140882108714
4493,0.2992227260399222,0.4847239863421624,0.21605328761791537
4494,0.3092188624345206,0.49308032910533667,0.19770080846014276
4495,0.3121645049876987,0.4876675970501431,0.20016789796215817
4496,0.32715654611105427,0.4904931073931966,0.18235034649574908
4497,0.29782686575344736,0.5048770756260886,0.19729605862046398
4498,0.32355321200094306,0.4713609810317835,0.20508580696727344
4499,0.31184960824127994,0.49895828344164134,0.18919210831707872
4500,0.3150428049047444,0.4757476615190071,0.20920953357624852
4501,0.3442895467624482,0.4620271385629376,0.19368331467461425
4502,0.3351831227704489,0.46279032270420306,0.20202655452534798
4503,0.2798181130556439,0.4896513748449309,0.23053051209942516
4504,0.3029072911968739,0.47747374284637845,0.21961896595674768
4505,0.25749678132460263,0.5088691679521565,0.23363405072324087
4506,0.264058511494916,0.5069269577103668,0.22901453079471717
4507,0.33975489045650126,0.4609413777628346,0.1993037317806641
4508,0.33857825717698214,0.46029107996363444,0.20113066285938344
4509,0.29162401496644585,0.4737828386139712,0.23459314641958295
4510,0.3025527184196064,0.4695826321222473,0.2278646494581463
4511,0.30065225828654946,0.47242380907620307,0.22692393263724753
4512,0.2973395386086931,0.4858016909799938,0.2168587704113131
4513,0.30541412586728495,0.47364341514943153,0.2209424589832835
4514,0.2818305916489273,0.4948443329430485,0.22332507540802418
4515,0.334279891692346,0.42619851038034884,0.2395215979273051
4516,0.32371462132440393,0.47790362196776526,0.19838175670783081
4517,0.33391756045751786,0.4553075674030291,0.21077487213945303
4518,0.3412595378096805,0.4552849591260229,0.20345550306429658
4519,0.28851423824845784,0.47977616796658673,0.23170959378495548
4520,0.2781151293353963,0.47288715032204476,0.24899772034255901
4521,0.2880053644863461,0.46105956103795886,0.250935074475695
4522,0.29984170293696627,0.46729442697444257,0.23286387008859114
4523,0.3227963201031045,0.44580279975260106,0.23140088014429444
4524,0.3158521502286282,0.47200060897331836,0.2121472407980534
4525,0.31344465870090193,0.4548431418355751,0.23171219946352295
4526,0.27757007065127753,0.4845422982029196,0.23788763114580283
4527,0.33800218204595184,0.4377905696701586,0.22420724828388955
4528,0.30680585848820624,0.47110816098037755,0.22208598053141618
4529,0.30410075811794757,0.478748912535731,0.21715032934632147
4530,0.28857940170776497,0.4757811652208328,0.23563943307140228
4531,0.24184388219024067,0.5036805396728362,0.2544755781369232
4532,0.2496582982896406,0.48141190876438006,0.26892979294597935
4533,0.2906598388779103,0.4717230410190904,0.23761712010299932
4534,0.30914014656455346,0.45844931158158014,0.2324105418538664
4535,0.2792732744976205,0.47397514496765936,0.24675158053472013
4536,0.2938576008394405,0.46640603011978277,0.23973636904077675
4537,0.2427891252505731,0.49814401478415693,0.25906685996526996
4538,0.30788492193397454,0.44528932980284847,0.24682574826317702
4539,0.21252770510618232,0.5452972247207781,0.24217507017303957
4540,0.2517595303231015,0.5015631771046668,0.24667729257223173
4541,0.2670048136119171,0.47369346745048085,0.25930171893760207
4542,0.23164699546190698,0.519265375922598,0.24908762861549502
4543,0.26503436175660877,0.4369519829435081,0.2980136552998831
4544,0.26961778840656414,0.478112867692301,0.25226934390113487
4545,0.29411578256953574,0.46128258156571444,0.2446016358647498
4546,0.2680210290415836,0.50901818169933,0.22296078925908636
4547,0.27258426981360995,0.4838785169979105,0.24353721318847954
4548,0.2252037076526313,0.496416570452624,0.2783797218947447
4549,0.26568459086106544,0.47333206578114506,0.2609833433577895
4550,0.21902381152191183,0.5218258297475609,0.25915035873052733
4551,0.25745496127054796,0.5091419501709563,0.2334030885584957
4552,0.26381660503512006,0.49205743647191463,0.24412595849296528
4553,0.2599825208009936,0.49458330969446845,0.24543416950453795
4554,0.2972121254022164,0.4469309412079887,0.25585693338979487
4555,0.3071321881200814,0.4652680424263814,0.22759976945353713
4556,0.28127206719989384,0.47492132869240256,0.2438066041077036
4557,0.23764913440755694,0.5068902313562029,0.2554606342362401
4558,0.2501863542052898,0.49571974040142047,0.2540939053932898
4559,0.22921898418973505,0.5002617137531794,0.2705193020570855
4560,0.2633938220115393,0.4988307663634732,0.2377754116249875
4561,0.25291647267606254,0.49672736319922567,0.2503561641247118
4562,0.2752381030812371,0.49739797060561736,0.2273639263131455
4563,0.21482262305928265,0.5368744428059591,0.24830293413475826
4564,0.22267814252525592,0.5314801671110204,0.24584169036372366
4565,0.2621554615477654,0.5109790104191833,0.22686552803305135
4566,0.2724797802942781,0.5046950313430209,0.22282518836270107
4567,0.246094442824207,0.5094939252912856,0.2444116318845074
4568,0.26361817398396636,0.48855014511531375,0.24783168090071991
4569,0.23074096980070694,0.5086826170870503,0.2605764131122427
4570,0.24694100354398313,0.4809633321207959,0.272095664335221
4571,0.24899292752206592,0.4965907458950388,0.25441632658289526
4572,0.2359570625659684,0.4974015347957532,0.26664140263827835
4573,0.22683408788505358,0.5110598468691544,0.26210606524579205
4574,0.23291966903982403,0.5063027202643267,0.2607776106958493
4575,0.2261697860853209,0.532540589779478,0.241289624135201
4576,0.2557827163425572,0.4967964832415187,0.24742080041592407
4577,0.24397241170189268,0.5171821283384764,0.2388454599596309
4578,0.20334607203515412,0.533760276124897,0.2628936518399489
4579,0.22954055594290937,0.518665823966306,0.2517936200907846
4580,0.224983222489774,0.5318964072737418,0.24312037023648422
4581,0.2360587657398105,0.5087610556637685,0.25518017859642095
4582,0.24778235579383848,0.501805531341389,0.25041211286477244
4583,0.23622730533590738,0.5188648317299644,0.24490786293412817
4584,0.21545202670295416,0.5284650941415646,0.25608287915548117
4585,0.2882834247319601,0.5071224804105264,0.20459409485751337
4586,0.21850917703899733,0.5359538596410662,0.2455369633199364
4587,0.20712206996827634,0.533561200211491,0.2593167298202326
4588,0.22768415952553045,0.5243820812525666,0.24793375922190292
4589,0.2465320760305738,0.5032919462145148,0.25017597775491146
4590,0.2660691879226265,0.4937661696097803,0.24016464246759314
4591,0.26693197983905304,0.48723478959303496,0.24583323056791195
4592,0.280916093467214,0.4833271231316381,0.23575678340114786
4593,0.22005407989007733,0.517850322768735,0.2620955973411877
4594,0.20601972952052083,0.5501156714933982,0.24386459898608098
4595,0.24087651584949824,0.5188227905187989,0.24030069363170287
4596,0.24605496776532676,0.47300881625411684,0.2809362159805564
4597,0.2675382599334856,0.46343159212256946,0.26903014794394486
4598,0.2819816563678513,0.4683553630333907,0.24966298059875805
4599,0.20782016701702344,0.5210414928362617,0.27113834014671495
4600,0.24270256293544223,0.496942684570316,0.2603547524942418
4601,0.22415677904429085,0.5037464472716431,0.27209677368406604
4602,0.2048974320955587,0.5142272834816402,0.28087528442280113
4603,0.23201335743421608,0.5159102915217025,0.2520763510440814
4604,0.2051938088903656,0.5076786519284995,0.2871275391811349
4605,0.24261432606628625,0.4911408594924702,0.26624481444124354
4606,0.2281740065842589,0.5278686357295764,0.24395735768616464
4607,0.2529617626606091,0.48498769797382196,0.26205053936556894
4608,0.19804017898636359,0.5311953870091244,0.27076443400451206
4609,0.26911837269172106,0.5018809600312751,0.22900066727700386
4610,0.23835226884353905,0.499281022332594,0.262366708823867
4611,0.25440900402899813,0.4959978258048847,0.24959317016611715
4612,0.22412857934382077,0.5231475607589363,0.25272385989724294
4613,0.2112511217989939,0.5268101405201466,0.26193873768085946
4614,0.24621448097354584,0.4889523063734933,0.2648332126529609
4615,0.21202138435119935,0.5164069510786619,0.2715716645701388
4616,0.20991847384976148,0.5237689913075259,0.26631253484271267
4617,0.2550047270581041,0.4894533826709903,0.25554189027090557
4618,0.2943003552460134,0.47549156128471526,0.2302080834692713
4619,0.2516709006642473,0.4956214533362824,0.2527076459994703
4620,0.26081146966005936,0.49687405164365184,0.24231447869628883
4621,0.26184629069216564,0.5216363838522518,0.2165173254555826
4622,0.21151523188062088,0.5033867894913456,0.2850979786280335
4623,0.28366177323926095,0.46922281815864686,0.24711540860209222
4624,0.31260591100971497,0.45355356856802537,0.23384052042225964
4625,0.3015668008998302,0.4549553122919746,0.24347788680819518
4626,0.29156778145383516,0.446886398710345,0.2615458198358198
4627,0.23934570019371731,0.49501316472629153,0.26564113507999115
4628,0.3043480730725602,0.4726750915812933,0.22297683534614654
4629,0.2767238108338389,0.4640985289022962,0.2591776602638649
4630,0.25474991664830104,0.4928049683263544,0.25244511502534456
4631,0.24727444511942745,0.47553519691244633,0.2771903579681262
4632,0.2678343587041646,0.45970050950919494,0.2724651317866404
4633,0.24154897385816537,0.4980978566655912,0.2603531694762435
4634,0.21841353103414132,0.5343604840933439,0.24722598487251476
4635,0.2522187391603861,0.5106412843705107,0.23713997646910315
4636,0.2641004870840305,0.468106898780114,0.2677926141358555
4637,0.23109043593726625,0.5247825698160211,0.24412699424671264
4638,0.21372874161559058,0.5325319750356833,0.25373928334872614
4639,0.21788154281456135,0.5257693293080724,0.2563491278773662
4640,0.22921157449247376,0.5145606863251638,0.2562277391823624
4641,0.16745370935399911,0.5775962606314271,0.2549500300145738
4642,0.17889542728782898,0.5312207987341788,0.28988377397799214
4643,0.20941220811704442,0.5477444886739493,0.24284330320900624
4644,0.20335746253208858,0.5489498612282946,0.24769267623961683
4645,0.18808425691783504,0.5433568784500221,0.26855886463214285
4646,0.23332743927851302,0.5394082125906581,0.22726434813082888
4647,0.22373253691807563,0.5177533506489875,0.25851411243293676
4648,0.20532153003477824,0.5586073685619353,0.23607110140328652
4649,0.20425105266401664,0.5324227124572238,0.2633262348787595
4650,0.23526346051149175,0.5103189529711712,0.25441758651733704
4651,0.17526764610839632,0.5736942079798224,0.25103814591178125
4652,0.20969311594944798,0.5654887444539288,0.22481813959662325
4653,0.2184939829383775,0.5389750540893954,0.2425309629722271
4654,0.19055913106734118,0.5691014698777785,0.24033939905488025
4655,0.17599778233909083,0.5633303297923243,0.26067188786858486
4656,0.1790955058361905,0.5880431545782936,0.2328613395855159
4657,0.1499277997641111,0.6039102940559364,0.2461619061799525
4658,0.18152757525261903,0.5798675034624815,0.2386049212848994
4659,0.17193652192654765,0.5793274293498113,0.24873604872364105
4660,0.1739411249134032,0.5867876248169402,0.2392712502696566
4661,0.16417798693065763,0.6009777647668779,0.23484424830246448
4662,0.133186244191329,0.6288549050087301,0.2379588507999409
4663,0.18711718207102415,0.5735880282244942,0.2392947897044817
4664,0.18000197864665915,0.5828189297660651,0.2371790915872757
4665,0.1469172628611524,0.5998069820848698,0.25327575505397787
4666,0.19906205279625863,0.5622753910816893,0.23866255612205206
4667,0.18785942620679189,0.5973504453671106,0.21479012842609752
4668,0.18535766668090242,0.5820241229985236,0.23261821032057406
4669,0.15717981530293293,0.5975815284312941,0.24523865626577296
4670,0.1683938462769042,0.5593403455914537,0.27226580813164203
4671,0.18135948448260722,0.5776311733349817,0.2410093421824111
4672,0.16201268373176578,0.5866319288645169,0.2513553874037174
4673,0.1854920923666768,0.578614536482452,0.23589337115087117
4674,0.21895080125847435,0.5471408450733785,0.23390835366814716
4675,0.18177860718375755,0.6069325511959593,0.21128884162028308
4676,0.18408745908667556,0.5953956488232472,0.22051689209007722
4677,0.18457272594377555,0.5872575992300314,0.22816967482619308
4678,0.14912119323722306,0.6052168270731249,0.24566197968965206
4679,0.16561542681664665,0.5860885565854456,0.24829601659790781
4680,0.1653669011437482,0.5880899480313733,0.24654315082487852
4681,0.1561314846180661,0.5960215285720608,0.24784698680987313
4682,0.17759642814204366,0.5983934290054976,0.22401014285245865
4683,0.16492766128151082,0.5902280273996073,0.24484431131888185
4684,0.1816935706497516,0.5775639236273366,0.24074250572291184
4685,0.1397954273380154,0.6214702695519185,0.23873430311006605
4686,0.17678240650899893,0.5932650893843175,0.22995250410668355
4687,0.17710315632705076,0.6096304021873304,0.21326644148561885
4688,0.18201244286775325,0.5913532159407838,0.22663434119146297
4689,0.17521194512879895,0.5955494274732267,0.22923862739797435
4690,0.23145587546338686,0.5562572533285124,0.2122868712081008
4691,0.2103512143568616,0.5658976573718754,0.2237511282712631
4692,0.21990023818993973,0.5519202577521912,0.228179504057869
4693,0.2243098342963049,0.5564793445966632,0.21921082110703194
4694,0.19393837495040267,0.5733766327200579,0.23268499232953946
4695,0.19034215995743467,0.5894611820106671,0.22019665803189825
4696,0.18370098404621818,0.5861871492960334,0.23011186665774838
4697,0.18501553696870857,0.5924537340566768,0.22253072897461462
4698,0.18406189599018782,0.5966595518939245,0.21927855211588762
4699,0.19701352700548402,0.6053621791576299,0.19762429383688604
4700,0.1809653673957373,0.6005747949942926,0.2184598376099701
4701,0.15324353631937634,0.632794271302913,0.21396219237771064
4702,0.18845865313703927,0.5905819232324804,0.2209594236304804
4703,0.21350230292295783,0.5645773655849222,0.2219203314921199
4704,0.16519932834183113,0.6187515434043585,0.21604912825381048
4705,0.2034539187301426,0.5788679765067744,0.21767810476308308
4706,0.1577869540703767,0.6294597547163474,0.21275329121327588
4707,0.17249352941670673,0.6089870525811703,0.21851941800212302
4708,0.21434450376397007,0.5544392951058873,0.23121620113014257
4709,0.18834838376536994,0.5997147242353571,0.21193689199927293
4710,0.16492739978578522,0.6201512839888133,0.21492131622540156
4711,0.1494238093452165,0.6440434965256715,0.20653269412911204
4712,0.1581115726721139,0.6284437788391172,0.21344464848876898
4713,0.1708889676428969,0.5984705716078216,0.23064046074928152
4714,0.14162579573822243,0.6406733921440513,0.21770081211772627
4715,0.14497781760011705,0.6268489103889724,0.22817327201091053
4716,0.16374649392990825,0.6171523525739819,0.21910115349610979
4717,0.17075013818887447,0.60198146266345,0.22726839914767558
4718,0.14002584718419858,0.6291816367738277,0.23079251604197373
4719,0.16501705677110004,0.6129018625403696,0.22208108068853039
4720,0.17636247550616108,0.5953027666653895,0.22833475782844945
4721,0.18541675134751678,0.615351745555112,0.19923150309737125
4722,0.2024299066306505,0.5933048408066574,0.20426525256269218
4723,0.17242928220787998,0.6064212934600388,0.22114942433208115
4724,0.16929821162034248,0.6066502321418303,0.22405155623782724
4725,0.1926595387025668,0.5729904364793355,0.23435002481809777
4726,0.18611854184397966,0.5939685338917335,0.2199129242642868
4727,0.1705711068347087,0.6077306361979877,0.2216982569673036
4728,0.15473835149880344,0.6438399945467073,0.20142165395448935
4729,0.1716255305999142,0.6254537292276187,0.20292074017246708
4730,0.17452661716977233,0.5944091334971564,0.23106424933307124
4731,0.1812145693396854,0.6145276681948054,0.2042577624655092
4732,0.16833998808707737,0.6183328310250423,0.21332718088788033
4733,0.14938212660624775,0.6299283034705632,0.22068956992318906
4734,0.18061346565834496,0.5997853127095178,0.21960122163213722
4735,0.1542667103669532,0.6207015814726449,0.22503170816040197
4736,0.14947717037953212,0.6200065920535991,0.23051623756686881
4737,0.14103214978217862,0.6237652935426112,0.2352025566752102
4738,0.13193079197201987,0.6523738911672481,0.21569531686073198
4739,0.15738833232310015,0.6023747737622444,0.24023689391465555
4740,0.17567109034470516,0.5880838203741791,0.2362450892811158
4741,0.17261240935227695,0.5993897377333837,0.2279978529143394
4742,0.15740884977566577,0.631129914521136,0.21146123570319827
4743,0.1645518189985312,0.6338695624126605,0.20157861858880838
4744,0.1743426870295099,0.5721878817081382,0.253469431262352
4745,0.16651994198710113,0.6037569024154126,0.22972315559748632
4746,0.15403529384885106,0.6168919122324311,0.22907279391871782
4747,0.16783301470362263,0.5997846523629666,0.2323823329334107
4748,0.16749701378122409,0.5817408681266146,0.2507621180921613
4749,0.16647029319832082,0.5777283880649355,0.25580131873674367
4750,0.14477207108112786,0.6262959363499854,0.22893199256888674
4751,0.16070671876700643,0.5709986151795082,0.2682946660534853
4752,0.13706112818200292,0.6128452505406622,0.25009362127733487
4753,0.145838439731927,0.6276334065005493,0.2265281537675237
4754,0.16869012483779305,0.6117102724750957,0.2195996026871112
4755,0.19488540425267467,0.5977972452479753,0.20731735049935002
4756,0.1519385588163704,0.6107300558968648,0.23733138528676484
4757,0.1632965237740023,0.6229712913323248,0.2137321848936729
4758,0.12870837331407176,0.6479782040553943,0.22331342263053391
4759,0.14766034832066613,0.6216813230051483,0.23065832867418548
4760,0.12085621227318899,0.6534946445946512,0.2256491431321598
4761,0.1457814639550126,0.6277317104390885,0.22648682560589886
4762,0.1329432021593735,0.6313412292127215,0.235715568627905
4763,0.12639839266044833,0.6468552099110128,0.2267463974285389
4764,0.13006642384251788,0.6100900858633479,0.2598434902941343
4765,0.13555936102699764,0.6545725817408687,0.20986805723213356
4766,0.14493684086866937,0.6305648520661769,0.22449830706515375
4767,0.1614482221750065,0.5927688969678028,0.24578288085719077
4768,0.17641853814099928,0.5878103776345842,0.23577108422441653
4769,0.1698835865256732,0.5806828696231658,0.249433543851161
4770,0.18443420215725406,0.5830830047115815,0.23248279313116443
4771,0.17388852277156017,0.6157847756906959,0.21032670153774394
4772,0.15671940615356098,0.6320206281742375,0.21125996567220148
4773,0.14681161592409028,0.6346476616725153,0.21854072240339445
4774,0.1402018586027572,0.6241820422307082,0.23561609916653464
4775,0.09959202019986974,0.6714301719322112,0.22897780786791902
4776,0.11580174593294076,0.650558794604715,0.23363945946234427
4777,0.1359330488040626,0.6673199187081276,0.1967470324878099
4778,0.115763533747485,0.661310247195276,0.22292621905723897
4779,0.14417226524802237,0.6229210759428242,0.23290665880915343
4780,0.13611709580992512,0.6674418698496468,0.19644103434042812
4781,0.15454696770095766,0.6350415628755786,0.21041146942346375
4782,0.1581198845696539,0.6328743406987847,0.20900577473156146
4783,0.15206262825684735,0.6258535365561394,0.22208383518701322
4784,0.1330114066083392,0.6623159222380108,0.20467267115364998
4785,0.15122322806501054,0.6385657468746844,0.21021102506030506
4786,0.13117420210154543,0.6575065092032928,0.21131928869516178
4787,0.12440533774796546,0.6722541499280896,0.20334051232394487
4788,0.1323477998913918,0.6299063948026621,0.2377458053059461
4789,0.16313201763367582,0.6200023588925191,0.21686562347380514
4790,0.16461980870656934,0.6221637942666727,0.21321639702675801
4791,0.16478367482906978,0.6104608638595439,0.22475546131138627
4792,0.15700532237043519,0.6270747518496426,0.2159199257799223
4793,0.13773723182170589,0.6547841683624481,0.207478599815846
4794,0.11797535109908315,0.6677484245179748,0.21427622438294208
4795,0.12221055640256173,0.6643431518485254,0.21344629174891283
4796,0.10901937773758319,0.6633457685330233,0.22763485372939354
4797,0.15090360414449977,0.6421194208745109,0.20697697498098933
4798,0.14996477901956712,0.6464190517696883,0.20361616921074457
4799,0.11708257094839178,0.6776816996763411,0.2052357293752672
4800,0.1272489891622203,0.6487448408247266,0.22400617001305306
4801,0.11002328390409918,0.6913520047707314,0.1986247113251694
4802,0.10235337494306242,0.6735267480898114,0.2241198769671262
4803,0.13241636980505186,0.6571765252462421,0.21040710494870601
4804,0.12422135855412408,0.6517826770789064,0.22399596436696953
4805,0.12482855918512482,0.6359240741327667,0.23924736668210847
4806,0.12331877026035638,0.6392103251452206,0.23747090459442302
4807,0.13914911034381675,0.6409599939722239,0.2198908956839593
4808,0.12981311751281105,0.62513673372331,0.2450501487638789
4809,0.11594656616888781,0.6635212892786988,0.22053214455241335
4810,0.13242956552479704,0.6218132517635658,0.24575718271163716
4811,0.12963193059640576,0.6597169424689117,0.21065112693468263
4812,0.11849233152722646,0.6668315709906086,0.21467609748216493
4813,0.10886911914553844,0.6728282290957189,0.21830265175874258
4814,0.1062363939044692,0.6784715111305226,0.2152920949650082
4815,0.14249617797845024,0.6553557823226253,0.2021480396989245
4816,0.1204320297845381,0.6508565814567868,0.2287113887586751
4817,0.1228205344644054,0.6428595033487823,0.23431996218681234
4818,0.12273965154235375,0.6468777045737325,0.2303826438839138
4819,0.1248455114744122,0.6668221569415592,0.2083323315840286
4820,0.1644434351494218,0.6148190592453576,0.2207375056052206
4821,0.14883200837704624,0.6258490570375415,0.22531893458541227
4822,0.15582037231171592,0.6471653596205034,0.1970142680677807
4823,0.1368863866132057,0.6464192791137776,0.21669433427301665
4824,0.11998624680471297,0.646896177014779,0.23311757618050805
4825,0.13514580353718827,0.6421419255873219,0.22271227087548984
4826,0.1568811354235196,0.6228722086147981,0.22024665596168233
4827,0.15963610807868875,0.6327791379076391,0.20758475401367216
4828,0.10418059566248448,0.6762923296106096,0.21952707472690589
4829,0.1254835215698089,0.662487724784649,0.21202875364554205
4830,0.11613170026865388,0.674397208228392,0.20947109150295418
4831,0.1517730406975715,0.6393285388410741,0.20889842046135437
4832,0.12433756271768487,0.6598542864998137,0.21580815078250148
4833,0.1401145486331744,0.645873937686218,0.2140115136806076
4834,0.12219543125636695,0.6521484843657288,0.2256560843779043
4835,0.15197365365038198,0.6381935322834567,0.20983281406616136
4836,0.13931145749504595,0.6523055465688363,0.20838299593611773
4837,0.13757248942280753,0.6394935816488349,0.22293392892835762
4838,0.1182617574541404,0.6532890208136037,0.22844922173225587
4839,0.13749317668600497,0.6460160465192001,0.21649077679479495
4840,0.14459268366153047,0.6460173368962553,0.2093899794422142
4841,0.12514988385903006,0.670331307999157,0.20451880814181295
4842,0.1670089821947313,0.619813515677853,0.21317750212741568
4843,0.13796759205029088,0.6267127926802285,0.23531961526948056
4844,0.1305057134998501,0.6404197266954401,0.22907455980470978
4845,0.1565587677502464,0.6045028221752682,0.23893841007448544
4846,0.11694557573807196,0.6667520586498138,0.21630236561211427
4847,0.1490610282923837,0.6507363287808119,0.20020264292680442
4848,0.15762457298768134,0.6655658929918221,0.1768095340204966
4849,0.15772431714337146,0.6348073093979538,0.20746837345867475
4850,0.1483024616163738,0.6361062096763243,0.21559132870730194
4851,0.15320545854027776,0.6339267995996246,0.21286774186009758
4852,0.15358759778274092,0.639554553264482,0.20685784895277715
4853,0.14668119140436225,0.62341167563388,0.2299071329617578
4854,0.11927076379447314,0.6582988420586782,0.2224303941468487
4855,0.15224327862699277,0.6318446185036425,0.21591210286936477
4856,0.1434410277909481,0.6395175382559236,0.21704143395312825
4857,0.18853476819274734,0.6049280783790627,0.20653715342818996
4858,0.16898159916630162,0.6249440714834447,0.2060743293502537
4859,0.13229690347594134,0.6601923465925624,0.20751074993149624
4860,0.13249113877161087,0.6647406360315515,0.20276822519683754
4861,0.1640612456903924,0.609027078478685,0.22691167583092264
4862,0.1572990620223684,0.6220951630484645,0.22060577492916714
4863,0.14666660434567796,0.616625957959465,0.2367074376948571
4864,0.12644146614944113,0.6600211790111152,0.2135373548394436
4865,0.15972654245181978,0.6011872615545568,0.23908619599362343
4866,0.12361379731700929,0.6489568914165363,0.2274293112664544
4867,0.10255534352562669,0.659400021789927,0.23804463468444637
4868,0.11457048593664029,0.6695492161004656,0.21588029796289415
4869,0.09451049362448415,0.671669579022768,0.23381992735274781
4870,0.1151401073654792,0.6546021038530772,0.23025778878144368
4871,0.13092570893294186,0.6441217865335677,0.2249525045334905
4872,0.15687241007982278,0.6269800450796531,0.21614754484052418
4873,0.13005776669505642,0.6626657751074501,0.20727645819749355
4874,0.1522894713084255,0.6426090367029993,0.20510149198857525
4875,0.1547414057287047,0.6439206282941285,0.20133796597716674
4876,0.12275973891261158,0.6551338516854986,0.22210640940188975
4877,0.12811958892766512,0.643514161218983,0.22836624985335188
4878,0.145196670719915,0.6478169055054498,0.20698642377463516
4879,0.1506563460520022,0.6415212766785667,0.20782237726943104
4880,0.13839576312947235,0.6445325982234931,0.21707163864703458
4881,0.1473777699486843,0.6553660319992208,0.19725619805209482
4882,0.15813480791442966,0.630592698077075,0.21127249400849532
4883,0.15820943249679176,0.6336280885109855,0.20816247899222268
4884,0.17074084406495132,0.6023080237295555,0.22695113220549318
4885,0.1683879247965085,0.6284935336101145,0.20311854159337697
4886,0.11909103803739189,0.6617417945631994,0.21916716739940875
4887,0.1354573379334971,0.6417524849745431,0.22279017709195986
4888,0.15735278109935735,0.609775572005485,0.2328716468951576
4889,0.1875019900314116,0.603167798544638,0.20933021142395047
4890,0.15226976406668843,0.6321730160365088,0.2155572198968028
4891,0.17689091900771434,0.6054400894087484,0.21766899158353728
4892,0.1478687437852171,0.623397572486071,0.2287336837287119
4893,0.1390853239128047,0.6251479962096266,0.23576667987756877
4894,0.19315696903881385,0.5921616551059399,0.21468137585524627
4895,0.14678133675624666,0.6207202329331855,0.23249843031056788
4896,0.17345259639784613,0.6169654267500154,0.2095819768521384
4897,0.15799474419845444,0.6131177692692684,0.22888748653227714
4898,0.1311424675147411,0.6285263067608019,0.24033122572445706
4899,0.13408488921515838,0.6329159262552966,0.23299918452954502
4900,0.1485825793020181,0.6289486868723231,0.22246873382565885
4901,0.12286490159833592,0.6276438346600367,0.24949126374162742
4902,0.13246104940331088,0.6508623803760266,0.21667657022066256
4903,0.1267193332296753,0.6432729294643389,0.23000773730598578
4904,0.14983060657560335,0.6223284583175706,0.2278409351068261
4905,0.15899409483433086,0.6186993893695775,0.22230651579609173
4906,0.1463204867959852,0.6324911234331486,0.2211883897708662
4907,0.14670057929685565,0.6237730909918654,0.22952632971127895
4908,0.136114844266056,0.6184505963131806,0.24543455942076348
4909,0.17334365837498264,0.602820549568732,0.22383579205628537
4910,0.14104505254638516,0.6455625839317075,0.21339236352190732
4911,0.15718444485164346,0.6213047315690554,0.22151082357930119
4912,0.16563254795000296,0.6098259201242503,0.22454153192574672
4913,0.18205366045984797,0.5994877211772488,0.21845861836290317
4914,0.17135765566357755,0.6091938736412136,0.21944847069520884
4915,0.19446662034034312,0.5799557564566437,0.22557762320301322
4916,0.1666020618240833,0.5980597401860426,0.23533819798987418
4917,0.16924763763784667,0.5997006329240827,0.23105172943807067
4918,0.1516612795974608,0.6236099947557481,0.22472872564679106
4919,0.19415921213557108,0.5980581933674417,0.20778259449698724
4920,0.1388518205620963,0.6181238811218203,0.24302429831608346
4921,0.12131856280047934,0.6096927952451006,0.2689886419544201
4922,0.14238826213897346,0.6228263220321227,0.23478541582890375
4923,0.15039985913157,0.6243943062549591,0.22520583461347093
4924,0.14030315869140414,0.617616147083056,0.24208069422553982
4925,0.1221492591022117,0.6175272395749623,0.26032350132282606
4926,0.13221354235178562,0.6344763543766284,0.233310103271586
4927,0.15129591901544354,0.6058851470228198,0.24281893396173668
4928,0.15540765218725533,0.5810135313383009,0.2635788164744438
4929,0.15502534309936677,0.5880911138724939,0.25688354302813926
4930,0.16111717516271648,0.5786367749385262,0.2602460498987574
4931,0.1443951380711952,0.5929726625530555,0.2626321993757493
4932,0.10828228024619434,0.6330690822694207,0.25864863748438494
4933,0.15346689083653509,0.5663906751027115,0.2801424340607534
4934,0.18093046562842036,0.5323506916513919,0.28671884272018777
4935,0.14295313196669218,0.5662398944322166,0.2908069736010912
4936,0.17550393868507677,0.5527021102245303,0.27179395109039295
4937,0.17296351331768217,0.5691954267047973,0.25784105997752055
4938,0.17938306393307707,0.5266694029917673,0.2939475330751556
4939,0.14625960966054188,0.6137060224380816,0.24003436790137656
4940,0.19936021726322464,0.555240098652935,0.2453996840838403
4941,0.1606688989139157,0.5636093558375127,0.2757217452485716
4942,0.17751303850306918,0.547535883498306,0.2749510779986249
4943,0.1793654386499792,0.5370009212310118,0.28363364011900893
4944,0.18127299315729564,0.5241126658750084,0.29461434096769595
4945,0.19831767968936864,0.5240800432753965,0.27760227703523493
4946,0.23505877110731122,0.48385391831515967,0.2810873105775291
4947,0.22941272520087302,0.49636958742536286,0.2742176873737641
4948,0.17229122412978667,0.5590733090164383,0.2686354668537751
4949,0.14190985326083463,0.5650211993533029,0.2930689473858625
4950,0.15992506041957424,0.5689240997416957,0.27115083983873006
4951,0.20589407032309734,0.5435554967477406,0.250550432929162
4952,0.1489656366720773,0.5886676536590085,0.2623667096689142
4953,0.1894873377690903,0.5424073043403101,0.2681053578905996
4954,0.2123157196407998,0.511406651906207,0.27627762845299314
4955,0.20912580506655218,0.5194643930564927,0.2714098018769552
4956,0.17744344973087828,0.5455907650661292,0.27696578520299253
4957,0.17902099084222492,0.5496023186327736,0.27137669052500146
4958,0.17530077657066223,0.570093685074773,0.25460553835456473
4959,0.1571785547821219,0.5754582419144938,0.2673632033033843
4960,0.142799157145949,0.5808422449514006,0.2763585979026504
4961,0.1649017986171157,0.5629149915934486,0.27218320978943567
4962,0.19441444618429038,0.5412093194098894,0.2643762344058203
4963,0.1779990418019022,0.5505216609551321,0.27147929724296566
4964,0.17393834432189856,0.5528450391288163,0.2732166165492852
4965,0.18113981636894222,0.58973642109466,0.22912376253639777
4966,0.16044760563602625,0.6002602984015339,0.23929209596243983
4967,0.14187303904212384,0.5755743045456113,0.28255265641226485
4968,0.2053795902241488,0.5454710264772816,0.2491493832985695
4969,0.19975087846661105,0.574690289604044,0.22555883192934495
4970,0.16181337823376815,0.5721501523910666,0.2660364693751653
4971,0.2068786033325304,0.5657370088970078,0.22738438777046172
4972,0.20544557694209334,0.5635520371551321,0.23100238590277453
4973,0.18493544254460476,0.5608464912352832,0.25421806622011206
4974,0.1858043908992586,0.5691222967808149,0.24507331231992643
4975,0.1713074968235193,0.582116756493727,0.24657574668275375
4976,0.15599729349581629,0.5705293440203173,0.2734733624838664
4977,0.16886149277049262,0.5691236808420955,0.26201482638741186
4978,0.17796614160575072,0.554604394035411,0.26742946435883835
4979,0.16653735446549994,0.560958770608369,0.2725038749261311
4980,0.1755280617878357,0.5675600500176524,0.25691188819451183
4981,0.1810889321343326,0.565204182221484,0.2537068856441833
4982,0.1902224666794941,0.5436741381651959,0.26610339515530995
4983,0.1636597224725138,0.6000638369098864,0.23627644061759978
4984,0.20844636757695817,0.5451565045647304,0.2463971278583114
4985,0.23584446840378562,0.5381957452998423,0.22595978629637212
4986,0.2211407220130587,0.5309971565240219,0.24786212146291936
4987,0.20013887664705954,0.5338078552189234,0.2660532681340171
4988,0.20245261932440173,0.569649148300159,0.22789823237543932
4989,0.2257394126768631,0.5216615804291744,0.25259900689396253
4990,0.24343960336045922,0.49607496302663007,0.2604854336129107
4991,0.23817818805146837,0.5292471073933654,0.23257470455516616
4992,0.2281093268973204,0.5118232323810665,0.26006744072161303
4993,0.19781586556432815,0.5611654055501512,0.24101872888552064
4994,0.27124455788627877,0.5142841617320978,0.21447128038162344
4995,0.22875899855771348,0.5209085775713863,0.2503324238709002
4996,0.23948747734445525,0.5137244801329862,0.24678804252255848
4997,0.1995564050048216,0.5618288621537023,0.23861473284147608
4998,0.2245552987155151,0.5451216331050056,0.23032306817947923
4999,0.22798769945077535,0.5451771604062718,0.2268351401429528
5000,0.2052783250986951,0.5332029929351864,0.2615186819661186
5001,0.20964818302169683,0.49540015155520994,0.29495166542309326
5002,0.23038533518882864,0.5337429258202808,0.2358717389908906
5003,0.2254818085810847,0.5312037287146442,0.2433144627042712
5004,0.189306774129433,0.5721003926716874,0.2385928331988796
5005,0.19628870246811625,0.5569637768688253,0.24674752066305855
5006,0.21329911572075905,0.5532509810047762,0.23344990327446472
5007,0.19099397002273952,0.5669934699322112,0.24201256004504929
5008,0.251267300800385,0.533283081789517,0.215449617410098
5009,0.26080398032546936,0.496164324352101,0.24303169532242966
5010,0.20990775172886722,0.5782552244186897,0.2118370238524431
5011,0.22918651091093223,0.5442126154573831,0.2266008736316847
5012,0.2167391348885078,0.5769565114344329,0.20630435367705927
5013,0.20977564586617584,0.5480725501171673,0.24215180401665684
5014,0.2394160394038414,0.5430527954237838,0.21753116517237475
5015,0.20132946608082758,0.5532153507616757,0.24545518315749665
5016,0.21678375118784635,0.5345153133609114,0.24870093545124222
5017,0.24848106099355718,0.5454425752632682,0.20607636374317456
5018,0.2585075175770687,0.49872882639264465,0.24276365603028663
5019,0.2385613516077683,0.5305071754754338,0.23093147291679786
5020,0.22230117099325938,0.5523873764421947,0.22531145256454585
5021,0.2181421089101153,0.5294535706109806,0.2524043204789041
5022,0.2183259597613644,0.5557156282292023,0.22595841200943328
5023,0.21765880448022054,0.5239226744519941,0.25841852106778535
5024,0.2841698580496385,0.47541385030796113,0.2404162916424004
5025,0.28961774389335504,0.485943489803786,0.22443876630285897
5026,0.2673820502625153,0.5204993156355834,0.2121186341019013
5027,0.28097626798547937,0.5054471752325803,0.2135765567819403
5028,0.24170125797658215,0.561300056231199,0.1969986857922188
5029,0.23137451505941006,0.5357166196005542,0.23290886534003583
5030,0.30011679806569247,0.49171331810448865,0.20816988382981885
5031,0.3160015128329422,0.4788409691701151,0.20515751799694273
5032,0.2561820334975073,0.526092264997816,0.2177257015046767
5033,0.260863917615671,0.5294854487413481,0.209650633642981
5034,0.3001735322915498,0.4936855689711241,0.2061408987373261
5035,0.2794390107696015,0.5034558387715551,0.21710515045884343
5036,0.24778544391259938,0.5435400853177385,0.20867447076966214
5037,0.24380695827712942,0.533299530454518,0.2228935112683526
5038,0.26912293228029593,0.5185459682344039,0.21233109948530016
5039,0.27052441058866017,0.5066473535482248,0.22282823586311507
5040,0.25998604119332946,0.534293224038847,0.20572073476782346
5041,0.23591527828061645,0.5372144324497136,0.22687028926966993
5042,0.2494982558218618,0.5266832784462209,0.22381846573191727
5043,0.2603141199165481,0.5261659281210493,0.2135199519624025
5044,0.30175570172169636,0.49646383606331806,0.20178046221498558
5045,0.2655206105087361,0.517319638765938,0.21715975072532587
5046,0.31364728438032,0.485725133475496,0.20062758214418397
5047,0.33921729424338687,0.4612251331731951,0.19955757258341802
5048,0.3558946359780358,0.45878325496393585,0.18532210905802837
5049,0.34090812272162885,0.4236280142149425,0.23546386306342865
5050,0.32305169230088787,0.4742454914362167,0.20270281626289544
5051,0.31022709999533554,0.4953912062305991,0.19438169377406533
5052,0.328336980316526,0.46247710691090055,0.2091859127725735
5053,0.32162159160164744,0.4958822536494606,0.18249615474889194
5054,0.3110280556150856,0.47460513598722215,0.21436680839769223
5055,0.31933167420111325,0.4898824737454784,0.19078585205340834
5056,0.29087666595774847,0.4940904579611513,0.21503287608110025
5057,0.265649776957379,0.5275677558263601,0.20678246721626095
5058,0.3476149286613371,0.46250357708265427,0.18988149425600867
5059,0.36707457227397833,0.4205859987876403,0.21233942893838137
5060,0.3331490316800715,0.4850235303349807,0.18182743798494785
5061,0.33014880075354636,0.469659077794622,0.20019212145183163
5062,0.31326338259342673,0.47483889552994407,0.21189772187662917
5063,0.3499373962769173,0.4571762635088351,0.1928863402142476
5064,0.34658838729862806,0.45721176978395583,0.1961998429174161
5065,0.39173446084031965,0.4013864578860503,0.20687908127363006
5066,0.3111442158578112,0.48835430824504733,0.20050147589714148
5067,0.32732512543680625,0.49087661103008307,0.18179826353311065
5068,0.3522969337290627,0.46878524901997687,0.17891781725096045
5069,0.34759509716493275,0.45064337766549417,0.20176152516957307
5070,0.32541954235590986,0.4941610850407428,0.18041937260334734
5071,0.2913238708747835,0.5089801395088013,0.1996959896164152
5072,0.36963155566978434,0.43961629460412555,0.19075214972609011
5073,0.33566115726219486,0.48332010742881537,0.18101873530898974
5074,0.31365898404527437,0.47211650307101827,0.21422451288370736
5075,0.32764062750758727,0.4698907928685716,0.2024685796238411
5076,0.41572273846206587,0.3952879942716154,0.1889892672663188
5077,0.4115469364864877,0.4110539345002873,0.177399129013225
5078,0.4048136405379702,0.42230715568763044,0.17287920377439936
5079,0.41320291664598224,0.3948034676366015,0.19199361571741624
5080,0.4214478865630295,0.3949515771472105,0.18360053628975995
5081,0.3960646108159926,0.4270220627509532,0.1769133264330542
5082,0.3911894974706751,0.4312353908603216,0.1775751116690033
5083,0.34012089699818165,0.4696963741227875,0.19018272887903087
5084,0.3637941718937911,0.4635919759304824,0.1726138521757265
5085,0.3897332557986296,0.4422322873535402,0.16803445684783017
5086,0.38747206182633787,0.4678695738041521,0.14465836436951002
5087,0.35192083728786916,0.4671198376154279,0.18095932509670293
5088,0.3528697959769336,0.490850235434157,0.1562799685889094
5089,0.370553276315943,0.44899033325165766,0.18045639043239933
5090,0.3509823299368569,0.4731668327790057,0.1758508372841374
5091,0.34704300584924397,0.49206683123776446,0.16089016291299155
5092,0.32510557427155473,0.5162309313403294,0.15866349438811594
5093,0.31217867578585784,0.5242568943185578,0.16356442989558434
5094,0.3655476284425709,0.4742679072703105,0.16018446428711863
5095,0.40287229406571606,0.45407677691247006,0.14305092902181388
5096,0.3953048458738886,0.4504515701501335,0.15424358397597795
5097,0.38074402352749237,0.4593693848695506,0.15988659160295707
5098,0.38014035109731314,0.463968622372739,0.15589102652994782
5099,0.36483341898749466,0.46482114855356593,0.17034543245893938
5100,0.3760261000639886,0.46789991697165073,0.15607398296436067
5101,0.3519559991910037,0.4755959099150375,0.17244809089395885
5102,0.3508988763636139,0.4948542962000548,0.15424682743633134
5103,0.3057841079166952,0.50101401782308,0.19320187426022478
5104,0.31945526486731146,0.5163560167383664,0.1641887183943222
5105,0.3352771745386928,0.48879918674916245,0.17592363871214473
5106,0.33211148214214087,0.48722398299745884,0.18066453486040032
5107,0.36165062193975206,0.4759184185515589,0.16243095950868902
5108,0.3850829418088536,0.4707802425112679,0.14413681567987852
5109,0.33527962110740894,0.491193147198758,0.17352723169383308
5110,0.39217391874873314,0.44180710464276673,0.16601897660850015
5111,0.4103996736924907,0.4384144269688174,0.15118589933869192
5112,0.3425705636793279,0.4872425885308772,0.17018684778979484
5113,0.35115659572508245,0.48626955466032445,0.16257384961459306
5114,0.39010812145161966,0.4674320832449654,0.14245979530341493
5115,0.3943014572549195,0.4552804957018185,0.150418047043262
5116,0.41743675168485284,0.4372038585207208,0.14535938979442636
5117,0.35604214074014723,0.48574487889872553,0.15821298036112721
5118,0.4138123885468901,0.4318180837720736,0.15436952768103626
5119,0.4425162824186631,0.4086218163249623,0.14886190125637458
5120,0.40679260098344616,0.4550413201863914,0.13816607883016244
5121,0.37816244839694235,0.47174170516244435,0.1500958464406133
5122,0.37626719228121946,0.4666731103006929,0.15705969741808762
5123,0.429350827480569,0.41600316682121924,0.15464600569821174
5124,0.4108938066056135,0.4269935478185821,0.16211264557580438
5125,0.43878958612510865,0.4198056348056562,0.14140477906923515
5126,0.4289723837898559,0.4283205511622349,0.1427070650479092
5127,0.48153073577878047,0.38198586074626006,0.13648340347495944
5128,0.45392477191893954,0.4110096241795272,0.13506560390153324
5129,0.4347242812418651,0.4191451757047641,0.1461305430533708
5130,0.43138391307582685,0.4195277951009197,0.1490882918232535
5131,0.4136186382826058,0.4360782849384787,0.15030307677891544
5132,0.40581601020702573,0.4343977078340169,0.1597862819589574
5133,0.37488390552591155,0.4804326137066667,0.1446834807674217
5134,0.39188532008131854,0.4391206770372658,0.16899400288141564
5135,0.43238157708647723,0.4298348007516453,0.13778362216187748
5136,0.39061578310552203,0.46318195304644755,0.14620226384803045
5137,0.363687813051818,0.44934476337842416,0.18696742356975782
5138,0.41607093347612234,0.4367146031043912,0.14721446341948646
5139,0.4400637915149857,0.3986655725685263,0.161270635916488
5140,0.4288141250539816,0.4328961251952311,0.13828974975078734
5141,0.4179458385813154,0.4306570414748996,0.15139711994378502
5142,0.4496226988006842,0.4025918062956743,0.14778549490364148
5143,0.42159298752539526,0.4417353654222184,0.13667164705238632
5144,0.4554800681719211,0.40591130658903174,0.13860862523904716
5145,0.44163647345051094,0.41600991224339223,0.14235361430609683
5146,0.44638922524645736,0.42191149712038056,0.13169927763316208
5147,0.43294149724097747,0.42839656803331394,0.1386619347257086
5148,0.45474010599541126,0.40700918480292625,0.1382507092016625
5149,0.4360589612910048,0.42634588091007297,0.13759515779892223
5150,0.4588823905910349,0.4104393015770039,0.1306783078319612
5151,0.4237719210295899,0.43859165886392265,0.13763642010648744
5152,0.45786076507427964,0.40469771786473197,0.13744151706098842
5153,0.4734198993690438,0.3815216612665909,0.14505843936436533
5154,0.4623947122301502,0.40018284234437423,0.13742244542547555
5155,0.43504890171556837,0.428068607555787,0.13688249072864458
5156,0.46718357463564936,0.3945178584856656,0.138298566878685
5157,0.45485484647475877,0.4100170036671062,0.135128149858135
5158,0.42546077681344335,0.4318461652032861,0.1426930579832705
5159,0.45627203461754107,0.39275189679763833,0.15097606858482063
5160,0.46297863042433246,0.4037835365409547,0.13323783303471282
5161,0.47155270362358503,0.4102139793599814,0.11823331701643358
5162,0.4347501107887526,0.4253997845598375,0.1398501046514099
5163,0.46955898638762367,0.4050376952372248,0.12540331837515148
5164,0.47783468338155133,0.38450866543960244,0.13765665117884623
5165,0.4382871157670493,0.41061117228162514,0.15110171195132555
5166,0.4649473685371791,0.39273920924737077,0.14231342221545015
5167,0.4218574354775758,0.43318229287073173,0.14496027165169248
5168,0.4863052742051317,0.36198464300337635,0.15171008279149195
5169,0.4425195082565765,0.40832261958812266,0.14915787215530085
5170,0.48221459245914544,0.40046553966220566,0.1173198678786489
5171,0.45246658502969667,0.41392961785965715,0.13360379711064618
5172,0.46718357103818825,0.40309464204201695,0.12972178691979483
5173,0.4777045670854561,0.3829918188453708,0.13930361406917308
5174,0.43358650020203127,0.4349150525491564,0.1314984472488123
5175,0.47501295900262197,0.3923020051188402,0.13268503587853778
5176,0.452860414564559,0.41382505361008365,0.13331453182535735
5177,0.46422995211239676,0.4129978762979067,0.12277217158969658
5178,0.4790660747838348,0.3939913525002431,0.1269425727159221
5179,0.48636886366941307,0.38055387004266716,0.13307726628791977
5180,0.5173632168026787,0.3624465022697892,0.12019028092753208
5181,0.49277724912095,0.3813460595218668,0.12587669135718324
5182,0.490511491852869,0.36779262653099276,0.1416958816161382
5183,0.5383394301042271,0.3349199820713845,0.12674058782438832
5184,0.5195114645518237,0.35756697595988524,0.12292155948829106
5185,0.5383692871499418,0.3486176784057257,0.11301303444433246
5186,0.5520859996747519,0.3364391294894678,0.11147487083578024
5187,0.5362045054788935,0.3569674194760239,0.1068280750450826
5188,0.5344421233523179,0.3504145387937839,0.11514333785389827
5189,0.4919709540566634,0.3736631136205994,0.1343659323227372
5190,0.4958723632058993,0.3658489138657733,0.13827872292832746
5191,0.49600916568362075,0.35788269967874015,0.1461081346376391
5192,0.48178085513574165,0.38621720516971775,0.1320019396945406
5193,0.5210626967129597,0.364572717444417,0.11436458584262331
5194,0.5127543822392487,0.3652358155754479,0.12200980218530344
5195,0.5474707316815917,0.33019985887752124,0.12232940944088715
5196,0.5170090332575361,0.3609162813883147,0.12207468535414921
5197,0.4900116299079542,0.3803932114987476,0.1295951585932982
5198,0.4568233972431827,0.41391144579348926,0.12926515696332802
5199,0.5019272574313696,0.377004772058077,0.12106797051055351
5200,0.49606251488005443,0.3733579054180004,0.13057957970194514
5201,0.49858276534521895,0.3745131561328392,0.12690407852194183
5202,0.5235229742388035,0.3640435567124513,0.11243346904874522
5203,0.5220847857158449,0.3666751043027663,0.11124010998138875
5204,0.4842479619162158,0.3885402983543135,0.12721173972947075
5205,0.4889751273648465,0.3861044636382778,0.12492040899687573
5206,0.5326884244550824,0.3476775783347979,0.11963399721011977
5207,0.5414165130005545,0.3448733121447338,0.11371017485471163
5208,0.5108608121207842,0.38326500171956085,0.10587418615965496
5209,0.5552587103728078,0.33459346454655614,0.11014782508063606
5210,0.5391136271249591,0.35022569114474694,0.11066068173029392
5211,0.5648395592184032,0.33127904087698223,0.10388139990461455
5212,0.5571535857862127,0.32918397337885985,0.11366244083492745
5213,0.586391962964316,0.3192012033240494,0.09440683371163466
5214,0.5481539224358652,0.3449105546479661,0.10693552291616867
5215,0.5489125865663139,0.33939327311461537,0.11169414031907073
5216,0.5312468790609547,0.3551208193605708,0.11363230157847451
5217,0.5440686993544713,0.3461967162090762,0.10973458443645252
5218,0.5436620818371202,0.35065568936868446,0.10568222879419531
5219,0.5464296274842865,0.34190487737379543,0.11166549514191809
5220,0.5505120665703777,0.3189709553373634,0.13051697809225887
5221,0.5603916627306762,0.3296623175652977,0.10994601970402607
5222,0.525434984527499,0.34639855433474276,0.1281664611377582
5223,0.548226465797023,0.3313741807849624,0.12039935341801457
5224,0.5269268613512205,0.3613751455490369,0.11169799309974268
5225,0.5279853151564255,0.3497778281087513,0.12223685673482311
5226,0.5036208022937716,0.37132957063862454,0.12504962706760378
5227,0.5161127843187377,0.35507427217875825,0.12881294350250397
5228,0.5476345189539858,0.33190907645980483,0.12045640458620928
5229,0.5250501203439105,0.34747108557459183,0.12747879408149768
5230,0.5579749392759809,0.30788313241499543,0.13414192830902377
5231,0.5423127646275547,0.33526456290747353,0.12242267246497177
5232,0.5495060636159604,0.32368788563109346,0.12680605075294613
5233,0.5782203618972379,0.2922999302206851,0.1294797078820769
5234,0.5412981728835432,0.3307141533747348,0.127987673741722
5235,0.5744352398057954,0.3009404397845443,0.12462432040966027
5236,0.5460489802863765,0.33114050291085856,0.12281051680276497
5237,0.5191065737017008,0.3447549097268104,0.13613851657148882
5238,0.5444037624390862,0.32904304697177433,0.12655319058913952
5239,0.543593667283539,0.3223412781308501,0.13406505458561088
5240,0.5796643485740959,0.29988289259263745,0.12045275883326666
5241,0.5146565691683764,0.35935445192455506,0.12598897890706845
5242,0.5086756169578794,0.36515850537419964,0.12616587766792087
5243,0.5586958420885163,0.31991852093078527,0.1213856369806984
5244,0.6004394603639724,0.2731338778269695,0.12642666180905798
5245,0.5222679754577921,0.3493544810974622,0.12837754344474564
5246,0.5659776852419082,0.3038715399126157,0.13015077484547619
5247,0.5823129014510722,0.30017482113470756,0.11751227741422027
5248,0.5545748278889117,0.3111551500414498,0.1342700220696385
5249,0.5616353123612287,0.3119839300584177,0.1263807575803537
5250,0.5235430117584923,0.3367741920373199,0.13968279620418783
5251,0.5319622966986286,0.3529994241290922,0.11503827917227916
5252,0.5126737640951972,0.35625620127618274,0.13107003462862005
5253,0.5134411172022683,0.34926790541016983,0.13729097738756188
5254,0.5872712901090644,0.29878039119810695,0.11394831869282865
5255,0.4966617385352498,0.3824505954825462,0.12088766598220398
5256,0.5932353607502927,0.30190383849058516,0.10486080075912216
5257,0.5422245134811621,0.33049155665688185,0.12728392986195608
5258,0.5279683062309212,0.3535928011015415,0.11843889266753738
5259,0.5454268984222168,0.32838918071229506,0.12618392086548816
5260,0.533299882229646,0.34688350120746075,0.11981661656289323
5261,0.569275127961832,0.30343052418690225,0.1272943478512658
5262,0.563432557699751,0.31457485614091235,0.12199258615933661
5263,0.567680914471418,0.3101906721792896,0.12212841334929245
5264,0.5341044616258703,0.3408295091237304,0.1250660292503993
5265,0.54958287598835,0.3290749768858597,0.12134214712579035
5266,0.543065759029621,0.3325135573399424,0.12442068363043654
5267,0.5443185888098087,0.3489611033788426,0.10672030781134877
5268,0.5789091321589855,0.29644895175564534,0.12464191608536913
5269,0.5699499928509175,0.2958063269531946,0.1342436801958879
5270,0.5589058596186267,0.32881416901055294,0.11227997137082035
5271,0.5608163356154645,0.314511770415397,0.12467189396913841
5272,0.5299930213109554,0.3382404475589007,0.1317665311301439
5273,0.5740964681109207,0.3111048557413197,0.11479867614775954
5274,0.5527765346031376,0.331075112638601,0.11614835275826141
5275,0.5516089594199479,0.32478826489535434,0.12360277568469771
5276,0.5533322713408265,0.32507009150545274,0.12159763715372081
5277,0.5274933866801552,0.34292793651443654,0.1295786768054082
5278,0.5446207761697806,0.3259835618823106,0.12939566194790883
5279,0.5862104488367146,0.29210731158511183,0.12168223957817358
5280,0.5711377052763731,0.3095492259994346,0.11931306872419231
5281,0.549798907261998,0.31418277240364645,0.1360183203343556
5282,0.549412765484034,0.3241659630369621,0.12642127147900403
5283,0.5111741330330102,0.3471147763971887,0.1417110905698012
5284,0.5589828170302585,0.3179875266123646,0.1230296563573768
5285,0.5042703319712396,0.3559086665711719,0.13982100145758847
5286,0.5161981769130444,0.35657263800042643,0.12722918508652914
5287,0.5551299924767029,0.3244133183159733,0.12045668920732379
5288,0.5297713457418473,0.3393504383447884,0.13087821591336432
5289,0.5459687550386721,0.32144057958885314,0.13259066537247474
5290,0.5042086906140207,0.3571210389750743,0.1386702704109049
5291,0.5292628919553454,0.3281675769879427,0.142569531056712
5292,0.5646276381666403,0.31303216739849826,0.12234019443486145
5293,0.5637295788566494,0.3230696220230611,0.11320079912028949
5294,0.5679129145349163,0.2904310493194968,0.14165603614558686
5295,0.5859461994329275,0.2908992624707303,0.12315453809634228
5296,0.538269154242536,0.33828857955623504,0.12344226620122899
5297,0.5117856650541537,0.34306290431198594,0.1451514306338604
5298,0.559200668530454,0.29276557786649066,0.14803375360305532
5299,0.5107198074997804,0.34639812568058304,0.14288206681963658
5300,0.5449617533896184,0.3182545766731929,0.1367836699371887
5301,0.569057890521448,0.30380753380611103,0.12713457567244105
5302,0.5459104176533485,0.32164896095555046,0.13244062139110102
5303,0.5154313071041371,0.3428988305519876,0.1416698623438753
5304,0.5045917934214742,0.35447494190856554,0.14093326466996028
5305,0.52816574637212,0.3225697943569778,0.14926445927090226
5306,0.47503246262090515,0.3943785793011043,0.13058895807799056
5307,0.5622051317983882,0.30663685352505515,0.1311580146765567
5308,0.5432695833822492,0.3222944294032428,0.13443598721450797
5309,0.5417423941130001,0.32419595975976534,0.13406164612723465
5310,0.565250487425378,0.3169442422006144,0.11780527037400763
5311,0.542948792861542,0.336107181078685,0.12094402605977306
5312,0.5589120688004726,0.3197078774249932,0.12138005377453415
5313,0.5557932612484733,0.31909373502091903,0.12511300373060766
5314,0.5818685656843745,0.29717445159068173,0.12095698272494375
5315,0.5494719845333865,0.3330196143414631,0.11750840112515039
5316,0.5805491427250554,0.2945774528567195,0.1248734044182251
5317,0.5545459980670728,0.31128238933659425,0.13417161259633287
5318,0.5616322187681624,0.3011378114624737,0.1372299697693639
5319,0.5852080988572711,0.2955410649091546,0.11925083623357431
5320,0.5923562382601546,0.2823848952802122,0.12525886645963324
5321,0.5547972928437532,0.3228230567031646,0.1223796504530822
5322,0.5956932403642213,0.28838295627698046,0.11592380335879814
5323,0.562463641527339,0.31475720691424464,0.12277915155841637
5324,0.6003622218272524,0.2746916790111812,0.1249460991615664
5325,0.5827797210968869,0.2850626210046735,0.1321576578984396
5326,0.5977052860713442,0.27615677803539557,0.1261379358932602
5327,0.6371420360503688,0.24201712115605414,0.12084084279357707
5328,0.5929264951426753,0.28497752375588997,0.12209598110143478
5329,0.6405798387254716,0.24882958939282912,0.1105905718816992
5330,0.579917208944066,0.2940194522484705,0.1260633388074636
5331,0.5813041401251964,0.3030323839207907,0.11566347595401298
5332,0.5986846455065914,0.287825894600954,0.11348945989245467
5333,0.6148165732267423,0.2632664537234562,0.1219169730498015
5334,0.6430857595881005,0.23438789013410058,0.12252635027779889
5335,0.583496797765462,0.29122289969776516,0.12528030253677278
5336,0.6249605700845269,0.26595560931834505,0.10908382059712812
5337,0.6290429369488036,0.25523013386212906,0.1157269291890673
5338,0.6078148218317848,0.2727049084911692,0.11948026967704604
5339,0.6126726443990547,0.26687617994582874,0.12045117565511664
5340,0.5878218784492611,0.3000339092740421,0.11214421227669673
5341,0.5917542952928909,0.2928352365069753,0.11541046820013376
5342,0.5970358954149126,0.2716508178122948,0.13131328677279264
5343,0.5198710406783812,0.33861135586882535,0.1415176034527935
5344,0.5686026283268601,0.3080168544977403,0.12338051717539951
5345,0.5642167570626634,0.307729385736274,0.12805385720106258
5346,0.565980662052994,0.3080877503433622,0.1259315876036437
5347,0.578944472305291,0.2772222774507471,0.14383325024396182
5348,0.5812327784055179,0.29043693493409733,0.12833028666038473
5349,0.5775409424394531,0.2932209431623724,0.12923811439817443
5350,0.612326249970559,0.2607531448614896,0.1269206051679515
5351,0.5696199406266946,0.30846394919684544,0.12191611017645995
5352,0.588918023480888,0.29926715382634184,0.11181482269277024
5353,0.5475599739474556,0.31798214709653483,0.13445787895600958
5354,0.5761676128201657,0.3001918009930471,0.12364058618678721
5355,0.5926527971513633,0.27385694974997954,0.13349025309865714
5356,0.6196283051424778,0.27223508353313164,0.10813661132439062
5357,0.5804169455701291,0.29393428935217375,0.12564876507769704
5358,0.6114108136620312,0.26044223458905275,0.12814695174891608
5359,0.6186508984286292,0.2633287141316952,0.11802038743967562
5360,0.6273315214005319,0.2579256053586718,0.11474287324079621
5361,0.6043970786630699,0.28443480769908336,0.1111681136378467
5362,0.610696998873073,0.2725027079070887,0.11680029321983829
5363,0.5867043227504112,0.2957415818108901,0.11755409543869876
5364,0.6051993061572091,0.26941963760030585,0.1253810562424851
5365,0.5720039928377926,0.3003560899240367,0.1276399172381707
5366,0.6113695798402965,0.25816262114615035,0.13046779901355315
5367,0.6272881065870934,0.25819484735713694,0.11451704605576962
5368,0.6129564487301069,0.2611829824218002,0.12586056884809288
5369,0.6242274156008658,0.24416679103810024,0.131605793361034
5370,0.6223555010559231,0.2635830555784206,0.11406144336565639
5371,0.6109815610400898,0.25562241696784926,0.13339602199206094
5372,0.634986893916092,0.23991104668361973,0.12510205940028832
5373,0.6097923921301097,0.25973837629941215,0.13046923157047816
5374,0.6174922919785825,0.26079207585792713,0.1217156321634904
5375,0.5890803174228509,0.28178870778873943,0.12913097478840957
5376,0.6407467288776166,0.2473019999704812,0.11195127115190213
5377,0.5976029950902284,0.28589675229619266,0.11650025261357895
5378,0.590205508066338,0.3097534625785704,0.10004102935509163
5379,0.6167139475962086,0.2684965041699953,0.11478954823379615
5380,0.6051316438488205,0.2784330554673952,0.11643530068378433
5381,0.6104740634603086,0.2757960662541855,0.11372987028550577
5382,0.5911986799809341,0.2871902401564445,0.12161107986262142
5383,0.61426585879124,0.2738752045064551,0.11185893670230494
5384,0.6228063824913274,0.2696248632922414,0.10756875421643129
5385,0.6254789251272094,0.2570326905371862,0.11748838433560449
5386,0.6330481119703534,0.25303731259172746,0.11391457543791915
5387,0.6316606656462174,0.2659221606809888,0.10241717367279392
5388,0.5792416467915544,0.29425996263374965,0.12649839057469586
5389,0.6144976580803736,0.2760131813873195,0.10948916053230688
5390,0.6005561985287101,0.28140219240227515,0.11804160906901476
5391,0.561477501576986,0.31291566393141645,0.12560683449159762
5392,0.6082957530955401,0.27197643580332165,0.11972781110113832
5393,0.5977867802845103,0.2848965875843015,0.11731663213118826
5394,0.5802819750765045,0.32018904759477745,0.09952897732871807
5395,0.5895194228357973,0.2952571436201823,0.11522343354402044
5396,0.6158662752360099,0.2783726002724836,0.10576112449150654
5397,0.6071567423803614,0.27892297170907593,0.11392028591056265
5398,0.6220340148733576,0.2602596739847145,0.1177063111419279
5399,0.6227352437007934,0.2629753796210616,0.11428937667814505
5400,0.5768996629739586,0.3080598926491098,0.11504044437693166
5401,0.569572815768248,0.30865259129282296,0.12177459293892899
5402,0.5800870778448434,0.29318731807189524,0.12672560408326136
5403,0.5664828421242573,0.31402856739736656,0.11948859047837618
5404,0.6185021716112413,0.2667933577938312,0.11470447059492754
5405,0.5857352938776575,0.29381472635825395,0.12044997976408844
5406,0.6139758957342508,0.27174528970804696,0.11427881455770218
5407,0.5846342774359433,0.29365091966940204,0.12171480289465464
5408,0.618312768180647,0.26733976327841935,0.11434746854093372
5409,0.6105724821876961,0.2792710249291092,0.11015649288319469
5410,0.598256277258772,0.29233239087069407,0.10941133187053403
5411,0.613602852490208,0.2797204680701063,0.10667667943968577
5412,0.6085375585701898,0.2670073127012124,0.12445512872859778
5413,0.6323667095044908,0.2582146132632956,0.10941867723221362
5414,0.6379686107244669,0.24691763288708007,0.11511375638845306
5415,0.6017130452519471,0.2808013337555123,0.11748562099254055
5416,0.606153479006571,0.26614225398333197,0.12770426701009707
5417,0.605571162010971,0.27288751718343024,0.12154132080559868
5418,0.5939128441898354,0.2903144505894393,0.11577270522072534
5419,0.625515488022851,0.2623502617957532,0.11213425018139588
5420,0.5897707002867416,0.28317784948590763,0.12705145022735073
5421,0.6507683620696236,0.255531549633757,0.09370008829661941
5422,0.6404483611416463,0.2529087880219698,0.10664285083638389
5423,0.6164007140018389,0.27751797035147757,0.10608131564668345
5424,0.6185211318137244,0.2727671542304172,0.10871171395585849
5425,0.6050158237017274,0.2829479050878079,0.11203627121046472
5426,0.6140596362066992,0.27595378843231466,0.10998657536098616
5427,0.6127267699870935,0.25699148677861866,0.13028174323428784
5428,0.6370847939896895,0.2571888913162033,0.10572631469410718
5429,0.6049756285298071,0.2764936795892645,0.1185306918809283
5430,0.5844567957442394,0.296369619717992,0.1191735845377686
5431,0.6056464475386699,0.2777198666435836,0.11663368581774644
5432,0.6595954821149693,0.22808967645479677,0.11231484143023393
5433,0.612737715217507,0.2672241386203152,0.12003814616217785
5434,0.6402904946247925,0.25118323941924503,0.10852626595596251
5435,0.6565334937904843,0.23911275807116056,0.10435374813835513
5436,0.6723413090542387,0.21421320283165157,0.11344548811410973
5437,0.6717445355199131,0.2289227951439823,0.0993326693361046
5438,0.6077898544373251,0.2747032575927941,0.11750688796988075
5439,0.6744528067005658,0.22025303294120036,0.10529416035823377
5440,0.6508749240913161,0.23886582225006542,0.11025925365861855
5441,0.6276558538411642,0.2651697115788472,0.10717443457998863
5442,0.6254105359806404,0.2679220726167006,0.10666739140265899
5443,0.6501773180104607,0.25896944590588195,0.0908532360836573
5444,0.6406847580506946,0.2532187420029128,0.10609649994639261
5445,0.639645584397654,0.2448118136157912,0.11554260198655482
5446,0.6364507161167086,0.2537619404141923,0.10978734346909919
5447,0.6242546994649847,0.2606099304489742,0.11513537008604109
5448,0.6281808923321576,0.26284938780774053,0.10896971986010189
5449,0.6147782626283642,0.2599704398250692,0.12525129754656666
5450,0.616679503791026,0.27600956688983896,0.10731092931913508
5451,0.6538525854967614,0.23415744317044448,0.1119899713327941
5452,0.6265573789124753,0.2520980331505827,0.12134458793694196
5453,0.6659782361057665,0.2306129376102041,0.10340882628402946
5454,0.6891190517570321,0.20858102407211246,0.1022999241708554
5455,0.6217470527078048,0.26176506325740095,0.11648788403479426
5456,0.6184520517037023,0.26439360178475846,0.11715434651153923
5457,0.6377173368705974,0.2538952499399879,0.1083874131894147
5458,0.6180749857261704,0.261090793529549,0.12083422074428066
5459,0.638894224787451,0.24664357703791887,0.11446219817463014
5460,0.6182622892402867,0.2732787049959952,0.10845900576371807
5461,0.5894361305530841,0.29650576661911726,0.11405810282779867
5462,0.6275860128171881,0.2529010982281057,0.11951288895470619
5463,0.6143379008876274,0.2768661477464718,0.10879595136590084
5464,0.6221989468297158,0.2701248999848669,0.10767615318541739
5465,0.6271844783727218,0.2708020800350695,0.1020134415922087
5466,0.603261530749042,0.2763222677968286,0.12041620145412944
5467,0.6136599270698,0.27868005267007817,0.10766002026012188
5468,0.6068673588182864,0.27457146162701523,0.11856117955469841
5469,0.5893373658048899,0.28345731751265624,0.1272053166824538
5470,0.6158915993550654,0.26318787536730176,0.1209205252776328
5471,0.6353433808951168,0.25312842875958486,0.11152819034529833
5472,0.665180574030118,0.23508348370006857,0.0997359422698135
5473,0.6229668390917181,0.26809288312100243,0.10894027778727937
5474,0.5938104853187357,0.2897916347571912,0.11639787992407309
5475,0.6184178171016258,0.26064396542028656,0.12093821747808767
5476,0.6106029874516947,0.2665454603321956,0.12285155221610969
5477,0.6498354077246955,0.2424705967065976,0.10769399556870693
5478,0.6263821810134763,0.2622457790619475,0.11137203992457613
5479,0.664395935685996,0.22000471806077226,0.11559934625323179
5480,0.6182947011296736,0.26431658942715314,0.11738870944317338
5481,0.6139599183823468,0.2641247989477666,0.1219152826698867
5482,0.6399773331432469,0.24914841075625271,0.11087425610050036
5483,0.6627694614892372,0.22646709537101378,0.11076344313974898
5484,0.66933081284612,0.21495149688607004,0.11571769026780998
5485,0.6562017095901901,0.21600889808948504,0.1277893923203249
5486,0.6399136339730749,0.2364675754641341,0.12361879056279099
5487,0.652481550778505,0.2347068742573216,0.11281157496417345
5488,0.6412623594051996,0.24355740017503252,0.11518024041976783
5489,0.6570924683811961,0.22509910569386563,0.11780842592493827
5490,0.670443692435321,0.2206551115924143,0.10890119597226475
5491,0.6319265098568374,0.2502784285367098,0.11779506160645282
5492,0.616741318580039,0.2601477968307722,0.12311088458918876
5493,0.5962343397607017,0.2818506133366108,0.12191504690268748
5494,0.6344393618862787,0.2546121684015699,0.11094846971215143
5495,0.6450015389669866,0.24866782937554174,0.10633063165747167
5496,0.6700295758098511,0.22678346668913205,0.10318695750101689
5497,0.6253857272471507,0.24800455851884812,0.12660971423400114
5498,0.6119495985199783,0.257693431728763,0.13035696975125868
5499,0.6230418437242224,0.24685361238461173,0.13010454389116585
5500,0.6505407458010579,0.22816299661465658,0.1212962575842855
5501,0.671055095188309,0.22148043506773765,0.10746446974395345
5502,0.6597136097204835,0.22756213618767004,0.11272425409184639
5503,0.656332630431253,0.22767997584119043,0.11598739372755654
5504,0.6423472127717952,0.23762503656573686,0.12002775066246796
5505,0.664168386062987,0.23591802756057115,0.09991358637644189
5506,0.6432094374686763,0.24191791779229965,0.11487264473902407
5507,0.6376830060589522,0.2462175178127484,0.11609947612829938
5508,0.666439847394171,0.21727502297230983,0.11628512963351922
5509,0.6596947720275019,0.2294959801099611,0.11080924786253693
5510,0.6550601023658494,0.23749993293182017,0.10743996470233036
5511,0.6684043438714183,0.23062755718652217,0.1009680989420595
5512,0.6288322168254051,0.2542871724510833,0.1168806107235116
5513,0.6640472817579468,0.22896142096992883,0.10699129727212432
5514,0.6137155047894277,0.25820567747658213,0.12807881773399016
5515,0.6487456121999474,0.22842297235962253,0.12283141544043001
5516,0.6501015086344164,0.23616602296609512,0.11373246839948849
5517,0.6600242944710322,0.22127490715180137,0.1187007983771664
5518,0.6454308729439352,0.2393918542286553,0.11517727282740949
5519,0.6544886327066244,0.23118202891858233,0.11432933837479324
5520,0.6352954255640134,0.24794149648871644,0.11676307794727012
5521,0.6270448408594885,0.2536363980307056,0.11931876110980588
5522,0.6228077071996468,0.25481721877857944,0.12237507402177379
5523,0.6572486013839196,0.23134960880997396,0.11140178980610649
5524,0.6609550549756055,0.22221604775481282,0.1168288972695817
5525,0.6530160982114716,0.22397083982331653,0.12301306196521189
5526,0.6479051844628252,0.2239356415963313,0.12815917394084353
5527,0.6490825792616356,0.23358513069732006,0.11733229004104437
5528,0.6162350547181255,0.26447894706792935,0.11928599821394523
5529,0.6048200145035395,0.2625978976311913,0.13258208786526918
5530,0.665122883204339,0.22085946970941153,0.11401764708624951
5531,0.6417604272181489,0.23904698791912857,0.11919258486272256
5532,0.6788984405745832,0.21372174086862505,0.10737981855679178
5533,0.6427458463358138,0.2477560395084396,0.10949811415574665
5534,0.6511389166621373,0.23735026778186616,0.11151081555599655
5535,0.664374346578646,0.22347128634187283,0.11215436707948111
5536,0.6584515575921809,0.22912811436965586,0.11242032803816333
5537,0.6760565935677895,0.21638779075301637,0.10755561567919415
5538,0.6500357201598842,0.23078913760872666,0.11917514223138918
5539,0.6416916945671608,0.22193635945450643,0.1363719459783328
5540,0.6283930712937033,0.24225381277168845,0.1293531159346083
5541,0.6358889456839505,0.24642201900186791,0.11768903531418158
5542,0.6800736383237199,0.18787253244313953,0.13205382923314057
5543,0.6708179044868595,0.2139697670734994,0.11521232843964112
5544,0.6592199521718933,0.2155877388447583,0.12519230898334843
5545,0.6334785866753201,0.2469389423708306,0.11958247095384933
5546,0.627723765526377,0.242781887355485,0.12949434711813798
5547,0.6386092237197488,0.239970967143586,0.12141980913666513
5548,0.634540514181775,0.22725908133871675,0.1382004044795082
5549,0.6034831970627883,0.25689187404948427,0.1396249288877274
5550,0.617234264786831,0.2554452837929209,0.12732045142024806
5551,0.6347464895556459,0.2447209208145202,0.12053258962983382
5552,0.6359097822548195,0.2520290215584829,0.11206119618669759
5553,0.6232402459708412,0.253246578913459,0.12351317511569992
5554,0.6319277473978372,0.23803009702174552,0.13004215558041735
5555,0.6514183099071212,0.22266835586112993,0.12591333423174886
5556,0.6443524956527252,0.22951487893567588,0.1261326254115989
5557,0.6460350536755313,0.22069325545233037,0.1332716908721384
5558,0.6475274234337508,0.2360487240018877,0.11642385256436145
5559,0.6412633844229485,0.23056551233886677,0.1281711032381847
5560,0.6495542458635956,0.23177386635942568,0.1186718877769788
5561,0.6487639275576988,0.2251745878220339,0.12606148462026728
5562,0.6359129668663563,0.24599672432466277,0.11809030880898087
5563,0.5979954926992328,0.26538300318758906,0.13662150411317817
5564,0.6419411358502862,0.23477483302133265,0.12328403112838117
5565,0.6028504997872981,0.2700469712067583,0.12710252900594357
5566,0.6516264868682774,0.2323944057667119,0.11597910736501074
5567,0.5907328131136655,0.271328565205346,0.1379386216809885
5568,0.5855253184616119,0.2721749610046045,0.14229972053378354
5569,0.6347454515972258,0.24622666598917334,0.11902788241360088
5570,0.6176345659693263,0.24645451640971103,0.13591091762096263
5571,0.6456128255464447,0.23466563164208532,0.11972154281146993
5572,0.6491257120979247,0.22787908570688156,0.12299520219519376
5573,0.6235128982369027,0.24240304576374921,0.13408405599934803
5574,0.6407697639779102,0.23676416231059008,0.12246607371149978
5575,0.6650095689369323,0.2115688450408132,0.12342158602225453
5576,0.6202900915934826,0.2513856139220279,0.12832429448448954
5577,0.6264109190970861,0.23866170704411327,0.13492737385880063
5578,0.6328856907614955,0.21131314942221577,0.1558011598162888
5579,0.6351880546393052,0.23106485417424175,0.13374709118645306
5580,0.6088955762777506,0.23606638120619663,0.15503804251605277
5581,0.5811665211196396,0.28202049914969896,0.1368129797306614
5582,0.5974161199992192,0.2639444692444781,0.13863941075630265
5583,0.589041573629526,0.25364809574145153,0.15731033062902244
5584,0.6007492777549852,0.2580138410264144,0.14123688121860037
5585,0.5863056687491359,0.2674388919244518,0.14625543932641225
5586,0.5932070094475175,0.2530813519989833,0.15371163855349929
5587,0.6309686205858759,0.2378993841490283,0.13113199526509578
5588,0.5972791968842676,0.2551035833879911,0.14761721972774125
5589,0.6349139037756149,0.23195753675546082,0.1331285594689243
5590,0.5947514565496961,0.24175317781841602,0.16349536563188788
5591,0.5995860683617009,0.27085564030228854,0.1295582913360106
5592,0.5988896636018833,0.2557600885709436,0.145350247827173
5593,0.6008104622741264,0.253400001150482,0.14578953657539162
5594,0.5873910728256841,0.2694142173421224,0.14319470983219343
5595,0.584590098893679,0.26438953583366087,0.1510203652726602
5596,0.5778670821865153,0.2737218138700415,0.14841110394344317
5597,0.5783094171395728,0.2775583673693662,0.144132215491061
5598,0.5432997541212385,0.30287687017868725,0.15382337570007423
5599,0.5581696788409538,0.27674446278991377,0.16508585836913245
5600,0.5541370518853418,0.2886656649462832,0.15719728316837503
5601,0.5507247463864325,0.29684066430926176,0.15243458930430573
5602,0.572699993100511,0.2909720705573905,0.13632793634209844
5603,0.5668475735054592,0.2708233799269275,0.16232904656761324
5604,0.5750869314673716,0.2639746973853285,0.1609383711472999
5605,0.5737635010900489,0.26840406668696576,0.15783243222298535
5606,0.6069172091000773,0.25582437534693186,0.13725841555299084
5607,0.5266680868343796,0.3111460874480373,0.1621858257175831
5608,0.5373705703328627,0.30174659703427203,0.16088283263286518
5609,0.5528828595750049,0.2813350571149738,0.16578208331002123
5610,0.6025100246916226,0.24410221233187793,0.15338776297649942
5611,0.6121463247385108,0.2234353911267981,0.16441828413469103
5612,0.6143812155364434,0.24343229806580713,0.1421864863977494
5613,0.613765831338134,0.22592482529433183,0.16030934336753416
5614,0.6188391233679349,0.22019902614881726,0.16096185048324782
5615,0.5714832976372082,0.25607345159339134,0.1724432507694005
5616,0.6182651727048543,0.23281077066695496,0.14892405662819078
5617,0.5829609836240275,0.25281354920420857,0.16422546717176398
5618,0.5714077458629058,0.2567543077565205,0.1718379463805737
5619,0.5496277554101774,0.2793397490813992,0.17103249550842345
5620,0.6164933851934656,0.20912998918966702,0.17437662561686731
5621,0.5293052530464372,0.2882997339271019,0.18239501302646097
5622,0.5548722894575352,0.27020144237428717,0.17492626816817766
5623,0.5408893403032494,0.2854807864230953,0.17362987327365528
5624,0.5789536053115516,0.24421930724162275,0.1768270874468257
5625,0.568474033036134,0.27182418996593666,0.15970177699792937
5626,0.5694058906366615,0.27207981386325303,0.15851429550008547
5627,0.6063012412015731,0.23700247854369752,0.15669628025472937
5628,0.5108514931654595,0.31079404526062787,0.17835446157391258
5629,0.5863962883090269,0.24594532845120076,0.16765838323977236
5630,0.5467440846894466,0.2747124137877944,0.17854350152275908
5631,0.5512629445787857,0.28732772627277703,0.16140932914843734
5632,0.5446728824810512,0.2972720782805616,0.15805503923838715
5633,0.5064957940321936,0.3258952450337511,0.16760896093405528
5634,0.5388297342274362,0.2755741645157252,0.18559610125683862
5635,0.5385965853009459,0.29098308752211505,0.170420327176939
5636,0.5619297345944918,0.26149170568241425,0.1765785597230939
5637,0.5421099771034252,0.28299496205601066,0.17489506084056414
5638,0.5655762801130858,0.25507752971394926,0.17934619017296494
5639,0.5635728837145659,0.26265249438987376,0.17377462189556037
5640,0.6028864226923552,0.25684311059117115,0.14027046671647364
5641,0.5687925035002606,0.273317922503421,0.15788957399631845
5642,0.5584845982591323,0.2653308949413736,0.1761845067994941
5643,0.5504150817515673,0.2730675491860515,0.17651736906238125
5644,0.5536094236904803,0.2667483934336763,0.1796421828758435
5645,0.5748334724564284,0.2507910008299366,0.17437552671363504
5646,0.5307215149741894,0.26610453505543524,0.2031739499703753
5647,0.5579851792925228,0.2680413822587721,0.17397343844870514
5648,0.548393174396666,0.26772906076716557,0.18387776483616847
5649,0.5516524347997215,0.2721237406153136,0.17622382458496494
5650,0.5000421046328195,0.2910650048302257,0.2088928905369548
5651,0.5284307778367179,0.30218161623684897,0.16938760592643307
5652,0.54514402415728,0.2769553025798884,0.17790067326283154
5653,0.5403496377856257,0.2795944910263604,0.18005587118801386
5654,0.5553336787460764,0.2808881477429828,0.1637781735109407
5655,0.5431749224416084,0.28349249670013965,0.17333258085825196
5656,0.5158508209097519,0.2878964664511196,0.19625271263912852
5657,0.5595219414976633,0.2584768254604588,0.18200123304187787
5658,0.5271935214892518,0.2857355045912971,0.1870709739194511
5659,0.5048784911958087,0.30859922617656077,0.1865222826276304
5660,0.48085075726639687,0.3224449955431914,0.1967042471904117
5661,0.5111449559688428,0.30536332055203214,0.1834917234791251
5662,0.479962147384865,0.32081078413280173,0.1992270684823333
5663,0.4532152145075662,0.3427425869028221,0.20404219858961173
5664,0.48530597184247737,0.32250882930619185,0.19218519885133076
5665,0.4726589888054205,0.31891718220651055,0.20842382898806894
5666,0.5146515883727306,0.28955440314293135,0.195794008484338
5667,0.4943921603311212,0.3103505525551824,0.19525728711369636
5668,0.4135889133282162,0.3586400213604484,0.2277710653113354
5669,0.44875689851865497,0.3319212565165946,0.21932184496475043
5670,0.4611744298685705,0.32505956733358027,0.21376600279784921
5671,0.516786476599646,0.29178999650715165,0.19142352689320233
5672,0.5073853207418401,0.2857723528915487,0.20684232636661123
5673,0.48626636090062,0.31852235234400494,0.19521128675537508
5674,0.4653146566294576,0.3141706578752464,0.22051468549529601
5675,0.481431691670067,0.2995695922557697,0.21899871607416332
5676,0.49212333362277105,0.31086662311290886,0.19701004326432003
5677,0.5110025078386964,0.2818248351929392,0.20717265696836443
5678,0.4993079256200519,0.2887954149206702,0.21189665945927794
5679,0.48905773439941813,0.318137026303684,0.19280523929689786
5680,0.4585186782653222,0.32562732261773825,0.21585399911693956
5681,0.4580541320226723,0.3314586241698065,0.21048724380752123
5682,0.4667083828632519,0.3262618573403777,0.2070297597963704
5683,0.4605647833316671,0.34103447320425306,0.19840074346407982
5684,0.4898065192389969,0.3018219355233115,0.20837154523769164
5685,0.43513416658927256,0.34786704153079256,0.21699879187993484
5686,0.4589723723462482,0.3330593041252995,0.2079683235284523
5687,0.48918341870133564,0.2954830451228284,0.21533353617583595
5688,0.501806055775914,0.2856242248188365,0.2125697194052495
5689,0.48591922095109,0.29295795645714073,0.22112282259176927
5690,0.47825134457088586,0.3072932826742598,0.21445537275485432
5691,0.46808002078742933,0.3268688970612159,0.20505108215135473
5692,0.5102245678717809,0.29971895930513154,0.19005647282308757
5693,0.5015820153073809,0.29875498420603996,0.19966300048657917
5694,0.5094081577191942,0.3020688475637996,0.18852299471700623
5695,0.5009264365898071,0.29150609631972807,0.20756746709046486
5696,0.45436048659307976,0.3401969061290953,0.20544260727782493
5697,0.4584585732613953,0.3394888097539753,0.20205261698462942
5698,0.43924264710255007,0.3163130047666166,0.24444434813083335
5699,0.4155687826176619,0.34741849909941497,0.2370127182829231
5700,0.4203872753464655,0.3525519060100253,0.22706081864350916
5701,0.44110080821106484,0.33953207765413146,0.21936711413480367
5702,0.4481356761071043,0.33140199337223114,0.22046233052066458
5703,0.44327939198103616,0.33180847960172893,0.2249121284172349
5704,0.4942247240997122,0.3021551905805848,0.20362008531970296
5705,0.47010937365960215,0.32174668917647264,0.20814393716392518
5706,0.4813913741244851,0.34224753870390584,0.17636108717160906
5707,0.4312763527271044,0.36694920959509897,0.20177443767779663
5708,0.4513550614885682,0.35234802504200596,0.19629691346942588
5709,0.41497380144567125,0.3549464986589997,0.23007969989532906
5710,0.4386448599466833,0.3347649209337242,0.2265902191195925
5711,0.43105830734083683,0.36373656939113763,0.20520512326802554
5712,0.4476961341873509,0.34677814472978796,0.20552572108286116
5713,0.4228783876688579,0.3518540193977675,0.22526759293337464
5714,0.4319973465332158,0.3605632944221,0.20743935904468422
5715,0.43921220867036725,0.3355045155908632,0.22528327573876955
5716,0.40930292082045255,0.3503370585735782,0.24036002060596923
5717,0.43335422923884204,0.3702840221784504,0.19636174858270755
5718,0.3576379968017865,0.3964498526896753,0.24591215050853818
5719,0.3856935326920473,0.3937342189087264,0.2205722483992263
5720,0.460880446525982,0.34581746088292165,0.19330209259109637
5721,0.3882987835232414,0.37502447861038907,0.23667673786636959
5722,0.39788475236270243,0.38675389881273353,0.21536134882456398
5723,0.4085713479219184,0.37074270885711375,0.22068594322096782
5724,0.39869530321307234,0.400007367463526,0.20129732932340166
5725,0.4299299079259477,0.36626072635992835,0.20380936571412395
5726,0.4487579950375535,0.34066878465229633,0.2105732203101502
5727,0.38819605805915336,0.40253574242214085,0.20926819951870573
5728,0.3993154732087909,0.393393242128769,0.20729128466244007
5729,0.42836444841447074,0.36742803413177877,0.2042075174537505
5730,0.40872381438305316,0.38741668489958464,0.2038595007173622
5731,0.4269414644863685,0.37217483929888817,0.20088369621474336
5732,0.4027129960708441,0.3858416089847543,0.21144539494440162
5733,0.4150638711886902,0.38218391351932857,0.2027522152919812
5734,0.40772287567262094,0.3808247755067921,0.21145234882058694
5735,0.4043933313385431,0.38792750291948824,0.20767916574196868
5736,0.4180526151765011,0.3823430279905551,0.19960435683294384
5737,0.4203683945449653,0.3876336429390522,0.19199796251598247
5738,0.3969068315710656,0.40469892403475866,0.19839424439417577
5739,0.4187865498726014,0.3881659401631436,0.193047509964255
5740,0.35150360306157513,0.40134064499198957,0.24715575194643533
5741,0.3785100850491101,0.40668968222500373,0.21480023272588614
5742,0.4083422871712752,0.37520166308797953,0.21645604974074534
5743,0.37540460502043926,0.3806602549951576,0.24393513998440317
5744,0.38669480129524114,0.4090430412070916,0.2042621574976672
5745,0.3899992504578633,0.39324395176250754,0.21675679777962917
5746,0.3791502967859128,0.4129613667781345,0.2078883364359527
5747,0.4009112501988926,0.3742439851205532,0.22484476468055417
5748,0.40159122512808665,0.3722189363637001,0.22618983850821323
5749,0.42926448254647487,0.3769428428592084,0.1937926745943167
5750,0.43644830709407895,0.35421064722223505,0.209341045683686
5751,0.37774404069622536,0.41041237549521464,0.21184358380856003
5752,0.4028278078388458,0.40025120288270627,0.19692098927844792
5753,0.3978677465689127,0.4023520232599789,0.1997802301711084
5754,0.40511383834735515,0.38135530909294113,0.21353085255970372
5755,0.4354837009495429,0.3630449702909419,0.20147132875951518
5756,0.4072294380232838,0.3844930218841736,0.20827754009254257
5757,0.38610442027892017,0.39313434660442126,0.2207612331166586
5758,0.34111671523805914,0.43974620125808545,0.2191370835038554
5759,0.2939812438966431,0.467138901136686,0.23887985496667088
5760,0.35525809350311593,0.42871405230261544,0.21602785419426862
5761,0.32923119791124755,0.4343576618094313,0.23641114027932117
5762,0.34696740751344757,0.43816788220461683,0.21486471028193557
5763,0.33807420991719167,0.44755836548284245,0.21436742459996588
5764,0.3478937650955023,0.4481018853410917,0.20400434956340602
5765,0.33444029631679334,0.45625804701619255,0.20930165666701409
5766,0.3453503544741056,0.447079706473574,0.20756993905232038
5767,0.33232409295400067,0.45793406281132454,0.20974184423467482
5768,0.32390194611360357,0.447549740263306,0.22854831362309044
5769,0.30741181515521093,0.47482290431629504,0.217765280528494
5770,0.3206148665072806,0.46463999113181176,0.21474514236090766
5771,0.2791908137604178,0.4962041373140103,0.22460504892557187
5772,0.28724329116432673,0.49032657422489856,0.22243013461077468
5773,0.32309649524169204,0.4505965940957117,0.2263069106625963
5774,0.310233474772791,0.4695527694600121,0.2202137557671969
5775,0.3270867271195743,0.4721249407117716,0.20078833216865413
5776,0.3374395454185946,0.4574139145480182,0.20514654003338717
5777,0.35516377800102356,0.43529618713296697,0.20954003486600947
5778,0.31730223108445527,0.48574830977634736,0.19694945913919737
5779,0.30461583103778117,0.4695632034712381,0.22582096549098074
5780,0.3322530064014522,0.4378063309107046,0.2299406626878432
5781,0.3621423540738284,0.44180532551643037,0.19605232040974127
5782,0.36474824885819157,0.42489053409163624,0.21036121705017222
5783,0.284289738722509,0.5064122163247047,0.20929804495278628
5784,0.2900319880551559,0.48961807152074277,0.2203499404241013
5785,0.2777667933711842,0.4959377500203048,0.22629545660851097
5786,0.328162952718856,0.4735043706659806,0.19833267661516343
5787,0.29189805385615486,0.5088063226713193,0.19929562347252583
5788,0.32413303459356985,0.4779231019869709,0.19794386341945922
5789,0.28305132679549355,0.501849420479307,0.21509925272519945
5790,0.2806074548819287,0.49320145511413566,0.22619109000393564
5791,0.30773472054198864,0.48545951140352134,0.20680576805449002
5792,0.30265048276336526,0.4958951980902959,0.2014543191463388
5793,0.28207275368917806,0.501327011629219,0.21660023468160294
5794,0.2574709990862326,0.5330640160509812,0.20946498486278617
5795,0.26732480986957097,0.5238110577998345,0.20886413233059456
5796,0.28512804016487625,0.49647972462609335,0.2183922352090304
5797,0.2829880199510677,0.5060143216184826,0.21099765843044962
5798,0.2339661595127648,0.5531333224501875,0.21290051803704765
5799,0.2631444429454399,0.5356169768621389,0.20123858019242116
5800,0.230860117699869,0.5509714676608326,0.21816841463929842
5801,0.2804202526423299,0.5072019033144136,0.2123778440432565
5802,0.3234434871165203,0.4856329762836025,0.19092353659987712
5803,0.29671520553536773,0.5032941535134193,0.19999064095121294
5804,0.25800830911476136,0.5427683664999186,0.19922332438532012
5805,0.2859374429911955,0.51316844882756,0.2008941081812446
5806,0.30009056607427675,0.5099573816730165,0.1899520522527067
5807,0.28607701583529593,0.5172986816886267,0.19662430247607732
5808,0.26720617496846494,0.5199025806513754,0.21289124438015972
5809,0.28836917590126654,0.5281309718206956,0.18349985227803786
5810,0.2641376779287411,0.5236978710289523,0.21216445104230658
5811,0.2463337538680126,0.5466886017254791,0.20697764440650834
5812,0.2975794841185169,0.5038986069331192,0.19852190894836397
5813,0.2591789086140756,0.5318944953738926,0.2089265960120318
5814,0.2720854350105613,0.532598290127792,0.19531627486164668
5815,0.29124958806860063,0.4985559541861374,0.210194457745262
5816,0.30197604851246784,0.4799675607833422,0.21805639070418997
5817,0.3422233713865461,0.4553993401410649,0.20237728847238898
5818,0.3082831589071652,0.4930029287348963,0.19871391235793848
5819,0.28840950202568355,0.4934113269358164,0.21817917103850004
5820,0.33114014969360106,0.47582396834988755,0.19303588195651142
5821,0.24640963285955825,0.5226295076833454,0.23096085945709643
5822,0.2925685200246241,0.4964678600268181,0.2109636199485578
5823,0.29045667561765265,0.5068330788536836,0.20271024552866382
5824,0.2938594311249481,0.5022285532256997,0.2039120156493522
5825,0.2962732705670958,0.49840064174466053,0.20532608768824367
5826,0.25420012680117626,0.5260286194072518,0.219771253791572
5827,0.2783290158970519,0.5058259898602507,0.21584499424269732
5828,0.2860524572793442,0.5138284173472166,0.20011912537343912
5829,0.26919103174184206,0.5264103265758607,0.20439864168229716
5830,0.27338035217138407,0.5010963116115986,0.22552333621701728
5831,0.2373501850413702,0.5358576463263584,0.22679216863227147
5832,0.3062009054800703,0.48847782396757655,0.20532127055235314
5833,0.31961878040927266,0.46288838462289505,0.21749283496783225
5834,0.23360489121013364,0.5493892097724626,0.21700589901740375
5835,0.2627460191485471,0.5227037888602296,0.21455019199122327
5836,0.2794155520257111,0.5024452994124137,0.21813914856187516
5837,0.2833820784586209,0.4958361373095435,0.2207817842318356
5838,0.26540227128391447,0.5132731226107003,0.22132460610538515
5839,0.2713710863099976,0.5130204600626365,0.21560845362736594
5840,0.24839068725840893,0.520396874697879,0.23121243804371214
5841,0.2205436638073066,0.5517710510646415,0.2276852851280518
5842,0.26926593616342154,0.5184675400717542,0.2122665237648243
5843,0.2533420507267731,0.5354677779192738,0.21119017135395302
5844,0.22088287523250855,0.548575084976409,0.2305420397910824
5845,0.2685663153359071,0.5349303229483888,0.19650336171570415
5846,0.28270167496968474,0.5086612265473708,0.20863709848294454
5847,0.2994696292444914,0.5018408233391428,0.1986895474163658
5848,0.2552953601177288,0.5241793580372671,0.2205252818450041
5849,0.2152819760237645,0.5645668072423952,0.22015121673384028
5850,0.2350841864338657,0.5458574041066544,0.2190584094594799
5851,0.2771886825840246,0.5038545823613056,0.21895673505466975
5852,0.30958578554642874,0.4927158595391956,0.19769835491437565
5853,0.2743486320076219,0.525153290444996,0.20049807754738208
5854,0.26310727331232914,0.5333730255550723,0.20351970113259854
5855,0.24462580924126048,0.558113957370241,0.19726023338849843
5856,0.2885542496354011,0.5014349301913623,0.2100108201732366
5857,0.27629316453732083,0.4969168511002586,0.2267899843624205
5858,0.27148285430335906,0.52752214546324,0.20099500023340083
5859,0.2621923917952188,0.546690321514103,0.19111728669067818
5860,0.2551801894123211,0.5550942852344867,0.18972552535319223
5861,0.2610294926158275,0.5356754681658364,0.20329503921833614
5862,0.27267994949400415,0.5236918433971438,0.20362820710885207
5863,0.2733618970942214,0.5411022843813423,0.18553581852443635
5864,0.26796693346097067,0.5287513539391198,0.20328171259990957
5865,0.2764719195454087,0.5030072797624352,0.22052080069215607
5866,0.2758313446391052,0.5237559216398799,0.2004127337210149
5867,0.32026558950495104,0.5011709407701391,0.17856346972490975
5868,0.2755529114454974,0.5184003552482868,0.20604673330621587
5869,0.2522781107917696,0.5284886181148594,0.21923327109337098
5870,0.24562915453167933,0.5418383469365832,0.21253249853173756
5871,0.2434926950260009,0.5569256336005377,0.19958167137346133
5872,0.2686130648584984,0.5286933145241248,0.20269362061737678
5873,0.30595867257969617,0.4931968080543355,0.20084451936596825
5874,0.2657070528681263,0.5367508681381816,0.19754207899369206
5875,0.26712590798466207,0.5193624052860458,0.21351168672929213
5876,0.27397550941429727,0.5437763539121977,0.18224813667350503
5877,0.25867461422990706,0.5232926698045574,0.21803271596553564
5878,0.27676226514945745,0.5310882718527544,0.19214946299778818
5879,0.2441667462980425,0.5625219286779328,0.19331132502402465
5880,0.25172183201318893,0.5403578061399658,0.20792036184684531
5881,0.23800628992443354,0.5346394449566683,0.22735426511889822
5882,0.23121507673900832,0.5628523681496059,0.20593255511138578
5883,0.23929071721492487,0.5562191301897312,0.20449015259534392
5884,0.2202302895540721,0.5583999143575279,0.22136979608840004
5885,0.24085533000768114,0.5551261481935638,0.20401852179875513
5886,0.2544515036391542,0.5468193354948122,0.19872916086603357
5887,0.2451150495943998,0.5335389664390945,0.22134598396650565
5888,0.27545315592897013,0.5195252613759069,0.20502158269512297
5889,0.23651952087884126,0.552294217841302,0.21118626127985685
5890,0.2828297512151309,0.5160477235432195,0.2011225252416496
5891,0.25546967989598396,0.5331828251193859,0.21134749498463015
5892,0.2791706129220335,0.5297498689068123,0.19107951817115418
5893,0.2980396808104747,0.48070609365826583,0.22125422553125942
5894,0.24196748986474903,0.5481868533921447,0.20984565674310632
5895,0.25657757385459545,0.5375247005372148,0.20589772560818975
5896,0.27958258676622816,0.5290685404512058,0.1913488727825661
5897,0.25673636363287766,0.5133206869537909,0.22994294941333146
5898,0.2702745495508253,0.5378643349325388,0.1918611155166359
5899,0.3814233189357394,0.43659770988416335,0.18197897118009723
5900,0.3094791403022114,0.5022919124298529,0.18822894726793563
5901,0.29749653290019085,0.4913186919861799,0.21118477511362926
5902,0.28214524576701216,0.5314178872984366,0.1864368669345512
5903,0.23225954588329317,0.547239763861281,0.22050069025542574
5904,0.2632244245454392,0.5335293996652999,0.20324617578926088
5905,0.24362125111028135,0.5473801505943048,0.20899859829541384
5906,0.23527449566747038,0.5423384210271005,0.22238708330542914
5907,0.23776617863704402,0.5759958090668884,0.1862380122960675
5908,0.27526467703689095,0.5106683214480883,0.21406700151502073
5909,0.25803271145264306,0.541617463094745,0.20034982545261198
5910,0.25753558915988756,0.5349848246840514,0.2074795861560611
5911,0.23309775597299542,0.5361494134512651,0.23075283057573948
5912,0.24095996629887,0.5293139256523968,0.22972610804873322
5913,0.29748924015273565,0.5107676754904978,0.19174308435676654
5914,0.2391442993279618,0.5383321356890276,0.22252356498301057
5915,0.22139273157643105,0.5475918608092446,0.23101540761432438
5916,0.21441633188689452,0.569254226477879,0.2163294416352264
5917,0.2620032207418852,0.5256090296073808,0.21238774965073398
5918,0.24580069778995114,0.5445291250216513,0.2096701771883976
5919,0.23018864267731162,0.5421000098801094,0.22771134744257898
5920,0.2268454354731193,0.5240935853970253,0.2490609791298554
5921,0.27637129115860937,0.4949330010791704,0.22869570776222026
5922,0.2883472803136585,0.4917462210212835,0.21990649866505796
5923,0.27132748417787017,0.4929660268397539,0.23570648898237598
5924,0.2598586181889077,0.5225361032798155,0.21760527853127676
5925,0.26682801484498314,0.5134197673108115,0.21975221784420532
5926,0.2203706534284113,0.5570204983920402,0.22260884817954857
5927,0.26720716401521044,0.49316486119602543,0.23962797478876416
5928,0.282489879069322,0.49027557870695676,0.22723454222372125
5929,0.28921883233876416,0.4908192195489647,0.21996194811227113
5930,0.27820544742571196,0.4945216819245765,0.22727287064971155
5931,0.2726562372755987,0.5168382189075715,0.2105055438168298
5932,0.30264732816014944,0.46170589557538844,0.23564677626446212
5933,0.279561666507751,0.5109211131223987,0.20951722036985024
5934,0.27188959860626705,0.5146973752237896,0.2134130261699434
5935,0.23681058942619831,0.5457974648407048,0.21739194573309686
5936,0.24624273321669912,0.5310053250696294,0.22275194171367152
5937,0.25876260975953946,0.5351977213035919,0.20603966893686865
5938,0.26102326535722825,0.5263270217959702,0.2126497128468015
5939,0.29794721112758205,0.48646276058724164,0.2155900282851763
5940,0.2958179253867685,0.4902031729774061,0.2139789016358254
5941,0.24789675678159895,0.4840879807289083,0.26801526248949276
5942,0.2387388165352884,0.5050832622110794,0.25617792125363226
5943,0.22568236913485734,0.5265797031873736,0.2477379276777691
5944,0.2290274233486686,0.5258646717381853,0.24510790491314616
5945,0.2678310116658553,0.5010222231860334,0.23114676514811122
5946,0.2307409711921855,0.5195923139449058,0.24966671486290876
5947,0.2582100666181049,0.5103443052320444,0.23144562814985067
5948,0.2744538533213206,0.484417085535334,0.2411290611433454
5949,0.24985221379826314,0.516208993807793,0.23393879239394394
5950,0.23289259703035298,0.49391210490150533,0.2731952980681417
5951,0.2336399797163703,0.5317546338068537,0.23460538647677595
5952,0.25257177565724614,0.5224808033774774,0.2249474209652765
5953,0.25246412996341444,0.4878943156745464,0.2596415543620392
5954,0.26391795829249753,0.49087638546669965,0.24520565624080282
5955,0.24790180743717313,0.49613911480513745,0.2559590777576894
5956,0.25400999291733256,0.48090415244079615,0.2650858546418713
5957,0.2620067690583855,0.483946343077934,0.2540468878636805
5958,0.30104405885855234,0.48126911222088564,0.21768682892056201
5959,0.2562468641593117,0.49970163191732203,0.24405150392336622
5960,0.25456144074353626,0.4985087708767396,0.24692978837972412
5961,0.22216717032203046,0.48057806040156476,0.2972547692764048
5962,0.21447992019719309,0.516864268914013,0.26865581088879387
5963,0.2148428178398942,0.5401672102440193,0.2449899719160865
5964,0.2258770442092772,0.5018185008101707,0.27230445498055217
5965,0.22084704353464668,0.5178041944166504,0.26134876204870294
5966,0.24085861993069566,0.4950880735082588,0.2640533065610456
5967,0.24741345500052003,0.5054901234125223,0.2470964215869577
5968,0.24454586802740266,0.5169927605192006,0.23846137145339666
5969,0.21035462468408167,0.5378824798332381,0.2517628954826802
5970,0.22490693147755272,0.5293599681708091,0.24573310035163817
5971,0.29693742193533623,0.47147084155693914,0.23159173650772463
5972,0.24933444858306106,0.512374553933958,0.23829099748298094
5973,0.25078000485160395,0.5114763879181282,0.23774360723026783
5974,0.2302368044931186,0.513077494222005,0.2566857012848764
5975,0.28574601934679783,0.4822976242752621,0.23195635637794
5976,0.27046186128670124,0.49263943153057815,0.2368987071827206
5977,0.2740598822186105,0.49177953725195755,0.23416058052943192
5978,0.273033408717993,0.49995469013305077,0.22701190114895625
5979,0.2634195235182298,0.48780745198885844,0.2487730244929118
5980,0.3157842545965221,0.46612170544697845,0.21809403995649945
5981,0.31572198949244334,0.43706035287491996,0.2472176576326367
5982,0.28302711344830656,0.4493223726839783,0.26765051386771516
5983,0.27334409223625955,0.46854142529512205,0.2581144824686184
5984,0.2806667761900597,0.48261563154883264,0.23671759226110767
5985,0.3216620234421654,0.43562429710110584,0.24271367945672878
5986,0.29991739846651855,0.4511519266337295,0.24893067489975199
5987,0.3166008017427768,0.4389609497978856,0.24443824845933756
5988,0.27660318430917846,0.4682898857611921,0.2551069299296294
5989,0.27033916106648764,0.4585720683185599,0.27108877061495246
5990,0.2850830203768799,0.44322453497585124,0.2716924446472689
5991,0.28507586307534605,0.46974068105621003,0.24518345586844395
5992,0.2844994419387895,0.443976971699723,0.27152358636148755
5993,0.2602262487922326,0.4769362234821978,0.2628375277255697
5994,0.27555264735463,0.4667881573440472,0.25765919530132275
5995,0.26233862024270327,0.4858907416532887,0.251770638104008
5996,0.24661007063277038,0.4890388117602518,0.26435111760697777
5997,0.2814032281848243,0.4605755583436971,0.2580212134714786
5998,0.2880867018679347,0.4519770504754338,0.2599362476566315
5999,0.27544296015743414,0.4628812048280743,0.26167583501449154
6000,0.31727935647079053,0.45371267147820216,0.2290079720510073
6001,0.27929913724773703,0.466606330004889,0.2540945327473739
6002,0.29403069584370617,0.45664539256751885,0.24932391158877495
6003,0.28654635287676977,0.45580643898849565,0.2576472081347346
6004,0.298295959323057,0.4465128825593702,0.2551911581175728
6005,0.287876580047023,0.4677357519255332,0.24438766802744383
6006,0.26605132592135605,0.4930070551887149,0.24094161888992902
6007,0.2572528992079039,0.4921160352010094,0.2506310655910867
6008,0.25517490456674186,0.4706812415563012,0.27414385387695694
6009,0.27674713975600007,0.4784266563664711,0.24482620387752888
6010,0.2658914033365772,0.5080391348093813,0.22606946185404145
6011,0.28157653610633243,0.49043725227311813,0.22798621162054947
6012,0.3275719612197436,0.4532137342122812,0.21921430456797522
6013,0.2261876489590384,0.5295475655178529,0.2442647855231087
6014,0.25672122708490785,0.5276944446469551,0.21558432826813706
6015,0.27428134845620666,0.4929320520898971,0.23278659945389624
6016,0.23305978267715968,0.5078808998490114,0.25905931747382893
6017,0.2145517382055953,0.5133069112366265,0.2721413505577782
6018,0.2507989369895895,0.48858101190142145,0.26062005110898906
6019,0.2163275574205152,0.524274106800477,0.2593983357790078
6020,0.2090881993994885,0.5401139041335551,0.25079789646695644
6021,0.18723959884657926,0.5474869413688526,0.2652734597845681
6022,0.20395964285086923,0.5299157626785874,0.2661245944705434
6023,0.22831988324399444,0.5296242917890305,0.24205582496697503
6024,0.17400600812864464,0.5748694600653479,0.2511245318060074
6025,0.19575060177718853,0.5581679049526508,0.2460814932701607
6026,0.20469003879617156,0.5758099710634884,0.21949999014034008
6027,0.1821267646064936,0.5682731166036799,0.2496001187898265
6028,0.22096204615030846,0.5412877029562224,0.23775025089346916
6029,0.22640183958597365,0.5348914549753945,0.23870670543863184
6030,0.20652097841834832,0.5377436044209952,0.25573541716065645
6031,0.2017296926213835,0.5607295777284627,0.2375407296501538
6032,0.21161244243731958,0.5618967424030915,0.22649081515958885
6033,0.18898160220808788,0.5373242354705658,0.2736941623213463
6034,0.2177610036451008,0.5299045091468657,0.25233448720803353
6035,0.24154473930391263,0.5165677307222734,0.24188752997381405
6036,0.21927485461141516,0.5195533154355635,0.2611718299530214
6037,0.24037910744220742,0.5024189295917493,0.2572019629660433
6038,0.2155369662034724,0.5390118068702401,0.24545122692628757
6039,0.22746861329628099,0.5378121072312326,0.23471927947248641
6040,0.19626172029046512,0.579258512815277,0.2244797668942579
6041,0.21501787120344548,0.5304303557535703,0.25455177304298415
6042,0.17243231861136385,0.5874572023368513,0.2401104790517849
6043,0.17612746562899226,0.5307240419840203,0.2931484923869874
6044,0.20825075736117213,0.5298629446817368,0.26188629795709106
6045,0.18569625421790792,0.5617836883394361,0.25252005744265593
6046,0.22950224978142292,0.5396799292076275,0.2308178210109495
6047,0.292603596360641,0.4695028766976183,0.2378935269417407
6048,0.20239781208253324,0.5465634169925491,0.25103877092491766
6049,0.21111691109766323,0.5547149640466127,0.2341681248557241
6050,0.19445525839317462,0.533833323096734,0.2717114185100914
6051,0.2154530476106654,0.5402783091767832,0.24426864321255135
6052,0.20228561155589933,0.5461640599900901,0.2515503284540106
6053,0.21206148063508234,0.5230449161028504,0.26489360326206723
6054,0.20902039621860696,0.529129424110465,0.26185017967092794
6055,0.22500407201796746,0.5267967547065516,0.2481991732754809
6056,0.2208892812580318,0.5179303605304404,0.2611803582115278
6057,0.23105260001828787,0.5406507330520761,0.22829666692963607
6058,0.19630300869024794,0.5743984475788209,0.22929854373093123
6059,0.22377633455144866,0.5265259812188002,0.24969768422975114
6060,0.19052704633870257,0.5604367680758856,0.2490361855854118
6061,0.19819161962035767,0.5605182175901892,0.24129016278945314
6062,0.16906113863509487,0.5654417351052873,0.2654971262596179
6063,0.19169348982558246,0.574017341904111,0.2342891682703065
6064,0.19649493318087616,0.5474770528121203,0.2560280140070035
6065,0.18176867938602756,0.5721481742494873,0.2460831463644852
6066,0.18757998891475205,0.5856721821261981,0.22674782895904988
6067,0.17677496675128282,0.5834172127923495,0.23980782045636767
6068,0.1971825022752796,0.5623080198491476,0.2405094778755729
6069,0.19710845774740043,0.5652722544995212,0.2376192877530784
6070,0.18112594300325918,0.5763855638721979,0.24248849312454296
6071,0.21138105723234601,0.536971203296418,0.251647739471236
6072,0.16966860681522905,0.5812048094370993,0.24912658374767171
6073,0.17142566380316962,0.5856871699046673,0.24288716629216306
6074,0.1876368099598206,0.549404814911128,0.26295837512905135
6075,0.17350965173487154,0.5849227904389181,0.24156755782621037
6076,0.1882244084147186,0.5747019009310372,0.23707369065424416
6077,0.18702394646821177,0.5990131051405695,0.2139629483912187
6078,0.20539879451356272,0.5545359277746069,0.24006527771183037
6079,0.17941495561345006,0.5886858102426332,0.2318992341439167
6080,0.18522816098942138,0.5664483778885627,0.2483234611220159
6081,0.225328576989793,0.5486725654537479,0.2259988575564591
6082,0.19978178133302946,0.5684694802838,0.23174873838317062
6083,0.18457071107489886,0.5477309464238419,0.2676983425012592
6084,0.16484484169796834,0.600401577468317,0.23475358083371461
6085,0.16911684728494958,0.581163518841186,0.24971963387386448
6086,0.1724497162921571,0.5977550322817611,0.22979525142608181
6087,0.13833611321165443,0.6334086752152538,0.2282552115730918
6088,0.1613153481808746,0.5855212041124364,0.253163447706689
6089,0.15864210845981927,0.6045934015497894,0.23676448999039132
6090,0.16879061987787894,0.591146878123724,0.2400625019983971
6091,0.1707041087009056,0.5776629833194131,0.25163290797968124
6092,0.20263414729328666,0.5437651433965711,0.2536007093101423
6093,0.17009874627294283,0.5853376718871242,0.24456358183993301
6094,0.1594019985899054,0.5857771841770992,0.2548208172329953
6095,0.1432339086955072,0.6037343162740537,0.25303177503043905
6096,0.18942462529821708,0.5514419208542551,0.25913345384752773
6097,0.16407355565395434,0.579375405574361,0.2565510387716847
6098,0.16415325362340163,0.5743228789362792,0.26152386744031914
6099,0.14138184136824394,0.596633669814536,0.2619844888172201
6100,0.13860185623115753,0.6026170730693949,0.2587810706994475
6101,0.1311518721158532,0.6230423934160075,0.24580573446813925
6102,0.1459379529950197,0.6349935518787819,0.21906849512619836
6103,0.16243427399364715,0.5974551238714728,0.24011060213488
6104,0.17538275530144076,0.585358218081916,0.2392590266166432
6105,0.16892415165813668,0.581049347240644,0.2500265011012193
6106,0.1950226191930931,0.5685059811906573,0.23647139961624958
6107,0.18422777322397835,0.5639511817508329,0.2518210450251887
6108,0.15663353996262458,0.604004614062431,0.2393618459749444
6109,0.19839981021338468,0.5582148068031565,0.24338538298345888
6110,0.18305022927206357,0.5987001551745472,0.21824961555338926
6111,0.18340819643105974,0.5794840438338661,0.23710775973507414
6112,0.16950907663112946,0.5856794008012138,0.2448115225676567
6113,0.18076393526951687,0.5597675627060835,0.25946850202439964
6114,0.16856424753188276,0.5821853099817207,0.24925044248639655
6115,0.1593899125610237,0.5910006663312346,0.24960942110774167
6116,0.16411110392352005,0.5863781907717724,0.24951070530470748
6117,0.15866699006771723,0.603222037578799,0.23811097235348375
6118,0.15516587595381112,0.5918240617921479,0.25301006225404105
6119,0.13655366366307758,0.6183371744426502,0.2451091618942722
6120,0.13572620008989417,0.6183913218451929,0.245882478064913
6121,0.18412842924625455,0.5832605602897638,0.2326110104639817
6122,0.18163731062004848,0.5899037036565828,0.2284589857233687
6123,0.15807139959535227,0.596210337973684,0.2457182624309638
6124,0.1571329435658928,0.5711629155524999,0.2717041408816073
6125,0.21374065135396605,0.5515854135209205,0.23467393512511348
6126,0.13673876258680923,0.6227475692642793,0.24051366814891148
6127,0.1594025551051551,0.606204000400822,0.23439344449402294
6128,0.13584234913437304,0.6115443282718166,0.2526133225938104
6129,0.130273459651809,0.6183697420466145,0.2513567983015765
6130,0.12512501428975376,0.6157576736258422,0.259117312084404
6131,0.11887335128017619,0.6481351143924952,0.2329915343273287
6132,0.13883026057498105,0.6247001434732742,0.23646959595174474
6133,0.14177280244964857,0.5838006634074491,0.27442653414290236
6134,0.16179484896455468,0.5815079145741717,0.25669723646127357
6135,0.1803997500363598,0.5632932230126372,0.256307026951003
6136,0.18859945060535152,0.5729216458584655,0.238478903536183
6137,0.15435433164856116,0.605438165495938,0.2402075028555009
6138,0.14997986724231985,0.6004805011173969,0.24953963164028325
6139,0.14284519198491596,0.6039831573791382,0.2531716506359458
6140,0.104553302569655,0.6571588466042053,0.23828785082613968
6141,0.14315145209241226,0.6306524864308652,0.22619606147672253
6142,0.13680171263986723,0.6456478075447752,0.21755047981535747
6143,0.14382316752993873,0.6038049163501245,0.2523719161199368
6144,0.1427712307680466,0.6399913746876085,0.2172373945443449
6145,0.15915647701268815,0.6170072007961699,0.22383632219114197
6146,0.1430503942807306,0.6450545104387788,0.21189509528049058
6147,0.11360772478215152,0.632383291795819,0.25400898342202943
6148,0.16371330393255715,0.5751508674096572,0.26113582865778573
6149,0.10592577178976782,0.6545571379921454,0.23951709021808673
6150,0.11356456862999467,0.6484092194734723,0.23802621189653309
6151,0.10089942073894662,0.646939859319169,0.25216071994188444
6152,0.11559057587976958,0.6536070989210369,0.2308023251991936
6153,0.12463264357164579,0.6561752641707732,0.21919209225758102
6154,0.11963779993606692,0.652079989610874,0.22828221045305913
6155,0.12527271644599414,0.6489248375053099,0.22580244604869593
6156,0.15031331845959842,0.6261117776495755,0.2235749038908261
6157,0.11160326512337558,0.6654890353694163,0.22290769950720807
6158,0.1341629089215419,0.6561649442602779,0.20967214681818022
6159,0.1382372538566103,0.64243997915335,0.21932276699003964
6160,0.14974047768359042,0.6252967608981795,0.22496276141823002
6161,0.16588286909015376,0.5978852916372024,0.23623183927264385
6162,0.1322445310435972,0.6372001762948024,0.2305552926616004
6163,0.16189000564859726,0.6161827104602358,0.22192728389116703
6164,0.17452411706436427,0.5981625440695112,0.2273133388661245
6165,0.18893585203401284,0.5501065134787754,0.26095763448721176
6166,0.15115517039473414,0.619081138188522,0.2297636914167439
6167,0.14551989181729041,0.6155120150513205,0.23896809313138911
6168,0.2046789051695185,0.5567953727329256,0.23852572209755588
6169,0.18438869029294977,0.5949861031561136,0.22062520655093662
6170,0.15007285756024685,0.621414914549514,0.22851222789023914
6171,0.12948122871756731,0.6397484683978555,0.23077030288457717
6172,0.13131898336589912,0.6127365808790852,0.25594443575501563
6173,0.16470571143495932,0.6262325345857878,0.20906175397925295
6174,0.1385318083351551,0.636923206868454,0.22454498479639087
6175,0.14189530275101445,0.634009895204332,0.22409480204465348
6176,0.17222605941947175,0.6093164964959514,0.21845744408457682
6177,0.14679460427165078,0.6246598904784936,0.22854550524985567
6178,0.17123136023402952,0.607880737856362,0.22088790190960844
6179,0.19109241008783914,0.5842269021832566,0.22468068772890426
6180,0.18804050616439238,0.5966897518945248,0.2152697419410829
6181,0.22831025872507327,0.5708692147521297,0.20082052652279703
6182,0.16937780258380414,0.610125327366033,0.22049687005016294
6183,0.1555556626211916,0.6009025633119256,0.24354177406688282
6184,0.13547655715812784,0.6429607276237609,0.22156271521811122
6185,0.14419507559074388,0.6298322390677801,0.22597268534147608
6186,0.17089208345779736,0.6358009538421058,0.1933069627000969
6187,0.1227198271369517,0.646101902572303,0.23117827029074522
6188,0.11871252009442339,0.6577261490786316,0.223561330826945
6189,0.11791801873338394,0.6467395039970345,0.2353424772695816
6190,0.11792902424419381,0.6632284021794536,0.21884257357635264
6191,0.11682941395727506,0.6664132896148889,0.2167572964278361
6192,0.14660908497595734,0.6488833735878158,0.2045075414362269
6193,0.12821110537271763,0.6099757972706499,0.26181309735663255
6194,0.12513720425793348,0.6618136589891797,0.2130491367528869
6195,0.1014963103450178,0.6716915935595336,0.2268120960954486
6196,0.10320883569387115,0.6437178740011134,0.2530732903050155
6197,0.0957336691949423,0.6663505784800686,0.2379157523249891
6198,0.09775890338184938,0.6369053299107852,0.2653357667073654
6199,0.11323722905687268,0.6460860670574203,0.240676703885707
6200,0.11958393571687703,0.6248005501318475,0.2556155141512754
6201,0.08894756334926403,0.6818869896439647,0.22916544700677136
6202,0.12315494154401678,0.6375882097845378,0.23925684867144545
6203,0.15614134120198817,0.6206181510021193,0.22324050779589263
6204,0.1295498205891007,0.6513331840612587,0.21911699534964052
6205,0.12225521882881246,0.6618967955159025,0.21584798565528496
6206,0.12576913974384127,0.6439097979134112,0.23032106234274755
6207,0.09972034911469088,0.6844457780655039,0.2158338728198052
6208,0.13636944816619598,0.6449723426469337,0.21865820918687034
6209,0.10978617773680427,0.6754024996564484,0.21481132260674737
6210,0.11146857899998645,0.6531707683214021,0.23536065267861145
6211,0.11276470219018034,0.6623678869323582,0.22486741087746148
6212,0.11656654226994173,0.6578282488253525,0.2256052089047058
6213,0.10845426488592742,0.6774138948581121,0.21413184025596047
6214,0.13184645443447063,0.6656561733876953,0.20249737217783406
6215,0.1275752824516146,0.6576188087997156,0.21480590874866987
6216,0.12394525665195234,0.6706669779660435,0.20538776538200426
6217,0.15752434080317435,0.637811552740013,0.20466410645681268
6218,0.12021864382306602,0.6390946851742766,0.2406866710026574
6219,0.1052987044142258,0.6501340772099483,0.24456721837582585
6220,0.11598602336468744,0.636471393035472,0.24754258359984063
6221,0.1188155389104822,0.636774141011394,0.24441032007812388
6222,0.14523092470903673,0.6381304391392928,0.2166386361516705
6223,0.12321315382255266,0.6475983047525303,0.22918854142491707
6224,0.15045281666700014,0.6298891740529411,0.2196580092800588
6225,0.10348891481668215,0.6744507889712507,0.2220602962120672
6226,0.11876402920821118,0.653965686702211,0.22727028408957786
6227,0.1410842356368737,0.6716247179356073,0.18729104642751906
6228,0.16477962540313543,0.5993727261925448,0.23584764840431974
6229,0.15170464816766432,0.5909958879707046,0.2572994638616311
6230,0.11675938869277563,0.6355324270302474,0.24770818427697697
6231,0.15084925877632968,0.6172739547628455,0.23187678646082485
6232,0.14939369985969653,0.6096425275440502,0.2409637725962532
6233,0.14797849393749854,0.6341687771993838,0.21785272886311768
6234,0.15358049958173028,0.6100601867645179,0.23635931365375187
6235,0.13926118166833698,0.6103365927172205,0.2504022256144425
6236,0.1257494281150541,0.6103010355909883,0.2639495362939576
6237,0.1558275934612418,0.5915233239711875,0.25264908256757074
6238,0.13768164801724908,0.6088385304328698,0.25347982154988113
6239,0.1399436122773673,0.6306389250479234,0.22941746267470925
6240,0.13394924103323333,0.6549485558132326,0.21110220315353406
6241,0.10645759244905775,0.6503626338290289,0.24317977372191332
6242,0.12343151740068418,0.6497145349232486,0.2268539476760672
6243,0.1474515068341073,0.6349349873447095,0.21761350582118322
6244,0.13002662361077827,0.6268548325430847,0.243118543846137
6245,0.11624844579558062,0.6434362381211147,0.24031531608330464
6246,0.12159605838477436,0.6362201712432402,0.2421837703719855
6247,0.12955872079673852,0.6330904879212101,0.23735079128205133
6248,0.1129724788475966,0.6201259795367424,0.266901541615661
6249,0.14548732382310794,0.6348573633364829,0.21965531284040915
6250,0.13079503310503,0.6240842770859111,0.2451206898090589
6251,0.13857882694670406,0.6144580802937935,0.24696309275950248
6252,0.11204596645630281,0.6522773720518423,0.2356766614918549
6253,0.12500414338773325,0.6532298328888859,0.2217660237233808
6254,0.15119744938213103,0.6041945027288501,0.24460804788901888
6255,0.11602043647726631,0.6200633504096418,0.26391621311309194
6256,0.12205706427467118,0.641748860620356,0.2361940751049728
6257,0.10292453415506794,0.6509547494467768,0.24612071639815522
6258,0.09768321586995118,0.6680292571143404,0.23428752701570849
6259,0.09412482213913005,0.6802018046441114,0.22567337321675857
6260,0.11621589952810593,0.6462331707718506,0.23755092970004346
6261,0.12418728396277588,0.6372142600426917,0.23859845599453242
6262,0.10919849094172801,0.6644704916925196,0.22633101736575237
6263,0.10689519918723031,0.6260959428231389,0.2670088579896308
6264,0.1116224392982887,0.6237225420833953,0.26465501861831603
6265,0.09504567070384373,0.6507246460442876,0.2542296832518687
6266,0.11695185856290412,0.6381497782329622,0.2448983632041337
6267,0.1294433146208019,0.6160228329347183,0.2545338524444798
6268,0.12892202100914954,0.627563168369638,0.24351481062121244
6269,0.13097099666968878,0.6337805540345239,0.23524844929578728
6270,0.11213556745488548,0.6671985874314615,0.22066584511365298
6271,0.11437875954080264,0.6465383189260618,0.23908292153313557
6272,0.122590285593878,0.5912453681575931,0.2861643462485289
6273,0.10311097222968024,0.6559543214367348,0.240934706333585
6274,0.13389097644927456,0.6100539430024429,0.25605508054828263
6275,0.13208656825867574,0.6183957660861311,0.24951766565519315
6276,0.1287053022736596,0.6090427521938254,0.26225194553251496
6277,0.11954352452181548,0.621673424227384,0.25878305125080053
6278,0.1086579923194209,0.6361760660991359,0.2551659415814432
6279,0.10752945692268279,0.6442419876580355,0.24822855541928174
6280,0.14011505304708852,0.5993559801117444,0.2605289668411671
6281,0.15835101311484856,0.5987788331365864,0.24287015374856502
6282,0.1538611275260449,0.5878571249655025,0.2582817475084527
6283,0.13637510547124754,0.6140788197932862,0.24954607473546636
6284,0.12327201004730412,0.6299252845353623,0.2468027054173335
6285,0.1413682358857805,0.6196202744113429,0.23901148970287653
6286,0.14114330914171366,0.6422503496777853,0.2166063411805011
6287,0.12192828663831852,0.6375359732607317,0.24053574010094975
6288,0.11979799876000538,0.6465221685281577,0.2336798327118369
6289,0.11086543485438705,0.6577955300052248,0.2313390351403881
6290,0.12403388337033137,0.6247866877193243,0.2511794289103443
6291,0.14858810881162626,0.618749965956671,0.23266192523170276
6292,0.1151601886277629,0.657139097638816,0.22770071373342116
6293,0.09869742403507901,0.67357942039796,0.22772315556696096
6294,0.1072620922549166,0.64833895551282,0.2443989522322634
6295,0.10518828404115718,0.6828519759047504,0.21195974005409232
6296,0.11217393331749047,0.6430456041491491,0.2447804625333604
6297,0.11996956663509464,0.6410267637635928,0.23900366960131256
6298,0.12485804399170736,0.6379351207726525,0.23720683523564015
6299,0.1315648776260191,0.6472902717316784,0.22114485064230247
6300,0.10984424115256058,0.6554949889489412,0.23466076989849816
6301,0.13425046563520018,0.6184715256548721,0.24727800870992778
6302,0.12350876681681965,0.6668518533135558,0.20963937986962455
6303,0.11326164613556973,0.6562031236671778,0.2305352301972525
6304,0.12151779016481654,0.6135606940422965,0.264921515792887
6305,0.15377923288458953,0.61630348251785,0.22991728459756042
6306,0.11688430969581894,0.6641274893055032,0.21898820099867777
6307,0.15797222551734919,0.6121332519329366,0.2298945225497142
6308,0.14062136390812402,0.639853747342278,0.21952488874959805
6309,0.15010926435595676,0.6367696592034192,0.21312107644062406
6310,0.13918027407779196,0.6407635006082584,0.2200562253139497
6311,0.16339648976624677,0.5998029363380217,0.23680057389573156
6312,0.15917144090461122,0.6154289313836715,0.22539962771171732
6313,0.15677415364205038,0.6006332079104326,0.24259263844751697
6314,0.1373107669392229,0.6353536147126496,0.2273356183481275
6315,0.12638614603490297,0.6274957585787481,0.246118095386349
6316,0.1361899964422302,0.642327000211398,0.22148300334637186
6317,0.176997901568364,0.609423378364157,0.21357872006747897
6318,0.14886510342850978,0.6035465437890222,0.2475883527824681
6319,0.14408432672272575,0.617320171620361,0.2385955016569132
6320,0.16536622162072978,0.6045060838575687,0.2301276945217016
6321,0.13973715160395983,0.6271464706255968,0.2331163777704433
6322,0.18018942936812338,0.5972243822407777,0.22258618839109892
6323,0.1513235200147679,0.5939465799525723,0.2547299000326598
6324,0.15053785894042537,0.6399551352349763,0.20950700582459839
6325,0.14405846276672957,0.6306171473040757,0.22532438992919468
6326,0.14293894124230738,0.6159346902861563,0.24112636847153626
6327,0.148071274708789,0.6237387285284443,0.2281899967627668
6328,0.14492420067641307,0.6290696619015204,0.22600613742206663
6329,0.1245460092484315,0.6445403037846108,0.23091368696695763
6330,0.14024577621628814,0.5996237429498004,0.2601304808339115
6331,0.1403325887937417,0.6419722841283074,0.21769512707795083
6332,0.13689914808838302,0.6235692909115603,0.23953156100005668
6333,0.1132638962470774,0.6430529132478191,0.24368319050510348
6334,0.1234212744650385,0.6345479098580596,0.2420308156769018
6335,0.14518250261656473,0.60704279803316,0.24777469935027524
6336,0.10227655655009325,0.6497702158228775,0.24795322762702923
6337,0.14859275445561837,0.6237863441350422,0.22762090140933944
6338,0.13136242712833357,0.6150541311193185,0.25358344175234787
6339,0.18447075823029332,0.5873870883983745,0.22814215337133217
6340,0.14280779214329448,0.6221186148939235,0.235073592962782
6341,0.13393442212540835,0.6304211580982129,0.2356444197763788
6342,0.15765494501618632,0.6094152482919659,0.23292980669184782
6343,0.16987293669957956,0.6037166488294944,0.22641041447092608
6344,0.13088774976778444,0.6161630039673164,0.25294924626489923
6345,0.14639749336171687,0.620534335193349,0.23306817144493414
6346,0.16818745688940695,0.5987367370873191,0.23307580602327393
6347,0.11248344945844457,0.6321460354669965,0.2553705150745588
6348,0.14631410424247893,0.6359915860978878,0.21769430965963332
6349,0.10123074868810489,0.655009307544369,0.24375994376752613
6350,0.11343643056401827,0.6365147397783337,0.2500488296576481
6351,0.1352234211866739,0.6329454130445606,0.2318311657687655
6352,0.13261984604493773,0.6137983629674111,0.25358179098765116
6353,0.12793363875273608,0.6111127756951418,0.26095358555212217
6354,0.1434295512457285,0.6028314816295457,0.2537389671247258
6355,0.10661066402968163,0.6556929910136078,0.2376963449567106
6356,0.13947818572204948,0.5939067469686306,0.26661506730931994
6357,0.12447108386067812,0.6451490107585423,0.23037990538077963
6358,0.1399383464649037,0.5951442885322571,0.2649173650028392
6359,0.1271797112990452,0.6327910304345968,0.24002925826635796
6360,0.16263434516736813,0.581266101986652,0.25609955284597985
6361,0.13585323839754404,0.6162275416348305,0.24791921996762542
6362,0.13336601321836872,0.6067682746884304,0.2598657120932009
6363,0.11375951820492781,0.6138056213296048,0.2724348604654674
6364,0.13634498865030423,0.6000185945556544,0.2636364167940413
6365,0.1635859911765605,0.55691205816697,0.27950195065646954
6366,0.1305871053717057,0.5913748846495884,0.27803800997870587
6367,0.12539265483892806,0.645652026751816,0.22895531840925598
6368,0.10494451417168553,0.6225876757352211,0.2724678100930934
6369,0.12491729359320422,0.6399258977964345,0.2351568086103613
6370,0.1444599010521625,0.6084146721346926,0.24712542681314495
6371,0.14608148162001552,0.5870489045688514,0.26686961381113306
6372,0.1710204693103767,0.5822693639613492,0.24671016672827414
6373,0.12354571862174465,0.6238854223451037,0.2525688590331516
6374,0.15316178910470252,0.6143399410436212,0.2324982698516763
6375,0.13426732697872354,0.6330266259690286,0.23270604705224787
6376,0.1486019014524067,0.5861639064799774,0.26523419206761595
6377,0.17196770228772865,0.5765961621245921,0.25143613558767924
6378,0.12822990158630296,0.6272832636507175,0.2444868347629795
6379,0.14195565917908093,0.617714317128473,0.2403300236924461
6380,0.12916476339204488,0.6420768532672835,0.22875838334067158
6381,0.13378090234423867,0.6200618311554441,0.24615726650031727
6382,0.17161420369385033,0.590485218447479,0.2379005778586706
6383,0.13758627770484158,0.6244904234115723,0.23792329888358604
6384,0.13061187144861588,0.626295867792844,0.2430922607585402
6385,0.13667871197979908,0.6307070265471325,0.23261426147306838
6386,0.15247723027421176,0.569714392653879,0.27780837707190925
6387,0.12235209418036601,0.6170036173696498,0.2606442884499842
6388,0.13488468820931024,0.610939375713831,0.25417593607685884
6389,0.11387847511767249,0.6340991814832195,0.252022343399108
6390,0.16120850655532415,0.5910323355030619,0.24775915794161402
6391,0.15743176197477438,0.5789699251264935,0.2635983128987321
6392,0.13286493054193696,0.6123236768090327,0.25481139264903047
6393,0.1258721097713129,0.6005999340752544,0.2735279561534328
6394,0.16320012960164063,0.5773819364031495,0.2594179339952099
6395,0.1413286758491965,0.5934863923047987,0.2651849318460047
6396,0.14987442949318783,0.5874767127545153,0.2626488577522969
6397,0.13242166269370292,0.6216477490150244,0.24593058829127265
6398,0.1250407998571962,0.5946606558220924,0.2802985443207115
6399,0.15970866897616762,0.5814889722323254,0.2588023587915069
6400,0.17247755728359737,0.5623772847340108,0.26514515798239174
6401,0.1957553645868026,0.5276998802465225,0.27654475516667487
6402,0.18526416382672614,0.5407634775487221,0.2739723586245517
6403,0.1407265945464179,0.5947805137978724,0.2644928916557096
6404,0.1546449241580962,0.5914777992369825,0.25387727660492126
6405,0.12518186223181754,0.6145699927660667,0.2602481450021158
6406,0.14688196479046128,0.5937524647817577,0.2593655704277811
6407,0.14588796746690394,0.5768292443081414,0.2772827882249546
6408,0.15963811344623333,0.5352418824697268,0.30512000408403983
6409,0.16972994204667374,0.5409803448838808,0.28928971306944545
6410,0.15230280468881327,0.5582793413148723,0.2894178539963144
6411,0.14714778741863682,0.5771630959739209,0.2756891166074422
6412,0.2020483626357111,0.545064242459645,0.2528873949046439
6413,0.14674192627236074,0.5503606976655055,0.3028973760621337
6414,0.15734036536853513,0.5402876881314657,0.3023719464999992
6415,0.16671916620620522,0.5305643282204106,0.3027165055733842
6416,0.17341087802520974,0.550744996158492,0.2758441258162982
6417,0.1880342527402346,0.5291279713007735,0.2828377759589919
6418,0.16122630168882143,0.5770705638192056,0.2617031344919729
6419,0.1941680751173709,0.5331217136150235,0.27271021126760564
6420,0.17928227314193557,0.5711948421876165,0.24952288467044792
6421,0.19741491513382692,0.5493359509657245,0.2532491339004486
6422,0.13765827854296825,0.5898677873554403,0.2724739341015914
6423,0.19376010669427182,0.5673087812046369,0.23893111210109125
6424,0.19431206053539654,0.5391523587793953,0.26653558068520816
6425,0.2071005895741514,0.5277850573647541,0.2651143530610945
6426,0.19077567111981597,0.5485902611316542,0.26063406774852976
6427,0.16101617874779636,0.561007607444708,0.2779762138074956
6428,0.13861308107726872,0.5842548784192984,0.2771320405034329
6429,0.16736739615594393,0.5672909990098778,0.2653416048341783
6430,0.15558115289017954,0.5805752422156599,0.2638436048941605
6431,0.23231237304055566,0.5106908174404018,0.2569968095190425
6432,0.1786225318698752,0.5497203255848647,0.27165714254526
6433,0.1734668319689313,0.5680544321445276,0.25847873588654113
6434,0.16295893353868082,0.573838845934024,0.2632022205272952
6435,0.17187143223060794,0.5772289824356054,0.25089958533378665
6436,0.17937585114323218,0.5507859233849373,0.26983822547183056
6437,0.1573106333594287,0.5889786405241556,0.2537107261164157
6438,0.19770344658360364,0.5492445409539825,0.2530520124624139
6439,0.18200482326453943,0.5558806403439654,0.26211453639149507
6440,0.15445427908382364,0.5732614111103956,0.2722843098057807
6441,0.1759003063477637,0.5755547418560844,0.2485449517961519
6442,0.16785357696925016,0.5717933093101144,0.26035311372063547
6443,0.17761721474398723,0.5488857360331588,0.27349704922285395
6444,0.19068837360438476,0.5479354378686718,0.26137618852694344
6445,0.16460472407931495,0.5536052663959641,0.281790009524721
6446,0.1945341442791447,0.5551007922200443,0.25036506350081106
6447,0.184527014344918,0.5589870764477007,0.2564859092073813
6448,0.19504810137514464,0.5258277049995809,0.27912419362527446
6449,0.1836308532146394,0.5487819147230937,0.26758723206226687
6450,0.1637411351698206,0.5568761990713217,0.2793826657588578
6451,0.18193620365154048,0.575104012719651,0.24295978362880855
6452,0.2234256845629427,0.5238212929495364,0.2527530224875209
6453,0.1969882011147232,0.55498657520787,0.24802522367740681
6454,0.22573340188830437,0.5448848168391041,0.2293817812725915
6455,0.18351462031617738,0.5380305430321383,0.27845483665168436
6456,0.1881955272134571,0.56978039891658,0.24202407386996286
6457,0.1732723752736021,0.5684050098250374,0.2583226149013605
6458,0.19168750136391993,0.5757437328863201,0.23256876574976001
6459,0.17225784349910392,0.54105247226764,0.2866896842332561
6460,0.1942327472890211,0.5313137956848328,0.27445345702614604
6461,0.21729076633633856,0.5396198122345578,0.24308942142910364
6462,0.1904391845170276,0.5525692047372576,0.25699161074571486
6463,0.21974028938553325,0.5082486056045802,0.27201110500988657
6464,0.19464813537718947,0.5451973387921033,0.2601545258307072
6465,0.2060484178177207,0.5390146409096087,0.25493694127267064
6466,0.22482566408319338,0.548569204433395,0.22660513148341163
6467,0.19763077650911354,0.5584692268287816,0.24389999666210488
6468,0.19056684102630803,0.5510621068987045,0.2583710520749875
6469,0.18939674481647797,0.5549743655196465,0.25562888966387554
6470,0.18377971071105953,0.5723440971428445,0.24387619214609602
6471,0.1800108124822948,0.5816938033684722,0.238295384149233
6472,0.2240131670464181,0.5425878713664721,0.2333989615871097
6473,0.21758034529800474,0.5363964186909291,0.24602323601106615
6474,0.18281835669044297,0.5720040537006648,0.24517758960889224
6475,0.22705324790326223,0.5021624881073962,0.27078426398934163
6476,0.2479027237837476,0.5026028652113579,0.2494944110048945
6477,0.26283414290156065,0.49506183542154447,0.2421040216768949
6478,0.22509064227169048,0.5167421743932644,0.25816718333504507
6479,0.19068711126807542,0.5192851501952244,0.2900277385367002
6480,0.24327940979127685,0.5411121146281115,0.21560847558061164
6481,0.2236345649238134,0.5038620521201107,0.27250338295607596
6482,0.24306968078997018,0.5016208742455236,0.25530944496450625
6483,0.253664722138858,0.5169644041461522,0.2293708737149898
6484,0.21077599530311483,0.5477638678295116,0.24146013686737355
6485,0.2551514012237584,0.5111390745548536,0.23370952422138794
6486,0.2431832541532417,0.5206753454148585,0.23614140043189974
6487,0.23726274692039973,0.5212795597871223,0.24145769329247802
6488,0.23158508156088084,0.5529715386693406,0.21544337976977862
6489,0.23767245157449654,0.5223476494804162,0.23997989894508723
6490,0.2639180413289387,0.5207162836703073,0.215365675000754
6491,0.2611186360905813,0.534609629002716,0.2042717349067027
6492,0.22818602584390243,0.5263505484783438,0.24546342567775373
6493,0.2565431872065677,0.5324841550154504,0.2109726577779818
6494,0.27027530391791676,0.5259082520371505,0.20381644404493277
6495,0.22587148907986643,0.5462165105881297,0.2279120003320039
6496,0.23475125273343986,0.5382860441686257,0.22696270309793448
6497,0.21678925510047126,0.5549734478552234,0.2282372970443054
6498,0.23967093113044993,0.5380886195438602,0.2222404493256899
6499,0.24641151902202946,0.5417113065729986,0.21187717440497192
6500,0.2282432238450292,0.5509280963373167,0.22082867981765408
6501,0.23473970518412332,0.544891731381474,0.22036856343440275
6502,0.2933303545488808,0.4998716337897413,0.20679801166137793
6503,0.2708165061421246,0.5239687371222784,0.205214756735597
6504,0.29597977663026703,0.4880206762014191,0.21599954716831393
6505,0.3043861473702674,0.4823693962156811,0.2132444564140515
6506,0.30445161706820456,0.4993808380445544,0.19616754488724103
6507,0.25029567332623065,0.559983406088834,0.18972092058493537
6508,0.28919862557002896,0.5040466607254778,0.20675471370449328
6509,0.2825798821677742,0.5035025655522481,0.2139175522799777
6510,0.27489030260013075,0.5186187707059642,0.2064909266939051
6511,0.3041128387886636,0.4893002915077806,0.20658686970355586
6512,0.3520013715528933,0.4774028405219499,0.17059578792515676
6513,0.29147867444712666,0.5062077499581777,0.20231357559469557
6514,0.2558033193613891,0.5125833367312309,0.23161334390737995
6515,0.25134314234479954,0.5403401972570688,0.20831666039813163
6516,0.31175113471512544,0.4759272900592218,0.21232157522565276
6517,0.27492996272930853,0.5042292249946532,0.22084081227603825
6518,0.3023615697470145,0.4891128371811211,0.2085255930718644
6519,0.30303761506893423,0.47507309079338544,0.22188929413768033
6520,0.3030106548144624,0.4895098759650267,0.2074794692205109
6521,0.32033241948722024,0.48228731856589363,0.19738026194688613
6522,0.34164934678008396,0.46733653631031996,0.1910141169095961
6523,0.36598636048111577,0.4510433624277574,0.18297027709112687
6524,0.3099352249976573,0.49959325991993364,0.19047151508240906
6525,0.2870453603045865,0.5205555644158081,0.1923990752796054
6526,0.3057985134678822,0.5025770062493733,0.19162448028274445
6527,0.3488622630452805,0.461653067454671,0.18948466950004852
6528,0.3727772414939736,0.4442171097418641,0.18300564876416223
6529,0.3386051873637501,0.4735517728417084,0.18784303979454148
6530,0.35681290747611855,0.44690503566419515,0.1962820568596863
6531,0.3796641622832839,0.4448846896432163,0.17545114807349974
6532,0.36508679962451845,0.45542083220256885,0.17949236817291275
6533,0.2995742075893222,0.49523311834937633,0.20519267406130148
6534,0.3437419538470325,0.4515288041743091,0.20472924197865844
6535,0.3363687825478796,0.4710083125392565,0.1926229049128639
6536,0.35852300289649486,0.4530118644503001,0.18846513265320503
6537,0.3200039369839413,0.4657873056047132,0.21420875741134546
6538,0.3436301865513413,0.4512870689385975,0.20508274451006117
6539,0.35653348383560135,0.4504154389661306,0.19305107719826803
6540,0.33211693100052,0.45666927154160813,0.21121379745787186
6541,0.29622571081057975,0.5127320858092701,0.19104220338015013
6542,0.34662964370097515,0.47348202846024634,0.17988832783877856
6543,0.36406992569397145,0.44475420490231804,0.19117586940371054
6544,0.3544491028028746,0.4559135151091784,0.189637382087947
6545,0.36274498503705926,0.4616956761168679,0.1755593388460728
6546,0.37107565222028094,0.4369715867067256,0.19195276107299344
6547,0.36665336255498526,0.45102267318534284,0.18232396425967187
6548,0.31920936689141727,0.4878206996736258,0.19296993343495691
6549,0.34850434591869445,0.45803764852420026,0.19345800555710527
6550,0.3189178367449946,0.48814551103015297,0.19293665222485243
6551,0.4072103574025157,0.4315319141589406,0.1612577284385437
6552,0.3611399703001137,0.47247551348097117,0.16638451621891515
6553,0.3288797291498553,0.4970768051937802,0.17404346565636447
6554,0.3803794993129975,0.4546311579285745,0.16498934275842794
6555,0.3558499911624957,0.4662471797964255,0.1779028290410788
6556,0.3524351951936625,0.46722266678089497,0.18034213802544252
6557,0.3536926631863207,0.4591063586757052,0.1872009781379741
6558,0.3246558231441097,0.47785932037165874,0.19748485648423156
6559,0.3279519568281994,0.5085712154425274,0.16347682772927327
6560,0.33293541051813574,0.48634105285666696,0.1807235366251973
6561,0.35866340008894126,0.4562340826402274,0.18510251727083132
6562,0.3609192843427765,0.47253665554455415,0.16654406011266937
6563,0.3454647957954186,0.4727242325403231,0.1818109716642583
6564,0.3779212640677777,0.44410046510697054,0.17797827082525178
6565,0.37246745950746446,0.45372480021139866,0.1738077402811369
6566,0.3952558444825769,0.436040729768148,0.16870342574927508
6567,0.4097193934980562,0.444701690256352,0.14557891624559186
6568,0.39968288122978923,0.43538347352328455,0.16493364524692622
6569,0.4021148142917667,0.4432925699053806,0.15459261580285272
6570,0.4051101254184102,0.4302418010366613,0.1646480735449285
6571,0.3792457341205802,0.4497468053976319,0.17100746048178786
6572,0.36532917832453543,0.469202314516722,0.1654685071587426
6573,0.4059997958106728,0.43874286178067756,0.15525734240864963
6574,0.4128819895779803,0.4360176176779033,0.1511003927441164
6575,0.39380683751594325,0.4515883162829752,0.15460484620108153
6576,0.4162783467216741,0.4254793849609299,0.15824226831739605
6577,0.44081135821346873,0.38904270167502125,0.17014594011151005
6578,0.407823215699396,0.41575386834354705,0.17642291595705697
6579,0.4482440775834898,0.36508775114340264,0.18666817127310759
6580,0.4444022947756098,0.39689329515346305,0.15870441007092714
6581,0.4720698942720733,0.3707870058549278,0.1571430998729989
6582,0.4037677177034633,0.407328559000848,0.1889037232956887
6583,0.3878078758547686,0.440608873615331,0.17158325052990037
6584,0.4016406929621206,0.41507060001533885,0.1832887070225405
6585,0.4587912188652177,0.3721281871696053,0.16908059396517705
6586,0.43135179056011674,0.41046385595193485,0.1581843534879484
6587,0.43827434309100505,0.40549204222639795,0.15623361468259697
6588,0.40453865066323924,0.4296983804341627,0.16576296890259806
6589,0.38715920628960737,0.43268320642482616,0.18015758728556647
6590,0.3970189466163309,0.4263478119559132,0.17663324142775585
6591,0.40091902100485555,0.43943731994985125,0.1596436590452932
6592,0.3935707381958562,0.42836777719790414,0.17806148460623966
6593,0.4008031337927826,0.4286882939233217,0.17050857228389568
6594,0.4397310444122296,0.4061456207181207,0.15412333486964971
6595,0.40635988509466653,0.42175655082883085,0.1718835640765026
6596,0.391338512795613,0.4556717967255088,0.15298969047887825
6597,0.42288966620806195,0.4135407531430186,0.16356958064891947
6598,0.4670168482664761,0.3773376855705207,0.15564546616300318
6599,0.3744887009721488,0.45760540382651566,0.16790589520133556
6600,0.39538471454611995,0.44059487824263355,0.16402040721124647
6601,0.453161475106909,0.39071996087637106,0.15611856401671995
6602,0.4642846256303551,0.3719706769557968,0.16374469741384812
6603,0.48559776943049815,0.3605271255674135,0.1538751050020883
6604,0.4460202945147546,0.38582919907093655,0.16815050641430884
6605,0.511739583332631,0.32811316356757436,0.16014725309979466
6606,0.46520201675678163,0.36523933897178545,0.16955864427143286
6607,0.4841771072834262,0.35422824920857243,0.16159464350800137
6608,0.5330364856773298,0.31793015848759193,0.14903335583507835
6609,0.4580732845121523,0.39292283555474306,0.14900387993310465
6610,0.43814088703987475,0.40704982113200294,0.1548092918281223
6611,0.48601913691269427,0.37334247458287884,0.14063838850442692
6612,0.49566212924874625,0.3700697026680228,0.13426816808323097
6613,0.48137720807768203,0.3629803283155851,0.1556424636067329
6614,0.529381734753916,0.3250498842660286,0.14556838098005528
6615,0.4901000837644534,0.35328272031004604,0.15661719592550058
6616,0.47102519609593446,0.3722899458368066,0.15668485806725896
6617,0.46639221558832883,0.3829374713431671,0.1506703130685041
6618,0.48110424147621406,0.37715889022300225,0.1417368683007837
6619,0.4591069804361036,0.3679613924391214,0.17293162712477503
6620,0.4421325406315365,0.414207655977253,0.14365980339121048
6621,0.47164711730957853,0.38398605344834535,0.14436682924207614
6622,0.4471877624266077,0.4042094186107288,0.14860281896266356
6623,0.4796421083966691,0.3719723970039607,0.1483854945993702
6624,0.4782681507586044,0.36422471380157073,0.1575071354398249
6625,0.47346448262530383,0.36857132549471444,0.1579641918799817
6626,0.437955505013227,0.39260245957386003,0.169442035412913
6627,0.47087894563465327,0.38120278608065405,0.14791826828469265
6628,0.49132013136661773,0.3499098152186507,0.15877005341473158
6629,0.4971615106455041,0.3458219961881807,0.15701649316631516
6630,0.4823136333134514,0.3709612886747628,0.14672507801178583
6631,0.45483912215830774,0.38677346177009836,0.1583874160715939
6632,0.4823986579055717,0.3829655309036984,0.13463581119072993
6633,0.48328821633637303,0.38197521442250887,0.1347365692411181
6634,0.48747034667774564,0.3686757536216386,0.14385389970061574
6635,0.47571423455762984,0.3826215421335783,0.14166422330879191
6636,0.4720595644304671,0.38294519986401065,0.14499523570552222
6637,0.4776441586914513,0.38577028121947643,0.13658556008907224
6638,0.4585567885317717,0.3982006579457079,0.14324255352252038
6639,0.5161614925057318,0.3506563178120758,0.1331821896821924
6640,0.4980134596806964,0.3773120498982623,0.12467449042104133
6641,0.4693554324030351,0.3943482093459586,0.13629635825100625
6642,0.5212436304790765,0.35956536874858,0.11919100077234347
6643,0.5013668093316201,0.372018472980863,0.1266147176875169
6644,0.5011164685851399,0.37160665151620376,0.12727687989865633
6645,0.5386850256336709,0.3434601841257915,0.11785479024053758
6646,0.5118055151182563,0.35543550824244496,0.1327589766392987
6647,0.4780409989017505,0.37543183611018827,0.14652716498806123
6648,0.4982035991828887,0.3593120696947711,0.14248433112234019
6649,0.5256977559315835,0.3418212078642605,0.13248103620415602
6650,0.5262530117395183,0.35416586372178044,0.1195811245387012
6651,0.520273599739862,0.34950081463685845,0.13022558562327963
6652,0.5417033968748473,0.34038221536125995,0.11791438776389286
6653,0.5428593370506904,0.32235388127022097,0.1347867816790886
6654,0.5886901945655172,0.28187310117446895,0.12943670426001389
6655,0.511179302339106,0.3532258416776693,0.13559485598322474
6656,0.5683206073354387,0.2964001523738706,0.13527924029069074
6657,0.5244533145154533,0.3318609787283506,0.1436857067561961
6658,0.5570475886263565,0.3155953334517054,0.12735707792193812
6659,0.532310531636165,0.3175722037088066,0.15011726465502837
6660,0.5366491973002774,0.3253045145481381,0.1380462881515845
6661,0.5732790174198152,0.30565697469248926,0.12106400788769556
6662,0.5413391841635824,0.3296470104355085,0.12901380540090912
6663,0.5017718495122842,0.350572938925427,0.14765521156228878
6664,0.5497266946420245,0.32290873039492873,0.12736457496304673
6665,0.5295975715591578,0.336730315987285,0.13367211245355723
6666,0.5257309025988238,0.35142055629967245,0.12284854110150374
6667,0.5374500016596332,0.3237258808284188,0.138824117511948
6668,0.5387781487648611,0.3263616284588614,0.13486022277627752
6669,0.5013631928409216,0.3424912373310178,0.1561455698280606
6670,0.5626036127441822,0.30593793771941824,0.13145844953639946
6671,0.5234407084184572,0.3368916597696324,0.13966763181191036
6672,0.5051880664148233,0.355088880783401,0.1397230528017757
6673,0.5538174530747881,0.30966357866353794,0.13651896826167387
6674,0.48779043555532325,0.3511246210289717,0.1610849434157051
6675,0.4678211930671017,0.3805157970614304,0.1516630098714679
6676,0.5039474657577897,0.34324690354762694,0.15280563069458333
6677,0.5146988217532888,0.3535679278602202,0.13173325038649092
6678,0.5315290005809323,0.32011536919100414,0.14835563022806358
6679,0.5535745161408248,0.3238290948827366,0.12259638897643864
6680,0.5666777948584522,0.30569250595083086,0.127629699190717
6681,0.5860014397081962,0.2990571553757263,0.11494140491607757
6682,0.5597184430363,0.32356762190635513,0.1167139350573448
6683,0.5480993172548618,0.30968296597953926,0.1422177167655989
6684,0.5382614271992032,0.32120212551058847,0.1405364472902083
6685,0.5383664587810758,0.3188284238256943,0.1428051173932299
6686,0.5430903412291779,0.32091298802207124,0.1359966707487509
6687,0.5433220187174492,0.31268019453016693,0.14399778675238387
6688,0.5539813294451946,0.29584890389896706,0.1501697666558383
6689,0.5402672901395922,0.30451901955439703,0.1552136903060108
6690,0.559264134304158,0.2931429300730549,0.1475929356227871
6691,0.5285649864798668,0.32709239653942834,0.14434261698070486
6692,0.4997963773255758,0.3614873980388962,0.138716224635528
6693,0.5005347747809267,0.34580166878183993,0.15366355643723342
6694,0.4590794918396359,0.38099051767236364,0.1599299904880004
6695,0.4938277714097128,0.3607837292299198,0.1453884993603674
6696,0.47686384462756726,0.38154682658685435,0.14158932878557837
6697,0.472100958012964,0.38155784506341717,0.14634119692361888
6698,0.48809232642577083,0.3777906905341439,0.1341169830400853
6699,0.5019895786394942,0.35224908431806645,0.14576133704243935
6700,0.5136099034956206,0.3524792426076759,0.13391085389670346
6701,0.5253856491894714,0.3364135684624663,0.1382007823480623
6702,0.5597224129500449,0.31148055812743347,0.12879702892252168
6703,0.48885634090188707,0.36458512380208835,0.14655853529602456
6704,0.5031257940715888,0.34062967619935586,0.1562445297290554
6705,0.517807876126697,0.33869879316925694,0.1434933307040461
6706,0.5231917674503251,0.3434300986804999,0.13337813386917502
6707,0.49792806934001177,0.3524723184080382,0.14959961225195
6708,0.5518456474639245,0.31542295332104425,0.13273139921503121
6709,0.536202605937959,0.3307957132335102,0.13300168082853078
6710,0.5308924176532143,0.341904666064632,0.1272029162821538
6711,0.5065692778745323,0.34715995390103505,0.14627076822443263
6712,0.5549360674225461,0.3190046438456426,0.12605928873181127
6713,0.5392432764794828,0.3326388811457006,0.1281178423748166
6714,0.5205881153990392,0.32907966169806124,0.15033222290289958
6715,0.5342499796959397,0.3235908251745419,0.14215919512951847
6716,0.5450210625748259,0.3162439416430071,0.13873499578216705
6717,0.5327692227745925,0.3292787113632933,0.1379520658621142
6718,0.5275556126679388,0.3278044054670196,0.14463998186504154
6719,0.562362542068566,0.2862036126100488,0.15143384532138526
6720,0.5503964642298621,0.31263822801219204,0.13696530775794583
6721,0.516294575708452,0.33059739652198206,0.1531080277695659
6722,0.5732635402048966,0.2872911060144224,0.13944535378068107
6723,0.5367219243498115,0.3320683545841308,0.13120972106605774
6724,0.5319115802405471,0.3351152278140704,0.13297319194538257
6725,0.5226087992208013,0.3260521978464621,0.1513390029327366
6726,0.5597608407496585,0.3143700738970825,0.12586908535325902
6727,0.5544189657816408,0.30120242713010315,0.14437860708825595
6728,0.5578687338621288,0.2965291435762447,0.14560212256162647
6729,0.48181533613227867,0.34721094177778045,0.17097372208994088
6730,0.5413348444359976,0.3197390354402575,0.138926120123745
6731,0.5080388779022055,0.3344833309365664,0.15747779116122818
6732,0.506942263674392,0.3325735050035519,0.16048423132205614
6733,0.48478125046909826,0.36750020294192187,0.14771854658897987
6734,0.5060592605666011,0.3447182093126344,0.1492225301207645
6735,0.48375323284852195,0.36437345309936314,0.1518733140521149
6736,0.4963234957039656,0.3505149725591977,0.15316153173683666
6737,0.5314339578222421,0.33684366228148027,0.13172237989627766
6738,0.503806344942717,0.3332114426686978,0.16298221238858518
6739,0.4834045853812855,0.3590915291328002,0.1575038854859143
6740,0.47622257963027836,0.3692823044088714,0.15449511596085028
6741,0.548720660128928,0.30836496058636265,0.1429143792847095
6742,0.5614802769588186,0.2881112344702991,0.1504084885708822
6743,0.5225237224991323,0.32724781349262005,0.15022846400824771
6744,0.4808124072719678,0.3547045201032947,0.1644830726247375
6745,0.496491915402331,0.3337106568959723,0.1697974277016967
6746,0.5363425703438015,0.31004293706905883,0.15361449258713972
6747,0.5291652212814183,0.3164180190579988,0.15441675966058288
6748,0.5587352727280621,0.2901945406696191,0.15107018660231883
6749,0.5072409676570234,0.3222439497425684,0.17051508260040815
6750,0.5144381712127496,0.32935148825019195,0.15621034053705846
6751,0.47829358365607605,0.35161019594539483,0.17009622039852915
6752,0.47059736408329556,0.36991240003742976,0.15949023587927472
6753,0.5143867051172587,0.32759075763305046,0.1580225372496908
6754,0.4971739820188983,0.33698729621599616,0.16583872176510553
6755,0.5180445127118765,0.3266394401086678,0.15531604717945574
6756,0.49424737752022113,0.34150659020821617,0.16424603227156273
6757,0.4757371193088062,0.35544201877058035,0.1688208619206135
6758,0.5291853671937856,0.3133486722041719,0.15746596060204252
6759,0.5371740947390443,0.3051368206496782,0.1576890846112775
6760,0.5297481582158411,0.31950774265312026,0.15074409913103864
6761,0.5469812592009023,0.3241712587573581,0.12884748204173962
6762,0.5482180279375986,0.31951582859710365,0.13226614346529783
6763,0.539212734690375,0.3097948380063105,0.1509924273033145
6764,0.5620188646108984,0.31364793127562957,0.12433320411347204
6765,0.5294367927511092,0.3313292617661819,0.13923394548270893
6766,0.5244737708904167,0.3416516161511449,0.1338746129584384
6767,0.5373532131554707,0.3236812136038704,0.13896557324065895
6768,0.5270970288547335,0.330630441158808,0.14227252998645848
6769,0.5568689783443779,0.30393716890741995,0.13919385274820215
6770,0.5565242711264148,0.3078400606800178,0.13563566819356745
6771,0.5947303964522705,0.2869850367510021,0.11828456679672733
6772,0.5346541131216939,0.32597542963745824,0.13937045724084787
6773,0.5722401538608936,0.29467551804522807,0.13308432809387838
6774,0.5352888055137303,0.3077880622616224,0.15692313222464732
6775,0.5023762049255579,0.3583344039710581,0.13928939110338398
6776,0.48969052590768153,0.35666342204800594,0.15364605204431253
6777,0.5470120962907418,0.31093129742674513,0.14205660628251313
6778,0.5588031653825158,0.29433414653750983,0.14686268807997435
6779,0.5512376372412372,0.3092893284536449,0.13947303430511793
6780,0.5535857768836241,0.30515916692571654,0.1412550561906594
6781,0.5307871545658378,0.31975976902509984,0.14945307640906233
6782,0.539835417048137,0.3175477522932274,0.14261683065863562
6783,0.5680052811020793,0.3007992122587803,0.1311955066391404
6784,0.5381188945178068,0.3260909198255911,0.13579018565660214
6785,0.5518580977078112,0.3137359704581517,0.134405931834037
6786,0.5474499815307493,0.304683119077879,0.1478668993913717
6787,0.5426609361541115,0.316163204723536,0.14117585912235256
6788,0.5325080776903724,0.3238427999835518,0.14364912232607577
6789,0.5513441466938765,0.30095872928444856,0.14769712402167492
6790,0.5285536157107931,0.3251833485707259,0.14626303571848095
6791,0.5554817553803572,0.3058547660570493,0.1386634785625935
6792,0.5706661267632092,0.3050889959419112,0.1242448772948796
6793,0.5365575650529973,0.3233046167954529,0.14013781815154974
6794,0.5632843061758818,0.2807665306227219,0.15594916320139637
6795,0.5804428780821166,0.29687781009408487,0.12267931182379856
6796,0.5670930963528641,0.28628905853064107,0.14661784511649484
6797,0.5117945221282766,0.31986447081774777,0.16834100705397564
6798,0.5326398808981612,0.31769509972126697,0.14966501938057183
6799,0.5628064078244076,0.29108561328103616,0.14610797889455626
6800,0.5435868221645189,0.2933083653968523,0.16310481243862882
6801,0.5965151768236692,0.2778020266551729,0.12568279652115794
6802,0.5748881441876551,0.2829177225638449,0.14219413324850005
6803,0.5281622859925582,0.3219456585752047,0.1498920554322372
6804,0.5075560208348874,0.3376520923099087,0.15479188685520387
6805,0.5174243320129284,0.3271825108647025,0.1553931571223691
6806,0.5441772132526174,0.3067332203214139,0.14908956642596868
6807,0.5705291940527326,0.29433709160445654,0.13513371434281085
6808,0.5759695783887334,0.28483011236450234,0.13920030924676424
6809,0.5343724725176012,0.3177016138600101,0.14792591362238863
6810,0.5333597394682882,0.31906330454125326,0.1475769559904586
6811,0.5124025414644823,0.3289284696749955,0.15866898886052228
6812,0.5172658748812486,0.3226717333920653,0.1600623917266861
6813,0.5488873034267043,0.3001403452362529,0.1509723513370428
6814,0.5325780207181866,0.3083305451237408,0.1590914341580726
6815,0.5209197287085459,0.33903512379045947,0.1400451475009947
6816,0.5496147585977277,0.30766773899547795,0.14271750240679432
6817,0.557968834261533,0.3075113420661608,0.13451982367230622
6818,0.5655265299460605,0.2989022764211571,0.13557119363278253
6819,0.5578210564921093,0.29311690792790596,0.14906203557998474
6820,0.5470729799478375,0.3047524993056377,0.14817452074652476
6821,0.5402326905343773,0.30535978364114874,0.15440752582447395
6822,0.5563846345216946,0.29310504977515855,0.15051031570314677
6823,0.5639755643128781,0.2946002860369836,0.14142414965013828
6824,0.5811310366712715,0.2750985007654942,0.14377046256323428
6825,0.5893274081769082,0.2780632305248156,0.13260936129827616
6826,0.6109913574645345,0.2508169500851945,0.13819169245027102
6827,0.6235032722104443,0.24553031583526622,0.13096641195428946
6828,0.5572739078919456,0.2855271192915165,0.1571989728165379
6829,0.6103346715213711,0.2590405709518236,0.13062475752680533
6830,0.5912405378690723,0.2635108868437968,0.1452485752871309
6831,0.5965754611711229,0.24500039272963633,0.15842414609924071
6832,0.5809773599783998,0.270601841580012,0.14842079844158818
6833,0.5185197212436156,0.3153599622880617,0.16612031646832276
6834,0.5462890039574398,0.2965892048321031,0.15712179121045702
6835,0.589321237058035,0.2750592454784013,0.13561951746356374
6836,0.5849596818594173,0.2848594617627446,0.13018085637783816
6837,0.5862314052536277,0.2716709004731686,0.1420976942732037
6838,0.5901490759638236,0.26931164424589205,0.14053927979028435
6839,0.5574645702206906,0.29098466213437835,0.15155076764493103
6840,0.579401474538769,0.26774810752248546,0.15285041793874557
6841,0.5384204423406392,0.30625063814280035,0.15532891951656042
6842,0.5487913553738718,0.30947923425228063,0.14172941037384754
6843,0.563978941383784,0.29159870241738906,0.14442235619882696
6844,0.5759737153596524,0.28565285843331384,0.13837342620703375
6845,0.5797701468238645,0.2791225048582196,0.14110734831791588
6846,0.5416927043220796,0.32029648853394077,0.1380108071439796
6847,0.5674101562624917,0.28306779014697303,0.14952205359053533
6848,0.5717359137988943,0.2909494522444028,0.1373146339567029
6849,0.5748096476784985,0.2872311978189703,0.13795915450253116
6850,0.6052426143120293,0.26327928432081205,0.13147810136715865
6851,0.600379341113243,0.2598188051098913,0.1398018537768657
6852,0.6058239835379352,0.24524423244329352,0.14893178401877127
6853,0.6254388733831232,0.25541711812661105,0.11914400849026568
6854,0.6511007823040359,0.2097827867588965,0.13911643093706755
6855,0.6771037824459253,0.2027411826765134,0.12015503487756128
6856,0.6218306706872753,0.2413229757223668,0.13684635359035793
6857,0.6399674106689067,0.22280196618434644,0.13723062314674686
6858,0.6650210340722135,0.1964864835426085,0.13849248238517808
6859,0.6294135126014804,0.22918836528124412,0.14139812211727548
6860,0.6126219334844513,0.2409149722709852,0.14646309424456352
6861,0.5879389177074373,0.2616811668380804,0.1503799154544822
6862,0.6131361594080447,0.2350944703242858,0.1517693702676695
6863,0.630176354173643,0.2393734381377237,0.13045020768863327
6864,0.6139019473168746,0.23871204894366646,0.14738600373945893
6865,0.6300004651156166,0.23180451915251352,0.13819501573186996
6866,0.5769362422696686,0.2720325372389396,0.1510312204913918
6867,0.5728654895294616,0.26495206384768283,0.16218244662285558
6868,0.5800265334356747,0.28101230744392325,0.13896115912040205
6869,0.5969201167375623,0.26656499058699923,0.1365148926754385
6870,0.6042744519122675,0.26317888775874476,0.1325466603289878
6871,0.5985999285541044,0.26736615624308785,0.1340339152028078
6872,0.6128620071694467,0.25361664940362105,0.1335213434269323
6873,0.5904128224966582,0.2631215699195641,0.1464656075837777
6874,0.5718063265871487,0.285264521907389,0.14292915150546232
6875,0.6291756946282027,0.23954658497604508,0.13127772039575225
6876,0.6019834680002059,0.2626967710014334,0.13531976099836077
6877,0.5859696958317269,0.2611795093715087,0.15285079479676447
6878,0.5888037780570118,0.25840924175312396,0.1527869801898643
6879,0.6274574059089691,0.24119705586015053,0.1313455382308803
6880,0.6059754598707414,0.2695402296562199,0.12448431047303875
6881,0.5915825333912198,0.2762444609805594,0.1321730056282208
6882,0.6339683989815376,0.24205424409981763,0.1239773569186448
6883,0.6406745726926759,0.24200391958497722,0.11732150772234687
6884,0.58361978750362,0.2698467598142103,0.14653345268216972
6885,0.5827443814031822,0.2717528136480065,0.14550280494881132
6886,0.5529553974511742,0.2962165713381363,0.15082803121068955
6887,0.5273953458954695,0.3129398834452594,0.15966477065927107
6888,0.5712374717402632,0.2782016010720493,0.15056092718768757
6889,0.5897344793376258,0.2733334456318517,0.13693207503052254
6890,0.5760134109896877,0.2877949096779221,0.13619167933239018
6891,0.5510235473758568,0.30327259948882057,0.14570385313532266
6892,0.6068029340487416,0.25209138154161853,0.14110568440963978
6893,0.574261234950396,0.2822308693189725,0.14350789573063152
6894,0.5769700396850251,0.2613360671508509,0.16169389316412403
6895,0.5543529418761028,0.28263141812839415,0.16301563999550303
6896,0.563269804443126,0.280871363738012,0.15585883181886195
6897,0.5326008277108297,0.2994048299982005,0.16799434229096974
6898,0.5800723211199685,0.27410424158582464,0.14582343729420685
6899,0.5845621877854307,0.2626110663709924,0.1528267458435769
6900,0.5478344481926912,0.2885471091313741,0.16361844267593462
6901,0.5744545607520979,0.27096585987542277,0.15457957937247935
6902,0.5937733195913297,0.26148095007390204,0.1447457303347682
6903,0.5969192866691719,0.25485320969217523,0.14822750363865284
6904,0.5788739985293597,0.2561008380543369,0.16502516341630338
6905,0.5889485043142629,0.2696246479376044,0.14142684774813272
6906,0.5745284560702308,0.27929848145653996,0.1461730624732292
6907,0.5681197002311655,0.2597378459091873,0.17214245385964716
6908,0.540033690593191,0.2845052348358407,0.17546107457096832
6909,0.5646860789031898,0.27317112286574163,0.16214279823106856
6910,0.5727750623952824,0.2623443301626247,0.16488060744209287
6911,0.5969714436559292,0.2576393260954035,0.1453892302486672
6912,0.5975978858157912,0.2624339706529318,0.13996814353127698
6913,0.6098358275082879,0.24683672639285087,0.14332744609886117
6914,0.5371150811117037,0.30188644206102355,0.16099847682727272
6915,0.5567021904830355,0.27456726419686855,0.16873054532009593
6916,0.6119011496712397,0.24925705498783254,0.13884179534092786
6917,0.6081534031115041,0.23629840984530848,0.15554818704318746
6918,0.622203158889307,0.24093777109866205,0.136859070012031
6919,0.6266687816447453,0.24068675219686733,0.13264446615838738
6920,0.6547604736377769,0.21758151886277388,0.12765800749944925
6921,0.6409094375711207,0.22125759630051087,0.1378329661283684
6922,0.634436903614287,0.21870517566295822,0.14685792072275483
6923,0.6381748733005442,0.21310566651498056,0.14871946018447524
6924,0.650521697727332,0.2102907673625858,0.1391875349100822
6925,0.6363216980331144,0.21444120859583624,0.14923709337104937
6926,0.6261567260591422,0.21461447267713799,0.15922880126371983
6927,0.6485534450786334,0.2199412105202798,0.13150534440108672
6928,0.6228301865223864,0.23183949586744204,0.1453303176101715
6929,0.6404085520058149,0.2180252384136821,0.14156620958050295
6930,0.6273388270234063,0.24861315120915117,0.12404802176744256
6931,0.656982146454909,0.20784738981277176,0.1351704637323192
6932,0.6922265719328332,0.19931712481809438,0.10845630324907242
6933,0.6295545425118998,0.22199977807329677,0.14844567941480344
6934,0.675188007901584,0.19790652000828443,0.1269054720901316
6935,0.6371962821190335,0.23337696087206483,0.12942675700890166
6936,0.6181493756695242,0.25427018458491374,0.127580439745562
6937,0.6441822780615533,0.21986898792397735,0.13594873401446936
6938,0.6159178599004377,0.2589497704129508,0.1251323696866115
6939,0.6500006692973375,0.2126348527332252,0.13736447796943732
6940,0.6131537997874945,0.2581329203092371,0.12871327990326836
6941,0.619417851097514,0.24864107278192982,0.13194107612055617
6942,0.6207214434058348,0.2373038094384348,0.14197474715573044
6943,0.6083616207873613,0.2501337740236175,0.1415046051890212
6944,0.6148654343682542,0.2294421677753011,0.1556923978564446
6945,0.6241642353905538,0.23667783006870513,0.13915793454074113
6946,0.6186838598676203,0.23710634140847842,0.14420979872390122
6947,0.6106998516862293,0.24746172044571169,0.14183842786805897
6948,0.6252658202114977,0.24946497889496547,0.1252692008935368
6949,0.6258902002102611,0.24844596297667956,0.1256638368130594
6950,0.6088493874918486,0.25193723425303005,0.13921337825512137
6951,0.6376759195565667,0.23391424752675632,0.12840983291667704
6952,0.650719897932182,0.2198427896108892,0.12943731245692877
6953,0.6263089284701728,0.23938617248839159,0.13430489904143558
6954,0.6423998669956839,0.21681019841162152,0.14078993459269457
6955,0.6207150229297905,0.25103249559415053,0.12825248147605892
6956,0.6105173592547043,0.260985884245248,0.12849675650004774
6957,0.6172527895264379,0.24440163175329171,0.13834557872027034
6958,0.6101014194577085,0.24701700447595995,0.14288157606633153
6959,0.6245341548092608,0.23325125683807263,0.14221458835266662
6960,0.6292925940972404,0.23526511733601013,0.1354422885667495
6961,0.6097818353544386,0.251059542961015,0.13915862168454632
6962,0.618914541924626,0.24607404954749304,0.13501140852788093
6963,0.6352517512624147,0.23799907768142212,0.12674917105616318
6964,0.6313433786847277,0.2281827524403119,0.14047386887496038
6965,0.6072597150973281,0.23957086002850436,0.1531694248741675
6966,0.6252117898125551,0.23013673897709785,0.14465147121034705
6967,0.6155372893845737,0.26359192982565166,0.12087078078977453
6968,0.6156844803383826,0.24068315962545894,0.14363236003615845
6969,0.6407004748123992,0.22562399803931146,0.13367552714828934
6970,0.6165886094336761,0.23373151394506422,0.14967987662125967
6971,0.6474438466637612,0.2064134257716315,0.1461427275646073
6972,0.5903997240608403,0.2606887182768238,0.14891155766233596
6973,0.6161730692939521,0.24834133911522277,0.1354855915908251
6974,0.5985344416997724,0.25394240909956023,0.14752314920066736
6975,0.5959110794411014,0.2708755058574629,0.13321341470143572
6976,0.600714123067974,0.2543192985360425,0.14496657839598348
6977,0.6330888845875886,0.2419655465851812,0.12494556882723014
6978,0.5861000031786618,0.265136022249889,0.14876397457144916
6979,0.6321738993563056,0.2330589101629061,0.13476719048078828
6980,0.6407316017514957,0.21969981516362488,0.13956858308487943
6981,0.6284515519007102,0.23737866288925824,0.1341697852100316
6982,0.6164785609784261,0.25113441381874857,0.1323870252028253
6983,0.6193461147522273,0.234985479680155,0.1456684055676177
6984,0.6097866256372357,0.2341021364340221,0.15611123792874215
6985,0.6048589316823797,0.24037736687282432,0.15476370144479598
6986,0.6461418351787366,0.22330281920309045,0.13055534561817297
6987,0.6276823886981695,0.2451972172038258,0.12712039409800466
6988,0.6303344329695146,0.2274839443229404,0.14218162270754492
6989,0.6355728820689224,0.21899438626291778,0.14543273166815984
6990,0.6034431620066267,0.24981892873199288,0.14673790926138044
6991,0.5882311939634701,0.26335825477028574,0.14841055126624408
6992,0.568215480951371,0.2586047738458374,0.17317974520279159
6993,0.5802839923456146,0.26762416676822476,0.1520918408861607
6994,0.6110986928242109,0.2581822063109337,0.1307191008648554
6995,0.596895869159273,0.25187268560034604,0.15123144524038107
6996,0.6248447693029265,0.23049519111737019,0.14466003957970333
6997,0.5822328931572629,0.2720331418329777,0.14573396500975938
6998,0.6007680871546446,0.24420656147149328,0.1550253513738621
6999,0.6028335320635221,0.2608930041447554,0.1362734637917225
7000,0.5665387133499538,0.27470039766368554,0.15876088898636076
7001,0.5998259291377992,0.25546485643506256,0.14470921442713827
7002,0.5714296691205356,0.27178191451619993,0.15678841636326443
7003,0.5949691238279335,0.25374206474387406,0.15128881142819234
7004,0.6132199148507326,0.2331347910774724,0.15364529407179503
7005,0.5963810573044084,0.2576203360173679,0.14599860667822367
7006,0.5836648222066138,0.26469731674898045,0.15163786104440577
7007,0.5987104437502695,0.24595353647351742,0.1553360197762131
7008,0.6254862134478734,0.2265466125106502,0.14796717404147647
7009,0.587566240081061,0.236328219056022,0.17610554086291708
7010,0.6063252392616444,0.24974953601019018,0.14392522472816546
7011,0.6073347755979406,0.22951902095160912,0.16314620345045036
7012,0.5879345601830973,0.26204866904933705,0.15001677076756562
7013,0.530552139473047,0.29805768455418274,0.17139017597277031
7014,0.5870336652459028,0.2590904524910285,0.15387588226306867
7015,0.622438592760967,0.20527887770692507,0.17228252953210793
7016,0.612562563826344,0.22927779803957338,0.15815963813408263
7017,0.6284866376522842,0.21774101864289086,0.15377234370482493
7018,0.6090112166176481,0.23486965611201774,0.1561191272703342
7019,0.6163865493956618,0.2065660487202036,0.17704740188413456
7020,0.5890465799517827,0.24353157943713294,0.16742184061108437
7021,0.5658264668237556,0.27260385276470744,0.16156968041153696
7022,0.5578604775825925,0.2842683325978135,0.15787118981959405
7023,0.5776192925621781,0.26655673297326693,0.15582397446455493
7024,0.5869262295931985,0.2401243979886875,0.17294937241811395
7025,0.5843896429662829,0.2494898457243751,0.1661205113093419
7026,0.5973535091530024,0.23211010933652604,0.1705363815104715
7027,0.5442002626978496,0.28044286455468337,0.17535687274746706
7028,0.598687196824261,0.22054902001934953,0.18076378315638944
7029,0.5966440206830557,0.22629355107116872,0.17706242824577567
7030,0.5919847191626982,0.23605664481294844,0.17195863602435332
7031,0.5532548167203407,0.2622260196581412,0.18451916362151816
7032,0.5708305397591222,0.23686625097200148,0.1923032092688763
7033,0.576127104563071,0.24480085079420377,0.17907204464272516
7034,0.5500216786013241,0.2746366458733317,0.17534167552534424
7035,0.5909329992176654,0.22453853836054988,0.18452846242178475
7036,0.5585247067940894,0.2615605961607538,0.17991469704515686
7037,0.5788535081554853,0.24383232217603953,0.17731416966847516
7038,0.5659119233092349,0.2673746478167211,0.166713428874044
7039,0.5679998778107195,0.25935790641013357,0.17264221577914698
7040,0.5219853583390208,0.30376023132812296,0.17425441033285624
7041,0.5504509668680867,0.26147771255392044,0.18807132057799292
7042,0.5592207111725058,0.25122112445073874,0.1895581643767555
7043,0.5939618827262928,0.22952741362224702,0.1765107036514602
7044,0.5808085745428734,0.2431863699190432,0.17600505553808346
7045,0.5861270940785801,0.2314790183464504,0.18239388757496952
7046,0.5798685053811303,0.24049590681942293,0.17963558779944677
7047,0.5551069456006663,0.28072048119097226,0.1641725732083614
7048,0.5367662917467474,0.26932353109472285,0.19391017715852973
7049,0.5589457294650431,0.25129158897982223,0.1897626815551347
7050,0.5270615051598007,0.2681875266515022,0.2047509681886971
7051,0.5683626328857049,0.2666392579931204,0.16499810912117477
7052,0.5519359360296584,0.2626186513925656,0.18544541257777597
7053,0.5432704475674424,0.2530514473145254,0.2036781051180322
7054,0.5291309388806464,0.26689888793764205,0.20397017318171157
7055,0.568748487007756,0.24309485726243116,0.18815665572981274
7056,0.5328800646984359,0.2836839738210773,0.18343596148048683
7057,0.5518687177460359,0.2765951753112951,0.171536106942669
7058,0.5411651575358246,0.25445573883363265,0.2043791036305427
7059,0.5663385320079247,0.24370112489022167,0.1899603431018536
7060,0.5427600253393765,0.2639814253813328,0.19325854927929073
7061,0.5261434964363747,0.2940717945263725,0.17978470903725283
7062,0.5619932438897756,0.23566436137169813,0.20234239473852628
7063,0.5318420330350493,0.27979340589934143,0.18836456106560925
7064,0.5164124095100373,0.2855669695037334,0.19802062098622933
7065,0.5306019220625693,0.2990474621279801,0.17035061580945063
7066,0.5210813568235143,0.2791774674161895,0.1997411757602962
7067,0.5776397267337491,0.23258824594642732,0.18977202731982362
7068,0.5498242240425578,0.24704245756032622,0.20313331839711593
7069,0.5499136386194784,0.26528990787473894,0.18479645350578264
7070,0.5661278177592048,0.27223208131787613,0.16164010092291897
7071,0.5081441322715954,0.2707315856650179,0.2211242820633867
7072,0.5348414396003129,0.26921093287642994,0.1959476275232571
7073,0.582343455731426,0.2443430173043147,0.17331352696425925
7074,0.5433313234422423,0.2547923737309061,0.20187630282685162
7075,0.5523150112264437,0.25077236653863577,0.1969126222349206
7076,0.5499104790447272,0.2603690456430212,0.1897204753122516
7077,0.526129784792653,0.272082262642402,0.20178795256494494
7078,0.5341452710742052,0.2783279440960417,0.18752678482975313
7079,0.5486741125674063,0.26741224262216007,0.1839136448104337
7080,0.5544562796601795,0.266146304066994,0.1793974162728264
7081,0.5298251676410707,0.26628214347805473,0.2038926888808746
7082,0.5167731574467543,0.29058542678985955,0.19264141576338611
7083,0.5057986595149595,0.2907979532084088,0.20340338727663168
7084,0.4976723844668786,0.29023276716382684,0.21209484836929454
7085,0.4823491836512401,0.2964472540270825,0.22120356232167743
7086,0.5112545471826909,0.2869323582272684,0.2018130945900407
7087,0.49320799294114653,0.2832611656282561,0.2235308414305974
7088,0.5130797995545615,0.2824869357022909,0.20443326474314757
7089,0.5079597230405153,0.2683341498719854,0.22370612708749937
7090,0.494317319509162,0.2503765455590379,0.2553061349318001
7091,0.4994833961390789,0.2751163091257977,0.22540029473512344
7092,0.5612670720199268,0.23576108136503854,0.20297184661503467
7093,0.5432245493475113,0.22814218683080392,0.22863326382168475
7094,0.5328307536666967,0.24519133503198168,0.22197791130132158
7095,0.5001640142422444,0.28276074853644334,0.21707523722131222
7096,0.5116380680012711,0.25686772357743604,0.2314942084212929
7097,0.521223485818425,0.26977288255842874,0.20900363162314622
7098,0.5172694045943055,0.2720425415111454,0.21068805389454914
7099,0.501050821986204,0.2669993214183445,0.23194985659545153
7100,0.5454245854652173,0.230288857548585,0.2242865569861977
7101,0.557413137426488,0.22822686009422907,0.2143600024792829
7102,0.5072079223704433,0.27033869468377875,0.22245338294577796
7103,0.4753164897665315,0.30263704523896107,0.2220464649945074
7104,0.47869161976697633,0.29052916110968025,0.23077921912334343
7105,0.4763534687913098,0.26940041189705516,0.254246119311635
7106,0.46142834537723115,0.2889601752113881,0.2496114794113808
7107,0.47015375613621935,0.28336282051559003,0.2464834233481906
7108,0.4921568952268782,0.2723308178360053,0.23551228693711646
7109,0.5103701918934762,0.27262548927852853,0.21700431882799526
7110,0.47287766423002037,0.2920112685467298,0.23511106722324981
7111,0.47646198622174546,0.2916054624853507,0.23193255129290385
7112,0.4853830949741265,0.2875710176015447,0.2270458874243288
7113,0.49763282111571694,0.2640363039088693,0.23833087497541375
7114,0.49849084473834043,0.2889859298969005,0.2125232253647591
7115,0.5183472039874312,0.25802743537588946,0.2236253606366794
7116,0.49198029744329946,0.2870530674114324,0.22096663514526815
7117,0.521408159116303,0.25044213890345607,0.22814970198024087
7118,0.5128221093245734,0.26136642102885993,0.22581146964656665
7119,0.5075380693201827,0.2459870421703401,0.24647488850947719
7120,0.47790924707092636,0.26945169622260645,0.2526390567064672
7121,0.4993744077165673,0.2661277583867014,0.2344978338967313
7122,0.45952627098556215,0.28546517094193397,0.2550085580725039
7123,0.4298691362792666,0.31230824716346434,0.25782261655726907
7124,0.4770678490206572,0.2788306555482774,0.24410149543106538
7125,0.44525044214921505,0.3324153231741697,0.22233423467661526
7126,0.507265787890963,0.29592571671714857,0.1968084953918884
7127,0.523203792384386,0.2711873791593907,0.20560882845622339
7128,0.4503146541844405,0.3115000159187694,0.23818532989679006
7129,0.45407160136486463,0.2870435547518179,0.2588848438833174
7130,0.4383110916568677,0.31944628473637254,0.24224262360675977
7131,0.4601108554759184,0.29436744460515835,0.24552169991892328
7132,0.4648023022201195,0.31029537599558454,0.22490232178429595
7133,0.4530374507637939,0.3119045865285997,0.23505796270760634
7134,0.4782241757576511,0.2894645836722803,0.23231124057006863
7135,0.5182530514326674,0.2635059034527658,0.21824104511456682
7136,0.40972290245534726,0.34743986905762225,0.2428372284870305
7137,0.41394145796603116,0.3265085031592549,0.2595500388747139
7138,0.4581206860368211,0.3044681682328481,0.23741114573033079
7139,0.4550724157964482,0.2700746814652314,0.2748529027383204
7140,0.43369966169043633,0.3062683366793793,0.26003200163018436
7141,0.4006022900065401,0.3467690245196443,0.2526286854738156
7142,0.4012861522185563,0.3318216904207701,0.2668921573606736
7143,0.3977331585609557,0.32460388529617723,0.27766295614286707
7144,0.44781147060150717,0.29473149843608615,0.2574570309624067
7145,0.46035006556150915,0.2696415109536184,0.2700084234848725
7146,0.4125913771573228,0.2848380117085272,0.30257061113415
7147,0.4129760115360892,0.29930123059147595,0.28772275787243484
7148,0.3961385176175207,0.2939980147696869,0.30986346761279243
7149,0.4189507526844485,0.30892589124366177,0.27212335607188975
7150,0.4323484731265802,0.2941295090129123,0.27352201786050745
7151,0.42552646502326824,0.2927498552921484,0.28172367968458334
7152,0.41050756585494713,0.3192407151338631,0.2702517190111898
7153,0.37378919343826456,0.32224683304982654,0.3039639735119089
7154,0.3738366292118849,0.3335254503870621,0.292637920401053
7155,0.3946218821094207,0.31509053392993763,0.2902875839606417
7156,0.4663817310471053,0.27980023600809173,0.253818032944803
7157,0.42654843027847067,0.3200637040603822,0.2533878656611471
7158,0.43792008530694987,0.2874323680086736,0.27464754668437646
7159,0.43932503233350284,0.29325954536877236,0.26741542229772486
7160,0.44952266522511775,0.30817598708935606,0.24230134768552616
7161,0.4784379870668975,0.27189891759344115,0.24966309533966136
7162,0.43540438552339356,0.3199009735812643,0.24469464089534215
7163,0.42199739667612984,0.31460547946848033,0.2633971238553898
7164,0.4380915715238711,0.2470296280048337,0.3148788004712952
7165,0.4188221703021888,0.31574568756259247,0.2654321421352187
7166,0.40473854524796776,0.33012173263866973,0.2651397221133625
7167,0.3864365424856702,0.3581141559794048,0.25544930153492496
7168,0.3780094679406275,0.3507356945546111,0.27125483750476137
7169,0.40676397646887474,0.32582298584321695,0.2674130376879083
7170,0.3979115501508676,0.34743938257907636,0.25464906727005604
7171,0.4054203048959225,0.31386895255621483,0.28071074254786266
7172,0.39359387789952677,0.34045881853598564,0.2659473035644876
7173,0.3994252496459875,0.35903410536146474,0.24154064499254774
7174,0.38030333446220504,0.3249762349524214,0.2947204305853736
7175,0.3684379236186846,0.33912210920061564,0.2924399671806998
7176,0.3435877881298206,0.37435376426370015,0.28205844760647925
7177,0.3753750755611021,0.35022951075405107,0.2743954136848468
7178,0.34647119821289935,0.33550777561893624,0.3180210261681644
7179,0.30758272151206034,0.36852701655323683,0.32389026193470283
7180,0.2999985188171062,0.3808695178379385,0.3191319633449553
7181,0.3592330738105933,0.3581527740609385,0.2826141521284682
7182,0.33413688529318275,0.38593604066769843,0.2799270740391189
7183,0.34870120987641257,0.34985964506563544,0.301439145057952
7184,0.29904917886385474,0.3884667733547371,0.31248404778140815
7185,0.3564250308055121,0.3595042276397386,0.2840707415547493
7186,0.39465262703266346,0.34443190857713285,0.2609154643902037
7187,0.32203289725143663,0.3977477211431688,0.28021938160539456
7188,0.32347218947159445,0.3700153866886915,0.3065124238397141
7189,0.3380127377964685,0.39242875123772153,0.26955851096580996
7190,0.338076366165537,0.3660149167695556,0.2959087170649074
7191,0.37084509942526217,0.3382707866535851,0.2908841139211527
7192,0.3398723553998324,0.3850261896745088,0.2751014549256588
7193,0.34348936558072524,0.36805823602017773,0.28845239839909703
7194,0.34728872266505656,0.3560672421008261,0.29664403523411736
7195,0.3464619234127056,0.37286024476686436,0.28067783182043005
7196,0.3366451982830059,0.3608253397047493,0.30252946201224484
7197,0.38692044709784285,0.3264517804434385,0.2866277724587187
7198,0.4048145625549223,0.28040459826581554,0.31478083917926214
7199,0.38436563048577777,0.3135289557998649,0.30210541371435734
7200,0.3985647979603348,0.29908875288255465,0.30234644915711056
7201,0.37309723580319853,0.35922114471503874,0.2676816194817628
7202,0.3686848686312774,0.35621647648987076,0.2750986548788518
7203,0.4156591836257691,0.3241975695097523,0.26014324686447865
7204,0.35950030828051444,0.35768020237694564,0.28281948934253986
7205,0.3190073902077577,0.3634583415217288,0.31753426827051356
7206,0.3600935897738023,0.34655431405092224,0.29335209617527547
7207,0.33267026091855706,0.35724138999754546,0.31008834908389743
7208,0.2739282812749925,0.3743344386969504,0.35173728002805715
7209,0.3411905392043047,0.35804395489013985,0.3007655059055555
7210,0.33273584228890307,0.35383485998100545,0.31342929773009154
7211,0.3126034197859662,0.36232018377168884,0.325076396442345
7212,0.3231995421742579,0.36943387534025807,0.30736658248548404
7213,0.3420455737517106,0.371139705135734,0.2868147211125554
7214,0.3320370895212701,0.3484991346801661,0.31946377579856383
7215,0.3583244935838513,0.3422955727689218,0.29937993364722687
7216,0.32054356888902313,0.3923899618055748,0.2870664693054021
7217,0.33133355958425975,0.3270631895412953,0.34160325087444493
7218,0.36043737282577476,0.3457069606830451,0.29385566649118017
7219,0.3710030857425717,0.32762281963619605,0.3013740946212322
7220,0.33126384090414435,0.3592294561349914,0.3095067029608642
7221,0.2851782889738576,0.3867692631688596,0.32805244785728277
7222,0.3127268943741867,0.32746006358878454,0.35981304203702874
7223,0.27293964350393807,0.3704276074458203,0.35663274905024167
7224,0.27068815980855626,0.37409663122018116,0.3552152089712626
7225,0.2997246243277808,0.3544161213244519,0.3458592543477673
7226,0.3291419426547174,0.3601694666816688,0.31068859066361376
7227,0.3208039862718097,0.36749945660950223,0.31169655711868804
7228,0.3255574714284481,0.3658794620122685,0.30856306655928334
7229,0.32361057783644465,0.37474304006616543,0.3016463820973899
7230,0.33285917227963463,0.3766490046392706,0.2904918230810947
7231,0.3555320662663641,0.35130150340918787,0.293166430324448
7232,0.3073003845440426,0.37824142389267096,0.3144581915632864
7233,0.259555949958219,0.4156874834272254,0.32475656661455565
7234,0.3065443948628181,0.3829910966718274,0.3104645084653545
7235,0.31650463651504235,0.3616854777054104,0.3218098857795473
7236,0.3149538456690778,0.40641427107864025,0.278631883252282
7237,0.2802632930497762,0.40892918409201284,0.31080752285821095
7238,0.2920100692372877,0.39056418550774263,0.3174257452549697
7239,0.32689199412593856,0.37125929454949336,0.3018487113245681
7240,0.29799402284708426,0.3894758350618937,0.31253014209102203
7241,0.2710910246355078,0.4097103737671185,0.3191986015973737
7242,0.2820595168240517,0.38505341741584287,0.3328870657601054
7243,0.2547638784709321,0.40787381381339277,0.33736230771567505
7244,0.2741516901131917,0.3980614095767754,0.32778690031003294
7245,0.2671948823128884,0.43524733500021495,0.2975577826868967
7246,0.276977169054402,0.3962567410411693,0.3267660899044287
7247,0.33123844850149375,0.39783773209281986,0.2709238194056864
7248,0.29179540803750204,0.4011581771153301,0.3070464148471679
7249,0.33966723962818374,0.38621354984297124,0.274119210528845
7250,0.3152690420149703,0.36718172728709597,0.3175492306979337
7251,0.31079418011874593,0.36312083653813604,0.32608498334311803
7252,0.2941675427029306,0.3852847737507018,0.3205476835463676
7253,0.2543872404336669,0.4298828699013369,0.3157298896649962
7254,0.27674339425632394,0.3743368444535537,0.34891976129012237
7255,0.281869212783544,0.39692268814065573,0.3212080990758003
7256,0.34663256091844336,0.36617718456760673,0.2871902545139499
7257,0.3151126374795044,0.38062814044686744,0.30425922207362815
7258,0.28665510488234275,0.4202373490374125,0.29310754608024475
7259,0.30117863115421034,0.38480319475602504,0.3140181740897647
7260,0.29058210150979413,0.37544599065842665,0.3339719078317792
7261,0.296692635191627,0.39895603073687963,0.3043513340714934
7262,0.3173055280602774,0.40190858715932554,0.280785884780397
7263,0.29169579737345613,0.4170979520101525,0.2912062506163913
7264,0.28812570609789195,0.4189800798088048,0.2928942140933033
7265,0.32717966040210766,0.3939502471607077,0.27887009243718464
7266,0.31612898100770803,0.3955042909339236,0.2883667280583684
7267,0.29431150430198144,0.40763057551113985,0.2980579201868787
7268,0.32926022008236544,0.3794270344877368,0.29131274542989777
7269,0.3418088543579514,0.37711026503939005,0.2810808806026585
7270,0.3265666736179802,0.4073106645267645,0.2661226618552553
7271,0.32503287359360694,0.39097112100961134,0.2839960053967817
7272,0.2843198158269188,0.41102670642144107,0.3046534777516401
7273,0.25901889059620875,0.439126719576684,0.3018543898271073
7274,0.2702067641800078,0.39375523445752375,0.3360380013624685
7275,0.2695460618772898,0.42191075351868657,0.30854318460402363
7276,0.29977405891266673,0.39035081221692147,0.3098751288704118
7277,0.301168007237624,0.42599769987099606,0.27283429289137995
7278,0.2958861025700898,0.40468169195324477,0.2994322054766655
7279,0.29723257940345565,0.38082106218537226,0.3219463584111721
7280,0.27437324311381966,0.40169110571437594,0.3239356511718044
7281,0.28227452528021796,0.37292216714213655,0.3448033075776455
7282,0.26963675788165214,0.40965442591124784,0.3207088162071
7283,0.28915003103532705,0.426500671445677,0.2843492975189959
7284,0.26933015904828245,0.42163699944325317,0.3090328415084644
7285,0.28011657326502587,0.4121677993585332,0.30771562737644087
7286,0.23370037180749678,0.44947989254716336,0.31681973564533983
7287,0.2607556049731574,0.4203235499858505,0.3189208450409921
7288,0.22103888014603965,0.45121462121804085,0.3277464986359195
7289,0.24090236244807967,0.4585019936048112,0.30059564394710914
7290,0.20078525371774625,0.4833257540967081,0.31588899218554567
7291,0.25570652559924767,0.43781915603878596,0.30647431836196637
7292,0.2241731144961379,0.47294966145470924,0.3028772240491529
7293,0.277717239184005,0.40206825204300606,0.32021450877298896
7294,0.3542088114320067,0.3335638832554946,0.3122273053124987
7295,0.2799488809487146,0.40612944199879836,0.313921677052487
7296,0.26610402140770595,0.4181588360092966,0.3157371425829975
7297,0.3262485854647693,0.35406887366676726,0.3196825408684634
7298,0.2788176599793946,0.3974962075611466,0.32368613245945876
7299,0.2662898273222449,0.4004933512966596,0.33321682138109554
7300,0.27181947545577556,0.4232504147386236,0.3049301098056008
7301,0.25141247395183175,0.4098230884946839,0.33876443755348434
7302,0.2482804341069823,0.41743310937607503,0.3342864565169427
7303,0.2991179081477985,0.41645223158669686,0.28442986026550465
7304,0.3062044996177344,0.3525043879250956,0.34129111245717
7305,0.362514375241918,0.337888802749307,0.2995968220087751
7306,0.3129965267255505,0.3314132096283897,0.3555902636460597
7307,0.2840792030565654,0.39632116543617496,0.3195996315072596
7308,0.2715102900423166,0.3705101576315235,0.3579795523261599
7309,0.2437404168438685,0.4135408264856031,0.3427187566705284
7310,0.28598550371077464,0.383386502260919,0.33062799402830634
7311,0.23924373343053193,0.4447928657577566,0.3159634008117115
7312,0.2698104655606371,0.3793486685263098,0.3508408659130532
7313,0.23691080665824263,0.4334495729841402,0.3296396203576172
7314,0.29382610508541945,0.42221565807010286,0.28395823684447763
7315,0.28364551087862183,0.4231110706462061,0.29324341847517205
7316,0.27171614736116917,0.42232467592596995,0.3059591767128609
7317,0.2514960758398079,0.43749256963118743,0.3110113545290047
7318,0.24302689844459555,0.4211838214201298,0.33578928013527465
7319,0.30393464637868267,0.4093503705117382,0.28671498310957916
7320,0.2658419617827496,0.41252687344427236,0.32163116477297804
7321,0.23455735561289512,0.45158107239928624,0.3138615719878186
7322,0.27606160508527794,0.3887157066605056,0.3352226882542165
7323,0.2915578534729166,0.39125464422613904,0.3171875023009444
7324,0.2734119892958803,0.41452378598578465,0.31206422471833506
7325,0.2648491560117511,0.40855584232959763,0.3265950016586513
7326,0.24650514118016956,0.4360440387598257,0.3174508200600047
7327,0.2784577319778472,0.4388250923636326,0.2827171756585202
7328,0.2534516502907825,0.4182933165960993,0.32825503311311816
7329,0.22507687252661518,0.45947264426408363,0.3154504832093012
7330,0.2599537998449396,0.4237109790520877,0.31633522110297263
7331,0.23393485340885553,0.4563076925754888,0.30975745401565563
7332,0.23723993633643528,0.42898336831781636,0.33377669534574833
7333,0.2598208187015955,0.4402171627882758,0.2999620185101287
7334,0.17760335899802268,0.49059752182217636,0.3317991191798009
7335,0.2168675868336679,0.46431199204291423,0.31882042112341785
7336,0.23580263852125016,0.4563321888660962,0.3078651726126536
7337,0.267714569213434,0.430065959200148,0.302219471586418
7338,0.2676943748701926,0.4206874147928678,0.3116182103369396
7339,0.1728384739201364,0.5046983835596128,0.32246314252025077
7340,0.2882809498368174,0.4177269217734311,0.2939921283897515
7341,0.23305331573143576,0.43271406336138857,0.3342326209071757
7342,0.2571036790419776,0.4419150015654928,0.3009813193925296
7343,0.21162363891443758,0.4583583562662515,0.33001800481931093
7344,0.2548524020725915,0.43095524960450143,0.31419234832290704
7345,0.22588226412439738,0.45114355934571065,0.32297417652989197
7346,0.25202148637474464,0.4242436652960754,0.32373484832918
7347,0.23076868301351575,0.4465540123779865,0.3226773046084978
7348,0.25765979385526566,0.4271243905369348,0.31521581560779954
7349,0.23978854205454564,0.46138469766680185,0.2988267602786525
7350,0.2193081826307241,0.4819285383922264,0.2987632789770495
7351,0.23145915467658254,0.4485367009313926,0.32000414439202485
7352,0.2165040832592276,0.4883078734251462,0.2951880433156262
7353,0.23227076825299547,0.45914799020567515,0.3085812415413294
7354,0.2100059948890289,0.4474086599891479,0.34258534512182315
7355,0.26443215793594055,0.41181051227600335,0.3237573297880561
7356,0.26883330444812986,0.4615752771053075,0.26959141844656265
7357,0.2579098927714941,0.4254116088181105,0.3166784984103953
7358,0.2848434655753011,0.4035998942526421,0.3115566401720568
7359,0.2783253307786834,0.41772817931889933,0.3039464899024173
7360,0.24258524734010345,0.41533690662851164,0.3420778460313849
7361,0.22917549968700196,0.4206523886324354,0.3501721116805626
7362,0.28329319047878115,0.40345623768512234,0.3132505718360965
7363,0.25964061791275367,0.3971465594976877,0.34321282258955865
7364,0.2650018815796888,0.40842228481255133,0.3265758336077599
7365,0.32109307759938643,0.3891993127152448,0.28970760968536874
7366,0.2754262006601704,0.430564220602699,0.29400957873713063
7367,0.2799555795581415,0.3997166939597069,0.32032772648215163
7368,0.27502273411110323,0.40296777143188894,0.3220094944570078
7369,0.2772771814751805,0.40907099717297235,0.31365182135184716
7370,0.27273209982065005,0.4106170567247741,0.31665084345457584
7371,0.29353078512074915,0.40514470500453775,0.3013245098747131
7372,0.24951873608001332,0.40512332943078994,0.34535793448919677
7373,0.24196169158471215,0.4419562625380734,0.31608204587721445
7374,0.27807700164356985,0.37723413976767706,0.34468885858875314
7375,0.21076533836370429,0.4419880928050191,0.34724656883127664
7376,0.2216096502732656,0.4498179390971908,0.3285724106295436
7377,0.2546898783026106,0.4602769828860233,0.28503313881136605
7378,0.2512477183750916,0.42093844374303635,0.32781383788187207
7379,0.27796752504459976,0.394360066829234,0.3276724081261662
7380,0.2865339780405179,0.3852371169519207,0.3282289050075614
7381,0.2746044204464604,0.39192809662652695,0.3334674829270127
7382,0.2724191743472646,0.39016141843293145,0.33741940721980396
7383,0.2787974287170274,0.3849154955347582,0.3362870757482144
7384,0.29234519444040813,0.3746403719492718,0.33301443361032007
7385,0.340907500177769,0.33236022826931094,0.32673227155292006
7386,0.3238698031624402,0.3627153157629448,0.313414881074615
7387,0.2693732793246295,0.3862139649077321,0.3444127557676384
7388,0.2162442403489659,0.4204028964641984,0.36335286318683574
7389,0.2798833858013495,0.3520410070608331,0.3680756071378174
7390,0.3589627607980346,0.33531103572912796,0.30572620347283747
7391,0.3014458992665934,0.3624850539205656,0.336069046812841
7392,0.27998462439606747,0.36788574871848867,0.35212962688544386
7393,0.25559038263353034,0.3871015317194446,0.357308085647025
7394,0.32567794478373113,0.3522167457591501,0.3221053094571188
7395,0.30409265424572546,0.3796437099896719,0.3162636357646026
7396,0.35590465965509693,0.34783986094045566,0.2962554794044474
7397,0.28520704482049175,0.3721514934081352,0.34264146177137306
7398,0.278826473898086,0.4034239495403487,0.31774957656156533
7399,0.36019370128183265,0.3133899955535085,0.32641630316465886
7400,0.3196717139273056,0.3019531521896113,0.37837513388308314
7401,0.28649429067917137,0.36672124667444933,0.3467844626463793
7402,0.2953455782539411,0.3758920748012609,0.328762346944798
7403,0.29151217390692186,0.37097332589713483,0.3375145001959433
7404,0.2676713178139914,0.40128198154119904,0.3310467006448095
7405,0.24040019118216097,0.4325765424284962,0.32702326638934287
7406,0.27898448415107907,0.3865820624524709,0.33443345339645
7407,0.2370899720725259,0.40294490164039054,0.35996512628708355
7408,0.22497809657676282,0.4261772696043517,0.3488446338188855
7409,0.24976078089839884,0.3701759619687339,0.38006325713286726
7410,0.25160032923352826,0.4219545898633547,0.326445080903117
7411,0.23409174434839342,0.4081774231215873,0.3577308325300193
7412,0.2268035501171129,0.42412577250461414,0.34907067737827296
7413,0.2140983881743702,0.4354646341378118,0.350436977687818
7414,0.22271424474885237,0.4370379272730324,0.3402478279781152
7415,0.2443677641098426,0.410930376647504,0.34470185924265345
7416,0.21068723163129968,0.4399266277376372,0.3493861406310631
7417,0.25328309220140316,0.4215180982838955,0.32519880951470126
7418,0.25545502846917245,0.43869731598755274,0.30584765554327487
7419,0.25696621756469346,0.409628118058434,0.33340566437687247
7420,0.30435515301603067,0.37270270298261526,0.32294214400135407
7421,0.2596024676272067,0.3938366289917712,0.3465609033810222
7422,0.23491139701961036,0.4115347245424923,0.3535538784378974
7423,0.2844807989219299,0.38589728530638623,0.3296219157716838
7424,0.30570300346874374,0.3821406456245254,0.3121563509067309
7425,0.3213611404402624,0.36755656487813854,0.31108229468159904
7426,0.2693639607988706,0.4017699257306369,0.3288661134704925
7427,0.2976249487690095,0.3659940370147682,0.3363810142162223
7428,0.27097658994463647,0.3627917022976461,0.36623170775771735
7429,0.2581091532361186,0.3870559882870957,0.35483485847678564
7430,0.29257813995868315,0.3821087316395981,0.3253131284017187
7431,0.24573288675203872,0.3927750101221337,0.3614921031258276
7432,0.2591986654914278,0.3904413407767956,0.3503599937317766
7433,0.2303277693182318,0.3936794688643581,0.3759927618174101
7434,0.24716521427789492,0.4124747725356771,0.34036001318642795
7435,0.2794179936490973,0.37886174652751936,0.34172025982338333
7436,0.23450900048339998,0.38865495090989816,0.37683604860670183
7437,0.2351741784851076,0.4320365880555051,0.3327892334593873
7438,0.22048628936737577,0.4186076368709256,0.3609060737616986
7439,0.26358546231735025,0.34372937784352947,0.3926851598391203
7440,0.2962371954337322,0.3560641315109628,0.347698673055305
7441,0.2667759991423187,0.4101578130725876,0.3230661877850937
7442,0.25522224516886727,0.3947269957464385,0.3500507590846943
7443,0.2343414978529364,0.41447506828065805,0.35118343386640555
7444,0.23653285605354032,0.39739860079477496,0.3660685431516847
7445,0.2628181087636397,0.37771720996076746,0.35946468127559283
7446,0.23061831716285286,0.40845221262151143,0.3609294702156357
7447,0.3032173208186488,0.35603129562482155,0.3407513835565296
7448,0.24687691224467656,0.4200268166280111,0.3330962711273123
7449,0.2636629090311044,0.41734367766838343,0.31899341330051223
7450,0.2540482477556814,0.40231745008015346,0.3436343021641651
7451,0.25298363425126874,0.4102863519021686,0.33673001384656265
7452,0.20500996278667186,0.42680468538992156,0.3681853518234066
7453,0.23927936495462457,0.37812665328043166,0.38259398176494375
7454,0.23817516554877105,0.3874257469689521,0.37439908748227685
7455,0.28592391841013187,0.37103526766611555,0.3430408139237526
7456,0.2108542006087525,0.4264810675968254,0.36266473179442205
7457,0.23327779542935967,0.3835344322088845,0.38318777236175583
7458,0.2165793996273331,0.4371539145813814,0.3462666857912855
7459,0.22159883683979462,0.4270642361807096,0.35133692697949576
7460,0.2136618788685021,0.412187769692536,0.37415035143896186
7461,0.1922232297408347,0.4335303045767859,0.3742464656823794
7462,0.27205557299023125,0.36860880713287864,0.35933561987689006
7463,0.23540535471711344,0.42391099125730636,0.34068365402558026
7464,0.24730983752761587,0.35052888177709723,0.4021612806952869
7465,0.23436363298856439,0.40139840482847444,0.36423796218296123
7466,0.23739904306098517,0.4063435007044911,0.35625745623452376
7467,0.2280566490192342,0.3814949192459556,0.39044843173481025
7468,0.2944723961194039,0.37781250663810134,0.32771509724249476
7469,0.23200836196716376,0.3882306723604993,0.37976096567233697
7470,0.2809256002346188,0.3524085200038861,0.3666658797614951
7471,0.29257187779923727,0.3632301639195558,0.34419795828120686
7472,0.25094641479862095,0.35758512782302143,0.3914684573783576
7473,0.23123342270533223,0.37215045345263614,0.3966161238420316
7474,0.2705629420001496,0.36214660710029484,0.3672904508995556
7475,0.19070033522349286,0.43444355662375067,0.3748561081527565
7476,0.23757736068090074,0.38141582192686796,0.3810068173922313
7477,0.2566745582732443,0.3727732726868475,0.3705521690399081
7478,0.2223493375650441,0.397766038865564,0.37988462356939195
7479,0.25950736766202126,0.35301947068723705,0.3874731616507417
7480,0.2725350361002187,0.3641097451968353,0.363355218702946
7481,0.20869567688950186,0.42626482443743086,0.3650394986730673
7482,0.25774863402425685,0.3825389908390433,0.35971237513669985
7483,0.25905670229757954,0.40065563951345373,0.3402876581889667
7484,0.21686127718862608,0.4177243867884748,0.36541433602289913
7485,0.2192183069724983,0.43049694982277625,0.3502847432047254
7486,0.21022691407083663,0.43267379261214195,0.3570992933170214
7487,0.21706494297524015,0.4496928719484345,0.33324218507632536
7488,0.24832072434040714,0.4300703723587135,0.3216089033008794
7489,0.1898058522527777,0.4502591130868897,0.35993503466033255
7490,0.20478368805620137,0.4230070620498216,0.3722092498939771
7491,0.24430886919376865,0.41243648934619254,0.3432546414600388
7492,0.22859697686114708,0.42727050241763986,0.34413252072121303
7493,0.2621948274962865,0.3828654939131297,0.35493967859058384
7494,0.2841775558893019,0.3359373895928538,0.3798850545178444
7495,0.2730649899787392,0.39128971645915556,0.33564529356210526
7496,0.29892928406690317,0.3542674713037656,0.3468032446293312
7497,0.24337921101746193,0.37225471062970317,0.3843660783528349
7498,0.2431488881219465,0.3958129267918024,0.3610381850862511
7499,0.20932362278270114,0.4278277276724767,0.3628486495448222
7500,0.2005090386441606,0.40825925894239734,0.391231702413442
7501,0.2125049670610818,0.40919187325597645,0.37830315968294176
7502,0.20253110781281783,0.4262461326086047,0.3712227595785774
7503,0.2013276243847057,0.4206753020214617,0.3779970735938326
7504,0.2182757278398421,0.41363682037213156,0.3680874517880263
7505,0.1898047139298791,0.41251779208494355,0.3976774939851774
7506,0.22967500117649556,0.4537751051079592,0.3165498937155452
7507,0.2592231148728297,0.4277252042254743,0.31305168090169605
7508,0.2631201994602142,0.4047834191460172,0.3320963813937686
7509,0.24971553427312737,0.40240309232858007,0.3478813733982926
7510,0.20111126875691587,0.44893835612992294,0.3499503751131612
7511,0.21601214250392395,0.4303786800251896,0.3536091774708865
7512,0.19589584091757878,0.4480550461487628,0.35604911293365843
7513,0.2278257614065937,0.4251440991147804,0.3470301394786259
7514,0.19327334883338373,0.4488504129292199,0.35787623823739634
7515,0.21062658728150052,0.47482409246914975,0.31454932024934973
7516,0.19966906393731884,0.46944089503558767,0.3308900410270935
7517,0.165249382306695,0.4493964937365686,0.3853541239567364
7518,0.16544533782182225,0.4524405825625401,0.38211407961563765
7519,0.208673295513193,0.45297633088234546,0.3383503736044615
7520,0.19064322687205026,0.43459694421752204,0.3747598289104277
7521,0.1963961178755958,0.4567263162374334,0.34687756588697083
7522,0.19116671017393905,0.4343593994378872,0.3744738903881738
7523,0.18210559146365646,0.43230115077367365,0.3855932577626699
7524,0.14963251774968683,0.4673886380673974,0.3829788441829158
7525,0.1660761148155334,0.4820072759948795,0.3519166091895871
7526,0.20817763168580064,0.47101747356663903,0.3208048947475603
7527,0.19270937401383897,0.4653767231360113,0.3419139028501497
7528,0.1987951929529376,0.44754049794880774,0.3536643090982547
7529,0.1730265945852271,0.4740376843499064,0.35293572106486654
7530,0.21054049255896812,0.43596571736589246,0.3534937900751394
7531,0.16263716729156674,0.4436547683289387,0.39370806437949457
7532,0.1703472235027254,0.4903587745964696,0.339294001900805
7533,0.188294046457154,0.45825930119070857,0.3534466523521374
7534,0.19490491835105667,0.440485833677131,0.3646092479718123
7535,0.17442825483540836,0.4523190081062575,0.3732527370583341
7536,0.19799876863841576,0.43169516496102744,0.3703060664005568
7537,0.1945868210598398,0.4515438780987294,0.35386930084143076
7538,0.1782436407653447,0.47608903867527824,0.34566732055937704
7539,0.1761722047003866,0.44347600447998264,0.3803517908196308
7540,0.18963703641156252,0.4501082980031144,0.36025466558532304
7541,0.18818607490108752,0.43262250591835827,0.3791914191805542
7542,0.15162237718045132,0.4437984463894603,0.40457917643008834
7543,0.18453588278120778,0.4344270246733382,0.38103709254545404
7544,0.1683904650961643,0.41258923099855904,0.41902030390527667
7545,0.19366014891926847,0.465759163258009,0.34058068782272255
7546,0.18591939099299348,0.43946641110714724,0.37461419789985934
7547,0.16893728198059918,0.4554135327583754,0.3756491852610255
7548,0.1837856649760094,0.42743200762222083,0.38878232740176977
7549,0.1609844550000427,0.4479399388673381,0.39107560613261916
7550,0.17086864534890955,0.4695833648091026,0.3595479898419878
7551,0.16676478490113,0.4481053131924564,0.3851299019064136
7552,0.1970130144748739,0.43363304566252203,0.36935393986260406
7553,0.20525949600495702,0.414205360028878,0.380535143966165
7554,0.19267681969217434,0.4044496575200315,0.40287352278779415
7555,0.16968862749634084,0.43373411217240043,0.39657726033125873
7556,0.17951174812914888,0.4451710387852491,0.375317213085602
7557,0.15250207867481452,0.4466545780626482,0.4008433432625373
7558,0.17690457732019513,0.4108274237773158,0.4122679989024891
7559,0.16455824206536498,0.4126302831627743,0.42281147477186076
7560,0.1839725727243922,0.4499544263462148,0.366073000929393
7561,0.14471524391376833,0.4541532313232539,0.40113152476297775
7562,0.1691989888345718,0.42479028183090717,0.40601072933452104
7563,0.11666878298679488,0.4777113827174842,0.40561983429572096
7564,0.15142494354769745,0.45454228915019557,0.394032767302107
7565,0.15313676037326338,0.44304975408267583,0.4038134855440608
7566,0.18132409064074734,0.43363988157301175,0.3850360277862409
7567,0.11313177924496866,0.4982994527850852,0.3885687679699461
7568,0.11905184916915938,0.504843594916728,0.37610455591411257
7569,0.15626055099114894,0.4749602283444973,0.36877922066435376
7570,0.12986885902382697,0.47035665949563943,0.39977448148053357
7571,0.13202612764793833,0.496724693802843,0.3712491785492187
7572,0.15168424894337856,0.48906127960036233,0.3592544714562591
7573,0.18000218179719102,0.45226519630712075,0.3677326218956882
7574,0.21498317175440385,0.42989398133450935,0.3551228469110868
7575,0.14404716862791242,0.4805346233160522,0.3754182080560354
7576,0.18195059422021254,0.4350909945192087,0.3829584112605788
7577,0.18744823922387008,0.44237451148638757,0.3701772492897424
7578,0.17822668239815562,0.47475261155186016,0.3470207060499842
7579,0.16486485192078768,0.4475867827145695,0.3875483653646429
7580,0.19615450812235358,0.4348257737827762,0.3690197180948702
7581,0.19143234523835817,0.4709485083385776,0.33761914642306423
7582,0.17887762414831063,0.47091561465616216,0.35020676119552724
7583,0.1620654918933584,0.45994934269664106,0.37798516541000055
7584,0.15624813532822876,0.44000852525652867,0.4037433394152426
7585,0.17803937667370867,0.4301003594641349,0.39186026386215644
7586,0.15039237112977455,0.43479679957740874,0.4148108292928167
7587,0.19833801272922152,0.4287827902117517,0.3728791970590268
7588,0.2250752763344007,0.4342038169278207,0.3407209067377786
7589,0.18126865585923202,0.4308313028400604,0.3879000413007076
7590,0.16882080238756314,0.45060482986202927,0.3805743677504076
7591,0.13192108947859715,0.49380434057874384,0.374274569942659
7592,0.1311184332770675,0.4684783193591648,0.40040324736376776
7593,0.19434684389312523,0.4354402214160663,0.37021293469080846
7594,0.1473674435244357,0.4586453540510635,0.3939872024245008
7595,0.14159107454722986,0.45046207320353737,0.40794685224923277
7596,0.16448658912987807,0.44663946608238503,0.3888739447877369
7597,0.14890735270095545,0.44299693325987183,0.40809571403917266
7598,0.11961368767130655,0.5229267228125093,0.3574595895161841
7599,0.13828670487819114,0.4578618582700131,0.40385143685179575
7600,0.1559268327446015,0.5182644044915755,0.32580876276382303
7601,0.16076274632284546,0.48363895604971985,0.3555982976274347
7602,0.16327568701659229,0.46576739761791525,0.37095691536549247
7603,0.16387427014295042,0.49130504180435425,0.34482068805269533
7604,0.1974647876951176,0.45091369717233687,0.3516215151325456
7605,0.17144717778635088,0.45227046357805467,0.3762823586355945
7606,0.2089252691574036,0.427607680968346,0.36346704987425044
7607,0.21873933384840527,0.43715241969946855,0.3441082464521262
7608,0.1847092304769572,0.4600803612462796,0.3552104082767632
7609,0.1904535663902998,0.47004298255410204,0.33950345105559815
7610,0.19856841768481673,0.47253142434361817,0.32890015797156513
7611,0.21846098672201325,0.4267864094697378,0.35475260380824897
7612,0.19482826869582567,0.45051367534726855,0.3546580559569058
7613,0.1723812704229614,0.4845107153063428,0.3431080142706958
7614,0.1808815134952427,0.46865073597943846,0.35046775052531887
7615,0.1373529977665281,0.5093580263284477,0.3532889759050241
7616,0.12231376501017144,0.4895173231890789,0.38816891180074964
7617,0.17023784168229203,0.4358115560592864,0.39395060225842154
7618,0.15867525193980753,0.4682595576862234,0.37306519037396907
7619,0.14808713230551251,0.4893779864162122,0.36253488127827527
7620,0.13437021757723572,0.50132575421107,0.3643040282116943
7621,0.11887668997885041,0.4857717955584737,0.39535151446267586
7622,0.14798307247594705,0.4966170564289707,0.3553998710950823
7623,0.12058942168143617,0.5409177553597093,0.33849282295885447
7624,0.13529215726254504,0.4933975937323701,0.3713102490050849
7625,0.124004153271479,0.5102976315361055,0.36569821519241547
7626,0.1225514832272035,0.49726131573540944,0.38018720103738707
7627,0.1172510914003231,0.5049052996576828,0.3778436089419941
7628,0.1427262094229286,0.5061759809948372,0.3510978095822342
7629,0.14725942789078783,0.4760021727785777,0.37673839933063447
7630,0.11121816983668562,0.5436615663150695,0.3451202638482449
7631,0.16063482153645103,0.4736311930166482,0.3657339854469008
7632,0.14919386491184253,0.46130041848682096,0.3895057166013365
7633,0.12175905934040586,0.5326949993820236,0.34554594127757055
7634,0.12070257905059824,0.49145638782363593,0.38784103312576584
7635,0.13128619878337255,0.5163310044001455,0.35238279681648205
7636,0.16911559382661817,0.4923454954857963,0.3385389106875855
7637,0.12886307540910613,0.5010032262541378,0.370133698336756
7638,0.1590586972485029,0.49021641694313384,0.35072488580836325
7639,0.17526266587431258,0.4625903127266661,0.3621470213990213
7640,0.1568936498198921,0.4862369244805185,0.35686942569958946
7641,0.15160029276926756,0.5095953302882014,0.338804376942531
7642,0.10137230887254299,0.5148561030992347,0.3837715880282223
7643,0.07221020544436492,0.5194839444931065,0.40830585006252856
7644,0.11313407392546304,0.51781022564266,0.369055700431877
7645,0.1518320149487729,0.4889390806912533,0.3592289043599738
7646,0.14850244047230826,0.48992514864452963,0.36157241088316217
7647,0.06615857533839521,0.48834050978737176,0.44550091487423304
7648,0.08115814918232961,0.5064177522731609,0.41242409854450945
7649,0.08551091484337199,0.47448086396137384,0.4400082211952542
7650,0.11149999519380753,0.508728307687199,0.37977169711899345
7651,0.10489965256242736,0.544493377301841,0.3506069701357316
7652,0.12450711630177626,0.48643992090751265,0.3890529627907111
7653,0.10846541821719019,0.5126006486074457,0.3789339331753641
7654,0.135512363700634,0.4927337653956687,0.37175387090369727
7655,0.12842124213589115,0.4735778917781847,0.39800086608592417
7656,0.11940040900981913,0.5316384727076998,0.34896111828248105
7657,0.10266918255085071,0.5119492772163234,0.3853815402328259
7658,0.09100987502980667,0.5196852082742327,0.3893049166959606
7659,0.1314090049701185,0.5185399204379224,0.35005107459195905
7660,0.10928560452269842,0.5099945811732164,0.38071981430408514
7661,0.08598463514439127,0.5563704978130005,0.35764486704260817
7662,0.09686205557732096,0.5511694683237234,0.35196847609895565
7663,0.07258499420362623,0.5493135602587248,0.378101445537649
7664,0.12126968580363802,0.5189366085181327,0.35979370567822927
7665,0.1367575633720519,0.5102649507160995,0.3529774859118487
7666,0.1168322216931174,0.5232498921853576,0.35991788612152503
7667,0.07900723570664768,0.5534958823600934,0.36749688193325897
7668,0.1044621150033837,0.5110264901678638,0.38451139482875246
7669,0.08510067873521354,0.563888354904516,0.35101096636027035
7670,0.08756275447681543,0.5613478541592547,0.35108939136392986
7671,0.11990627279757997,0.5013434433623697,0.3787502838400504
7672,0.08872952983115845,0.5353064789201556,0.37596399124868596
7673,0.11972653176490357,0.4892369961223551,0.39103647211274134
7674,0.11413586735482983,0.48860152173041344,0.39726261091475673
7675,0.09300146018395822,0.5386353802179864,0.3683631595980553
7676,0.09289592006430189,0.5057948146285073,0.4013092653071908
7677,0.08946193677013017,0.5446263997256321,0.3659116635042377
7678,0.09972015065220648,0.5296841691386152,0.3705956802091784
7679,0.08283970220736922,0.5560135340455074,0.3611467637471234
7680,0.08877359146834114,0.5366252104172031,0.37460119811445575
7681,0.08644907911229771,0.5560479532472522,0.3575029676404501
7682,0.0955938524324533,0.5021699931763282,0.4022361543912185
7683,0.10201788474045932,0.5143521861403978,0.38362992911914284
7684,0.09698215930048612,0.5283556085198817,0.3746622321796321
7685,0.12096091953490902,0.517454303235629,0.361584777229462
7686,0.09510164167198906,0.5277260005866051,0.37717235774140584
7687,0.08527453469497562,0.554556710733834,0.36016875457119046
7688,0.09987245860681053,0.5314520464386222,0.36867549495456725
7689,0.07181186758594876,0.5765436751151584,0.3516444572988929
7690,0.07564283004237218,0.5647129307869114,0.3596442391707164
7691,0.07263799737327785,0.5697580571272338,0.3576039454994883
7692,0.06876906720119727,0.5562398209503042,0.3749911118484985
7693,0.06778403631048771,0.57916433921206,0.3530516244774523
7694,0.06907051121262607,0.5659427844955904,0.36498670429178354
7695,0.08033975685241865,0.5482218764427269,0.3714383667048544
7696,0.10399605139925859,0.5313277563970531,0.3646761922036883
7697,0.10060236319748833,0.5493422133683965,0.3500554234341152
7698,0.09403199577892733,0.5541256117670814,0.3518423924539913
7699,0.0938372921173968,0.5637574629844666,0.3424052448981366
7700,0.1422348365491585,0.5118457865074713,0.34591937694337027
7701,0.09531734724510872,0.5482374675308389,0.3564451852240524
7702,0.1115150061738,0.553896864550181,0.334588129276019
7703,0.11306022963863305,0.5314005086303234,0.3555392617310435
7704,0.10988960669501821,0.5218811456573109,0.3682292476476709
7705,0.11689735287733795,0.5244326814526745,0.3586699656699875
7706,0.09849445728643562,0.5549055373426511,0.3466000053709132
7707,0.10112613033734867,0.564115618786229,0.33475825087642236
7708,0.09866545208676714,0.5101468213738367,0.3911877265393961
7709,0.08646221901606364,0.5394072837937112,0.3741304971902251
7710,0.06719197138006883,0.5350583311340911,0.39774969748584005
7711,0.054298202948469716,0.5602221567394031,0.3854796403121271
7712,0.040864834867896174,0.5762245349011287,0.38291063023097516
7713,0.07786338241495094,0.5476507382178403,0.37448587936720884
7714,0.1107301334812731,0.5240820247455444,0.3651878417731825
7715,0.07509796418685322,0.5091314415258776,0.41577059428726915
7716,0.09631543050745613,0.5236606747661495,0.3800238947263943
7717,0.08245430352082483,0.5418114288253809,0.37573426765379425
7718,0.10169304479527591,0.5070633546612322,0.3912436005434919
7719,0.09692445366707736,0.5246962799645505,0.37837926636837216
7720,0.07188122816451001,0.560932258675212,0.36718651316027795
7721,0.1531492595919273,0.5195737485088224,0.32727699189925025
7722,0.08536361365159657,0.5316793575276797,0.38295702882072374
7723,0.11168980127056032,0.5220170005625034,0.3662931981669363
7724,0.08409463723543592,0.5071246782359428,0.4087806845286213
7725,0.08999748618538701,0.5593091361896416,0.3506933776249713
7726,0.083385802095606,0.545193271084763,0.37142092681963096
7727,0.08489338505834297,0.5200723085961588,0.39503430634549824
7728,0.11421478268811051,0.5285577339449142,0.35722748336697524
7729,0.07370548977523673,0.5252150729702606,0.4010794372545026
7730,0.08261729612157072,0.5109107450934401,0.4064719587849891
7731,0.0831653733272913,0.5547328751787094,0.3621017514939993
7732,0.07576910362195935,0.5676694901880004,0.35656140619004034
7733,0.0870540421337527,0.5241888492141552,0.38875710865209206
7734,0.07997366127380187,0.49362320652098657,0.42640313220521153
7735,0.1127537563261157,0.5092639091380745,0.37798233453580976
7736,0.14201939048880666,0.5357512340896946,0.32222937542149876
7737,0.14133349484625474,0.51303058537284,0.34563591978090535
7738,0.12399878572746825,0.48813445308578735,0.3878667611867444
7739,0.12830589859745137,0.4366847722910683,0.4350093291114803
7740,0.0923833644088884,0.5536595300830689,0.3539571055080427
7741,0.09637587546883859,0.5250985363045374,0.37852558822662397
7742,0.11388764943311622,0.5120841035665635,0.3740282470003203
7743,0.08542898762651965,0.5463246735254289,0.36824633884805147
7744,0.07658743107675059,0.5250173615468929,0.3983952073763565
7745,0.051963105017526136,0.5884327305905029,0.3596041643919709
7746,0.0932643898014451,0.5385160413428266,0.36821956885572826
7747,0.0766476698034411,0.5157758501111177,0.40757648008544123
7748,0.06181486639785041,0.5278711928963323,0.4103139407058173
7749,0.05849156665928311,0.5082594441375621,0.43324898920315474
7750,0.08046018322147065,0.54627930895262,0.37326050782590936
7751,0.07377963914694206,0.5232737342283769,0.40294662662468106
7752,0.0808358416350976,0.5363509541074221,0.3828132042574804
7753,0.05567833830302567,0.5597355581171971,0.38458610357977724
7754,0.0629324073471133,0.5120300670047495,0.4250375256481372
7755,0.08285603368274524,0.53968090238964,0.3774630639276148
7756,0.06733293024620736,0.5409897159305314,0.39167735382326135
7757,0.06310220710633066,0.5293403688393745,0.40755742405429485
7758,0.07335451150668085,0.5034756239628526,0.42316986453046657
7759,0.10490500124217553,0.5453232304192185,0.34977176833860596
7760,0.09903711707399601,0.5010907242216157,0.3998721587043883
7761,0.08797574466347734,0.5484212796841422,0.3636029756523804
7762,0.11237772419278381,0.5063220924349998,0.3813001833722164
7763,0.10325837380440808,0.4866725940460496,0.4100690321495423
7764,0.0906441691958917,0.5407741955043236,0.36858163529978477
7765,0.11363841038642608,0.46347910584885027,0.42288248376472365
7766,0.13757600270458809,0.48527490687657865,0.37714909041883327
7767,0.10339533601010716,0.5203368791702774,0.3762677848196155
7768,0.09193260004930488,0.5137454711152604,0.3943219288354347
7769,0.07220035661194134,0.5048717397111807,0.42292790367687794
7770,0.0898849536640383,0.5155721978611578,0.39454284847480386
7771,0.09750244723036508,0.5261373060258291,0.3763602467438058
7772,0.10684890560749716,0.4986912572340647,0.39445983715843813
7773,0.10186382593666146,0.5138684902359281,0.38426768382741044
7774,0.0894575721126343,0.43499391620379074,0.4755485116835749
7775,0.08851883568903096,0.4827614115224022,0.42871975278856683
7776,0.10404990437015055,0.5022326173981984,0.39371747823165115
7777,0.09319668846863285,0.49072004896973154,0.41608326256163564
7778,0.058667277449470506,0.49749523775964316,0.44383748479088636
7779,0.09016976121459011,0.48416985542837127,0.42566038335703865
7780,0.08699044687872448,0.5082405476443261,0.40476900547694933
7781,0.10500155430067792,0.4519124074367626,0.4430860382625595
7782,0.09381205863779382,0.4751071608969791,0.4310807804652271
7783,0.04754080648063527,0.5003950918742737,0.4520641016450911
7784,0.07155675520818974,0.42794168892176165,0.5005015558700486
7785,0.09142099559711936,0.42941461312672785,0.4791643912761528
7786,0.07705215784361896,0.44927915389586326,0.4736686882605178
7787,0.090132070789383,0.5008654576968168,0.40900247151380026
7788,0.06476645849686775,0.49146184588126746,0.4437716956218648
7789,0.07961218481864459,0.4805855800863959,0.4398022350949595
7790,0.060264495111958014,0.4496114250316803,0.4901240798563617
7791,0.08365575679971841,0.45842377689269626,0.45792046630758537
7792,0.06970234926614961,0.5396801016378623,0.39061754909598806
7793,0.08580392511940603,0.519596532132105,0.394599542748489
7794,0.0746143818800017,0.46029735541052386,0.46508826270947445
7795,0.09371060558561234,0.5066299726691545,0.3996594217452331
7796,0.08897408793488579,0.535913436283728,0.3751124757813862
7797,0.10199207151633613,0.5085939959905761,0.38941393249308776
7798,0.12628275643636644,0.48495530547809507,0.3887619380855385
7799,0.1443516106338273,0.43640303175928036,0.41924535760689235
7800,0.05867207669436742,0.5139530199999728,0.42737490330565975
7801,0.1228662886596845,0.4571396914046471,0.4199940199356684
7802,0.09551551710155201,0.47945545967085484,0.4250290232275932
7803,0.10390978117808031,0.5053996209601315,0.3906905978617882
7804,0.09230665832666973,0.49041664089057724,0.41727670078275303
7805,0.09120540078411812,0.5324948831159705,0.37629971609991136
7806,0.07352529998766363,0.5150148478296294,0.411459852182707
7807,0.08401751500068344,0.49001801338281653,0.42596447161650003
7808,0.07103061487812166,0.5806373794429491,0.3483320056789292
7809,0.07916782029873302,0.508031622496979,0.41280055720428804
7810,0.06751293078877811,0.5407027328667049,0.39178433634451704
7811,0.07016350430960931,0.5420597306292202,0.38777676506117054
7812,0.04467623780150905,0.5391008803654623,0.4162228818330286
7813,0.07420515698885666,0.5628941751485873,0.362900667862556
7814,0.0317332982136704,0.593710096241116,0.3745566055452136
7815,0.07623666789508571,0.5319207772137192,0.39184255489119507
7816,0.10726007814384078,0.5083980329245804,0.3843418889315787
7817,0.047031734094679284,0.5458809497445198,0.40708731616080085
7818,0.08904685960052869,0.5039531445263186,0.4069999958731527
7819,0.04478068158746462,0.5382597992380361,0.4169595191744993
7820,0.049596332231354234,0.5581465890592403,0.3922570787094055
7821,0.054745701509724985,0.5446757933586827,0.4005785051315924
7822,0.05308101025044912,0.561816760012681,0.3851022297368699
7823,0.04868705388725075,0.537184761330173,0.41412818478257624
7824,0.09427634822861336,0.5333079335719877,0.37241571819939895
7825,0.04658564430377821,0.530707644981179,0.42270671071504284
7826,0.059809366304579246,0.5097896070246362,0.43040102667078456
7827,0.13174340367874635,0.4933997195413461,0.37485687677990753
7828,0.08157005865899915,0.5129298793122107,0.40550006202879013
7829,0.07564326665960595,0.5020926259001235,0.4222641074402706
7830,0.06446482049847731,0.536425099714803,0.3991100797867197
7831,0.05521292521291986,0.5419682365879717,0.4028188381991085
7832,0.04070376067253504,0.5505815496830727,0.40871468964439217
7833,0.03883468599884666,0.5567038259081134,0.4044614880930399
7834,0.03696562776723702,0.5918439711417081,0.3711904010910549
7835,0.03181802370177452,0.5500164985984544,0.4181654776997711
7836,0.045511457453064647,0.5592151602927213,0.39527338225421405
7837,0.06879180517288712,0.4839606164396656,0.4472475783874473
7838,0.08416309431737763,0.5281046335017295,0.3877322721808929
7839,0.04762767599229023,0.5359623190423217,0.4164100049653881
7840,0.027110159827717924,0.5295243269603442,0.4433655132119378
7841,0.031814176899643345,0.5465958293472212,0.4215899937531355
7842,0.04882082305771042,0.5522773300073386,0.39890184693495095
7843,0.06809278682184383,0.5580483447694466,0.3738588684087096
7844,0.07057459124709116,0.5375911182307208,0.391834290522188
7845,0.06109196001147057,0.5370059238757424,0.40190211611278703
7846,0.06540287486227837,0.5541852050539962,0.38041192008372543
7847,0.10748372940474032,0.5130920300223307,0.37942424057292895
7848,0.08310649355186088,0.5609397347385308,0.35595377170960835
7849,0.11970065937591687,0.5113732120101006,0.3689261286139826
7850,0.09823547329755475,0.5160120782529388,0.38575244844950646
7851,0.10173693921453413,0.5188367296889376,0.37942633109652824
7852,0.12374341899722935,0.5283480560843282,0.34790852491844243
7853,0.09683219565861238,0.5319695829091011,0.3711982214322865
7854,0.12029115496067339,0.5386862667310611,0.3410225783082655
7855,0.09184458528554909,0.5622136130145062,0.3459418016999447
7856,0.05591840059926742,0.5923073559088431,0.3517742434918895
7857,0.06664522894572106,0.5086973176575235,0.4246574533967555
7858,0.05785769515609382,0.5103368632592766,0.4318054415846295
7859,0.049001706280411284,0.5287032002920927,0.422295093427496
7860,0.07366347327772639,0.5520999231397531,0.3742366035825205
7861,0.06843664124057526,0.531036900832465,0.40052645792695973
7862,0.07600669547774432,0.5462009552481696,0.37779234927408617
7863,0.08096660389805803,0.5312823584267266,0.3877510376752154
7864,0.05263772895375564,0.5537917337237006,0.39357053732254377
7865,0.05628250543878601,0.5461311598806858,0.3975863346805282
7866,0.05138394356794893,0.5252218949821665,0.42339416144988457
7867,0.0963079573271128,0.5265872186337595,0.37710482403912776
7868,0.10207649246020795,0.5179897465227367,0.37993376101705534
7869,0.0992471940939676,0.5376386952711689,0.36311411063486343
7870,0.10541558241688904,0.5528787462167697,0.3417056713663413
7871,0.11183592521904266,0.505371665930967,0.38279240884999033
7872,0.08604370778991781,0.5437890631460407,0.3701672290640415
7873,0.06450565769300223,0.5712023069014169,0.3642920354055808
7874,0.04200375588695369,0.5268046322605762,0.4311916118524701
7875,0.10572928579667305,0.5182895716891389,0.37598114251418807
7876,0.13017643317923336,0.4779964071997399,0.39182715962102677
7877,0.15597356427107906,0.48019907402787126,0.3638273617010496
7878,0.118701539255961,0.4957837943982607,0.3855146663457783
7879,0.11153070315339925,0.4701342293022221,0.41833506754437866
7880,0.10643216225316943,0.4895878445831499,0.40397999316368066
7881,0.1373819923911512,0.5006026098478599,0.36201539776098896
7882,0.15617656317629677,0.4839633353451938,0.35986010147850944
7883,0.06596904293347176,0.5725453181655727,0.3614856389009555
7884,0.1246454625126284,0.5096001926671083,0.3657543448202633
7885,0.08809087698100972,0.5352497971783178,0.3766593258406726
7886,0.10237597757781133,0.5242573779515733,0.37336664447061535
7887,0.10793157127825888,0.503774267534528,0.3882941611872131
7888,0.1402149781863557,0.5214272223133919,0.33835779950025235
7889,0.11008337115042047,0.4980320651464623,0.39188456370311725
7890,0.06558875956025392,0.5544404245715416,0.3799708158682044
7891,0.08717459421849517,0.5626641392328625,0.35016126654864227
7892,0.10773650868851838,0.5472226211726406,0.34504087013884094
7893,0.1172996548158772,0.5366531867864446,0.34604715839767825
7894,0.12471567190457529,0.5188191163931763,0.35646521170224843
7895,0.12043513792731254,0.5173355126208502,0.3622293494518372
7896,0.10639320380305009,0.5397423220808273,0.3538644741161226
7897,0.1173815912566417,0.5309058983911096,0.35171251035224865
7898,0.12381432148476806,0.5426677250917402,0.3335179534234917
7899,0.0861170999750397,0.5322735455802787,0.3816093544446816
7900,0.055464732494293366,0.5884074951877447,0.3561277723179619
7901,0.11025730047246607,0.5615848739942737,0.32815782553326023
7902,0.09048898436699356,0.5369541041002475,0.372556911532759
7903,0.07679198031856127,0.5596192831159313,0.3635887365655074
7904,0.08110121925776645,0.572209173064594,0.34668960767763957
7905,0.09431794294864476,0.5128861336274573,0.39279592342389796
7906,0.11664822513617572,0.5011739327939699,0.3821778420698544
7907,0.09979918016817212,0.5273335241916084,0.3728672956402195
7908,0.1153919174381151,0.5210566882753361,0.3635513942865488
7909,0.10592245630992152,0.5240185516201715,0.37005899206990694
7910,0.07999831212044596,0.5280398115457965,0.3919618763337575
7911,0.09504627412356483,0.5595571139596184,0.3453966119168168
7912,0.10686155563888979,0.547454469250518,0.34568397511059223
7913,0.13265345761528774,0.5328282206113016,0.3345183217734106
7914,0.09554478017306493,0.5651128616813628,0.33934235814557234
7915,0.10822887325680076,0.5489597627899616,0.34281136395323764
7916,0.10960239771755732,0.5599623015110616,0.3304353007713811
7917,0.08590165203668054,0.5718930506125268,0.3422052973507927
7918,0.1677268941704785,0.48691227619411653,0.34536082963540493
7919,0.12951474964198453,0.5141225386902062,0.35636271166780925
7920,0.1351604502675814,0.49719031452177387,0.36764923521064474
7921,0.14540074836866504,0.5228075550631213,0.3317916965682137
7922,0.12396846469048739,0.4996622759630217,0.3763692593464909
7923,0.10052827914831539,0.530499776018521,0.36897194483316353
7924,0.09831365019990129,0.5326472377884676,0.3690391120116312
7925,0.11731908978932261,0.5493513939060635,0.33332951630461394
7926,0.11237460058164872,0.5374279692413422,0.3501974301770091
7927,0.09782679628876557,0.5473838712907942,0.35478933242044025
7928,0.13032524150620267,0.5480638405743526,0.3216109179194447
7929,0.11904246148799288,0.5244274121874535,0.35653012632455366
7930,0.11627175924007717,0.5099196734335059,0.373808567326417
7931,0.1197846429417033,0.5410512304357333,0.33916412662256334
7932,0.13779646422753486,0.5497580593630736,0.3124454764093915
7933,0.10883152145640601,0.5748837621324807,0.3162847164111133
7934,0.15749909153683547,0.49484851358605575,0.3476523948771088
7935,0.10478195569859677,0.5560942000713889,0.3391238442300144
7936,0.10840020584262874,0.5628761121268591,0.3287236820305122
7937,0.12973006921168068,0.5605628748156062,0.3097070559727131
7938,0.1287239901402953,0.5348008313683433,0.3364751784913613
7939,0.09913204860553333,0.5501025815847033,0.3507653698097634
7940,0.12597286668732918,0.5135691090810306,0.36045802423164025
7941,0.13578289071475638,0.5183430278267849,0.34587408145845877
7942,0.11239932656999786,0.5474674699677851,0.34013320346221704
7943,0.12616101476897026,0.5547979417328219,0.31904104349820783
7944,0.13380133709717634,0.5138411482608027,0.35235751464202086
7945,0.13254354919759917,0.5495872432536576,0.31786920754874326
7946,0.10892621764056148,0.5628179611763925,0.3282558211830461
7947,0.18376512010463272,0.4919622694218219,0.3242726104735454
7948,0.18284422488031143,0.5222082194076171,0.29494755571207154
7949,0.14272435305731895,0.5294525789669099,0.32782306797577115
7950,0.10220074503757534,0.5685662339482679,0.3292330210141568
7951,0.10694709778047531,0.5597163538811196,0.333336548338405
7952,0.0999430246262772,0.5771180083276547,0.32293896704606817
7953,0.11727983940367583,0.5534612019711845,0.3292589586251396
7954,0.1033157771489127,0.5367153397657499,0.35996888308533737
7955,0.12798194929613002,0.5505309906627645,0.32148706004110555
7956,0.11210112380844088,0.5630825326435083,0.3248163435480509
7957,0.16034257849652975,0.5216451070520993,0.31801231445137085
7958,0.12577569503128389,0.5527475466555132,0.32147675831320294
7959,0.13269490185602603,0.5333199168897635,0.3339851812542104
7960,0.1351257017533701,0.5194756762390637,0.3453986220075662
7961,0.14188928549119428,0.5375752806733496,0.32053543383545613
7962,0.13294475214425314,0.5151261982235511,0.35192904963219573
7963,0.1444307337977834,0.5420012744634544,0.3135679917387622
7964,0.12024717405843645,0.5275674402493492,0.3521853856922143
7965,0.11904055015907122,0.5534424319693775,0.3275170178715513
7966,0.13263040022630962,0.5337730801446741,0.3335965196290163
7967,0.14092386672346835,0.5396610978407386,0.3194150354357931
7968,0.18654229253411866,0.4952774361621627,0.3181802713037186
7969,0.2045721304971465,0.4707382427442244,0.3246896267586291
7970,0.2025401852825274,0.4642719197776634,0.3331878949398092
7971,0.2004380182440545,0.5246833457363557,0.27487863601958984
7972,0.1896975843772769,0.471300131022993,0.3390022845997301
7973,0.1642470490689084,0.5119373585680462,0.3238155923630453
7974,0.12834053432480572,0.5215985985863915,0.3500608670888028
7975,0.2100433366143964,0.4577927332401918,0.3321639301454118
7976,0.17479503340870195,0.5077993752935206,0.3174055912977774
7977,0.1712802765384073,0.4979198032830011,0.33079992017859156
7978,0.15517823333191455,0.552052449214491,0.2927693174535944
7979,0.15318351394991522,0.5232182631078168,0.32359822294226787
7980,0.13698315890315763,0.4915473512277915,0.37146948986905093
7981,0.18588630710743223,0.49902819250733865,0.31508550038522914
7982,0.18312614706525523,0.4759522716590751,0.3409215812756696
7983,0.18081165803497584,0.49362598474836544,0.3255623572166587
7984,0.14770975280000168,0.5238643040656358,0.3284259431343626
7985,0.14041047116214525,0.5431656052521362,0.3164239235857185
7986,0.12845730571549027,0.5324486536201201,0.3390940406643897
7987,0.15008822757165133,0.5340799292140661,0.31583184321428254
7988,0.12352905527292181,0.5612031204981588,0.3152678242289194
7989,0.1376037753277151,0.5195497433403509,0.34284648133193407
7990,0.15573251176551417,0.5221923145596163,0.32207517367486943
7991,0.13684308866470365,0.5570365359515455,0.3061203753837509
7992,0.11713781177802526,0.5595966661599732,0.3232655220620016
7993,0.13867374880599873,0.5244988893676759,0.3368273618263254
7994,0.15505048097209298,0.5237811848232673,0.32116833420463975
7995,0.16871929330639954,0.5147393468650611,0.3165413598285394
7996,0.1537646765834325,0.552322426367545,0.2939128970490224
7997,0.12948211194421103,0.555685813651564,0.314832074404225
7998,0.13832120913791626,0.5362147229903478,0.325464067871736
7999,0.16535272159591688,0.5060863629293808,0.32856091547470234
8000,0.1643332713883926,0.5235586390370496,0.3121080895745578
8001,0.1632112045655112,0.5462316636492327,0.2905571317852561
8002,0.14799669174663493,0.5451392608868444,0.30686404736652073
8003,0.16866475852393623,0.5581666949431023,0.2731685465329614
8004,0.18157510991542408,0.5192542991027662,0.2991705909818097
8005,0.14529323769767868,0.5610615784197895,0.2936451838825318
8006,0.13178123612158518,0.5578117114341481,0.31040705244426675
8007,0.182161270461338,0.5135661242828851,0.30427260525577693
8008,0.12367021564333812,0.559314089303952,0.31701569505270993
8009,0.1287824483116726,0.5555270594590709,0.31569049222925655
8010,0.13287387354753313,0.5431569074702332,0.3239692189822337
8011,0.16198783193274494,0.5388370410307273,0.2991751270365278
8012,0.17261174722496028,0.46695855031293615,0.36042970246210354
8013,0.16329850614322533,0.5104854502261349,0.3262160436306398
8014,0.16380901129894987,0.5090915789920238,0.3270994097090263
8015,0.1871275322329156,0.49156803821911,0.3213044295479744
8016,0.1746640334713282,0.4924197700208079,0.3329161965078639
8017,0.20509966598917873,0.46552844574797303,0.3293718882628483
8018,0.23508759271031235,0.44319624100676597,0.32171616628292166
8019,0.206490216390992,0.45165528268370264,0.3418545009253054
8020,0.17187096551071268,0.5013792549619913,0.32674977952729595
8021,0.2408157700757132,0.460715159538899,0.2984690703853878
8022,0.21812163304105145,0.4702115024385774,0.3116668645203711
8023,0.24043581350564053,0.43657002682571694,0.3229941596686425
8024,0.1939698013605648,0.4850355266989098,0.3209946719405254
8025,0.1992846725320633,0.4862309722345396,0.3144843552333971
8026,0.21718936250059004,0.46137917392200517,0.32143146357740476
8027,0.2068510455700604,0.4793784550897128,0.3137704993402268
8028,0.21978294678441257,0.4780869713782062,0.3021300818373812
8029,0.237202439157088,0.44205207985636796,0.32074548098654404
8030,0.2551109899471801,0.4588453228829443,0.2860436871698756
8031,0.2130598188486959,0.48169899590944804,0.30524118524185606
8032,0.24677126763241633,0.4681531706488163,0.2850755617187674
8033,0.24042031498438649,0.4765852337223416,0.28299445129327194
8034,0.25849454480410394,0.4341257608723625,0.3073796943235335
8035,0.1939646722396473,0.5258809247203551,0.2801544030399976
8036,0.23109198908061682,0.48400206858649353,0.28490594233288963
8037,0.21890293050629414,0.4758811705817744,0.3052158989119314
8038,0.22929251718888813,0.45696772739947333,0.31373975541163857
8039,0.21059328300977256,0.47548917568692756,0.3139175413032999
8040,0.17897247354565032,0.5197876801334366,0.3012398463209131
8041,0.21868470976164256,0.46747126947243917,0.3138440207659182
8042,0.24747367819601718,0.4610825592590021,0.29144376254498067
8043,0.20068745395149942,0.5140923338914465,0.2852202121570541
8044,0.16388220108439555,0.5112926574453381,0.3248251414702663
8045,0.21947182936934187,0.4812656419868742,0.2992625286437839
8046,0.20901922390863104,0.49241154145987465,0.2985692346314943
8047,0.23836047279417186,0.46320062016377656,0.2984389070420516
8048,0.20669027430341227,0.4832483241826668,0.3100614015139209
8049,0.23907057722744712,0.4639235433497872,0.29700587942276563
8050,0.19771003954265387,0.49846422730194234,0.3038257331554038
8051,0.2004514071075798,0.4824467310606746,0.3171018618317456
8052,0.17608309180015624,0.5310583618738901,0.2928585463259537
8053,0.16323046087812693,0.519884415841753,0.31688512328012003
8054,0.19994155645436598,0.5059620150097166,0.2940964285359174
8055,0.1951416442856811,0.5185662134746923,0.2862921422396266
8056,0.22409326181318934,0.4929981314395111,0.2829086067472996
8057,0.1942567680098852,0.5198301129035879,0.28591311908652683
8058,0.16101247588424436,0.53912038585209,0.2998671382636656
8059,0.1892924951981892,0.5201467626611975,0.2905607421406133
8060,0.2260790091666106,0.475328210617635,0.29859278021575436
8061,0.17531872710785704,0.5246545611461214,0.3000267117460216
8062,0.16627743745476004,0.5237773973962676,0.3099451651489723
8063,0.2037493742820929,0.53598051733723,0.2602701083806771
8064,0.23505499306650457,0.48689974001669034,0.2780452669168051
8065,0.23323381264125992,0.5165013851895942,0.2502648021691459
8066,0.2056244911461656,0.5049140692860716,0.28946143956776277
8067,0.19657551457040853,0.5038450628108363,0.2995794226187552
8068,0.24151909117007753,0.45428548894406257,0.30419541988585996
8069,0.27259251487522834,0.4194326132237143,0.30797487190105743
8070,0.21279950940673187,0.5109168084839141,0.276283682109354
8071,0.26158157253288494,0.46576747830408277,0.2726509491630323
8072,0.2546541867817829,0.47303537828232256,0.2723104349358945
8073,0.27117436639086595,0.4542071641705898,0.27461846943854423
8074,0.22697558809424673,0.47578431500402457,0.2972400969017287
8075,0.22879609111207358,0.4906802889857087,0.28052361990221775
8076,0.20068673831439296,0.5284280351725202,0.27088522651308683
8077,0.26976474524176114,0.43497176193623754,0.2952634928220013
8078,0.2181115254705491,0.49084403761881445,0.2910444369106365
8079,0.29502628529800906,0.4341462653889295,0.2708274493130614
8080,0.24546050902138847,0.49154152228462183,0.2629979686939897
8081,0.2451495137049741,0.4784033950084517,0.27644709128657424
8082,0.22961956162647068,0.5239126376389424,0.24646780073458693
8083,0.22984207389010242,0.4923880895551575,0.2777698365547401
8084,0.2837865190596358,0.43597384837120645,0.28023963256915774
8085,0.2472495515612286,0.4955102180747796,0.2572402303639918
8086,0.22553001940841455,0.5158392379714591,0.2586307426201263
8087,0.20391290198592796,0.5119852416362265,0.2841018563778455
8088,0.2129086766204668,0.5356588596512281,0.25143246372830513
8089,0.21984745186742702,0.4948897606476695,0.2852627874849035
8090,0.19252954436880823,0.5313868416274994,0.2760836140036924
8091,0.18937245945371967,0.5256321791972339,0.28499536134904635
8092,0.200732227883221,0.5142697014466828,0.28499807067009614
8093,0.25634110058116655,0.48527419790508597,0.2583847015137475
8094,0.21950384421912172,0.5120963917523214,0.2683997640285569
8095,0.179548793975528,0.5231721584756786,0.2972790475487935
8096,0.22756928202593066,0.5000439655088852,0.2723867524651842
8097,0.1845970665920052,0.5590932013766974,0.2563097320312974
8098,0.21973171199822858,0.4997632167367467,0.2805050712650248
8099,0.24692325882146826,0.4799493442192964,0.2731273969592354
8100,0.21755792104766877,0.498089820140365,0.28435225881196624
8101,0.19925444816315496,0.5243560546174396,0.2763894972194055
8102,0.2239497457983461,0.5128439337152274,0.2632063204864265
8103,0.2102241310927634,0.5268688218288264,0.26290704707841017
8104,0.21909893387287246,0.5010881560289036,0.27981291009822395
8105,0.21327532095070145,0.5197054885834809,0.26701919046581774
8106,0.21917633271694634,0.4791182776901572,0.3017053895928965
8107,0.2016352384035001,0.5132964348840267,0.28506832671247323
8108,0.2226144893039137,0.47417776746998735,0.303207743226099
8109,0.22454712174396507,0.46709319790551584,0.3083596803505191
8110,0.21316495638314567,0.5343652120156841,0.25246983160117026
8111,0.2057004880035092,0.5306563145127376,0.26364319748375314
8112,0.20120800692361276,0.5431722146485408,0.25561977842784644
8113,0.18129685498839965,0.5304402807180321,0.2882628642935683
8114,0.17332547002840273,0.5394804373227265,0.28719409264887075
8115,0.18750862676277255,0.5321931367118574,0.28029823652537
8116,0.2120651987397326,0.4890325841652939,0.2989022170949735
8117,0.23694817425411896,0.4925218934164409,0.2705299323294401
8118,0.20774519554336401,0.49779589407812386,0.29445891037851213
8119,0.19830050593806084,0.5224080038374563,0.27929149022448285
8120,0.1892183690664371,0.5501791263127616,0.2606025046208014
8121,0.23083117743536893,0.5038378839180134,0.2653309386466176
8122,0.225778352271461,0.49570604884540564,0.2785155988831333
8123,0.17413485691121755,0.5459203746547723,0.27994476843401017
8124,0.16787683307104467,0.5637623828054805,0.26836078412347486
8125,0.1598691197608683,0.5543499510524816,0.2857809291866501
8126,0.24478400819386656,0.4846778233611964,0.27053816844493705
8127,0.19736868779014372,0.5113866802162439,0.29124463199361234
8128,0.21983559985342868,0.5120096472719272,0.2681547528746441
8129,0.2190895079403154,0.48663752212312883,0.2942729699365558
8130,0.2393223871997147,0.48218733855501894,0.27849027424526634
8131,0.22591662997343534,0.46328914648345765,0.310794223543107
8132,0.22527994057704978,0.5397673775840278,0.23495268183892246
8133,0.2275917385201524,0.4976741968141558,0.2747340646656918
8134,0.21475860589396392,0.5169105869419373,0.2683308071640988
8135,0.2705760094878291,0.47294385003039185,0.2564801404817791
8136,0.2592236013126918,0.4789726241889585,0.26180377449834974
8137,0.26739786952751776,0.4417286488434939,0.2908734816289883
8138,0.22659285979276866,0.45232539327321203,0.3210817469340193
8139,0.29611596616196173,0.4139672741313407,0.2899167597066976
8140,0.24056415120769423,0.46384109829426173,0.29559475049804407
8141,0.22188493952490798,0.49821428638440746,0.27990077409068453
8142,0.23542578846768122,0.4735418984027797,0.2910323131295391
8143,0.22078531145162245,0.4806061131095591,0.29860857543881847
8144,0.2252798330811995,0.495773385839997,0.27894678107880344
8145,0.2052862223060426,0.5144430877508003,0.2802706899431571
8146,0.24367279438991166,0.47590419892208563,0.2804230066880027
8147,0.19686013201385807,0.502856992223404,0.30028287576273793
8148,0.253552819666165,0.4715136161906004,0.2749335641432346
8149,0.2232588846431603,0.4700834409072911,0.3066576744495486
8150,0.22895757433893088,0.4771888548155474,0.2938535708455217
8151,0.2261508543054359,0.4791555368599506,0.2946936088346135
8152,0.22105702142637423,0.4797027678773106,0.2992402106963152
8153,0.23362643491924207,0.48506125900119446,0.2813123060795635
8154,0.22858835689132184,0.4879738659592125,0.2834377771494656
8155,0.25451212677178187,0.46931163690854816,0.27617623631967
8156,0.23718987703916056,0.49444438190800205,0.2683657410528374
8157,0.2517709289612377,0.4832732514958128,0.2649558195429495
8158,0.23790292833431798,0.48931535805281406,0.27278171361286796
8159,0.21682963346552134,0.49335394561021656,0.2898164209242621
8160,0.17308805572206654,0.5308676671532967,0.2960442771246368
8161,0.2407532695585647,0.4920664192749752,0.26718031116646007
8162,0.2542836093901303,0.49953426568435055,0.24618212492551914
8163,0.263948862515497,0.5027812092083481,0.23326992827615486
8164,0.2932804287322648,0.4648814668447489,0.2418381044229863
8165,0.25960189331135236,0.4659678995947025,0.27443020709394517
8166,0.212447021267389,0.46463008835738046,0.3229228903752305
8167,0.26316748346663266,0.46654073758775977,0.2702917789456076
8168,0.24007595919355978,0.4875817224538225,0.27234231835261774
8169,0.2794071750089034,0.44597928161836975,0.2746135433727268
8170,0.20779913202192854,0.5192131463232506,0.27298772165482094
8171,0.22580475425086555,0.48768915020014364,0.2865060955489908
8172,0.2120489388267258,0.47583255336063046,0.3121185078126438
8173,0.24467936670287596,0.48448068880093165,0.2708399444961924
8174,0.23724374278370816,0.47254347288168214,0.29021278433460973
8175,0.1987023308502522,0.5137961922191222,0.28750147693062555
8176,0.21927434893203976,0.49697997031034946,0.2837456807576108
8177,0.20461998319434846,0.49406239905976224,0.3013176177458893
8178,0.24117916106487045,0.44157813374951055,0.31724270518561903
8179,0.24389654465810717,0.43886838163213293,0.3172350737097599
8180,0.23715368644808874,0.46832053655365524,0.29452577699825605
8181,0.23449537852911534,0.4636811866839762,0.3018234347869085
8182,0.2506357854559551,0.4809437124569457,0.26842050208709917
8183,0.19496646401020054,0.5280162177362959,0.2770173182535035
8184,0.23249862565814247,0.4696167455847218,0.2978846287571357
8185,0.21637450112945014,0.5014812756652208,0.282144223205329
8186,0.2043776572142987,0.5285861516955123,0.2670361910901891
8187,0.2250446319045061,0.4812748092559517,0.2936805588395422
8188,0.19927637187674385,0.501010975114633,0.29971265300862315
8189,0.18584417005587248,0.5195423583617627,0.2946134715823649
8190,0.22415752032456512,0.4919197177323393,0.2839227619430956
8191,0.16700986939256407,0.539560749646356,0.29342938096107996
8192,0.2115314736516424,0.5098276820797932,0.2786408442685644
8193,0.2049369185476381,0.5048862394312701,0.2901768420210918
8194,0.2194216793149713,0.48458252799536033,0.29599579268966836
8195,0.20739875533914043,0.5076318291983689,0.28496941546249066
8196,0.20554418395774693,0.4913678714609174,0.30308794458133564
8197,0.1886608279224281,0.523199705546088,0.2881394665314839
8198,0.23392555877459364,0.4493322111947544,0.31674223003065194
8199,0.253116864959862,0.4398851598793708,0.30699797516076716
8200,0.24639096503447963,0.4588690564319817,0.29473997853353867
8201,0.25222855981159986,0.4609056274764441,0.286865812711956
8202,0.23017757819474477,0.49271775746275115,0.2771046643425041
8203,0.21505253663966392,0.4911712227266101,0.2937762406337259
8204,0.22987138761810247,0.46575044668584487,0.3043781656960527
8205,0.23694802288645375,0.48767719202360527,0.275374785089941
8206,0.23462886461508095,0.48302029027286814,0.2823508451120509
8207,0.253845407077287,0.4754874250911624,0.27066716783155065
8208,0.25482555112063454,0.48527705693878426,0.25989739194058115
8209,0.2758414485554106,0.44874580985858104,0.27541274158600837
8210,0.2707087656147559,0.4467338614097868,0.2825573729754573
8211,0.27569124249363297,0.46228984998933115,0.2620189075170358
8212,0.26871507718277676,0.46517195724916793,0.2661129655680553
8213,0.23175689919497633,0.4625247896393112,0.30571831116571246
8214,0.2664407724156342,0.41974509643800784,0.3138141311463579
8215,0.2858637232477476,0.4346518851411574,0.279484391611095
8216,0.2649157782047121,0.4130305650211633,0.32205365677412456
8217,0.2507674059696278,0.42355974441145067,0.32567284961892146
8218,0.2918319450792341,0.4202100289698271,0.2879580259509388
8219,0.33356506007390074,0.37238117976714596,0.29405376015895324
8220,0.28862110315261763,0.4356699288030439,0.27570896804433853
8221,0.2799012362102691,0.4314957700816421,0.28860299370808884
8222,0.2653030905639303,0.4472975649772386,0.2873993444588311
8223,0.21304994813566833,0.5136555181455253,0.27329453371880635
8224,0.23013523974936656,0.45562234749276215,0.3142424127578713
8225,0.24959219291877563,0.4583659475945029,0.29204185948672146
8226,0.2693640684369253,0.47022129603600576,0.26041463552706895
8227,0.26930650319465615,0.4752152371227416,0.25547825968260224
8228,0.22637184325738227,0.4879960915484409,0.28563206519417683
8229,0.2332256054227471,0.4676888699427034,0.2990855246345495
8230,0.3231895686397135,0.41562931768978995,0.26118111367049657
8231,0.2745010396933988,0.44308313585389175,0.28241582445270946
8232,0.2716483211645085,0.44162857445288956,0.28672310438260196
8233,0.31063012440458326,0.4093034562516546,0.28006641934376214
8234,0.2758495525313694,0.454376323193951,0.2697741242746796
8235,0.314041542081097,0.4561994511336012,0.22975900678530176
8236,0.23841537695031084,0.47006310000373247,0.29152152304595663
8237,0.29272116256982067,0.4480133702645151,0.25926546716566423
8238,0.2674725901012338,0.46712545626241225,0.26540195363635394
8239,0.2677169713427451,0.40535360855879227,0.32692942009846265
8240,0.221242832122102,0.4944129642421167,0.2843442036357813
8241,0.2288872518099992,0.4859466080815484,0.2851661401084524
8242,0.2313330399985234,0.4846604748808749,0.28400648512060167
8243,0.2984736398253584,0.44614030895546675,0.25538605121917485
8244,0.246192735889991,0.4601596891618592,0.2936475749481498
8245,0.24130135071172795,0.47448092046086254,0.28421772882740953
8246,0.2255365672643583,0.5000951629542141,0.2743682697814276
8247,0.26372524202000786,0.4291999369758831,0.30707482100410904
8248,0.3109321784687625,0.4128897774817561,0.27617804404948143
8249,0.2586417133486014,0.46878927716319624,0.2725690094882024
8250,0.3163371691227286,0.425547592510359,0.2581152383669124
8251,0.27959240896692955,0.4529257468743868,0.2674818441586837
8252,0.28158249380985556,0.44649094069547673,0.27192656549466776
8253,0.23202266890476916,0.4812449336956722,0.28673239739955864
8254,0.21086176182814725,0.4723673840828186,0.31677085408903416
8255,0.2421858653018722,0.47409984688682977,0.28371428781129804
8256,0.21272943670074893,0.48959797662161975,0.29767258667763136
8257,0.19452539665916463,0.49544266784259705,0.3100319354982383
8258,0.21323152817488011,0.46865333528445036,0.31811513654066953
8259,0.2673146898374477,0.42033068806058205,0.31235462210197024
8260,0.2573796562017652,0.4269000587669985,0.31572028503123634
8261,0.2742959001588964,0.44370893378720916,0.28199516605389446
8262,0.3073721634894614,0.41234262591052734,0.2802852106000113
8263,0.2871788042862519,0.42622760965014034,0.2865935860636077
8264,0.2523867853374835,0.44722066556801743,0.30039254909449914
8265,0.28830067063860404,0.40973708945156995,0.30196223990982596
8266,0.23588499530913548,0.45236319889870547,0.31175180579215905
8267,0.2654109781417854,0.4646989815832591,0.2698900402749555
8268,0.2734317335597264,0.42266085593414343,0.3039074105061302
8269,0.2864023774279819,0.4102756739822047,0.3033219485898134
8270,0.3021993757645808,0.4339761722267576,0.2638244520086616
8271,0.28141797164036453,0.43629239955994104,0.2822896287996944
8272,0.30101801296468383,0.4240173781239159,0.2749646089114003
8273,0.2847179131580011,0.41792283954803155,0.29735924729396734
8274,0.29831370535591223,0.4275044095451343,0.2741818850989534
8275,0.28043809247953044,0.4279940614923518,0.29156784602811775
8276,0.3027655323249323,0.43649082225553804,0.26074364541952966
8277,0.3074794297765178,0.40805477052855765,0.2844657996949246
8278,0.2971155768514415,0.4110407197530376,0.29184370339552085
8279,0.3353345244903354,0.3598554023867374,0.3048100731229272
8280,0.3169688245869892,0.3941583885509096,0.2888727868621012
8281,0.34380471541553004,0.3895310861091872,0.2666641984752828
8282,0.2749529898856706,0.4244625106262998,0.3005844994880296
8283,0.3021970146179425,0.41659336367417527,0.2812096217078822
8284,0.31357264461180373,0.388723197993112,0.29770415739508427
8285,0.3580029504032455,0.3759507052533419,0.2660463443434126
8286,0.28835916246800974,0.4008100063340755,0.31083083119791477
8287,0.36116467436345623,0.36031930470124945,0.2785160209352943
8288,0.32523354757320777,0.36653944026912594,0.30822701215766624
8289,0.3098434789048008,0.36895047844432194,0.3212060426508772
8290,0.30805219754953556,0.36094707691678846,0.331000725533676
8291,0.26475078985835154,0.452239617435823,0.2830095927058254
8292,0.27609967006456093,0.4053449489172865,0.31855538101815256
8293,0.2687261724308091,0.4313943813088291,0.2998794462603618
8294,0.2612031261626554,0.40264240941770085,0.33615446441964375
8295,0.2289341691197539,0.45591081100636094,0.31515501987388517
8296,0.24836854706643918,0.4545275029365617,0.29710394999699913
8297,0.3049213143356285,0.38244391746426043,0.31263476820011105
8298,0.28609967573563644,0.42561710512344436,0.2882832191409192
8299,0.2731218386209461,0.3859406404807905,0.3409375208982634
8300,0.29050323529609456,0.39305318746121115,0.3164435772426943
8301,0.28086579456561145,0.38506723409424437,0.3340669713401442
8302,0.24905182183814162,0.41715305265266733,0.33379512550919105
8303,0.36231027543118116,0.3654689881094788,0.27222073645934003
8304,0.29038700014029023,0.38686981921345887,0.32274318064625096
8305,0.26261431056090373,0.428949255866108,0.3084364335729883
8306,0.28673060201633493,0.42346878825492384,0.2898006097287412
8307,0.2435974754735947,0.4275859570348638,0.3288165674915415
8308,0.240991736105569,0.4441430971758735,0.31486516671855747
8309,0.2965371096609704,0.39311159799832657,0.31035129234070297
8310,0.2909228132581437,0.4287638324865393,0.280313354255317
8311,0.2956256390350717,0.41022525059827125,0.29414911036665703
8312,0.27911605774906667,0.44435224036733695,0.2765317018835964
8313,0.2853972369944772,0.4366485746271039,0.2779541883784189
8314,0.25724722392643046,0.4753947352229661,0.26735804085060344
8315,0.26214454541872917,0.43901996438085056,0.2988354902004203
8316,0.3344305367855997,0.3973678026124684,0.26820166060193196
8317,0.3231676708912373,0.4003648388569047,0.27646749025185796
8318,0.36776187428266116,0.36835083784701733,0.26388728787032156
8319,0.36645853713473747,0.37945370340972606,0.2540877594555365
8320,0.36114845976868504,0.39709092732598156,0.24176061290533338
8321,0.3317450778539046,0.4174810193167504,0.250773902829345
8322,0.3473858908878079,0.36858562974320985,0.28402847936898223
8323,0.3029261761114057,0.4139526271408158,0.2831211967477785
8324,0.29107228469109847,0.40654348301829035,0.3023842322906112
8325,0.3154970853749198,0.4030277377274736,0.2814751768976066
8326,0.347181245533807,0.39967625489245695,0.253142499573736
8327,0.3185363338064357,0.41877175494035584,0.26269191125320845
8328,0.3413691891652574,0.40919625415130984,0.2494345566834328
8329,0.35851938573941244,0.39007644289415133,0.2514041713664362
8330,0.3062473336965624,0.4155876687444414,0.2781649975589962
8331,0.31834744605226584,0.3641806212109427,0.3174719327367914
8332,0.31020296459162966,0.38283791727972316,0.3069591181286472
8333,0.3707726071719658,0.3616552143234016,0.2675721785046326
8334,0.3693397420910242,0.3601042081004187,0.2705560498085571
8335,0.3599316061461919,0.35409905856768675,0.2859693352861213
8336,0.33924929975167695,0.38480994881041125,0.2759407514379118
8337,0.3122699758178335,0.3938343824508377,0.29389564173132887
8338,0.3146745927784557,0.3997024695576821,0.2856229376638621
8339,0.3465288703062754,0.37133528166347574,0.2821358480302489
8340,0.33478703930107917,0.3764071927517364,0.28880576794718443
8341,0.3317880654056431,0.3840761865596684,0.28413574803468855
8342,0.3165635272128802,0.3887711322307103,0.29466534055640947
8343,0.35146498531539766,0.366066500224349,0.28246851446025334
8344,0.3391972883025914,0.34464208685192055,0.31616062484548807
8345,0.33741112448265476,0.3832897138931549,0.2792991616241904
8346,0.3101449499091973,0.36554931426360676,0.32430573582719596
8347,0.3306871688812462,0.3818353707141746,0.28747746040457917
8348,0.3316330624376951,0.3926527577677035,0.27571417979460144
8349,0.3751606722376379,0.33080613200280884,0.29403319575955333
8350,0.3440905985095189,0.3589175566691022,0.2969918448213789
8351,0.3410488187461638,0.36222006543365626,0.29673111582017997
8352,0.3623742840979157,0.33832213527927335,0.299303580622811
8353,0.3262333686491723,0.35841275225115005,0.31535387909967766
8354,0.34872570048539975,0.328081430472718,0.32319286904188227
8355,0.36006061230304015,0.3690755493145271,0.2708638383824328
8356,0.3009933081007734,0.3928772933704422,0.3061293985287844
8357,0.3933473056076316,0.3370788404023423,0.26957385399002604
8358,0.33130570820600186,0.37502509065116374,0.2936692011428344
8359,0.3140761060641356,0.39809829895562715,0.28782559498023724
8360,0.32066555141804115,0.3783608651567873,0.30097358342517155
8361,0.3153106750524,0.4153905010330612,0.2692988239145388
8362,0.29108554882534565,0.41953716618542714,0.28937728498922716
8363,0.27927833152274456,0.4212291738135877,0.2994924946636678
8364,0.3019374260736551,0.3958017160066983,0.30226085791964663
8365,0.3467647575154072,0.37793139046525237,0.2753038520193404
8366,0.36191024069077143,0.35277241182588764,0.2853173474833409
8367,0.2960638065632946,0.42413174554857597,0.2798044478881294
8368,0.3360177557649447,0.3891049096090619,0.2748773346259934
8369,0.302582146535486,0.4147045647254262,0.2827132887390878
8370,0.3047089015874324,0.41467208866910604,0.2806190097434615
8371,0.2781012496600352,0.4561842638518726,0.2657144864880922
8372,0.27555136967457194,0.4484986493282471,0.27594998099718093
8373,0.3090034350240565,0.4161022475318993,0.2748943174440442
8374,0.3284132051498686,0.36552282604895114,0.30606396880118025
8375,0.3521548761151158,0.3466968792070585,0.3011482446778257
8376,0.35786185510019397,0.4017997937683718,0.24033835113143417
8377,0.33720518452751885,0.4064920814876606,0.25630273398482056
8378,0.36585706380102007,0.37899805115623497,0.25514488504274496
8379,0.37464144740721705,0.38951216983831694,0.23584638275446604
8380,0.3153856164359029,0.399382534014289,0.28523184954980807
8381,0.3075891241496253,0.401819207184421,0.2905916686659537
8382,0.2843454990701973,0.42158668452482384,0.2940678164049788
8383,0.3257732618766763,0.38194543046596874,0.292281307657355
8384,0.3572959687983384,0.33030839277883456,0.3123956384228271
8385,0.3442354249587886,0.3682078523649149,0.2875567226762965
8386,0.30202586603327636,0.40944253945738635,0.2885315945093373
8387,0.33006078996292026,0.381148594634434,0.2887906154026457
8388,0.3178428540959716,0.4007345352400611,0.2814226106639673
8389,0.33673911588665145,0.3401525155102594,0.32310836860308917
8390,0.3385507684288457,0.36507495828440123,0.2963742732867531
8391,0.3328381305377812,0.39621943978940904,0.27094242967280974
8392,0.32127555472552866,0.39435641790979575,0.2843680273646756
8393,0.3196415822963678,0.3619846506411765,0.3183737670624557
8394,0.2735484094760949,0.3926024839831369,0.3338491065407682
8395,0.24995196103245765,0.41619790578973015,0.3338501331778122
8396,0.2761247231827829,0.41003710950719513,0.31383816731002195
8397,0.3170427538189317,0.36755626516538,0.3154009810156883
8398,0.288858055766818,0.3588825141118755,0.3522594301213065
8399,0.2886000900961157,0.33763558888279077,0.3737643210210935
8400,0.3433484256767745,0.3474712962940856,0.30918027802914
8401,0.336009389473754,0.3879966363399011,0.27599397418634486
8402,0.282077894436231,0.41517216843253485,0.30274993713123416
8403,0.24289044263273116,0.4600764870199678,0.29703307034730103
8404,0.3045523773167277,0.4191203415529035,0.27632728113036886
8405,0.30891010897319504,0.3559170973080085,0.33517279371879644
8406,0.265853636934817,0.42542036065906197,0.308726002406121
8407,0.2731873452748817,0.44371415001374176,0.2830985047113766
8408,0.2671154015450387,0.4597279460850831,0.27315665236987813
8409,0.3170048439006239,0.36759964160357916,0.31539551449579695
8410,0.2511477026753406,0.4301592850443067,0.3186930122803527
8411,0.30886747626156164,0.4026889880131594,0.288443535725279
8412,0.2860246142700805,0.44293638095099014,0.2710390047789294
8413,0.29824707227625213,0.40283461731791914,0.2989183104058288
8414,0.2881047620993279,0.41595878703684785,0.29593645086382425
8415,0.2726629768275164,0.46186235032747314,0.2654746728450105
8416,0.24120359431341942,0.4464002526119546,0.312396153074626
8417,0.29000338409304477,0.40977135076598104,0.3002252651409742
8418,0.2656319444571458,0.4502481290056576,0.28411992653719664
8419,0.31140376884048854,0.37788547207512235,0.3107107590843891
8420,0.26807767413859196,0.409064069290352,0.322858256571056
8421,0.28918696705805824,0.4147559753994199,0.2960570575425219
8422,0.2729129407233926,0.44735338778505235,0.27973367149155504
8423,0.29333983621470494,0.41948710955425667,0.28717305423103834
8424,0.27418086525787716,0.41805461140263994,0.3077645233394829
8425,0.2802378355336568,0.42892102656686854,0.2908411378994747
8426,0.29763154713311485,0.4378112828847493,0.26455716998213585
8427,0.21594044521105235,0.47702601966659763,0.30703353512235
8428,0.24530471775082177,0.4390302612072153,0.3156650210419629
8429,0.24082303901809426,0.43729066954086515,0.3218862914410406
8430,0.2679325594448684,0.4618571473147889,0.27021029324034274
8431,0.31102554556743617,0.4326772600878184,0.25629719434474546
8432,0.30996339843094756,0.40337523667928554,0.2866613648897669
8433,0.3485470816826074,0.3939916529841468,0.2574612653332458
8434,0.3109749560464343,0.38658295177008034,0.30244209218348533
8435,0.27623008847032743,0.4368243326923154,0.28694557883735716
8436,0.3080114331873787,0.4004447168858864,0.2915438499267349
8437,0.2804250490044362,0.42482382475325836,0.29475112624230543
8438,0.3213734846992545,0.3443465187954826,0.33427999650526297
8439,0.27428963102229487,0.4114312725984174,0.31427909637928775
8440,0.36466777668028816,0.3699745294080804,0.2653576939116315
8441,0.27782362747713646,0.4042566186757096,0.31791975384715393
8442,0.2810205687239357,0.44511171775019176,0.2738677135258725
8443,0.2890193061196602,0.39668588275223776,0.3142948111281021
8444,0.33483388589221635,0.37863105785620654,0.28653505625157705
8445,0.3227428375251078,0.4014912816805357,0.2757658807943565
8446,0.31420062835883006,0.39553207617167313,0.2902672954694968
8447,0.30514119228752595,0.4035197026692254,0.29133910504324867
8448,0.2563907527176203,0.44717612391505857,0.29643312336732114
8449,0.2541385655159784,0.40208904692297304,0.34377238756104855
8450,0.24609214994806924,0.44988040610776653,0.3040274439441642
8451,0.25075732209695173,0.4393034335226765,0.3099392443803718
8452,0.3006164287251196,0.4020358618318192,0.2973477094430612
8453,0.2702903924055517,0.43466440134386974,0.29504520625057856
8454,0.30596188012181447,0.4280777012809589,0.26596041859722663
8455,0.3170713075068473,0.3909065737305163,0.2920221187626364
8456,0.2490630424297831,0.44329702695644213,0.30763993061377476
8457,0.24931673696062628,0.4204267104583895,0.33025655258098424
8458,0.2704735222292593,0.42768092908965477,0.301845548681086
8459,0.29291023952184586,0.37926907834316664,0.32782068213498744
8460,0.3211862815198899,0.3618092798458937,0.31700443863421635
8461,0.33345920731988926,0.37712779107453825,0.2894130016055725
8462,0.30909977905386476,0.3981242349343303,0.29277598601180493
8463,0.26596866153365956,0.41195094906421426,0.32208038940212624
8464,0.29502703945651826,0.3600096029089904,0.3449633576344914
8465,0.32003416991664146,0.3597547769150707,0.32021105316828785
8466,0.257028856322538,0.4136336302339879,0.32933751344347406
8467,0.2785182908928122,0.40098150453587994,0.32050020457130785
8468,0.3260730896136072,0.37715660502158865,0.29677030536480414
8469,0.31052403562154923,0.33798213089728,0.35149383348117075
8470,0.3536072225962062,0.3340476395405108,0.312345137863283
8471,0.27989253208834985,0.3938132070163873,0.3262942608952628
8472,0.24758204392559235,0.40414416711862733,0.3482737889557803
8473,0.3007557988011467,0.3986993451971502,0.30054485600170305
8474,0.2398069039779298,0.4336163129293393,0.3265767830927309
8475,0.30777851940937373,0.3694281561559544,0.32279332443467185
8476,0.286786385296602,0.4223938667824323,0.2908197479209657
8477,0.2525439932315885,0.42163094259945105,0.32582506416896045
8478,0.2888400510834531,0.39676678488664724,0.3143931640298996
8479,0.30925543580964077,0.38655910843659574,0.3041854557537635
8480,0.28718464139191224,0.40367241930463016,0.3091429393034576
8481,0.298493536403986,0.40098362075645116,0.3005228428395628
8482,0.28150163099238124,0.3919933023102214,0.3265050666973974
8483,0.26117190479237606,0.4112218213994946,0.32760627380812934
8484,0.2855772149641762,0.39608858276824394,0.31833420226757986
8485,0.26540616184461413,0.39991247396587726,0.3346813641895086
8486,0.287665090819347,0.4219558043545405,0.29037910482611246
8487,0.2386838375860822,0.41777229525419307,0.34354386715972474
8488,0.30554466347313897,0.36522739672052756,0.32922793980633347
8489,0.2643597319007382,0.41695945644315774,0.31868081165610407
8490,0.2716129053439013,0.41359883763005684,0.31478825702604185
8491,0.2756481973019466,0.40971859215710776,0.3146332105409456
8492,0.27510640104152395,0.436507687042043,0.2883859119164331
8493,0.2156185210780926,0.4703457773964516,0.3140357015254558
8494,0.2303631091710957,0.4633738940307827,0.3062629967981216
8495,0.26415027740654323,0.4195082307373081,0.31634149185614874
8496,0.2648676891447778,0.42337141001491074,0.31176090084031144
8497,0.2716182847958049,0.40937511483616223,0.3190066003680329
8498,0.27244541152407564,0.44506182606143957,0.2824927624144848
8499,0.27634484683553134,0.42291242760449377,0.3007427255599749
8500,0.2637577972698768,0.43017004078146404,0.30607216194865916
8501,0.27509909414050415,0.40801186021229513,0.31688904564720066
8502,0.2660746937598506,0.43724006555984635,0.29668524068030305
8503,0.2552714153699575,0.43661391691508583,0.30811466771495666
8504,0.26841297159954636,0.4349076434280335,0.29667938497242013
8505,0.24726479437024568,0.4594934810149041,0.2932417246148502
8506,0.27957482866581235,0.4408212728779908,0.2796038984561968
8507,0.25720854772144025,0.44014982928368945,0.30264162299487024
8508,0.27007950178611456,0.4265446171885675,0.30337588102531793
8509,0.28149785776152014,0.4218376976816781,0.29666444455680174
8510,0.2410934329056799,0.4595353678599746,0.29937119923434546
8511,0.24631654408377326,0.41728778408770484,0.3363956718285219
8512,0.2673347080762903,0.42111939851749913,0.3115458934062106
8513,0.2385768041695389,0.46164679925810725,0.2997763965723539
8514,0.24210464249171912,0.4338819693737752,0.32401338813450564
8515,0.25777090150510207,0.4453886321319867,0.2968404663629112
8516,0.2518776099305085,0.4436568998006476,0.30446549026884384
8517,0.27793452244005024,0.39276286541159455,0.3293026121483552
8518,0.29510298721798095,0.3687206771770004,0.33617633560501864
8519,0.23576120770740933,0.4166665357229617,0.347572256569629
8520,0.221676325807783,0.41039287853103174,0.36793079566118525
8521,0.2500836027198752,0.38125056631472043,0.36866583096540445
8522,0.22224994725976366,0.4080045655362981,0.36974548720393824
8523,0.30132999101188673,0.3966661324740265,0.3020038765140868
8524,0.24514766185895503,0.39960502689487193,0.3552473112461731
8525,0.2675884036078909,0.360047163823005,0.3723644325691041
8526,0.27582402777346615,0.3786555554043306,0.34552041682220325
8527,0.24470664152487995,0.4158183498626743,0.3394750086124458
8528,0.2675861681421281,0.3509926706346195,0.3814211612232524
8529,0.26312594336031647,0.3647642501916675,0.372109806448016
8530,0.2667247021161172,0.3838266269891819,0.34944867089470094
8531,0.2608409900831371,0.36937527883492427,0.36978373108193857
8532,0.24021158314042707,0.37223447402949256,0.3875539428300804
8533,0.3052201320118587,0.3536286989061991,0.3411511690819422
8534,0.3177546677426282,0.3266479303079351,0.3555974019494366
8535,0.3006353865115916,0.35616774437423515,0.3431968691141733
8536,0.27404444841175657,0.4010099305303288,0.32494562105791464
8537,0.289140831791375,0.3569743026078293,0.35388486560079574
8538,0.33333629796116326,0.32644138651053217,0.34022231552830456
8539,0.31676006146955255,0.36034757611631113,0.3228923624141363
8540,0.2865323773308233,0.371696128285363,0.34177149438381366
8541,0.2726592388156326,0.3890899178847661,0.33825084329960137
8542,0.3732182176458748,0.32368190872678976,0.3030998736273354
8543,0.3129780518315339,0.3557326690950451,0.33128927907342104
8544,0.29214413931470923,0.33255458695201384,0.37530127373327693
8545,0.30339675801279586,0.3681162185879922,0.32848702339921193
8546,0.3112632809540585,0.35975077856193083,0.3289859404840107
8547,0.29464332260670434,0.3748833881327726,0.33047328926052305
8548,0.3307184607229258,0.346799174969333,0.3224823643077412
8549,0.3337692247100836,0.35398088724643156,0.31224988804348486
8550,0.3023306331736364,0.39735098438007355,0.30031838244629006
8551,0.307820014709863,0.3936094121249737,0.29857057316516333
8552,0.2613441519732589,0.3969148713940323,0.3417409766327088
8553,0.26062278515965626,0.412059880588893,0.32731733425145076
8554,0.23191560624030996,0.4268710271479424,0.3412133666117476
8555,0.29954113810659844,0.3889639557089958,0.3114949061844058
8556,0.28248320448168684,0.4060870253556393,0.31142977016267387
8557,0.31729927404002384,0.37170547948401117,0.310995246475965
8558,0.3014883926981003,0.40769111122404506,0.29082049607785465
8559,0.3043077782474152,0.39113501975399634,0.3045572019985885
8560,0.2794458572349418,0.41250437894805814,0.30804976381700006
8561,0.3009142394052336,0.3841000847495834,0.31498567584518306
8562,0.30738568424891716,0.37704148226802187,0.315572833483061
8563,0.2743266733624185,0.40921209529047886,0.31646123134710263
8564,0.30566581250045827,0.3658408159834935,0.3284933715160482
8565,0.30003475205220126,0.41607481476631175,0.28389043318148693
8566,0.2698816185353097,0.4060975851954234,0.32402079626926694
8567,0.3015530302522518,0.38182492114199,0.3166220486057582
8568,0.295149873664141,0.3813561044867615,0.3234940218490974
8569,0.27782249317686303,0.39361227600541315,0.3285652308177238
8570,0.2952174644909804,0.3871813964565589,0.3176011390524607
8571,0.26676323890897624,0.4266729399451574,0.30656382114586633
8572,0.2861036777309344,0.3834645281001109,0.3304317941689547
8573,0.3153879316559729,0.36839982697714657,0.31621224136688053
8574,0.3245314074434606,0.3677072734471514,0.3077613191093881
8575,0.2975731819554819,0.39001871613497,0.31240810190954815
8576,0.3164056482529217,0.3975604292527364,0.2860339224943419
8577,0.3016094434256692,0.36618038910689604,0.33221016746743476
8578,0.26350829136540277,0.38615766709575966,0.35033404153883757
8579,0.3535888218932137,0.3275934748152564,0.31881770329152986
8580,0.28479556835109054,0.3852042585921586,0.33000017305675083
8581,0.314946319013242,0.37282901190225326,0.31222466908450475
8582,0.299821787362086,0.3740387232186328,0.3261394894192812
8583,0.2750346309474153,0.3753270176711344,0.3496383513814503
8584,0.2932428050744639,0.3587046635037691,0.348052531421767
8585,0.3144521541985637,0.3605081209394787,0.3250397248619576
8586,0.2844741128516957,0.4069693111397699,0.30855657600853437
8587,0.2956301658054684,0.39864436457993285,0.30572546961459873
8588,0.28037341618432227,0.3763254596174771,0.3433011241982007
8589,0.2874867500243564,0.3801904958328215,0.3323227541428221
8590,0.3036254801841824,0.360778845650246,0.3355956741655716
8591,0.2962170231010097,0.40793554001828647,0.2958474368807038
8592,0.28030244886488426,0.4022824683722536,0.31741508276286207
8593,0.29051448765447174,0.3703288515169879,0.33915666082854035
8594,0.3013794356726352,0.373270607130249,0.3253499571971158
8595,0.2963228869417763,0.38055800732596395,0.32311910573225977
8596,0.2823270439574914,0.3838765816875217,0.3337963743549869
8597,0.27792939294578745,0.3794764677584533,0.34259413929575927
8598,0.26176078439609546,0.40606765215684787,0.3321715634470567
8599,0.21794098482127913,0.435839558271761,0.3462194569069599
8600,0.22867805121638807,0.4538607369953337,0.3174612117882782
8601,0.24229703096727873,0.38579671534341564,0.37190625368930563
8602,0.2891157194534441,0.37758103573751234,0.33330324480904355
8603,0.26668421380729085,0.38857958205481635,0.3447362041378928
8604,0.30137909117492817,0.3554274300545933,0.3431934787704785
8605,0.21689810595061101,0.40020751518882325,0.3828943788605657
8606,0.24178913505213623,0.4094704493463018,0.348740415601562
8607,0.25715552051049995,0.3759051172245525,0.36693936226494756
8608,0.25473478552629364,0.42743304963772,0.31783216483598636
8609,0.2486523821577178,0.3949159861256608,0.3564316317166214
8610,0.21969370235686694,0.44476659507046884,0.33553970257266424
8611,0.25766710123183445,0.3989789235893626,0.34335397517880295
8612,0.24411754264852895,0.3912038577813953,0.3646785995700757
8613,0.27421663762408943,0.3955244031913762,0.33025895918453435
8614,0.25016345730627726,0.3769274192746583,0.37290912341906446
8615,0.2445026308044228,0.4038974483747668,0.3515999208208104
8616,0.25816821835440296,0.3757972283340861,0.36603455331151097
8617,0.22035025303992548,0.43292149660010204,0.34672825035997246
8618,0.2725227076299641,0.40319961512099556,0.32427767724904033
8619,0.213673303920089,0.4148399356332112,0.37148676044669976
8620,0.1816596682517812,0.43694716908395764,0.38139316266426115
8621,0.19444941341915487,0.44561636344976835,0.3599342231310768
8622,0.2688692299587031,0.3905348852561409,0.34059588478515596
8623,0.23956151685966426,0.40933402201948077,0.35110446112085497
8624,0.24817458976672327,0.36887697200672753,0.3829484382265492
8625,0.24046998448170034,0.4159500939062915,0.3435799216120082
8626,0.22794327472024073,0.38866627290120237,0.3833904523785569
8627,0.21163335564014146,0.3792247957932486,0.40914184856660996
8628,0.24595167170789442,0.3722951116507607,0.3817532166413449
8629,0.2445267952143649,0.41345312836601905,0.342020076419616
8630,0.272916005800042,0.3666649741778149,0.3604190200221431
8631,0.23976231708150586,0.4075325419807003,0.3527051409377938
8632,0.20763509239241362,0.4343494689158222,0.35801543869176417
8633,0.3033377013584886,0.38343605561187866,0.31322624302963276
8634,0.24538071621002955,0.3824283510518245,0.37219093273814596
8635,0.2479039319899284,0.3983104693823816,0.35378559862768993
8636,0.2771593278255063,0.35204394119925475,0.37079673097523896
8637,0.3077344953243369,0.3790053383848086,0.3132601662908545
8638,0.2428939243990048,0.3957971206582323,0.3613089549427629
8639,0.3307015525971777,0.357821413518876,0.3114770338839463
8640,0.30941729435098275,0.3582912385999658,0.33229146704905144
8641,0.2618469338528563,0.4024574083602597,0.335695657786884
8642,0.2995113005264666,0.36408307189580996,0.33640562757772347
8643,0.26802806511043015,0.3982552461054708,0.33371668878409905
8644,0.23659947660225603,0.42112049164823373,0.34228003174951027
8645,0.27343528778467424,0.38344272593678974,0.343121986278536
8646,0.2985731113249311,0.3689028590988783,0.3325240295761906
8647,0.24771925774945927,0.412485575123345,0.33979516712719576
8648,0.2857480865294228,0.3984441540815864,0.3158077593889908
8649,0.28070972550112677,0.38335186471314453,0.3359384097857287
8650,0.24709737633162335,0.42460963194865664,0.32829299171972004
8651,0.19627948726390337,0.4592092445876673,0.3445112681484293
8652,0.23101748488173304,0.41483966344313744,0.3541428516751295
8653,0.3023117087781285,0.3959986393227082,0.3016896518991633
8654,0.2928239888229171,0.3767609818624774,0.3304150293146055
8655,0.2453470959786725,0.4227835727967014,0.3318693312246261
8656,0.2701740860428545,0.4013931095961822,0.32843280436096334
8657,0.2254266928720149,0.42953439599866095,0.34503891112932417
8658,0.237264659715914,0.3937957024409215,0.3689396378431645
8659,0.25015763455111484,0.40425937156091074,0.3455829938879744
8660,0.206370284954663,0.39962634867971447,0.39400336636562255
8661,0.2584955473633912,0.39264176832173325,0.34886268431487555
8662,0.20177544316655932,0.3854768390661993,0.4127477177672414
8663,0.22742428682898316,0.4231797960939188,0.34939591707709805
8664,0.2369566723618256,0.39366815150924817,0.36937517612892623
8665,0.295194373748738,0.3691840406458267,0.33562158560543526
8666,0.20511271551005436,0.39997532263981056,0.39491196185013505
8667,0.27351174633323255,0.37275292640471736,0.3537353272620501
8668,0.24184608428007007,0.39171619332241814,0.36643772239751177
8669,0.2445657102635905,0.39785950586582736,0.3575747838705821
8670,0.25241014478777773,0.4116603139086609,0.3359295413035613
8671,0.25670850330465783,0.3964910571391151,0.3468004395562271
8672,0.2513309346575309,0.40378386333519606,0.344885202007273
8673,0.2859886397218014,0.3828360079355277,0.3311753523426709
8674,0.2800922794728958,0.3789380108432494,0.3409697096838548
8675,0.2706910351376088,0.3969751787274985,0.33233378613489273
8676,0.27015579729010925,0.36252518452266025,0.36731901818723045
8677,0.2672411254681197,0.3981433148896188,0.33461555964226153
8678,0.2623079872645475,0.4214036265567492,0.31628838617870336
8679,0.24340167112144784,0.42623993763197715,0.330358391246575
8680,0.2390322718046011,0.4243454330784356,0.33662229511696334
8681,0.2411716983552462,0.42070359962056897,0.3381247020241848
8682,0.26646555336016475,0.41676398349772376,0.3167704631421115
8683,0.2930162768698829,0.40331485731761185,0.30366886581250524
8684,0.2505518035110884,0.41281416106561664,0.33663403542329495
8685,0.2430469689844879,0.4259323261201328,0.33102070489537927
8686,0.24884312727909777,0.40568705010505296,0.34546982261584924
8687,0.21709869177610588,0.4339012036813399,0.3490001045425542
8688,0.24142809401633294,0.4281318490009023,0.33044005698276474
8689,0.22355905782263497,0.43052816460613336,0.3459127775712317
8690,0.23255627802042483,0.44692585968831317,0.32051786229126195
8691,0.20287594280185545,0.4446980995896092,0.35242595760853535
8692,0.2230633253613393,0.44925370252083363,0.32768297211782704
8693,0.28885239296396825,0.385908687255629,0.32523891978040276
8694,0.24418275883856186,0.41533116681698373,0.3404860743444544
8695,0.27716017631482953,0.41028129895341797,0.3125585247317525
8696,0.2673271973443098,0.40484490950905416,0.327827893146636
8697,0.2516665702794674,0.39196976117388316,0.3563636685466494
8698,0.23012705912865647,0.44660978509795585,0.3232631557733877
8699,0.2472664722445755,0.4297681312222689,0.3229653965331556
8700,0.2916434717014136,0.3937046714259164,0.31465185687267
8701,0.23126830639741125,0.441575447872126,0.32715624573046276
8702,0.21509560524125773,0.41418429621884784,0.3707200985398944
8703,0.2230950935385926,0.43874516219834997,0.33815974426305745
8704,0.2173010187026444,0.4430854373408842,0.3396135439564714
8705,0.2390431758743905,0.41697779039593635,0.3439790337296732
8706,0.2569673432905268,0.41050926698847434,0.3325233897209989
8707,0.2778087662273189,0.4337525566705799,0.28843867710210114
8708,0.2826700586898114,0.3853110018078781,0.33201893950231054
8709,0.27418164279393825,0.4110535984014322,0.31476475880462956
8710,0.26923942270951967,0.39263636577099786,0.33812421151948246
8711,0.2760142124277138,0.3933340096955047,0.3306517778767815
8712,0.23329747363175435,0.4340996702135067,0.332602856154739
8713,0.2740703724322956,0.38967424413222107,0.3362553834354833
8714,0.24743522821753935,0.4100746810116056,0.34249009077085507
8715,0.2517147074802027,0.4064008521465497,0.34188444037324756
8716,0.2834698436447103,0.3871818027556026,0.32934835359968717
8717,0.2886423412851644,0.3816750640585876,0.32968259465624805
8718,0.2431892263558111,0.39187389572101433,0.3649368779231746
8719,0.24066868793337237,0.4093360235152584,0.34999528855136924
8720,0.23463993476158596,0.4325898963318431,0.33277016890657096
8721,0.2612437921595062,0.3974959674895791,0.3412602403509147
8722,0.26805055349671814,0.41196574742189734,0.3199836990813845
8723,0.21901604696106602,0.4464163234580948,0.3345676295808392
8724,0.22185133407422677,0.43979578723696205,0.33835287868881114
8725,0.2419708034495658,0.40414333755379966,0.35388585899663455
8726,0.2749459861538443,0.39307167288427375,0.3319823409618819
8727,0.25590405452353693,0.3965516789117677,0.3475442665646954
8728,0.23879996176126614,0.39759778811271984,0.363602250126014
8729,0.22567258050975977,0.40280450545233837,0.37152291403790183
8730,0.25360581327009635,0.41855002410959385,0.3278441626203098
8731,0.2765800970068047,0.42479618173354877,0.29862372125964654
8732,0.2859203580462068,0.41194287121070805,0.30213677074308515
8733,0.26007847328343,0.4270170246874281,0.31290450202914194
8734,0.24135035015515524,0.44121740086573097,0.3174322489791138
8735,0.25521524546583246,0.426019747169281,0.3187650073648865
8736,0.21916045248894545,0.4494915141463862,0.33134803336466834
8737,0.24177935454871824,0.43719123325734865,0.3210294121939331
8738,0.2696949655774533,0.42416087554292226,0.30614415887962443
8739,0.2477879686070901,0.42093609574327284,0.3312759356496371
8740,0.2360589730002271,0.44203097482277964,0.32191005217699326
8741,0.28977386079194123,0.40791274007356054,0.30231339913449823
8742,0.3060789814973487,0.40116183012643425,0.29275918837621706
8743,0.3291582429155602,0.3637302067674948,0.30711155031694504
8744,0.27758222836527197,0.3966522981773884,0.32576547345733964
8745,0.31816371293675283,0.3801252359494595,0.30171105111378765
8746,0.2808796118261368,0.41846223249337267,0.3006581556804905
8747,0.22433832359689987,0.4438667944348944,0.3317948819682057
8748,0.2621575202714525,0.43366553239241185,0.30417694733613565
8749,0.2588439957553234,0.42208480579635727,0.3190711984483193
8750,0.33546846945134273,0.3839561268623775,0.28057540368627976
8751,0.2888450464997503,0.4145068271005084,0.2966481263997413
8752,0.28697616833718487,0.43614854393713565,0.2768752877256795
8753,0.3150635630973265,0.4003152139571711,0.28462122294550235
8754,0.2851458860660392,0.4006358560160557,0.31421825791790514
8755,0.3257165735178744,0.3914966997267157,0.28278672675540995
8756,0.3036497103849904,0.395131782797063,0.3012185068179466
8757,0.2784739224916963,0.4124979274447833,0.3090281500635204
8758,0.3084491762025315,0.3914122728561144,0.3001385509413541
8759,0.2990828105256203,0.3846639058096601,0.3162532836647196
8760,0.290148429090592,0.35408227543484067,0.35576929547456726
8761,0.2526447942640107,0.42295259674951374,0.32440260898647555
8762,0.29196188077633384,0.39732953751334893,0.31070858171031723
8763,0.27181213515576985,0.40484970987282387,0.3233381549714062
8764,0.27554821481429215,0.434692073918397,0.28975971126731087
8765,0.2407640869891563,0.44027311119694124,0.3189628018139025
8766,0.2825253138952871,0.38067515663042684,0.33679952947428604
8767,0.27224831650309483,0.4072534299596869,0.3204982535372183
8768,0.2668930151818956,0.40240395434865533,0.33070303046944904
8769,0.22950569073629914,0.4153338246890453,0.3551604845746556
8770,0.30817098175244173,0.3935107795645889,0.29831823868296936
8771,0.2482367246793417,0.3981990446575007,0.35356423066315756
8772,0.26944636936156946,0.41829771624820195,0.3122559143902286
8773,0.2484154664759863,0.38446611518356866,0.36711841834044506
8774,0.22162771535162032,0.4204341180270371,0.35793816662134254
8775,0.23414212853289998,0.42248757357625416,0.34337029789084583
8776,0.2799035614127983,0.3951768142907572,0.3249196242964445
8777,0.2605113941424863,0.401249015419151,0.3382395904383627
8778,0.2803984728051311,0.4171327606578144,0.3024687665370545
8779,0.2857034296587811,0.3893970819213962,0.3248994884198227
8780,0.2508387658273314,0.44168910261312955,0.30747213155953906
8781,0.23247746430551872,0.4317755744861425,0.33574696120833875
8782,0.22151305351218809,0.43781733692474034,0.3406696095630716
8783,0.2466881950700491,0.4405883863969308,0.31272341853302005
8784,0.28667728856857627,0.4130224740057124,0.3003002374257113
8785,0.19848091362833775,0.43581458029087305,0.3657045060807892
8786,0.2317498999455408,0.4289901798052196,0.3392599202492396
8787,0.22195637515945785,0.447890951435819,0.3301526734047232
8788,0.23841081362857502,0.44540709254372507,0.3161820938276999
8789,0.25147496263947866,0.4201873537353398,0.32833768362518156
8790,0.2560491862399793,0.39637770996485633,0.3475731037951643
8791,0.2584269331569419,0.43155060406500495,0.3100224627780532
8792,0.23893463470855444,0.4140288158730588,0.34703654941838674
8793,0.2365140404847151,0.4228418001737376,0.3406441593415473
8794,0.21924691040597707,0.43799273533056204,0.3427603542634609
8795,0.2195810646802904,0.4307372047032154,0.3496817306164942
8796,0.2501417268770624,0.41871878903135606,0.33113948409158156
8797,0.2745610905185597,0.40712904949688183,0.3183098599845584
8798,0.2629000480111477,0.38051542252575904,0.35658452946309327
8799,0.23386121098741286,0.39672591313132605,0.3694128758812611
8800,0.21030679528410923,0.4300979105054927,0.3595952942103981
8801,0.2632340427791236,0.3915002051147995,0.3452657521060769
8802,0.22721049133367846,0.4329607560291057,0.3398287526372158
8803,0.22638744550799958,0.39474565234305514,0.3788669021489453
8804,0.1821832793773945,0.42202720892115436,0.3957895117014511
8805,0.23803357091487218,0.4166522097852318,0.345314219299896
8806,0.2274482406066286,0.44100151508977553,0.33155024430359586
8807,0.24532049942150244,0.42792700626779284,0.3267524943107047
8808,0.2879890141166671,0.37817214969230845,0.33383883619102445
8809,0.26343076051022773,0.3950231108980724,0.34154612859169986
8810,0.20946948531192972,0.4255365707918154,0.3649939438962549
8811,0.25508299150603214,0.397201808809886,0.3477151996840819
8812,0.24505772461297107,0.3997506302008511,0.35519164518617785
8813,0.21543201404254975,0.39691943712111827,0.387648548836332
8814,0.28824440519961786,0.38640917123631247,0.3253464235640697
8815,0.2539535688252122,0.40068591402530973,0.3453605171494781
8816,0.23386514974600497,0.4038884261206673,0.3622464241333277
8817,0.2837993493784681,0.395240848491339,0.3209598021301929
8818,0.273943783116424,0.40426033312311077,0.32179588376046525
8819,0.2423824771280269,0.4025099116229598,0.3551076112490133
8820,0.20695836506106358,0.4495448720070974,0.343496762931839
8821,0.2676869329345816,0.39875760301086455,0.3335554640545539
8822,0.24884440678121217,0.4323371847940981,0.3188184084246897
8823,0.29133478836771703,0.3905091033673821,0.31815610826490087
8824,0.2652511480050848,0.38888211938294837,0.3458667326119668
8825,0.22498243966534073,0.4341832977077847,0.3408342626268746
8826,0.25427741220057004,0.3983757145172104,0.3473468732822196
8827,0.23028827427403073,0.4225819660548779,0.34712975967109133
8828,0.2556646030040167,0.40959068288404177,0.3347447141119415
8829,0.2389738394425273,0.4105336971101236,0.35049246344734913
8830,0.24784507792202204,0.3681949154197014,0.3839600066582765
8831,0.2961147212953754,0.3860986359559434,0.3177866427486811
8832,0.25072798098039895,0.38247424859966805,0.36679777041993306
8833,0.2111082903706678,0.4298036217663777,0.3590880878629545
8834,0.22518218531507408,0.41134421253756215,0.36347360214736374
8835,0.23452052535308404,0.41011544574050196,0.355364028906414
8836,0.26318648580121706,0.4103243851419878,0.3264891290567951
8837,0.2183082316241595,0.42118897406898254,0.36050279430685794
8838,0.2511853300486747,0.3926177340513349,0.3561969358999904
8839,0.26262603626522524,0.36193250416186823,0.37544145957290653
8840,0.2396875769762393,0.38949642064475615,0.37081600237900453
8841,0.2734403516986129,0.3868578986212981,0.339701749680089
8842,0.26769079175982063,0.3737157445944252,0.3585934636457542
8843,0.2824828137979636,0.3718374878166064,0.34567969838543
8844,0.27201970306361517,0.37805609195645834,0.3499242049799265
8845,0.26763186963438074,0.37367514514962885,0.3586929852159904
8846,0.25358654073669906,0.3845685421576949,0.361844917105606
8847,0.2718743865794369,0.41973331543289494,0.30839229798766815
8848,0.3084642755893884,0.33771637444596025,0.3538193499646514
8849,0.3140825536079376,0.35011730503103683,0.3358001413610256
8850,0.2815202708792947,0.3696048392260272,0.3488748898946781
8851,0.26836400533022114,0.34141453188719706,0.3902214627825818
8852,0.30185225833793233,0.3368732311518053,0.36127451051026244
8853,0.3062259784037483,0.34358378426328395,0.3501902373329677
8854,0.3231772413864586,0.3356350598393502,0.3411876987741912
8855,0.3076345423753301,0.3429362142725281,0.3494292433521418
8856,0.27861423815317243,0.33274399076287003,0.38864177108395753
8857,0.30747346319178476,0.3501249076104888,0.34240162919772643
8858,0.2642817324881343,0.40616053239327,0.3295577351185957
8859,0.2582064697423055,0.3712462172767666,0.3705473129809279
8860,0.2732656162002504,0.3758894052534125,0.35084497854633706
8861,0.3209733082583717,0.34337323197532876,0.3356534597662995
8862,0.28276524847112827,0.3735042971314465,0.3437304543974252
8863,0.2404251437317257,0.38448929507075646,0.37508556119751785
8864,0.2753188657030055,0.35407859328415725,0.37060254101283724
8865,0.21771072777708642,0.40668548098963875,0.37560379123327486
8866,0.25978887296439507,0.3899961463687103,0.3502149806668947
8867,0.1810636420873413,0.44175424884327036,0.3771821090693883
8868,0.18721832160296922,0.4354465499779483,0.37733512841908246
8869,0.23622477231778513,0.3935315308775742,0.37024369680464064
8870,0.24288521626757517,0.4127341059086998,0.34438067782372506
8871,0.24310027021759706,0.40816410861776703,0.3487356211646359
8872,0.2631251809724711,0.39516501978167573,0.34170979924585315
8873,0.25280282712310465,0.39772647370509323,0.3494706991718021
8874,0.31463168876285025,0.3543132186001231,0.3310550926370266
8875,0.2848232357764189,0.39758840753980046,0.31758835668378066
8876,0.25537506905339663,0.39035237870643275,0.3542725522401706
8877,0.2392474629797231,0.39855747048968826,0.36219506653058864
8878,0.20825819061867376,0.4188856262177472,0.372856183163579
8879,0.23156893180801943,0.385724820122754,0.38270624806922654
8880,0.2629685380932132,0.3664158487090906,0.3706156131976962
8881,0.28248545584135365,0.35246502048709333,0.365049523671553
8882,0.21893356893463956,0.406986981414123,0.37407944965123746
8883,0.23696236528775244,0.406462508741995,0.35657512597025254
8884,0.279176919085204,0.3646649436026944,0.3561581373121016
8885,0.23388509249334372,0.3956698756356463,0.37044503187100997
8886,0.23473090148554132,0.4122610812153635,0.3530080172990952
8887,0.2551011002564019,0.38501330693583463,0.35988559280776344
8888,0.21462802164506342,0.40362832014487726,0.38174365821005934
8889,0.25666425340547544,0.3644915114373143,0.3788442351572103
8890,0.2903187586817205,0.36915617646518484,0.34052506485309464
8891,0.2528812856332512,0.3884108688307897,0.35870784553595914
8892,0.29707834521756166,0.36444654176851643,0.3384751130139219
8893,0.22473492694838357,0.4108978957118863,0.3643671773397302
8894,0.22881288356069177,0.3898800323287612,0.38130708411054703
8895,0.259728193916721,0.400703888769574,0.33956791731370495
8896,0.22774093810851115,0.4308236474025626,0.3414354144889262
8897,0.202827315530372,0.394222813783475,0.40294987068615296
8898,0.21449178645281095,0.38674386448310455,0.39876434906408453
8899,0.31573512163591116,0.3496909545204562,0.3345739238436326
8900,0.15724535427451883,0.43928790081954205,0.40346674490593915
8901,0.2620776704207074,0.389588124296038,0.34833420528325465
8902,0.22842449732081366,0.4043036110084508,0.36727189167073554
8903,0.2419580049655058,0.3761651034859819,0.3818768915485123
8904,0.22220331557616496,0.3951832941339405,0.38261339028989455
8905,0.2042933150840735,0.39650142962480006,0.39920525529112644
8906,0.22360242795610416,0.4039612139260574,0.37243635811783843
8907,0.24012415096512268,0.378500395366735,0.3813754536681423
8908,0.21116172099433753,0.38794822404144735,0.40089005496421515
8909,0.24060620816501266,0.35629134687312686,0.4031024449618605
8910,0.2675961176982316,0.37417760314567167,0.3582262791560967
8911,0.2662580655974568,0.3190644347563297,0.41467749964621353
8912,0.20475827570623945,0.3771857391177947,0.41805598517596587
8913,0.24280944100612484,0.36040755724603873,0.39678300174783643
8914,0.22313972080166836,0.33765951483164014,0.43920076436669153
8915,0.24113739327370454,0.3794261770716537,0.37943642965464175
8916,0.2319595199241107,0.3766560311728227,0.39138444890306656
8917,0.2652378998000006,0.38101880251422005,0.35374329768577933
8918,0.21652419078898083,0.407818400452401,0.3756574087586182
8919,0.20376449938447708,0.38587692850062316,0.41035857211489973
8920,0.1810523398258041,0.4107963801141608,0.4081512800600351
8921,0.2160694256403356,0.3899098355140979,0.3940207388455665
8922,0.212685269494117,0.39175560626123856,0.3955591242446444
8923,0.2865478188880272,0.3468867902919166,0.36656539082005624
8924,0.2479483586533195,0.3785252242171302,0.3735264171295503
8925,0.2563986944549537,0.3676553243068504,0.37594598123819595
8926,0.2215484387209746,0.36967423970659546,0.40877732157242996
8927,0.21195214980507773,0.3906881242131905,0.3973597259817318
8928,0.20859236296596712,0.38575141534452784,0.40565622168950505
8929,0.2215701213583943,0.3851455932128305,0.3932842854287752
8930,0.24456471270342814,0.3928780577399581,0.3625572295566138
8931,0.22416337411339077,0.3952836207732058,0.38055300511340345
8932,0.25135111926537307,0.41749112684644424,0.33115775388818275
8933,0.22703263811517066,0.377161761781787,0.3958056001030424
8934,0.2099453507080707,0.34652409536962336,0.44353055392230595
8935,0.24987036213983665,0.3638265057393647,0.38630313212079864
8936,0.1894892918971813,0.3845678208257077,0.425942887277111
8937,0.18569609064524886,0.38982264953687756,0.42448125981787355
8938,0.2513512162051379,0.3780961296487229,0.3705526541461392
8939,0.26356127675047164,0.3441306698428687,0.3923080534066597
8940,0.21159719448195802,0.3772713766740019,0.4111314288440401
8941,0.22321795786864593,0.4020147992830977,0.37476724284825635
8942,0.24892645326473,0.385911000072597,0.365162546662673
8943,0.23748693836349363,0.36141374920585806,0.40109931243064834
8944,0.19057583980929266,0.38652598217863204,0.4228981780120753
8945,0.26694802847732413,0.374237037578534,0.3588149339441419
8946,0.21400132463845964,0.42014462451626655,0.36585405084527384
8947,0.21074354024157724,0.40010767050872975,0.389148789249693
8948,0.2789828815253898,0.3690822713291581,0.3519348471454521
8949,0.18859826090107568,0.3984864766173564,0.4129152624815679
8950,0.1999042004382856,0.4300588875254036,0.3700369120363108
8951,0.20049957258714624,0.426364441144168,0.37313598626868577
8952,0.23618197647985026,0.3832618973745889,0.3805561261455609
8953,0.1983178392806528,0.4438014178872515,0.35788074283209564
8954,0.2119804500670962,0.42623915041288646,0.36178039952001734
8955,0.19635750741765873,0.43231710306285304,0.37132538951948824
8956,0.19836367575163974,0.44344557553693936,0.35819074871142087
8957,0.1860904392295749,0.4525819721130362,0.3613275886573889
8958,0.21397425435033926,0.4140368654585194,0.37198888019114135
8959,0.21245555165123972,0.44184178503359756,0.34570266331516275
8960,0.20118702143860875,0.408427894062225,0.39038508449916626
8961,0.22878463031807106,0.429620304861879,0.3415950648200499
8962,0.19460065060089327,0.41490371465881104,0.3904956347402957
8963,0.2039631780439225,0.4233638997387413,0.3726729222173362
8964,0.2091144374267255,0.39245962117670335,0.39842594139657117
8965,0.18693852676620573,0.41804004764093566,0.3950214255928586
8966,0.16245157647854117,0.44084923855455266,0.39669918496690615
8967,0.16816263056705846,0.47129982027216594,0.3605375491607756
8968,0.15060878487246007,0.4618276192392506,0.38756359588828937
8969,0.18173717310208784,0.43368799298004784,0.38457483391786434
8970,0.20577037334999623,0.428825567812862,0.3654040588371418
8971,0.19335761139607652,0.40647516332939443,0.4001672252745291
8972,0.22658112434836078,0.38760908614511297,0.3858097895065262
8973,0.23232133211644843,0.3919869991990911,0.3756916686844605
8974,0.20202118231850974,0.38830326684901195,0.4096755508324783
8975,0.17422923036663637,0.417503202214693,0.40826756741867065
8976,0.12114744430347078,0.4540645795509169,0.4247879761456123
8977,0.15568681086162933,0.4223811996873608,0.42193198945100985
8978,0.2103671118108406,0.3723867920532787,0.4172460961358807
8979,0.17993111486107777,0.3946240074266614,0.4254448777122608
8980,0.18621983188156813,0.3928585281773629,0.42092163994106896
8981,0.1631401691456091,0.43750091767366056,0.3993589131807303
8982,0.18793785069716162,0.4126296637973212,0.3994324855055172
8983,0.1924602933486609,0.41824992368552744,0.3892897829658117
8984,0.1767813516218549,0.39449608605248987,0.4287225623256552
8985,0.23360385729916003,0.3748875077431579,0.39150863495768207
8986,0.19140061906350153,0.4228421170949611,0.38575726384153736
8987,0.18975421525519567,0.3959494805587505,0.41429630418605384
8988,0.23546267621889114,0.39244608853913265,0.37209123524197624
8989,0.26489228940594256,0.3322063577933756,0.40290135280068184
8990,0.23700470459789433,0.4026642668136283,0.3603310285884773
8991,0.19169081422515596,0.442925969806302,0.36538321596854206
8992,0.22438568466845665,0.41228905796081133,0.363325257370732
8993,0.23611593677201156,0.38047904972576096,0.3834050135022275
8994,0.20688475297996967,0.38710694020423725,0.4060083068157931
8995,0.18021781477221752,0.40367605168750226,0.4161061335402802
8996,0.1439053886929018,0.4233250398561167,0.43276957145098155
8997,0.15867962817358053,0.4420826593486867,0.3992377124777328
8998,0.1434377120704707,0.4767056745418415,0.37985661338768784
8999,0.1434425236542867,0.48112249602673074,0.37543498031898254
9000,0.15701358652560288,0.46930603244448116,0.37368038102991596
9001,0.18082124330794264,0.44865600345632584,0.37052275323573153
9002,0.16057250619388255,0.4665176240840723,0.37290986972204515
9003,0.16227014284684882,0.49516472166653513,0.34256513548661605
9004,0.13509190662566398,0.4556218549063461,0.40928623846798995
9005,0.13977453829359743,0.4493220788929523,0.4109033828134503
9006,0.1654657173057847,0.428791357733274,0.40574292496094133
9007,0.21961219562158513,0.3982908465674208,0.38209695781099406
9008,0.20555545235679737,0.4453218611155657,0.3491226865276369
9009,0.20888031398935403,0.4145393388756762,0.3765803471349698
9010,0.1880066934614675,0.43153536855810165,0.3804579379804308
9011,0.1343176807898824,0.4538409331415383,0.4118413860685793
9012,0.13392189723436052,0.4514005957720526,0.4146775069935869
9013,0.1356190491585353,0.4530656395204958,0.41131531132096893
9014,0.13998150801437012,0.4617487716911146,0.39826972029451524
9015,0.16245449211750201,0.4400555158113514,0.3974899920711466
9016,0.19176567763751165,0.4231831756988304,0.385051146663658
9017,0.20833209279045248,0.41422568942851606,0.37744221778103143
9018,0.12359938569354405,0.47077796705163794,0.405622647254818
9019,0.16211895208474905,0.4314712939909262,0.40640975392432477
9020,0.174455021911616,0.444192793283874,0.38135218480451
9021,0.17271867151756012,0.4453683045935642,0.38191302388887566
9022,0.13990428124140403,0.4928405671670689,0.36725515159152705
9023,0.16287580129984355,0.44918480336940164,0.38793939533075483
9024,0.17517768090429675,0.4220289128866225,0.4027934062090808
9025,0.1918723409598251,0.42480591237045956,0.3833217466697153
9026,0.14165934803223282,0.4468208412297547,0.41151981073801247
9027,0.2266280680672728,0.3966337122020898,0.37673821973063737
9028,0.21694644180102707,0.4069206057224913,0.37613295247648165
9029,0.2578907870501761,0.3625538322054205,0.3795553807444034
9030,0.16445623134320755,0.4428323829963363,0.39271138566045616
9031,0.16562687249876362,0.45072013665126753,0.38365299084996884
9032,0.1973469706198998,0.447423846840371,0.3552291825397292
9033,0.152408957881322,0.45888597045869667,0.38870507165998136
9034,0.15271308149284799,0.47137573251149056,0.3759111859956614
9035,0.1503360660599558,0.4339760834488967,0.4156878504911475
9036,0.17265394885848576,0.4020416883423331,0.42530436279918116
9037,0.18313690653810996,0.40978244137939335,0.40708065208249666
9038,0.1796950415846447,0.43850638824265525,0.3817985701727
9039,0.16275162226250597,0.4407361654319468,0.3965122123055472
9040,0.1400125730859933,0.43506804384872705,0.42491938306527965
9041,0.15567489405849147,0.429832061550115,0.41449304439139356
9042,0.17257537377986118,0.44332058724968376,0.38410403897045503
9043,0.17122096509814896,0.43453513264011806,0.394243902261733
9044,0.20127974190912776,0.4222793514729708,0.37644090661790147
9045,0.1465301542253187,0.4251374483586133,0.42833239741606804
9046,0.19947979762234427,0.43004719305105,0.37047300932660576
9047,0.10476103359227325,0.44576060419442654,0.44947836221330023
9048,0.09564376962660762,0.4823975783606962,0.4219586520126962
9049,0.134317008911769,0.4681931226550674,0.39748986843316353
9050,0.14448867289670383,0.44545693296768707,0.4100543941356091
9051,0.1514484046806352,0.4671713209353246,0.3813802743840402
9052,0.13857671997635787,0.4482193966708881,0.413203883352754
9053,0.1820891898497188,0.46105425909417797,0.35685655105610325
9054,0.13549115451290844,0.46809826199392474,0.3964105834931668
9055,0.12110323176248426,0.4877499524404293,0.39114681579708643
9056,0.11602481115282728,0.4878462445960698,0.3961289442511029
9057,0.15298634928876925,0.4276873651591824,0.4193262855520484
9058,0.18149374592880602,0.41141359027308216,0.4070926637981118
9059,0.1455625452740422,0.4753805699803126,0.3790568847456452
9060,0.12578101795405272,0.4587410773434838,0.4154779047024635
9061,0.14890722151439362,0.45876955475855563,0.39232322372705075
9062,0.12303926133217018,0.4953849597062057,0.3815757789616241
9063,0.11477042811605655,0.47818976081938985,0.4070398110645536
9064,0.14943395623268893,0.45896575301858106,0.39160029074873004
9065,0.14301299200115153,0.46312298970800264,0.39386401829084583
9066,0.09036783244355118,0.5027549235401746,0.4068772440162742
9067,0.1250825199216503,0.4642923124294365,0.4106251676489132
9068,0.07926088367214577,0.5143359438979653,0.4064031724298889
9069,0.13377274755231922,0.47186372732014015,0.39436352512754064
9070,0.11120473774765792,0.451557755995665,0.43723750625667707
9071,0.10852026967648144,0.4806473786809847,0.41083235164253384
9072,0.1186449583524356,0.4865259185830911,0.3948291230644733
9073,0.11731620432061081,0.45535858962902703,0.4273252060503621
9074,0.15879685705187258,0.47486604654997894,0.3663370963981485
9075,0.12417018154229412,0.4763202414778985,0.39950957697980743
9076,0.07960577581787212,0.5298277757094711,0.39056644847265676
9077,0.09027654013724695,0.5043808132192863,0.40534264664346675
9078,0.12096024416684803,0.4823984563265862,0.3966412995065658
9079,0.09565116507208736,0.536896772979247,0.36745206194866564
9080,0.1318734574275566,0.4860866014909574,0.382039941081486
9081,0.06469912207935849,0.5615785289644684,0.3737223489561731
9082,0.09774708415477776,0.5173525332125686,0.3849003826326537
9083,0.1345036533385934,0.5174633436439279,0.34803300301747875
9084,0.11689007285741214,0.4985557247877428,0.3845542023548451
9085,0.15027837916151263,0.4667421462682745,0.38297947457021286
9086,0.09650730155759693,0.5312499841657852,0.3722427142766179
9087,0.11923066661566407,0.47110708519222244,0.4096622481921135
9088,0.1093379232605609,0.5473538876706495,0.34330818906878957
9089,0.10707443186741991,0.5353558179169641,0.35756975021561593
9090,0.06560606108461776,0.5624308771407203,0.37196306177466193
9091,0.09741878045380008,0.529705746939637,0.3728754726065629
9092,0.08688205031598871,0.5250696341348547,0.38804831554915653
9093,0.08954828923179009,0.4977800229803774,0.41267168778783253
9094,0.07650563523081219,0.5242700496150143,0.3992243151541735
9095,0.07457872533876479,0.5393783301504687,0.38604294451076654
9096,0.11034412557852136,0.5170691934051634,0.3725866810163152
9097,0.10558933824499027,0.5481996135206473,0.34621104823436244
9098,0.09176420340811485,0.48220202606378315,0.426033770528102
9099,0.13667692988465388,0.49844935167199295,0.36487371844335315
9100,0.10863706322253552,0.4816508789605963,0.4097120578168682
9101,0.13051325416133172,0.4871531335925661,0.3823336122461022
9102,0.12886569544595167,0.5008283708762596,0.37030593367778875
9103,0.11851661634319659,0.4901309194969959,0.3913524641598075
9104,0.11205052305829324,0.4946784097831896,0.3932710671585171
9105,0.0934694523506702,0.5390110649050752,0.36751948274425456
9106,0.12495147613955007,0.46722060223444073,0.4078279216260092
9107,0.0648050994919985,0.5423349175495905,0.39285998295841096
9108,0.09753389904785807,0.5183429992247413,0.3841231017274006
9109,0.06635269565427263,0.5089401979310872,0.4247071064146401
9110,0.08820462871473064,0.515353690317287,0.3964416809679824
9111,0.10835831073341068,0.5282535972955417,0.36338809197104766
9112,0.12653876761632896,0.48396120070335596,0.3895000316803151
9113,0.06876854002555767,0.5207899056581101,0.41044155431633217
9114,0.07847305543068658,0.5148723443782189,0.40665460019109445
9115,0.08925530423963166,0.5499490683611976,0.36079562739917076
9116,0.09342424781841104,0.5205170322685204,0.38605871991306856
9117,0.08406499992357364,0.5423963068004174,0.3735386932760089
9118,0.0870140380475331,0.5064362384091743,0.4065497235432926
9119,0.10758658743663732,0.4798421570199693,0.41257125554339336
9120,0.07604517641178157,0.5712399493184309,0.3527148742697875
9121,0.0786183917523568,0.543353654083555,0.3780279541640882
9122,0.07052142341552357,0.5608141136052083,0.3686644629792682
9123,0.10066805323011734,0.5290039027210639,0.3703280440488188
9124,0.06345303063004383,0.5252719183692283,0.4112750510007279
9125,0.10665931547242326,0.5047108525544692,0.3886298319731075
9126,0.1390367458574931,0.48308453061071055,0.3778787235317964
9127,0.09301499814307243,0.5223945848308968,0.38459041702603075
9128,0.07883026042001652,0.4872826195141284,0.43388712006585506
9129,0.11372196997066875,0.4610417419339036,0.42523628809542763
9130,0.11122795102687671,0.4719505802657974,0.4168214687073259
9131,0.07555704768816177,0.513121686253665,0.4113212660581732
9132,0.12857389989388712,0.4785831423319291,0.3928429577741838
9133,0.13345556918366416,0.5036296222009821,0.3629148086153538
9134,0.07332108767507073,0.5180330503896546,0.40864586193527463
9135,0.07761294187629263,0.5477419033889442,0.37464515473476306
9136,0.11611298094566196,0.4905101111698607,0.3933769078844773
9137,0.08660146281734502,0.4910721312081491,0.4223264059745059
9138,0.11196509715467627,0.5132152727908509,0.3748196300544729
9139,0.09816035884068859,0.5123881531345975,0.38945148802471397
9140,0.1184901698553093,0.5323336328011917,0.3491761973434989
9141,0.12713973322647523,0.5172653637325196,0.3555949030410051
9142,0.12271820676647012,0.4841816201917903,0.3931001730417396
9143,0.0784412505730783,0.5025340997526028,0.4190246496743189
9144,0.07335949237703505,0.5407798607177163,0.3858606469052486
9145,0.08046629439809992,0.5220623836513419,0.3974713219505581
9146,0.0688863982768608,0.5139339782317996,0.4171796234913396
9147,0.07351209681780328,0.5478319099308908,0.37865599325130594
9148,0.08711395883302314,0.5169502546290906,0.39593578653788625
9149,0.06999167448601325,0.5262986693565478,0.4037096561574389
9150,0.0737019219629225,0.524748815148982,0.4015492628880955
9151,0.12549888568186846,0.510945292560409,0.3635558217577226
9152,0.13842833429389023,0.5020964311230479,0.3594752345830618
9153,0.09934854397153911,0.5224003567987525,0.37825109922970834
9154,0.08676327083998998,0.5053347610946554,0.4079019680653546
9155,0.05858786499224928,0.5312946793135632,0.4101174556941875
9156,0.12626206706738,0.49439166682093044,0.37934626611168953
9157,0.09208575276122541,0.5312474930233464,0.3766667542154282
9158,0.11533549778068172,0.48862179406009465,0.39604270815922366
9159,0.11276556350267404,0.5002576785393693,0.3869767579579566
9160,0.138130196049135,0.47228001168610795,0.38958979226475704
9161,0.08700970878312199,0.5293267069796346,0.3836635842372435
9162,0.07436152882601375,0.5549188458355183,0.370719625338468
9163,0.07101753844405627,0.5274733910791417,0.40150907047680207
9164,0.09943346710299077,0.5172607087724046,0.3833058241246046
9165,0.0972557717860233,0.5103457820377912,0.3923984461761854
9166,0.11463286046045269,0.5363754714173896,0.34899166812215776
9167,0.1229885629305642,0.5111300507669614,0.3658813863024744
9168,0.09088544738418829,0.5158289136174143,0.3932856389983973
9169,0.08629523175936359,0.5078762484167537,0.4058285198238827
9170,0.10788257425584508,0.4793092958056279,0.412808129938527
9171,0.09034950658181684,0.49957692557309574,0.4100735678450874
9172,0.09382964359725655,0.48922405476888636,0.4169463016338571
9173,0.0847431844005922,0.5254724837113369,0.3897843318880708
9174,0.1201293573358985,0.4744951674224726,0.40537547524162887
9175,0.08898479932716105,0.505569387785059,0.4054458128877799
9176,0.07459868298480071,0.4779703922951189,0.4474309247200804
9177,0.13702207315527268,0.4480367291813804,0.414941197663347
9178,0.08639141730859211,0.4988095166910581,0.4147990660003498
9179,0.13163079033106512,0.5036280071159869,0.36474120255294795
9180,0.09500991313460407,0.49825652227163186,0.4067335645937641
9181,0.13790437923695203,0.47173045448491147,0.3903651662781365
9182,0.09417168105767823,0.5189059463110043,0.3869223726313175
9183,0.09135030304677058,0.5185251667224248,0.3901245302308046
9184,0.06697718650276756,0.5536954502109757,0.3793273632862568
9185,0.07401245627506185,0.4956287385414593,0.43035880518347885
9186,0.08530387732202967,0.5189150479990026,0.3957810746789677
9187,0.09177755252845239,0.4646263286597688,0.44359611881177885
9188,0.08480678672407775,0.5072841621984661,0.4079090510774562
9189,0.11803270741714561,0.45220990297135677,0.4297573896114976
9190,0.10311278637510499,0.4858713425463916,0.41101587107850346
9191,0.12138655968883617,0.5125167894913685,0.3660966508197953
9192,0.13282613276782748,0.5030359568774014,0.36413791035477105
9193,0.0853367263836263,0.5319217591139858,0.3827415145023879
9194,0.07351911545169262,0.5194484956767932,0.40703238887151416
9195,0.10416777104841168,0.49030275521157746,0.40552947374001086
9196,0.08500893832068235,0.4932155165323089,0.42177554514700877
9197,0.07780671230186036,0.5389315172772052,0.38326177042093446
9198,0.06282021649698559,0.5305133617847544,0.40666642171826
9199,0.07699375489834064,0.48837453936427455,0.43463170573738485
9200,0.10337575428417034,0.4816849386974958,0.41493930701833387
9201,0.11323690261059606,0.4947467013535273,0.3920163960358767
9202,0.1601246701197148,0.46158917109848546,0.3782861587817997
9203,0.09808027582878931,0.4685554377208564,0.4333642864503543
9204,0.12593784110561776,0.4213989128959387,0.45266324599844354
9205,0.08992866824024968,0.49889028362532706,0.41118104813442324
9206,0.10276785944640354,0.46100147140305836,0.4362306691505381
9207,0.14280720244154316,0.4462879887631428,0.41090480879531405
9208,0.1159022493356072,0.47743340651283045,0.40666434415156233
9209,0.10458380656268469,0.44885618110337383,0.4465600123339415
9210,0.15672669743721065,0.4573790165932455,0.38589428596954384
9211,0.12068216943394079,0.48860259832372804,0.3907152322423312
9212,0.05463788492580823,0.5546388721509355,0.39072324292325616
9213,0.06854364806429034,0.5349264748585313,0.3965298770771784
9214,0.08611746211982352,0.4593616379910472,0.45452089988912936
9215,0.11745777409503849,0.49337397331566746,0.38916825258929405
9216,0.06565018341340925,0.5279506279562703,0.4063991886303204
9217,0.10074362275755651,0.4989508458742845,0.40030553136815894
9218,0.06879262776345084,0.5040791918894552,0.427128180347094
9219,0.08620467649490897,0.46517009255355285,0.44862523095153817
9220,0.0876197772586434,0.4736271139105789,0.4387531088307777
9221,0.06697813408202108,0.5503073594865876,0.3827145064313913
9222,0.11068799538114932,0.4679430066817341,0.4213689979371166
9223,0.0597588034055257,0.5199246668715476,0.4203165297229267
9224,0.0935726245045344,0.48787027794996807,0.4185570975454975
9225,0.07227327871645547,0.5139543255302024,0.4137723957533421
9226,0.09063561453204239,0.48353201233841686,0.42583237312954075
9227,0.08182947396059502,0.5047388915631648,0.41343163447624026
9228,0.055965002571273265,0.4755863577336892,0.4684486396950375
9229,0.08578084389998714,0.4893606703245749,0.42485848577543794
9230,0.07303456770181319,0.4726301336671647,0.45433529863102207
9231,0.09432137717087445,0.4905213524944428,0.41515727033468275
9232,0.0659170421521342,0.505842196780728,0.4282407610671378
9233,0.08196996497416907,0.5020230337141449,0.41600700131168594
9234,0.12282229948995504,0.4402481522442739,0.4369295482657711
9235,0.07721294666645137,0.533132303154586,0.3896547501789626
9236,0.09420169039157943,0.5099719372812779,0.39582637232714274
9237,0.14754399603210394,0.4569371110094762,0.39551889295841985
9238,0.07079136695837743,0.5030584809697825,0.42615015207184015
9239,0.08186846493973524,0.47521604340989104,0.44291549165037375
9240,0.09730365974135725,0.4966165097511769,0.4060798305074659
9241,0.07385889370488015,0.5426316125702123,0.3835094937249075
9242,0.09598325177085908,0.4863383588099602,0.41767838941918073
9243,0.07478108932084863,0.5169887057785412,0.4082302049006102
9244,0.08352902212741072,0.47753594852250264,0.4389350293500866
9245,0.10001145598239428,0.48004360570113896,0.4199449383164668
9246,0.11362732968831066,0.48626926163901857,0.40010340867267075
9247,0.10087212709498262,0.5037359428790228,0.3953919300259946
9248,0.1256017951299732,0.47232456415615887,0.402073640713868
9249,0.10656494373033004,0.4773483650772321,0.41608669119243785
9250,0.09148597089404817,0.4788186945299922,0.4296953345759596
9251,0.06785875674636144,0.523122410756663,0.40901883249697557
9252,0.10231937951930055,0.50891436947542,0.3887662510052795
9253,0.08940371684323162,0.5276976080775524,0.38289867507921604
9254,0.08530153073728891,0.5007150297582924,0.4139834395044187
9255,0.11799352869324652,0.5105018738203625,0.37150459748639103
9256,0.12917785853380298,0.45943828208007775,0.41138385938611927
9257,0.11875844004311825,0.47878550740946946,0.4024560525474123
9258,0.11724982316870541,0.48457269947591103,0.39817747735538356
9259,0.08954475212482241,0.4743025395054959,0.43615270836968173
9260,0.08169629703202498,0.5310822360979667,0.3872214668700083
9261,0.09274693393811122,0.513651504534868,0.3936015615270208
9262,0.09803271418606609,0.45722207652763563,0.4447452092862983
9263,0.06764407739990749,0.5365652068773049,0.3957907157227876
9264,0.08648206522523416,0.5077889602496611,0.4057289745251047
9265,0.07262798629550091,0.48187692354540024,0.4454950901590988
9266,0.08222371877275719,0.5077786519899766,0.4099976292372661
9267,0.07830364419140451,0.5028126766178395,0.4188836791907561
9268,0.12352189114529957,0.47786559465439526,0.3986125142003052
9269,0.11417052214916505,0.4771628764999666,0.40866660135086835
9270,0.07989847451122434,0.528937550499853,0.39116397498892264
9271,0.0866066757388675,0.5370616249176976,0.3763316993434349
9272,0.09430451726601505,0.49951631887268066,0.4061791638613043
9273,0.06809559478653923,0.5362533069837121,0.39565109822974864
9274,0.0782785632125333,0.4999723358716384,0.42174910091582823
9275,0.060607522240490055,0.49768981190544015,0.4417026658540698
9276,0.05283985173240843,0.521337856407604,0.42582229185998755
9277,0.09684460441151795,0.48891553828646317,0.4142398573020189
9278,0.12683555364667026,0.486754463635559,0.3864099827177707
9279,0.08342923446593516,0.49621152458132717,0.4203592409527377
9280,0.11027062619710991,0.49087741976219645,0.3988519540406937
9281,0.08728488566614045,0.4890306816845147,0.42368443264934486
9282,0.11954513861756687,0.47162528634469936,0.40882957503773376
9283,0.09498333886545164,0.5035368757503259,0.4014797853842225
9284,0.06459611083244891,0.5334156044613699,0.4019882847061812
9285,0.10777084409864426,0.5060188401516572,0.38621031574969855
9286,0.07695211946946454,0.523891980070099,0.3991559004604365
9287,0.08534613943656677,0.5284230636531507,0.3862307969102825
9288,0.08827023845525538,0.5125904770518259,0.3991392844929187
9289,0.1538344085327027,0.4784359803027781,0.3677296111645192
9290,0.10305094175980625,0.5122400955669377,0.384708962673256
9291,0.09556165911306035,0.5164462429815803,0.3879920979053594
9292,0.09735466627746814,0.5155421565855127,0.38710317713701914
9293,0.12860216139852326,0.4947336078353747,0.376664230766102
9294,0.10740576347955086,0.4866255947730985,0.40596864174735064
9295,0.07912366760748737,0.49587384176321114,0.4250024906293015
9296,0.09109150178497362,0.521708401239,0.3872000969760264
9297,0.081331039548531,0.5313335484913847,0.3873354119600843
9298,0.10486842019735707,0.4820462199470315,0.4130853598556114
9299,0.09646868444462366,0.4717716535655624,0.43175966198981397
9300,0.07213653402171447,0.5289327280515042,0.3989307379267814
9301,0.06296095768126792,0.5514758324336352,0.38556320988509696
9302,0.06011862687288722,0.5209281756219762,0.4189531975051366
9303,0.08373400714792269,0.5327565182761022,0.3835094745759752
9304,0.07942257894730254,0.48419676854959587,0.4363806525031016
9305,0.12544074874186023,0.44873855383019684,0.42582069742794293
9306,0.10748621189009414,0.5039896133854456,0.3885241747244603
9307,0.12234027774818577,0.48852045186280485,0.38913927038900936
9308,0.10609454051265091,0.49998219899356544,0.3939232604937837
9309,0.09959695367504227,0.5334749394649908,0.3669281068599669
9310,0.110362540984655,0.5368771931320591,0.35276026588328596
9311,0.09820496846838837,0.5337062055251097,0.3680888260065019
9312,0.06507335282622825,0.5408180936853553,0.3941085534884165
9313,0.05558724608819923,0.5306056987189987,0.4138070551928021
9314,0.1258588362890863,0.5035541955096694,0.3705869682012443
9315,0.09958941629113945,0.4562961756352259,0.44411440807363467
9316,0.06556294969714005,0.5369849078164411,0.3974521424864188
9317,0.04407937758219272,0.5805098122636302,0.37541081015417715
9318,0.06862085449179989,0.5518266737243996,0.3795524717838004
9319,0.08614542742539229,0.5009550809917919,0.4128994915828158
9320,0.10210038971006301,0.4795771040779486,0.41832250621198835
9321,0.08740288707963889,0.5291819605355246,0.38341515238483653
9322,0.08277101901565262,0.556985305559018,0.3602436754253293
9323,0.07682686578287432,0.533715434744831,0.3894576994722947
9324,0.09097948824888495,0.5099749119524827,0.3990455997986323
9325,0.10532837058179562,0.5181631186559411,0.3765085107622632
9326,0.06299409174679153,0.5583457377463857,0.37866017050682277
9327,0.055325189989375974,0.5348804741167239,0.40979433589390013
9328,0.06991021822740617,0.5514072663952936,0.37868251537730024
9329,0.09724429043728418,0.49352377466532804,0.4092319348973878
9330,0.08163653415650815,0.5605073339528659,0.35785613189062593
9331,0.06473133610195707,0.5404277413729972,0.3948409225250457
9332,0.12595898070411876,0.5351270604277947,0.3389139588680866
9333,0.1414798325481527,0.48675785852342596,0.3717623089284214
9334,0.15434507191988436,0.4926866313048844,0.3529682967752312
9335,0.13214155721035384,0.49067796195733804,0.3771804808323081
9336,0.15148240110176633,0.4868238566228574,0.36169374227537626
9337,0.14666071976029693,0.5102690213954209,0.3430702588442822
9338,0.1346978334863578,0.47853304280818937,0.38676912370545286
9339,0.11107251319785466,0.5274195860466686,0.36150790075547673
9340,0.1155516171344286,0.5140778352804275,0.3703705475851439
9341,0.09804543805805882,0.5109696290125164,0.39098493292942477
9342,0.08602601776749355,0.5286980867149004,0.3852758955176061
9343,0.06556682862734048,0.5292431300772716,0.4051900412953879
9344,0.06705867004556676,0.5405443461347869,0.39239698381964644
9345,0.07376843826681678,0.5478899341344741,0.37834162759870915
9346,0.08183065515141467,0.5816169726394746,0.3365523722091106
9347,0.12291367195096577,0.4951694697432285,0.38191685830580574
9348,0.08642282621819607,0.5683589065882901,0.3452182671935138
9349,0.09663870171913884,0.5395092321927341,0.3638520660881271
9350,0.12670051046312358,0.4905430212995339,0.3827564682373425
9351,0.08615680930446189,0.5398885392236441,0.373954651471894
9352,0.07512544103871752,0.5670005776472741,0.3578739813140084
9353,0.08295002262313057,0.5522234765425943,0.3648265008342752
9354,0.07090374830244273,0.5851449941855165,0.34395125751204086
9355,0.06546835433800617,0.5253375099428604,0.4091941357191333
9356,0.09602962654277548,0.5126805713538266,0.3912898021033979
9357,0.12713062039841588,0.5006374919004242,0.37223188770116
9358,0.13212836119943164,0.49859210152930333,0.369279537271265
9359,0.0785798745239241,0.48990457985618,0.43151554561989586
9360,0.07382111638532156,0.526409895341442,0.3997689882732364
9361,0.06041863075462931,0.5789741068891301,0.36060726235624063
9362,0.09387327165019117,0.5135761140045629,0.39255061434524585
9363,0.08278806358382466,0.5348947085808032,0.38231722783537214
9364,0.1132661062219686,0.5410284533589371,0.34570544041909423
9365,0.11984068795463441,0.5293813958447996,0.35077791620056603
9366,0.08785351600625575,0.5790424562548656,0.33310402773887865
9367,0.06710753567482418,0.5435564992008081,0.3893359651243678
9368,0.08429381612197702,0.5119995353072548,0.40370664857076816
9369,0.10582796748766539,0.543345478248332,0.35082655426400255
9370,0.08543181133888049,0.5273969407048845,0.387171247956235
9371,0.07764661239583194,0.5322784178222978,0.39007496978187023
9372,0.14426825784756733,0.4367255627626133,0.4190061793898193
9373,0.11912776607026507,0.5044007676978062,0.37647146623192873
9374,0.12767974624023493,0.4921941913700837,0.3801260623896814
9375,0.11368942345169056,0.5186240100175032,0.3676865665308062
9376,0.12246118736187707,0.5303673090774502,0.3471715035606727
9377,0.14047733262096326,0.5177688774075603,0.3417537899714765
9378,0.14555108022058538,0.49144980248360487,0.36299911729580975
9379,0.11900832440580915,0.427989528087641,0.4530021475065498
9380,0.14145904061968367,0.5089483878560404,0.349592571524276
9381,0.12407921641571641,0.5126047121394445,0.36331607144483913
9382,0.15812011088212446,0.48935079905485646,0.3525290900630191
9383,0.15252939142908004,0.4981556991122589,0.34931490945866106
9384,0.13287311206078253,0.4948832291320386,0.37224365880717886
9385,0.12264553595900506,0.49621494096976404,0.3811395230712309
9386,0.138245554651181,0.499866463443267,0.361887981905552
9387,0.1570354584544862,0.4654821459941978,0.377482395551316
9388,0.20533848728015072,0.4160306237180559,0.37863088900179337
9389,0.17588285619038235,0.417229875700468,0.4068872681091496
9390,0.14681956512586347,0.5330404438283075,0.32013999104582896
9391,0.14286363319010295,0.5027913304662097,0.3543450363436873
9392,0.1268622642376347,0.5361360306411307,0.3370017051212346
9393,0.150720028790301,0.4955560699551267,0.3537239012545723
9394,0.1264266533589981,0.4801777524298377,0.39339559421116416
9395,0.1513594957680492,0.5173381274158084,0.33130237681614244
9396,0.12816979120306526,0.5168580267078253,0.3549721820891094
9397,0.1697667408406484,0.5135013144826275,0.31673194467672416
9398,0.20443986789374335,0.46656809255737713,0.3289920395488795
9399,0.1603444856431154,0.4539055013597273,0.38575001299715733
9400,0.11683064279383877,0.506913014623939,0.3762563425822223
9401,0.11143308055485986,0.5532928736178168,0.3352740458273234
9402,0.14869361492880173,0.5135738785888695,0.33773250648232883
9403,0.14184023413712407,0.48406537471638383,0.37409439114649207
9404,0.13421954156597604,0.49773840042250056,0.3680420580115234
9405,0.17180175227725983,0.4906613505507913,0.3375368971719489
9406,0.14617090443425224,0.510686344267855,0.3431427512978928
9407,0.16773796675335947,0.49615540547982784,0.3361066277668127
9408,0.20515211013146795,0.4848010810084435,0.31004680886008856
9409,0.18418831643409822,0.4798613242653486,0.33595035930055317
9410,0.15845744580560123,0.5180135205319082,0.32352903366249064
9411,0.1410358686692563,0.521437063549763,0.3375270677809806
9412,0.17705855366188283,0.47725310735170245,0.3456883389864147
9413,0.16083553395570654,0.5241057444066408,0.3150587216376527
9414,0.18406332306586967,0.5102819473807505,0.30565472955337986
9415,0.2054235703976972,0.4533212372281882,0.3412551923741146
9416,0.19234265719366728,0.5028639841521754,0.3047933586541574
9417,0.17072714914461895,0.4974298061621459,0.33184304469323517
9418,0.16573793933572617,0.5165633830231695,0.3176986776411043
9419,0.1634112206060579,0.5083767274576438,0.32821205193629827
9420,0.12959667003366585,0.5532284097232515,0.3171749202430827
9421,0.13808861476962547,0.5016161891124602,0.3602951961179144
9422,0.15975701781611532,0.5375793830619908,0.30266359912189383
9423,0.13948770094372473,0.5784141975254223,0.28209810153085285
9424,0.20827808305778048,0.49164906248230283,0.30007285445991666
9425,0.16209083814363168,0.5245125468853676,0.3133966149710007
9426,0.12198596184054658,0.5441246769858679,0.33388936117358553
9427,0.15520322601829586,0.5364577234829484,0.3083390504987557
9428,0.15504414572047245,0.5386128701031287,0.30634298417639877
9429,0.16345987102972584,0.5199460103014463,0.3165941186688278
9430,0.17016388254087383,0.5136902673892849,0.31614585006984125
9431,0.15180662056968683,0.5358260311403952,0.31236734828991797
9432,0.16469740419667797,0.550369326361891,0.28493326944143105
9433,0.1788504403861907,0.5354333843349054,0.2857161752789039
9434,0.11494184439265552,0.548965031490748,0.3360931241165965
9435,0.15311802891330079,0.554920106223959,0.2919618648627402
9436,0.16395550266483025,0.5588405204440317,0.27720397689113807
9437,0.1441507960576995,0.5517895844142395,0.30405961952806093
9438,0.15003154167893498,0.5397762942703657,0.3101921640506994
9439,0.13572565518097518,0.5534605916027445,0.3108137532162803
9440,0.15060799241983477,0.5411639023721263,0.30822810520803895
9441,0.180849370681584,0.5475390066367,0.271611622681716
9442,0.20665402062379556,0.5068305305859289,0.2865154487902755
9443,0.16129527196619797,0.5500364749772664,0.28866825305653565
9444,0.14695395104098197,0.5504361124782406,0.30260993648077744
9445,0.1456020609221261,0.5722484092276956,0.28214952985017827
9446,0.09954564583475524,0.5828164984472157,0.31763785571802905
9447,0.16328927342282432,0.5166173506465015,0.3200933759306742
9448,0.14983560267937235,0.5506281869202206,0.29953621040040695
9449,0.13182040212992938,0.5506398558325294,0.3175397420375412
9450,0.11352585214094972,0.5894393102040476,0.2970348376550027
9451,0.14437557786603103,0.4910482066216237,0.3645762155123453
9452,0.14015797750534673,0.5624982622418804,0.2973437602527729
9453,0.1715057716977705,0.5308475226470821,0.2976467056551474
9454,0.15415565583840404,0.5384009628815289,0.30744338128006704
9455,0.1930463872759711,0.5173106152014517,0.2896429975225772
9456,0.20484263534090966,0.5301772345019015,0.2649801301571889
9457,0.1588981883295857,0.5407388462984336,0.30036296537198065
9458,0.18032496988646557,0.5148582134749468,0.3048168166385877
9459,0.14580136277704533,0.5225361347192267,0.331662502503728
9460,0.14456546096001419,0.5562177880381254,0.2992167510018604
9461,0.1594639314839486,0.5489305917859258,0.2916054767301255
9462,0.18484556260481202,0.5000947321857953,0.3150597052093927
9463,0.18309214727116285,0.5238175655463712,0.293090287182466
9464,0.19206433832686423,0.5180412003322737,0.289894461340862
9465,0.14681617266427557,0.5410490985322206,0.3121347288035038
9466,0.14344924787923538,0.5770768132266989,0.27947393889406574
9467,0.14487061910393711,0.5434836452967907,0.31164573559927217
9468,0.181929882079913,0.5128165032016622,0.30525361471842477
9469,0.17003861641877685,0.4652328753591516,0.36472850822207153
9470,0.1333503966147056,0.5722633755850877,0.2943862278002067
9471,0.1648299164331719,0.506353964860835,0.32881611870599314
9472,0.1549580810391943,0.5845420283584217,0.260499890602384
9473,0.15937333303360632,0.5653071926140479,0.27531947435234577
9474,0.11154081817402828,0.5632989778048729,0.32516020402109885
9475,0.16947549776469892,0.5197323825458223,0.31079211968947873
9476,0.1860064777351584,0.5303026018606396,0.28369092040420196
9477,0.1684038600288144,0.5399368176839675,0.291659322287218
9478,0.16575153684666993,0.5308501508408798,0.30339831231245024
9479,0.14658446516542228,0.5335423503418267,0.319873184492751
9480,0.195782330298489,0.5062809174161578,0.29793675228535327
9481,0.1674286866401827,0.5217008611546442,0.3108704522051731
9482,0.11549224317221111,0.5653878386140192,0.3191199182137696
9483,0.14390742641636625,0.5475975825017546,0.30849499108187917
9484,0.155587931846144,0.5187319502143816,0.32568011793947443
9485,0.14580808435055473,0.5192745296834517,0.3349173859659937
9486,0.16439743814114363,0.5179191894286395,0.3176833724302169
9487,0.14545250474740182,0.5046015057056937,0.3499459895469044
9488,0.15562453755264183,0.5386124119372706,0.30576305051008756
9489,0.15444057390998883,0.5280995013346762,0.31745992475533497
9490,0.15882547099580213,0.5435282715363162,0.29764625746788165
9491,0.12564873371445784,0.5498932087489564,0.32445805753658574
9492,0.19548862314974302,0.5069159494142038,0.2975954274360531
9493,0.19055254478743758,0.4833333097318064,0.326114145480756
9494,0.19044007068943267,0.5245230480181079,0.28503688129245947
9495,0.16979773801413917,0.5308240704911195,0.29937819149474143
9496,0.20392787031483794,0.5014730304039008,0.29459909928126127
9497,0.21917007105944938,0.49097642231338573,0.2898535066271649
9498,0.21865710820351208,0.47474688235980117,0.30659600943668674
9499,0.22781724747550414,0.4268974919845384,0.34528526053995745
9500,0.2009585003752723,0.4689773189082322,0.3300641807164955
9501,0.15798383372978445,0.5322155596750286,0.30980060659518693
9502,0.18636316597613695,0.4958333417880106,0.31780349223585247
9503,0.17679879598122153,0.505451939151407,0.31774926486737154
9504,0.1587277757816952,0.4931208382631488,0.34815138595515605
9505,0.18507350355555524,0.48421651996022685,0.3307099764842179
9506,0.18421002937220549,0.5111678131628429,0.30462215746495164
9507,0.20180776767720932,0.48982818370908093,0.30836404861370975
9508,0.16998127340570238,0.5287607888610028,0.30125793773329484
9509,0.19033870218810725,0.4594752327738545,0.35018606503803823
9510,0.19193775804562094,0.5297983526937006,0.27826388926067847
9511,0.18799186690781167,0.5301665742451646,0.2818415588470238
9512,0.1931083573787887,0.5148247341452564,0.29206690847595485
9513,0.1819784605622922,0.5351566483767386,0.2828648910609692
9514,0.17296317866340577,0.4872204954800695,0.3398163258565247
9515,0.20057134263645987,0.5035937804066772,0.2958348769568629
9516,0.19117430339487057,0.5057355708839107,0.30309012572121863
9517,0.14075801448019482,0.5407620948140425,0.3184798907057627
9518,0.14384495775203535,0.5129411456495306,0.343213896598434
9519,0.19620101958205674,0.4829701936636727,0.3208287867542705
9520,0.18136415368577696,0.4643253893901238,0.35431045692409924
9521,0.20028514359800914,0.5076231809234939,0.2920916754784969
9522,0.21474553375678285,0.48807745573737826,0.2971770105058389
9523,0.18547479983913912,0.4926672091350136,0.3218579910258473
9524,0.190525307152889,0.4742732663032047,0.3352014265439063
9525,0.16368895202554362,0.517278046331221,0.31903300164323534
9526,0.23646022733981634,0.4513578758345617,0.312181896825622
9527,0.21738357280375661,0.505457860743851,0.2771585664523924
9528,0.21893669927604728,0.506282173491428,0.2747811272325247
9529,0.20637549112344264,0.4895082872022197,0.3041162216743376
9530,0.1774134798926625,0.48549612469223463,0.3370903954151029
9531,0.1883754895002864,0.4753528184769021,0.33627169202281154
9532,0.2031924394585352,0.4802131868086537,0.3165943737328111
9533,0.23084807830933102,0.4200388165028202,0.34911310518784877
9534,0.21632662724458965,0.45288333482133564,0.33079003793407474
9535,0.19387394052344525,0.4692457372048299,0.3368803222717248
9536,0.1863744261105379,0.47113759225578095,0.34248798163368116
9537,0.20405413221226262,0.4769290377473254,0.3190168300404119
9538,0.17266891592401196,0.5276323611465997,0.29969872292938826
9539,0.18538863550989168,0.5065812208132712,0.3080301436768372
9540,0.2183867586897462,0.4762208647392648,0.30539237657098905
9541,0.21963108465894782,0.5080899403024627,0.2722789750385895
9542,0.22001656125511182,0.500419636557419,0.2795638021874692
9543,0.23518197816414835,0.47884680522695383,0.28597121660889785
9544,0.20691395865570236,0.4854287758735547,0.30765726547074296
9545,0.24227110163034318,0.4333397189281995,0.3243891794414573
9546,0.23643352131215237,0.4628253603644294,0.3007411183234182
9547,0.22740796831617213,0.485969705722397,0.2866223259614309
9548,0.212130934049187,0.46184404369385146,0.32602502225696156
9549,0.2328169694237201,0.4615912384722192,0.3055917921040607
9550,0.22330557143974694,0.4446386778156987,0.33205575074455435
9551,0.19156352850075523,0.4929305688793598,0.315505902619885
9552,0.1878545693925747,0.4742469630709598,0.3378984675364655
9553,0.1532615900025307,0.5036241464204776,0.34311426357699176
9554,0.1777219121661323,0.5301093186201502,0.2921687692137175
9555,0.19873252994762816,0.5182951415624543,0.28297232848991755
9556,0.20612747814289836,0.47977982144096726,0.31409270041613435
9557,0.1520931136738238,0.5336113732088188,0.3142955131173575
9558,0.16908859739277937,0.5422431594040817,0.2886682432031389
9559,0.2219105680309494,0.48710969951484423,0.29097973245420633
9560,0.2202102203526871,0.4825253734805763,0.2972644061667366
9561,0.20615794025574782,0.4945254649906419,0.2993165947536103
9562,0.18332947919917672,0.499390166636065,0.3172803541647583
9563,0.17187380110456776,0.4927539424809761,0.33537225641445617
9564,0.20149807868862818,0.5051782977223106,0.2933236235890612
9565,0.2127594050522538,0.4991818836642109,0.28805871128353533
9566,0.17063733448453833,0.542100074931021,0.28726259058444065
9567,0.18409500941452983,0.4924475437466005,0.32345744683886973
9568,0.16495252369824442,0.5445833586762284,0.29046411762552715
9569,0.22190653309277616,0.47491849294857563,0.30317497395864823
9570,0.2106000989250871,0.5093490756978445,0.28005082537706844
9571,0.2525097670425417,0.4764953784750341,0.2709948544824243
9572,0.1737436527066623,0.5380580426685507,0.28819830462478696
9573,0.18720271230053417,0.5171283683748077,0.29566891932465816
9574,0.17395681986683387,0.526815086384149,0.2992280937490171
9575,0.18118349055868957,0.4995392149655108,0.3192772944757996
9576,0.14919201341886476,0.5486137891611789,0.3021941974199564
9577,0.18534191209170348,0.49899316387229037,0.31566492403600616
9578,0.19427952558880116,0.49285570856513466,0.31286476584606415
9579,0.17006220322701243,0.5070494848437264,0.3228883119292612
9580,0.1728937242722437,0.511332183821221,0.31577409190653527
9581,0.1929024411158268,0.5183084002728305,0.2887891586113427
9582,0.18514859345760176,0.5276679057389547,0.28718350080344346
9583,0.2352300562823471,0.4791272388144771,0.2856427049031758
9584,0.21529187401726896,0.46529640524670063,0.3194117207360304
9585,0.23268013287639341,0.4769462016382303,0.2903736654853763
9586,0.19758643267977632,0.5126447919157303,0.28976877540449336
9587,0.21275220585565413,0.4988477505718885,0.28840004357245735
9588,0.210287485142352,0.4920022646532001,0.29771025020444786
9589,0.17257381689859136,0.508392572315075,0.31903361078633374
9590,0.19743169499487428,0.5007794625229778,0.301788842482148
9591,0.19666072712611088,0.513300668957013,0.29003860391687614
9592,0.17095329611978147,0.5300840880894053,0.2989626157908132
9593,0.18157253463183412,0.5104211686449799,0.30800629672318597
9594,0.18954201215681993,0.4841454625887564,0.3263125252544236
9595,0.20697702276551408,0.49937723560022734,0.2936457416342586
9596,0.2453771949564303,0.46811341875507734,0.2865093862884924
9597,0.20485699622961653,0.5160280749329783,0.27911492883740513
9598,0.20691870504575305,0.5087534501747182,0.2843278447795287
9599,0.20948940354958148,0.465025467080744,0.32548512936967455
9600,0.19622103628812673,0.4886158250976078,0.3151631386142655
9601,0.2091728118889914,0.5142365721516441,0.27659061595936446
9602,0.1914624291200851,0.5062531105386808,0.3022844603412341
9603,0.20669029073077966,0.517597431674573,0.27571227759464745
9604,0.24384288504850535,0.483228748227945,0.2729283667235497
9605,0.20971767939351402,0.48917415404856057,0.3011081665579254
9606,0.2126772022268162,0.4959023458386113,0.29142045193457244
9607,0.20931729398166252,0.49420244250463835,0.29648026351369916
9608,0.19456160900303401,0.5300818380560706,0.27535655294089534
9609,0.191846657371309,0.5024623417120994,0.3056910009165916
9610,0.22031372279658137,0.5002095220012466,0.2794767552021721
9611,0.19784785204674502,0.5154814965357403,0.28667065141751474
9612,0.19710126280749823,0.5261289500150502,0.2767697871774516
9613,0.19876856918664335,0.5129609827534697,0.288270448059887
9614,0.21002931004214265,0.47927800517047325,0.3106926847873841
9615,0.19316048676353764,0.5247786894494676,0.2820608237869948
9616,0.22148839183300767,0.48412040695099434,0.294391201215998
9617,0.2090949915933311,0.5170538152320105,0.2738511931746584
9618,0.22110326543109454,0.49669615294832503,0.28220058162058037
9619,0.2220397198313447,0.4737215109713758,0.30423876919727944
9620,0.18175914822693362,0.5318575034198408,0.28638334835322554
9621,0.2464819265457352,0.4700685865647803,0.2834494868894845
9622,0.235050552701774,0.42558589882470793,0.3393635484735181
9623,0.2570332131985528,0.4432155038176797,0.29975128298376746
9624,0.18945172643551683,0.45481402430688994,0.3557342492575932
9625,0.21211589373257725,0.46055052237595884,0.3273335838914639
9626,0.21772359667702165,0.4704498572789464,0.3118265460440319
9627,0.23805502571035267,0.4542121150391674,0.30773285925047994
9628,0.22853677502156322,0.4694362321770909,0.3020269928013458
9629,0.23015844333125884,0.4226357225389699,0.3472058341297713
9630,0.2272335718044514,0.4902498118876002,0.28251661630794844
9631,0.21126192598568702,0.495779197947624,0.29295887606668897
9632,0.268206290458225,0.4548286402300355,0.2769650693117394
9633,0.21739121379948953,0.48656839082187797,0.29604039537863247
9634,0.21289488668182305,0.4685920211384183,0.31851309217975865
9635,0.22858134732728932,0.4659273045658321,0.3054913481068786
9636,0.2915014699946319,0.4122094341821087,0.2962890958232594
9637,0.25594920537208776,0.4460484864630394,0.29800230816487283
9638,0.25730105593552777,0.42940490881215654,0.3132940352523157
9639,0.22259372514027362,0.4186030027371974,0.35880327212252894
9640,0.2359982608828045,0.444549121514566,0.31945261760262955
9641,0.22655498954207876,0.45724319118614526,0.316201819271776
9642,0.23924573187797368,0.4677612475510775,0.2929930205709488
9643,0.20109311194312543,0.47645638454196493,0.3224505035149096
9644,0.2520986005235066,0.41896477984696956,0.3289366196295239
9645,0.2384015386317079,0.4495269148855659,0.3120715464827262
9646,0.2499309979428365,0.4891391096175034,0.26092989243966014
9647,0.251788654184955,0.47090357924956533,0.2773077665654797
9648,0.23744508856493993,0.46706251746256905,0.29549239397249105
9649,0.23809092606457588,0.46076747538356894,0.30114159855185524
9650,0.185274373605879,0.4908205176683702,0.3239051087257508
9651,0.22481274428721718,0.4779852701198768,0.29720198559290606
9652,0.25422738281390417,0.43853866175096157,0.30723395543513426
9653,0.24526993082169887,0.44849763708594903,0.30623243209235207
9654,0.2835097625732404,0.4521719228545022,0.26431831457225735
9655,0.23138596950132853,0.4742679705313277,0.2943460599673438
9656,0.22661841594989737,0.45968194567081466,0.313699638379288
9657,0.2393999812422361,0.463535736411308,0.2970642823464559
9658,0.26768027269406597,0.4166208814238711,0.3156988458820629
9659,0.24224153999699563,0.4649464444274914,0.292812015575513
9660,0.26099794306947116,0.47364647384553166,0.2653555830849972
9661,0.2406040585942622,0.4843980932702246,0.27499784813551315
9662,0.22310652876350742,0.49858190053237295,0.2783115707041196
9663,0.2110511156029176,0.49450088436550965,0.29444800003157273
9664,0.24980350062944087,0.4751794091041891,0.27501709026637006
9665,0.2452099459087808,0.4729300964871716,0.2818599576040476
9666,0.21577327489313755,0.49441797586210656,0.28980874924475586
9667,0.22736518799255012,0.48694150046191575,0.2856933115455341
9668,0.2695155471003023,0.4776145573449494,0.2528698955547483
9669,0.218025300769465,0.5044091216943776,0.2775655775361574
9670,0.19866671920688572,0.48011739915133855,0.3212158816417757
9671,0.18066275400625603,0.5400626863127919,0.27927455968095205
9672,0.17248426512297826,0.5459409556997036,0.2815747791773182
9673,0.18588776074871047,0.5039270677795177,0.3101851714717719
9674,0.15754868810163797,0.545606428719687,0.296844883178675
9675,0.18048327833706793,0.5233925054404329,0.2961242162224992
9676,0.21840711710766386,0.4422285852768151,0.33936429761552106
9677,0.18724709488611196,0.5142962499586589,0.2984566551552291
9678,0.19835882941228428,0.49883066595625253,0.3028105046314632
9679,0.2289434777980444,0.4639127164448523,0.30714380575710326
9680,0.25385048708073116,0.4378604034364146,0.3082891094828542
9681,0.237118307660752,0.4672482557783246,0.29563343656092345
9682,0.20860403068784786,0.48382085208520026,0.30757511722695186
9683,0.2282192393856225,0.4747233959150755,0.297057364699302
9684,0.1811554326692163,0.4617290458957361,0.3571155214350476
9685,0.2394618858545404,0.44395522482343874,0.31658288932202083
9686,0.2575292523480629,0.4364704858145966,0.3060002618373405
9687,0.2205227753704543,0.4745219389494079,0.30495528568013774
9688,0.20482359128916736,0.4937816817973781,0.3013947269134546
9689,0.19582227999272497,0.4800268231792523,0.3241508968280227
9690,0.24926430178573764,0.4514643776004474,0.299271320613815
9691,0.23513657411542407,0.4716329846039033,0.2932304412806726
9692,0.25279599024445265,0.45059985903846933,0.2966041507170781
9693,0.2086264252359333,0.48457197296129867,0.306801601802768
9694,0.25252533331520405,0.4359732342728958,0.3115014324119001
9695,0.24271328513006768,0.47058493796835715,0.28670177690157517
9696,0.1910016701357352,0.4537406013402659,0.35525772852399895
9697,0.2201574001635228,0.493411284530408,0.2864313153060692
9698,0.24275767281243055,0.46279198639979713,0.2944503407877723
9699,0.2071382153587672,0.48613924646102247,0.30672253818021034
9700,0.21583472779215201,0.5041575289571043,0.2800077432507437
9701,0.25200710923102276,0.42727163552785036,0.3207212552411269
9702,0.23754552431955975,0.4479777837430175,0.3144766919374228
9703,0.2767607896772841,0.4469218027432212,0.27631740757949463
9704,0.22165898630741035,0.4593188327078807,0.31902218098470897
9705,0.20871750945295603,0.4709406999381914,0.3203417906088526
9706,0.18034241823424774,0.5165013760517672,0.3031562057139851
9707,0.2567175164829893,0.45522892360521167,0.28805355991179904
9708,0.24820806633695774,0.4927020641234111,0.2590898695396311
9709,0.26638179824761055,0.44580663369285456,0.28781156805953495
9710,0.28402218181026223,0.3851388949385835,0.33083892325115427
9711,0.24515051288201034,0.4393120070463068,0.31553748007168286
9712,0.223614627465021,0.47892540970887615,0.2974599628261029
9713,0.22043759052470957,0.45328157006630465,0.3262808394089858
9714,0.24988058077226002,0.4614648175687173,0.2886546016590226
9715,0.23856175529763404,0.46939099792158023,0.2920472467807857
9716,0.2423068716039343,0.4450419821206347,0.31265114627543095
9717,0.2363554755709921,0.48752593559729857,0.2761185888317093
9718,0.27194796141717775,0.4141452181031185,0.31390682047970375
9719,0.20667818824935294,0.49722647976909434,0.2960953319815527
9720,0.2493410379147073,0.44597340558268866,0.30468555650260404
9721,0.2370854752857152,0.44381046965135196,0.3191040550629329
9722,0.21010673249211181,0.4891005203046943,0.3007927472031939
9723,0.26954522235130474,0.43541531943676004,0.2950394582119352
9724,0.19501311692451026,0.4950675958981613,0.3099192871773284
9725,0.21206933665888278,0.4867328505092684,0.3011978128318489
9726,0.24730621588985946,0.41682546831097084,0.3358683157991697
9727,0.23451219680110197,0.4669711873471738,0.29851661585172423
9728,0.24307252067542678,0.4791148083077176,0.27781267101685564
9729,0.24016828149613298,0.45544352280331174,0.3043881957005553
9730,0.26581637616618786,0.45530862408199,0.2788749997518221
9731,0.29786283681929127,0.4258735365178379,0.27626362666287085
9732,0.27269398838737197,0.4227723933980323,0.30453361821459574
9733,0.3098182379621264,0.43534573244075797,0.25483602959711565
9734,0.2660269279407405,0.44886139765618843,0.28511167440307106
9735,0.27031131822285115,0.4418018721383203,0.28788680963882857
9736,0.27128901191663335,0.4463215292195092,0.28238945886385747
9737,0.29246371667348353,0.438434173627291,0.2691021096992255
9738,0.26410327258372296,0.45173259528090143,0.2841641321353756
9739,0.2826592564888742,0.4645882756099515,0.25275246790117434
9740,0.24325420523774227,0.45999972762650637,0.29674606713575136
9741,0.2635101938852242,0.45405514696529653,0.28243465914947935
9742,0.2526173297309182,0.48532912868276756,0.2620535415863142
9743,0.22752713002405897,0.49085878420811047,0.2816140857678306
9744,0.25532477308512,0.4624175561844359,0.28225767073044405
9745,0.215606254731263,0.5204655455314561,0.26392819973728093
9746,0.25384413046178855,0.4788598600506666,0.26729600948754484
9747,0.22316950683232045,0.4735160894701138,0.30331440369756574
9748,0.19449172016226005,0.5088477059676529,0.29666057387008704
9749,0.2264423347693571,0.47657920444341145,0.2969784607872315
9750,0.23105356257536158,0.47441984587982544,0.294526591544813
9751,0.2792833227205906,0.46009254902103797,0.26062412825837145
9752,0.25979038645847347,0.455117303383515,0.2850923101580115
9753,0.26433535969845373,0.4557378947825595,0.27992674551898683
9754,0.256734433705777,0.462753433958454,0.2805121323357691
9755,0.23473931153348973,0.4620671391333621,0.3031935493331482
9756,0.2903315938513842,0.43660558060528215,0.2730628255433336
9757,0.30293381928063456,0.414642080801663,0.28242409991770245
9758,0.2973306067702321,0.4195258321087009,0.283143561121067
9759,0.28016902341444383,0.44112555885907945,0.2787054177264767
9760,0.28581953209121946,0.41753394722507825,0.2966465206837023
9761,0.26656089849076825,0.45667585264034805,0.2767632488688837
9762,0.25543291003625584,0.4407994375371212,0.3037676524266229
9763,0.2321309104967133,0.478989014783677,0.2888800747196097
9764,0.24756806668164008,0.4755039566673916,0.27692797665096835
9765,0.2854420742038297,0.45128172648566245,0.26327619931050783
9766,0.2853248932368742,0.46151007059094895,0.25316503617217684
9767,0.2926388070007929,0.4405594379927024,0.2668017550065046
9768,0.2807106293488935,0.4333876830465874,0.28590168760451906
9769,0.22417640519065127,0.47466701216914703,0.3011565826402017
9770,0.28746001957424844,0.4423636628394048,0.27017631758634675
9771,0.26652932269062,0.45695837752263635,0.27651229978674363
9772,0.2694540048542816,0.4465900698543548,0.28395592529136365
9773,0.28207103417404267,0.4280638540223918,0.28986511180356556
9774,0.2623201384105428,0.43261354293886267,0.3050663186505945
9775,0.21535547005413513,0.4426184639586099,0.342026065987255
9776,0.23169136244457825,0.44516542672094567,0.32314321083447606
9777,0.2539186346593376,0.4460554675562843,0.3000258977843781
9778,0.2958916074309503,0.39021541908994595,0.3138929734791038
9779,0.2366640007745608,0.4629599778800328,0.3003760213454064
9780,0.23212643944533162,0.45599619659182045,0.31187736396284793
9781,0.26966603529537353,0.4695818216488054,0.2607521430558211
9782,0.23562653579208298,0.46790197073244355,0.29647149347547347
9783,0.2518894419229978,0.44008931795244016,0.30802124012456206
9784,0.25795870074552235,0.43823496091688857,0.30380633833758913
9785,0.21919750520771789,0.4745526602411993,0.30624983455108284
9786,0.2979205611472367,0.39888641425389754,0.30319302459886577
9787,0.25694193843575924,0.4457675866428715,0.29729047492136923
9788,0.2686799038884942,0.44075663727645115,0.29056345883505463
9789,0.2641171257408652,0.39221558327321776,0.34366729098591703
9790,0.26507049492590423,0.44432905707370574,0.29060044800039003
9791,0.2600868700612277,0.4531895965251975,0.28672353341357476
9792,0.3127923243932234,0.3941464769890647,0.2930611986177119
9793,0.3450476452749372,0.4142620219203456,0.24069033280471722
9794,0.3238818444164558,0.389244979896989,0.28687317568655524
9795,0.31126630505806846,0.41584231577812236,0.2728913791638092
9796,0.24632809025324703,0.44316799376302396,0.310503915983729
9797,0.23703267069208417,0.456148098329626,0.30681923097828984
9798,0.271665654228271,0.4090001382136642,0.31933420755806485
9799,0.2444189611309122,0.41785391462634197,0.3377271242427458
9800,0.26093335587429756,0.4224392724637209,0.3166273716619815
9801,0.33029751984596173,0.3659056306023884,0.3037968495516498
9802,0.31845982523627986,0.39373510972087256,0.2878050650428476
9803,0.3167277659066241,0.3900159960741906,0.29325623801918527
9804,0.273831569049458,0.41408818598176794,0.31208024496877407
9805,0.246668783805826,0.44373436074897427,0.30959685544519977
9806,0.2376143210959273,0.46281166531788115,0.2995740135861915
9807,0.27898454345492385,0.434702818616712,0.28631263792836414
9808,0.2977421324498799,0.44511694640834715,0.257140921141773
9809,0.2470247520568991,0.41888592885671183,0.33408931908638906
9810,0.18974409493290662,0.48004303787391306,0.3302128671931803
9811,0.2229978384679521,0.5042015269250573,0.2728006346069906
9812,0.2591374060202137,0.44739193805879435,0.293470655920992
9813,0.26570018631616177,0.44626475650705527,0.28803505717678296
9814,0.296172690538255,0.4272612811641562,0.27656602829758875
9815,0.2516945987551905,0.44069587531604965,0.30760952592875984
9816,0.2694695123729357,0.4665856475437574,0.2639448400833068
9817,0.258711812899039,0.4342189478560013,0.3070692392449597
9818,0.31054593553111204,0.4226344992005799,0.2668195652683081
9819,0.2791561048400167,0.41501419633294134,0.305829698827042
9820,0.2276249791334264,0.4368677428206449,0.33550727804592867
9821,0.30175342630148166,0.41980448379871144,0.2784420898998069
9822,0.2813103148458376,0.4108918338818387,0.3077978512723237
9823,0.2722464352761276,0.43266738133099203,0.2950861833928804
9824,0.30249078327634266,0.4212690429788843,0.27624017374477305
9825,0.27185817629387926,0.4467546565928495,0.28138716711327116
9826,0.23622622645641128,0.46349322861328335,0.30028054493030537
9827,0.2986454969806898,0.4173580016862353,0.28399650133307486
9828,0.309783164264546,0.41238103245012486,0.27783580328532914
9829,0.26836985139840835,0.43739486799673694,0.2942352806048547
9830,0.23464459239830437,0.4665304340343959,0.2988249735672997
9831,0.21730112735544935,0.4528244000304361,0.3298744726141145
9832,0.2994607575356024,0.426479229060778,0.2740600134036196
9833,0.23265589667005482,0.47221754029057744,0.29512656303936774
9834,0.22756592303094736,0.4625644909303628,0.30986958603868986
9835,0.21936143755655355,0.47828829403960277,0.3023502684038437
9836,0.23569200779176544,0.44104547145292927,0.3232625207553053
9837,0.26958661066702033,0.44639010104464993,0.28402328828832973
9838,0.24351412001716574,0.4278523149914171,0.3286335649914171
9839,0.2633094839612151,0.4518390721237435,0.28485144391504136
9840,0.2726758746711031,0.44510383551237503,0.28222028981652186
9841,0.23076941032571907,0.47153758213415475,0.2976930075401262
9842,0.2043794221735225,0.44996420719710883,0.34565637062936866
9843,0.23214553900148546,0.44420000844247043,0.3236544525560441
9844,0.2651253616114726,0.4306327120439271,0.30424192634460023
9845,0.22531836215076204,0.454589913360058,0.32009172448917994
9846,0.2194413739082363,0.5009518735580324,0.2796067525337314
9847,0.24160772631676875,0.4467560627800395,0.31163621090319177
9848,0.24441677080452032,0.4552240111441643,0.3003592180513154
9849,0.22462266121089364,0.4422286509385931,0.3331486878505133
9850,0.23910806911561683,0.4570400618507273,0.30385186903365585
9851,0.30296987815430654,0.41417386203727047,0.282856259808423
9852,0.24701518196617306,0.46654601417983627,0.2864388038539906
9853,0.22160204784776502,0.46437758885860325,0.3140203632936317
9854,0.22309073798798373,0.456916129251047,0.3199931327609692
9855,0.25886896353608313,0.4382216086889288,0.30290942777498814
9856,0.28849489662307354,0.4330758942819958,0.2784292090949307
9857,0.30160720742995784,0.44482774180587537,0.25356505076416685
9858,0.2976741506110589,0.4035747665273323,0.2987510828616088
9859,0.31792512885804053,0.3690904713680622,0.31298439977389725
9860,0.2757622167581575,0.423286017656529,0.30095176558531356
9861,0.25665435214905236,0.440137327205682,0.30320832064526565
9862,0.2633772273124328,0.4595754167096391,0.27704735597792807
9863,0.3149171066384299,0.397569408900121,0.2875134844614491
9864,0.26817125846079903,0.41964933245785063,0.31217940908135033
9865,0.30449774530202794,0.4091531227952778,0.28634913190269423
9866,0.28314531724599973,0.447800424994965,0.26905425775903524
9867,0.29661541543659586,0.3758140132965822,0.32757057126682193
9868,0.32495813190959205,0.3595403602962931,0.31550150779411484
9869,0.31833498009378347,0.35809440462498826,0.32357061528122827
9870,0.299787176643386,0.4391914276368006,0.2610213957198134
9871,0.26585778575186664,0.44580042424515953,0.2883417900029738
9872,0.3152157180862106,0.3940125895432059,0.29077169237058353
9873,0.28501245788456864,0.3995013592576269,0.31548618285780444
9874,0.28182390970517845,0.4165432288046247,0.30163286149019686
9875,0.22099551179510935,0.47869731258918924,0.3003071756157014
9876,0.25021313798144873,0.4243846346181227,0.3254022274004285
9877,0.28944874088911987,0.420688818887043,0.2898624402238371
9878,0.2633354476787116,0.4125240697867946,0.3241404825344938
9879,0.28745308876018694,0.44062395991899495,0.2719229513208181
9880,0.2996519261081721,0.39214942941808134,0.30819864447374656
9881,0.24254812104656517,0.4636035239840426,0.29384835496939227
9882,0.2536046987968987,0.4337131715042113,0.31268212969889003
9883,0.2626272329424866,0.43910369908139124,0.2982690679761222
9884,0.2682688983898845,0.42205174336530654,0.30967935824480897
9885,0.30718201552052127,0.43320345245564246,0.2596145320238363
9886,0.34464241841231386,0.40381762718237546,0.25153995440531074
9887,0.2854819318808801,0.46123164837357405,0.25328641974554583
9888,0.2771361334225761,0.4291848570945928,0.2936790094828311
9889,0.3017557354368431,0.4141136401181159,0.284130624445041
9890,0.30716722430050614,0.413049111221396,0.2797836644780979
9891,0.27740098333735713,0.42085809171957067,0.3017409249430722
9892,0.27238037781872104,0.4288805380880778,0.2987390840932012
9893,0.28924781953229295,0.4283843087815506,0.28236787168615646
9894,0.323051489864311,0.3839977620155037,0.29295074812018534
9895,0.23895807859778803,0.4685526114492002,0.2924893099530118
9896,0.29744369335547033,0.4374882043502946,0.265068102294235
9897,0.2629906962396222,0.4580177113368105,0.2789915924235673
9898,0.28066566467294074,0.43534263340421586,0.28399170192284334
9899,0.3086590657264905,0.39661928805380303,0.2947216462197065
9900,0.27633180815909514,0.409215194906242,0.3144529969346629
9901,0.2918559496183087,0.4086107790357574,0.29953327134593394
9902,0.25902056511042043,0.4616021775977214,0.27937725729185814
9903,0.2926485391472436,0.4273592580846138,0.2799922027681427
9904,0.2885871255983257,0.43388859584781214,0.27752427855386214
9905,0.2859305588815872,0.43503262914227825,0.27903681197613456
9906,0.30064219290972255,0.42839043700409707,0.2709673700861804
9907,0.2964785459687945,0.4489566679785678,0.2545647860526376
9908,0.3098987307797457,0.43047612614497005,0.25962514307528417
9909,0.34887006518118024,0.4161308996251444,0.2349990351936754
9910,0.3236191539854961,0.41189787983342796,0.2644829661810759
9911,0.3320022704425878,0.39847556655450667,0.2695221630029055
9912,0.31526649736761797,0.41493573852095156,0.2697977641114305
9913,0.3214392604089963,0.40731650077064835,0.27124423882035537
9914,0.2772642430866897,0.4337388939167718,0.28899686299653854
9915,0.27922078192930844,0.4228246175382045,0.29795460053248707
9916,0.31166878438168955,0.39680342266648505,0.29152779295182535
9917,0.28860357548109034,0.42330937621540876,0.2880870483035009
9918,0.284769215352647,0.41289866096223105,0.30233212368512197
9919,0.2807473472475226,0.4162092194577483,0.30304343329472905
9920,0.3038122096217971,0.4216704721478272,0.2745173182303757
9921,0.30779524228921806,0.41320737754106623,0.2789973801697157
9922,0.2693427917923559,0.43406357940796236,0.29659362879968176
9923,0.22776004187246424,0.46869746669146267,0.3035424914360731
9924,0.24852866321916242,0.46525265788896586,0.2862186788918717
9925,0.29900398075479345,0.4416525858794798,0.25934343336572674
9926,0.28853704458925405,0.42349756308528136,0.28796539232546453
9927,0.2553929256255436,0.4402366631220272,0.3043704112524292
9928,0.27947960696861385,0.43594022760848616,0.28458016542289993
9929,0.29339018185244514,0.4375523711964592,0.2690574469510957
9930,0.28069914991644207,0.4452048416720479,0.27409600841151005
9931,0.27880974010657655,0.430717009413442,0.29047325047998146
9932,0.30166726048478154,0.42793358075336313,0.27039915876185533
9933,0.2761186188250327,0.42955850322895367,0.2943228779460136
9934,0.31589028106498096,0.4195485593257614,0.26456115960925763
9935,0.2934573051083814,0.3977823792260527,0.3087603156655659
9936,0.29637581324620516,0.3972004582259409,0.30642372852785393
9937,0.32215633743829714,0.38516682131144525,0.29267684125025767
9938,0.33388441968057786,0.3756643841432098,0.29045119617621235
9939,0.3511671095041913,0.35709215232852354,0.2917407381672852
9940,0.32767390287212766,0.3496655859037973,0.322660511224075
9941,0.2601794904375834,0.40979136493341695,0.3300291446289996
9942,0.31019667133565815,0.353060337079412,0.3367429915849299
9943,0.30220592418609776,0.3741860177148504,0.3236080580990519
9944,0.333565557777098,0.36504678514843464,0.30138765707446735
9945,0.34284107374753997,0.36102564907948165,0.2961332771729784
9946,0.3045989603658803,0.3978927896624984,0.2975082499716213
9947,0.30329009915897703,0.3769394793257476,0.31977042151527535
9948,0.31026461991412074,0.40609950738018635,0.28363587270569285
9949,0.2730070403066423,0.41779620883237484,0.30919675086098286
9950,0.32714846997676816,0.3723551414893398,0.30049638853389204
9951,0.36294579074547356,0.3517803146461547,0.2852738946083717
9952,0.30792354333066896,0.42175329891447716,0.27032315775485394
9953,0.35381335289493754,0.3703499575223737,0.27583668958268875
9954,0.3069197478183387,0.41417682961236063,0.2789034225693007
9955,0.3969383434362307,0.3427113716986771,0.26035028486509215
9956,0.3187566943464165,0.3965859322509312,0.2846573734026523
9957,0.2998798043785163,0.4206941646583837,0.2794260309631
9958,0.36050197256628747,0.3792749497711785,0.26022307766253405
9959,0.3549086634817517,0.3465538371934281,0.2985374993248202
9960,0.32151248338151317,0.3736479293720223,0.3048395872464646
9961,0.3061893239942074,0.39628699984885496,0.29752367615693764
9962,0.3510588837679248,0.3625563835954884,0.2863847326365867
9963,0.3019725917361569,0.40541600423246255,0.29261140403138053
9964,0.31570917502653945,0.3840555854394151,0.3002352395340455
9965,0.2997971315781155,0.4169126704173107,0.2832901980045738
9966,0.3120728164349914,0.39769125757269475,0.29023592599231385
9967,0.36458308303857384,0.37432569043577174,0.2610912265256544
9968,0.31849535207794377,0.4009426539262739,0.28056199399578235
9969,0.2509829349539399,0.44448114927136423,0.30453591577469585
9970,0.36582115341071003,0.3711555064240072,0.2630233401652827
9971,0.3192726051740093,0.4189603968262082,0.2617669979997825
9972,0.3169358510292191,0.39825450790936257,0.2848096410614183
9973,0.317044166906845,0.41348804959522134,0.26946778349793366
9974,0.27545064090060617,0.40668270870541673,0.31786665039397705
9975,0.30258905719101425,0.39728631401995845,0.3001246287890273
9976,0.27051802285804505,0.4169015277436671,0.31258044939828783
9977,0.27902617865151813,0.41654947343560456,0.3044243479128773
9978,0.27464508180897024,0.4109610986103219,0.3143938195807079
9979,0.2768144958657353,0.36820316770379535,0.35498233643046934
9980,0.31126385956934094,0.36229012289431733,0.3264460175363417
9981,0.3063492297097246,0.3952424619084317,0.2984083083818437
9982,0.2807887463508831,0.4136516790678843,0.3055595745812326
9983,0.3381237097131469,0.3404064587508625,0.32146983153599057
9984,0.2685334251960024,0.3977191776183611,0.3337473971856365
9985,0.3135250552538675,0.3783609280224169,0.30811401672371563
9986,0.2648910423806546,0.43082758811562544,0.30428136950372
9987,0.2660679528659597,0.4164025796214796,0.3175294675125607
9988,0.2964075825541135,0.3896304391949099,0.3139619782509766
9989,0.28430667021883743,0.387088848230176,0.32860448155098665
9990,0.29472281749651436,0.40904738307095356,0.2962297994325321
9991,0.29908982756890795,0.40304324654662205,0.29786692588447
9992,0.31279466558868935,0.36338073130551984,0.3238246031057908
9993,0.3143380043034501,0.393782680185729,0.2918793155108209
9994,0.27305415649441034,0.3988035617307038,0.3281422817748858
9995,0.2482877009010978,0.4342785019998481,0.3174337970990541
9996,0.272606561127258,0.42309522259478843,0.30429821627795356
9997,0.2753371429153676,0.4153172765568903,0.3093455805277421
9998,0.29297952019933005,0.41119522635498423,0.29582525344568567
9999,0.26175611048887265,0.3630122151434275,0.37523167436769983
10000,0.22841413189859042,0.4161836551320953,0.35540221296931424
10001,0.25846794774142806,0.4219471152039148,0.3195849370546572
10002,0.2761586671042204,0.4134826610509033,0.3103586718448763
10003,0.2375837245715082,0.43684876433000125,0.3255675110984905
10004,0.2589395615070002,0.38785286609672803,0.35320757239627176
10005,0.2680667688294741,0.4217520643142267,0.31018116685629926
10006,0.24179564233330367,0.4000261275706539,0.35817823009604244
10007,0.29420324779086116,0.37877621195566985,0.327020540253469
10008,0.2531886324440966,0.4491278685811716,0.2976834989747318
10009,0.2980214835838383,0.3910734984063563,0.31090501800980536
10010,0.2626886907805518,0.43594310879580683,0.30136820042364143
10011,0.3028663461974351,0.4324943917030757,0.26463926209948924
10012,0.32346997805458705,0.3743856423790003,0.30214437956641266
10013,0.2703495330762718,0.41605163162548714,0.31359883529824106
10014,0.347640265296981,0.36001487110862823,0.29234486359439077
10015,0.26699911239499297,0.4398373538630156,0.2931635337419914
10016,0.2980949895192811,0.4181755497446422,0.28372946073607663
10017,0.2518752013252957,0.4340206044078029,0.31410419426690145
10018,0.2351060153874877,0.467253659474507,0.2976403251380053
10019,0.25495405218220757,0.417953707602099,0.32709224021569344
10020,0.2670291104501131,0.4011705442067952,0.33180034534309166
10021,0.25822781424780955,0.4246901081225123,0.31708207762967816
10022,0.27028353745528194,0.42830563383090814,0.30141082871380986
10023,0.23512970481238643,0.4592045872649566,0.305665707922657
10024,0.3017628832275715,0.38416606700900463,0.3140710497634238
10025,0.2939082401050176,0.40266510656344906,0.30342665333153335
10026,0.27789050503850393,0.41939594775917977,0.3027135472023163
10027,0.27125555690458253,0.43521338869198173,0.29353105440343574
10028,0.28512798078725815,0.4449956189744957,0.26987640023824616
10029,0.3132421612413554,0.3889943459605883,0.29776349279805636
10030,0.3372711086188662,0.41578030278687395,0.2469485885942598
10031,0.3520844512487358,0.37887538851626107,0.26904016023500316
10032,0.3360447515679895,0.38209828919450883,0.28185695923750165
10033,0.28857422047982256,0.4262495967151325,0.2851761828050449
10034,0.3018232321021166,0.3912019808434151,0.30697478705446835
10035,0.28390227033234483,0.4566790313161664,0.25941869835148884
10036,0.29651398822391334,0.43375833495817334,0.2697276768179134
10037,0.24992551918854874,0.4698430304621608,0.2802314503492905
10038,0.26131383341978115,0.45797085836207707,0.2807153082181418
10039,0.289523861950373,0.407862280660365,0.302613857389262
10040,0.280858033716122,0.41576485684631337,0.30337710943756463
10041,0.2755709351638651,0.4398583837984769,0.284570681037658
10042,0.2983535970318799,0.419317599666532,0.2823288033015881
10043,0.295102554065918,0.4190358967061982,0.2858615492278838
10044,0.29920662802232556,0.3901416853434543,0.31065168663422016
10045,0.2822707005799433,0.4376696563240827,0.28005964309597403
10046,0.23931965519725584,0.48309892546299227,0.27758141933975194
10047,0.31065422278405547,0.43501218495678723,0.2543335922591573
10048,0.2497031820737437,0.42991997312669866,0.32037684479955764
10049,0.2780273833982839,0.4298428314359081,0.29212978516580795
10050,0.27273915629692036,0.45260032766460423,0.2746605160384754
10051,0.23049219288502107,0.4684526172845793,0.3010551898303996
10052,0.28983354424341823,0.4363410185472412,0.27382543720934055
10053,0.2661594427644672,0.4462756196531493,0.2875649375823835
10054,0.25958589675823734,0.46223340371048327,0.27818069953127933
10055,0.29290091281556535,0.43788030383594734,0.2692187833484873
10056,0.306574789384313,0.40902042980944525,0.2844047808062418
10057,0.30328423842641294,0.4230951155900975,0.2736206459834896
10058,0.2907348575595021,0.4321952358154037,0.2770699066250942
10059,0.227147163089551,0.48980612664249557,0.28304671026795347
10060,0.27071048211609994,0.4526438868364615,0.27664563104743856
10061,0.2500215058283714,0.468695233932162,0.2812832602394666
10062,0.26343275496683405,0.48956633536658944,0.2470009096665765
10063,0.30368260200498015,0.4469907365259186,0.24932666146910124
10064,0.2830906939724518,0.4343687572837806,0.28254054874376766
10065,0.2632435568661039,0.4901976409673509,0.24655880216654524
10066,0.26956922011303525,0.4788424932096364,0.2515882866773284
10067,0.3060693590119611,0.4619830019162116,0.23194763907182728
10068,0.2747755472634666,0.47767242842008106,0.24755202431645232
10069,0.2570730545095247,0.506406759327867,0.23652018616260825
10070,0.23986343727796355,0.4992931607648618,0.26084340195717465
10071,0.2563097250927179,0.49440539073938045,0.24928488416790168
10072,0.29134483828296764,0.47503666392435967,0.23361849779267269
10073,0.2679242255509651,0.49241429852040375,0.23966147592863113
10074,0.2774016897983315,0.4767504066494511,0.2458479035522174
10075,0.2761654806742794,0.48058566091769794,0.24324885840802266
10076,0.29379745409226155,0.44816380543304807,0.2580387404746904
10077,0.27334954825569846,0.5030039677682835,0.22364648397601805
10078,0.2276115948233544,0.527001089036762,0.24538731613988352
10079,0.2803232252714171,0.4682927819864973,0.2513839927420855
