time,u_pdu6,v_pdu6,switch_pdu6,u_pdu7,v_pdu7,switch_pdu7,u_pdu8,v_pdu8,switch_pdu8,u_pdu9,v_pdu9,switch_pdu9,u_pdu10,v_pdu10,switch_pdu10,hitting_cost,max_switching_cost,total_switching_cost,w_1,d_1,w_2,d_2,w_3,d_3
2143500000000,0.6624874335818014,0.688,0.9240758125200113,0.6624874328909139,0.683,0.9240758046617742,0.6624874340155621,0.694,0.9240758174536576,0.6624874340081853,0.716,0.9240758173697534,0.6624874356774563,0.7190000000000001,0.9240758363562421,0.006671735415367599,0.9240758363562421,4.620379088361439,0.5773502691896258,2.667577110423595,0.5773502691896258,2.667577110423595,0.5773502691896258,2.667577110423595
2143800000000,0.6969995290130044,0.689,0.041687965586836295,0.6909995386573483,0.6829999999999999,0.0284529061332719,0.7019993904707114,0.694,0.05464181460197641,0.7041304501048757,0.715,0.06069492763702258,0.7041304547816566,0.719,0.06069493640394774,0.00043953800627231395,0.06069493640394774,0.2461725503630549,0.5773502691896258,0.14212778821920646,0.5773502691896258,0.14212778821920646,0.5773502691896258,0.14212778821920646
2144100000000,0.6915480046451974,0.6902,0.0010401691276477913,0.6845480071311998,0.6832,0.0014567790661510905,0.6935480201756519,0.6922,0.0024998980952474882,0.7151779486585145,0.7152000000000001,0.004271652850242748,0.715178017152329,0.7192000000000001,0.004271702201686382,0.000358914141613779,0.004271702201686382,0.0135402013409755,0.5773502691896258,0.007817438889093937,0.5773502691896258,0.007817438889093937,0.5773502691896258,0.007817438889093937
2144400000000,0.69142427518698,0.6911999999999999,5.358142590767351e-07,0.6824244960137773,0.6821999999999999,0.00015782548130359087,0.6898698873473361,0.6891999999999999,0.00047350313859569065,0.7174240002353897,0.7172,0.00017656616900942274,0.7188573292037042,0.7202,0.0004738068009988102,0.0011893014558045643,0.0004738068009988102,0.0012822374041665911,0.5773502691896258,0.0007403001104605884,0.5773502691896258,0.0007403001104605884,0.5773502691896258,0.0007403001104605884
2144700000000,0.6939014924530754,0.6948000000000001,0.0002147811884204408,0.6848120311292963,0.6848000000000001,0.0001995113374742772,0.6873977838077977,0.6868000000000001,0.00021389535685694297,0.7149943080135377,0.7148000000000001,0.00020661915025247779,0.7188943293553302,0.7188000000000001,4.791539271214153e-08,0.0010207068457035535,0.0002147811884204408,0.0008348549483968509,0.5773502691896258,0.00048200372919121305,0.5773502691896258,0.00048200372919121305,0.5773502691896258,0.00048200372919121305
2145000000000,0.6974569242895803,0.6978,0.0004424383440411321,0.6874584343632516,0.6878,0.0002451207526841107,0.6874584868566654,0.6878,1.2897010496436657e-07,0.7124585424316814,0.7128,0.0002250537480144472,0.7151676098817147,0.7138,0.0004860953312258667,0.0007407690121031727,0.0004860953312258667,0.0013988371460705211,0.5773502691896258,0.0008076190028362633,0.5773502691896258,0.0008076190028362633,0.5773502691896258,0.0008076190028362633
2145300000000,0.6973610336262387,0.6974,3.2182567606316367e-07,0.6859484775062896,0.6854,7.979893984602759e-05,0.6889684397211076,0.6894,7.979851784929266e-05,0.7133609754025049,0.7134,2.850348433902558e-05,0.7143610718002995,0.7144,2.2767628687050543e-05,0.000689145846538814,7.979893984602759e-05,0.00021119039639745952,0.5773502691896258,0.00012193083221033704,0.5773502691896258,0.00012193083221033704,0.5773502691896258,0.00012193083221033704
2145600000000,0.6946079117407774,0.6936,0.0002652888040672065,0.6833505530204113,0.6836,0.00023622240720142318,0.6903473570529518,0.6906,6.654945528211666e-05,0.7153470860895798,0.7156,0.00013806224814595715,0.7163470824702362,0.7166,0.00013804834333857693,0.0007575351030203875,0.0002652888040672065,0.0008441712580352804,0.5773502691896258,0.00048738250306881427,0.5773502691896258,0.00048738250306881427,0.5773502691896258,0.00048738250306881427
2145900000000,0.6910898602294849,0.6898,0.0004331840252637543,0.6814780863753532,0.6818,0.00012271459678991984,0.6914778539393747,0.6918,4.4730812357412364e-05,0.7164778480159837,0.7168,4.475178869716573e-05,0.7194763341594335,0.7198,0.00034272756470204763,0.000578640106339058,0.0004331840252637543,0.0009881087878102998,0.5773502691896258,0.0005704848746309114,0.5773502691896258,0.0005704848746309114,0.5773502691896258,0.0005704848746309114
2146200000000,0.68853590081056,0.6876,0.00022829480497303054,0.6823660209489995,0.6826,2.7594973247670356e-05,0.6933659266729145,0.6936,0.00012476865264978356,0.7153661343972348,0.7156,4.3256750953907755e-05,0.720366010865671,0.7206,2.770336245675741e-05,0.00044944752992246177,0.00022829480497303054,0.0004516185442811496,0.5773502691896258,0.0002607420881117487,0.5773502691896258,0.0002607420881117487,0.5773502691896258,0.0002607420881117487
2146500000000,0.6884212937896211,0.6884,4.597169236971799e-07,0.6824210343458774,0.6824,1.0592658426184706e-07,0.6926173039683259,0.6924,1.9615258383896447e-05,0.7161193210126713,0.7164,1.9855152718541035e-05,0.7204210280954919,0.7204,1.0594134520091835e-07,0.000608463962972271,1.9855152718541035e-05,4.014199595559743e-05,0.5773502691896258,2.3175992170773048e-05,0.5773502691896258,2.3175992170773048e-05,0.5773502691896258,2.3175992170773048e-05
2146800000000,0.6869670485520454,0.6865999999999999,7.4019022385412e-05,0.6836438129051906,0.6835999999999999,5.2331559179061146e-05,0.6940714983394948,0.6945999999999999,7.401384441987523e-05,0.714673643323577,0.7145999999999999,7.314943932607784e-05,0.7206439952821888,0.7205999999999999,1.740002822023536e-06,0.0001371116703911937,7.4019022385412e-05,0.0002752538681324498,0.5773502691896258,0.00015891789486175567,0.5773502691896258,0.00015891789486175567,0.5773502691896258,0.00015891789486175567
2147100000000,0.6871029934802495,0.6872,6.468358226548515e-07,0.6841029933091549,0.6842,7.3796325184689395e-06,0.6941029933272518,0.6942,3.4717698883493146e-08,0.7151029931664099,0.7152000000000001,6.451945063923395e-06,0.7195880266981618,0.7192000000000001,3.9027437765820424e-05,0.00015219410309729586,3.9027437765820424e-05,5.35405688697511e-05,0.5773502691896258,3.09116618495165e-05,0.5773502691896258,3.09116618495165e-05,0.5773502691896258,3.09116618495165e-05
2147400000000,0.6880541448949001,0.6884,3.166411547571635e-05,0.6844359802478259,0.6844,3.88081054639217e-06,0.6944359802639513,0.6944,3.880810500437513e-06,0.7144359804001046,0.7144,1.557171106449961e-05,0.7186379141900829,0.7184,3.159498223027655e-05,0.00014449005135501865,3.166411547571635e-05,8.65924298173222e-05,0.5773502691896258,4.999416266481475e-05,0.5773502691896258,4.999416266481475e-05,0.5773502691896258,4.999416266481475e-05
2147700000000,0.6881173152452408,0.6882,1.3966726067560133e-07,0.6841182726326521,0.6842,3.5328345058798453e-06,0.6951150929381482,0.6952,1.6141790848923014e-05,0.7135329498476514,0.7132000000000001,2.8541246253238944e-05,0.7191163454733825,0.7192000000000001,8.011377249389822e-06,5.766940405267397e-05,2.8541246253238944e-05,5.636691611810723e-05,0.5773502691896258,3.254345419417827e-05,0.5773502691896258,3.254345419417827e-05,0.5773502691896258,3.254345419417827e-05
2148000000000,0.6883432134105265,0.6884,1.7860493377810915e-06,0.6843445207356532,0.6844,1.7915871439057473e-06,0.6953521338686448,0.6954,1.9665940955741285e-06,0.7133725778551004,0.7134,9.001711598163636e-07,0.7185833569004209,0.7184,9.942688661770861e-06,5.294079003591337e-05,9.942688661770861e-06,1.638709039884819e-05,0.5773502691896258,9.461091053009736e-06,0.5773502691896258,9.461091053009736e-06,0.5773502691896258,9.461091053009736e-06
2148300000000,0.6866309192811374,0.686,0.00010261829149391479,0.6849999986313119,0.685,1.5037794509399311e-05,0.6949999991210867,0.695,4.33996081532399e-06,0.7129999991028718,0.713,4.858522431428371e-06,0.7189999986441726,0.719,6.075661992278272e-06,1.990295696580754e-07,0.00010261829149391479,0.00013293023124234473,0.5773502691896258,7.674730479120694e-05,0.5773502691896258,7.674730479120694e-05,0.5773502691896258,7.674730479120694e-05
2148600000000,0.6860004048120243,0.686,1.3914197351634462e-05,0.6842686381702539,0.684,1.8721084339965976e-05,0.6949999920840699,0.695,1.7331861644594849e-15,0.7129999702724239,0.713,2.9091815450145496e-14,0.7189999672957649,0.719,3.4395293414839874e-14,3.608331620302083e-08,1.8721084339965976e-05,3.263528175682073e-05,0.5773502691896258,1.8841988707379732e-05,0.5773502691896258,1.8841988707379732e-05,0.5773502691896258,1.8841988707379732e-05
2148900000000,0.6875589389834109,0.6873999999999999,8.501600671829305e-05,0.6845612800210192,0.6844,2.997373848678645e-06,0.6935618464900482,0.6933999999999999,7.238919623614885e-05,0.7147566288762192,0.7153999999999999,0.0001080047307600767,0.719561285839319,0.7193999999999999,1.1027747756820286e-05,1.7158754782381152e-05,0.0001080047307600767,0.0002794350553200175,0.5773502691896258,0.00016133190441003012,0.5773502691896258,0.00016133190441003012,0.5773502691896258,0.00016133190441003012
2149200000000,0.6878830530539176,0.6878000000000001,3.676747574514729e-06,0.6854678203121861,0.6858000000000002,2.876353548281258e-05,0.6928828018370308,0.6928000000000001,1.6138557427702288e-05,0.7148829964852408,0.7148000000000001,5.589070413444978e-07,0.7188828197563745,0.7188000000000001,1.611106789971323e-05,1.6902412484260478e-07,2.876353548281258e-05,6.524881542608731e-05,0.5773502691896258,3.767142115055572e-05,0.5773502691896258,3.767142115055572e-05,0.5773502691896258,3.767142115055572e-05
2149500000000,0.6886599993365381,0.6888,2.112759341272257e-05,0.6866528522780267,0.6868,4.915052660224401e-05,0.6926636588909925,0.6928,1.6808270779422186e-06,0.7146636454302957,0.7148,1.6840209856932254e-06,0.7173596403965052,0.7168,8.120263768160743e-05,1.2296263807779816e-05,8.120263768160743e-05,0.00015484560576020946,0.5773502691896258,8.940015216848761e-05,0.5773502691896258,8.940015216848761e-05,0.5773502691896258,8.940015216848761e-05
2149800000000,0.6867154361600741,0.686,0.00013234640815408687,0.6859999590603874,0.686,1.4919434377383249e-05,0.692999930853419,0.693,3.9577591449978595e-06,0.7139999542153217,0.714,1.5417011009178474e-05,0.7179999048033302,0.718,1.434784787264231e-05,2.559244583787436e-07,0.00013234640815408687,0.00018098846055828875,0.5773502691896258,0.00010449373642354399,0.5773502691896258,0.00010449373642354399,0.5773502691896258,0.00010449373642354399
2150100000000,0.6840001716695548,0.684,0.00025804314387162366,0.6830002696774793,0.683,0.0003149347737875981,0.6900002708182277,0.69,0.0003149286114353491,0.7103443093020629,0.709,0.0004677308906142126,0.7150002799369397,0.715,0.0003149212268673865,9.035838767583106e-07,0.0004677308906142126,0.00167055864657617,0.5773502691896258,0.0009644974842978087,0.5773502691896258,0.0009644974842978087,0.5773502691896258,0.0009644974842978087
2150400000000,0.6885360703714933,0.6902,0.0007201031961986547,0.6866159644559162,0.6862000000000001,0.0004575637055785625,0.6926159918574094,0.6922,0.000239469879418628,0.7136159824555814,0.7132000000000001,0.00037463458282088047,0.718615964885723,0.7182000000000001,0.0004575612177100288,3.330423605173652e-06,0.0007201031961986547,0.002249332581726754,0.5773502691896258,0.0012986527715569377,0.5773502691896258,0.0012986527715569377,0.5773502691896258,0.0012986527715569377
2150700000000,0.6905769700134242,0.6908,0.00014578449719517613,0.6846269072185961,0.6848,0.00013847220426674477,0.6905550011459286,0.6898,0.00014866889494835522,0.7146205592458499,0.7148,3.532110846411152e-05,0.7196205582551602,0.7198,3.532227432710552e-05,0.00021195710218371546,0.00014866889494835522,0.0005035689792014931,0.5773502691896258,0.00029073568569752716,0.5773502691896258,0.00029073568569752716,0.5773502691896258,0.00029073568569752716
2151000000000,0.6920343076325318,0.6922,7.433415276231744e-05,0.6827458320709291,0.6822,0.00012384552989096485,0.6886564489022496,0.6882,0.00012615752176924495,0.7165240611890306,0.7172000000000001,0.0001268161876692411,0.7200392889821594,0.7202000000000001,6.1367397606636176e-06,0.001538109745091908,0.0001268161876692411,0.000457290131852432,0.5773502691896258,0.0002640165807227611,0.5773502691896258,0.0002640165807227611,0.5773502691896258,0.0002640165807227611
2151300000000,0.6921659870002728,0.692,6.06880956102921e-07,0.6811661161485746,0.6809999999999999,8.734258383691235e-05,0.6871660662645891,0.6869999999999999,7.77434142324004e-05,0.7183358944660936,0.719,0.00011489589383555279,0.7211659352506036,0.721,4.442661349697063e-05,0.0024027756744312906,0.00011489589383555279,0.0003250153863579391,0.5773502691896258,0.00018764772080452638,0.5773502691896258,0.00018764772080452638,0.5773502691896258,0.00018764772080452638
2151600000000,0.6933622133287028,0.6938,5.008351000902612e-05,0.6808880744735449,0.6808,2.705751056865271e-06,0.6859736269840024,0.6858,4.976690032601065e-05,0.7178880702336445,0.7178,7.019129010900188e-06,0.721888014773052,0.7218,1.8248959285876055e-05,0.004452222540526826,5.008351000902612e-05,0.00012782424968867828,0.5773502691896258,7.379936496672035e-05,0.5773502691896258,7.379936496672035e-05,0.5773502691896258,7.379936496672035e-05
2151900000000,0.6945613843150253,0.6950000000000001,5.033038690531832e-05,0.6801215408000566,0.68,2.0565085540703214e-05,0.6851216103996457,0.685,2.5407629100662446e-05,0.7190739092659097,0.7190000000000001,4.9217497365529336e-05,0.7211215531023139,0.7210000000000001,2.0561222244873877e-05,0.005062621186622571,5.033038690531832e-05,0.00016608182115708718,0.5773502691896258,9.588738415254758e-05,0.5773502691896258,9.588738415254758e-05,0.5773502691896258,9.588738415254758e-05
2152200000000,0.6957607486328156,0.6962000000000002,5.0346616837593924e-05,0.6793105853964574,0.6792,2.3017703331936613e-05,0.6843105019190412,0.6842000000000001,2.302639385579923e-05,0.7193090702065396,0.7192000000000001,1.935523379926368e-06,0.7213090885648114,0.7212000000000001,1.2309342392953087e-06,0.0052442208309356015,5.0346616837593924e-05,9.955717164455145e-05,0.5773502691896258,5.747935984873956e-05,0.5773502691896258,5.747935984873956e-05,0.5773502691896258,5.747935984873956e-05
2152500000000,0.6973990898760426,0.698,9.394567102405499e-05,0.6791500589250998,0.6789999999999999,9.019061802278141e-07,0.6851498319640003,0.6849999999999999,2.4656622352984424e-05,0.7181505051345266,0.718,4.697955591309314e-05,0.7201505122826282,0.72,4.698046505730963e-05,0.0060027257720765516,9.394567102405499e-05,0.00021346422052767,0.5773502691896258,0.00012324362518400394,0.5773502691896258,0.00012324362518400394,0.5773502691896258,0.00012324362518400394
2152800000000,0.6981239848559634,0.698,1.8391545617002544e-05,0.6805038134354117,0.6809999999999999,6.414279459663709e-05,0.6841240928277399,0.6839999999999999,3.682492714796536e-05,0.7181240185362989,0.718,2.4553895998612367e-08,0.7191240901423097,0.719,3.68739843547568e-05,0.005062653884773462,6.414279459663709e-05,0.0001562578056123604,0.5773502691896258,9.021548613327651e-05,0.5773502691896258,9.021548613327651e-05,0.5773502691896258,9.021548613327651e-05
2153100000000,0.6977401621538801,0.6976,5.1561953322072845e-06,0.68203785638344,0.6826,8.236507182384731e-05,0.6827418607230075,0.6826,6.686979569735635e-05,0.7177401623969083,0.7176,5.157093751175647e-06,0.7197399554160678,0.7196,1.3275151239740765e-05,0.0036865976165630053,8.236507182384731e-05,0.00017282330784432735,0.5773502691896258,9.977958330616397e-05,0.5773502691896258,9.977958330616397e-05,0.5773502691896258,9.977958330616397e-05
2153400000000,0.6988958308462249,0.6988,4.674495442630269e-05,0.6833279731654054,0.6838,5.825404588880059e-05,0.6819253839518546,0.6818,2.3332201124124628e-05,0.7169254253799833,0.7168,2.3232874236176196e-05,0.718925377409177,0.7188,2.322380652586155e-05,0.0030977399080267514,5.825404588880059e-05,0.00017478788220126563,0.5773502691896258,0.00010091383083998533,0.5773502691896258,0.00010091383083998533,0.5773502691896258,0.00010091383083998533
2153700000000,0.699100083125016,0.6991999999999999,1.4601647686985427e-06,0.684706286462729,0.6851999999999999,6.649116409526981e-05,0.6830998369827116,0.6831999999999999,4.8276897259117486e-05,0.7155468248410556,0.7152,6.651888060760989e-05,0.7175469681819691,0.7172,6.650041991781469e-05,0.0019323522330304652,6.651888060760989e-05,0.0002492475266485104,0.5773502691896258,0.00014390312660536592,0.5773502691896258,0.00014390312660536592,0.5773502691896258,0.00014390312660536592
2154000000000,0.6970097069011566,0.6968,0.0001529385465046892,0.6869702881416986,0.6878,0.00017939962608319498,0.6850056817456107,0.6848,0.00012712854910945046,0.715007060597452,0.7148,1.0197090353553067e-05,0.7160072551651958,0.7158,8.297506609073413e-05,0.0006565303869355522,0.00017939962608319498,0.0005526388781416219,0.5773502691896258,0.0003190662050597182,0.5773502691896258,0.0003190662050597182,0.5773502691896258,0.0003190662050597182
2154300000000,0.6945145086173946,0.6936,0.00021791050663510733,0.6873713913421278,0.6876,5.63093220880878e-06,0.6853713931210107,0.6856,4.6810683533930705e-06,0.7163713157126794,0.7166,6.51417206798463e-05,0.716371387529568,0.7166,4.640733257414097e-06,0.0006729227649062821,0.00021791050663510733,0.00029800496113456954,0.5773502691896258,0.0001720532445308877,0.5773502691896258,0.0001720532445308877,0.5773502691896258,0.0001720532445308877
2154600000000,0.6922360682022437,0.6914,0.0001816951753887562,0.6871909842013473,0.6874,1.139135775560728e-06,0.6871909806770989,0.6874,0.00011588146059949139,0.7161909842517811,0.7164,1.1381802526406984e-06,0.7171909825697679,0.7174,2.3510761047209952e-05,0.0007748368830152833,0.0001816951753887562,0.000323364713063659,0.5773502691896258,0.00018669470413372965,0.5773502691896258,0.00018669470413372965,0.5773502691896258,0.00018669470413372965
2154900000000,0.6898684104353376,0.6890000000000001,0.00019620311554167095,0.6867829005016141,0.687,5.828630709578332e-06,0.6877828984964184,0.6880000000000001,1.2262834668975966e-05,0.716782897550205,0.7170000000000001,1.2262647349786972e-05,0.7187828927840875,0.7190000000000001,8.86962345659267e-05,0.00020297133756911996,0.00019620311554167095,0.00031525346283593894,0.5773502691896258,0.00018201167163129104,0.5773502691896258,0.00018201167163129104,0.5773502691896258,0.00018201167163129104
2155200000000,0.6826366126682671,0.68,0.0018304614630332069,0.6830000108813266,0.683,0.0005008588857747616,0.6830000199340199,0.683,0.0008006574569927738,0.7100002807314395,0.71,0.0016101361818570046,0.7115511499260667,0.71,0.001830433666758695,4.6788962674646555e-06,0.0018304614630332069,0.006572547654416441,0.5773502691896258,0.003794662157538976,0.5773502691896258,0.003794662157538976,0.5773502691896258,0.003794662157538976
2155500000000,0.6811693874741779,0.681,7.534624195595944e-05,0.6839999081782551,0.684,3.499281115417287e-05,0.6844701984453895,0.685,7.564986993524714e-05,0.7114712014264603,0.712,7.57262691864114e-05,0.7119999049947557,0.712,7.048338908593104e-06,2.9450487625549606e-07,7.57262691864114e-05,0.00026876353114038394,0.5773502691896258,0.00015517069705225505,0.5773502691896258,0.00015517069705225505,0.5773502691896258,0.00015517069705225505
2155800000000,0.6865560832387139,0.6876,0.001015577194088448,0.689342262562057,0.6876,0.0009989262626744688,0.6898568980717815,0.6886,0.0010155786502740265,0.7168582315720358,0.7186,0.0010157032826268759,0.717386512752892,0.7176,0.0010155440099004825,7.729224766551537e-05,0.0010157032826268759,0.005061329399564302,0.5773502691896258,0.002922159891295817,0.5773502691896258,0.002922159891295817,0.5773502691896258,0.002922159891295817
2156100000000,0.6866319094703556,0.6868,2.0123660917436263e-07,0.6874817125537073,0.6868,0.00012115762167495581,0.6896319238306553,0.6898,1.7714693209611344e-06,0.7186225492239122,0.7188,0.00010894858718529992,0.7176318940885626,0.7178,2.107419996342874e-06,4.4390537700855575e-05,0.00012115762167495581,0.00023418633478673409,0.5773502691896258,0.00013520754342965277,0.5773502691896258,0.00013520754342965277,0.5773502691896258,0.00013520754342965277
2156400000000,0.6877794644498537,0.6882,4.609088508398453e-05,0.6863482952268397,0.6862,4.4962219289526066e-05,0.6892908590716935,0.6892,4.071380943198102e-06,0.7182908389957924,0.7182000000000001,3.851108640376103e-06,0.7182905380186106,0.7182000000000001,1.5183413930617493e-05,0.00019371181021250652,4.609088508398453e-05,0.0001141590078877023,0.5773502691896258,6.590973393438554e-05,0.5773502691896258,6.590973393438554e-05,0.5773502691896258,6.590973393438554e-05
2156700000000,0.6886724048308432,0.689,2.790698834006022e-05,0.686081902345282,0.6859999999999999,2.4837808570618886e-06,0.6890818997320395,0.689,1.5282401970027726e-06,0.7180818957452129,0.718,1.5280048686957422e-06,0.7180818956937463,0.718,1.5236066903686802e-06,0.00036006709382094395,2.790698834006022e-05,3.49706209531893e-05,0.5773502691896258,2.019029742105221e-05,0.5773502691896258,2.019029742105221e-05,0.5773502691896258,2.019029742105221e-05
2157000000000,0.6892727905183141,0.6891999999999999,1.2616204080196455e-05,0.6862728299511099,0.6861999999999999,1.2758672733517668e-06,0.68827720878857,0.6881999999999999,2.266346300756228e-05,0.7189001164803046,0.7192,2.3431980996692695e-05,0.717277053653538,0.7172,2.2671974839030435e-05,0.0002401562215846366,2.3431980996692695e-05,8.265949019683363e-05,0.5773502691896258,4.772347891621913e-05,0.5773502691896258,4.772347891621913e-05,0.5773502691896258,4.772347891621913e-05
2157300000000,0.6887838723187047,0.6886,8.366435206825036e-06,0.6864638683333959,0.6866,1.2773482227252458e-06,0.6877875678589617,0.6876,8.391188398170457e-06,0.7194058641038277,0.7196,8.95232305447306e-06,0.717454258725987,0.7176,1.099057319557997e-06,1.472419069543836e-05,8.95232305447306e-06,2.8086352201751794e-05,0.5773502691896258,1.621566300423604e-05,0.5773502691896258,1.621566300423604e-05,0.5773502691896258,1.621566300423604e-05
2157600000000,0.6840879018518211,0.683,0.0007718248519045162,0.6840000164731971,0.684,0.00021246980961518115,0.6850000216570634,0.685,0.00027196448397010756,0.7147098228404771,0.713,0.0007718481241481853,0.715000017959761,0.715,0.00021081542085119945,2.0535122930380114e-06,0.0007718481241481853,0.0022389226904891897,0.5773502691896258,0.001292642618048695,0.5773502691896258,0.001292642618048695,0.5773502691896258,0.001292642618048695
2157900000000,0.6876881109667667,0.689,0.0004536526984968157,0.6869992887088164,0.687,0.00031484718801749924,0.6885999574131532,0.689,0.0004535838106790705,0.715999746189241,0.716,5.823657859901754e-05,0.7185999719221222,0.719,0.0004535883985892126,1.0205549701271197e-06,0.0004536526984968157,0.0017339086743816156,0.5773502691896258,0.001001072639904453,0.5773502691896258,0.001001072639904453,0.5773502691896258,0.001001072639904453
2158200000000,0.6884212205754324,0.6886,1.881073944112828e-05,0.6867610941210652,0.6866000000000001,1.985783157188843e-06,0.6887606356223533,0.6886,9.036120419122152e-07,0.7167169582308693,0.7166,1.8003758942983935e-05,0.7193383958915461,0.7196,1.908444855169214e-05,4.835947929870372e-07,1.908444855169214e-05,5.8788342134905415e-05,0.5773502691896258,3.3941465156799464e-05,0.5773502691896258,3.3941465156799464e-05,0.5773502691896258,3.3941465156799464e-05
2158500000000,0.6863978723641299,0.686,0.0001432878294463454,0.6850000774088538,0.685,0.00010854129512407534,0.6867323439643092,0.686,0.00014398884675320773,0.7146932960148985,0.714,0.00014333230675217951,0.7173153479908725,0.717,0.00014324529829470175,6.373669129059322e-07,0.00014398884675320773,0.0006823955763705097,0.5773502691896258,0.00039398126971132365,0.5773502691896258,0.00039398126971132365,0.5773502691896258,0.00039398126971132365
2158800000000,0.6843884311026514,0.684,0.00014132489641663156,0.6840001583121926,0.684,3.4994336995370896e-05,0.6847222248255985,0.684,0.00014142026331337692,0.712683414601636,0.712,0.00014138681533823596,0.7170000323338713,0.717,3.4798387242525255e-06,5.697714820275929e-07,0.00014142026331337692,0.0004626061507878679,0.5773502691896258,0.0002670857856861522,0.5773502691896258,0.0002670857856861522,0.5773502691896258,0.0002670857856861522
2159100000000,0.6870324723554967,0.688,0.00024468339513617876,0.6859999220321211,0.686,0.0001399669227439786,0.6849999875269651,0.685,2.7003241394663037e-06,0.7110000314478403,0.711,9.918225948690828e-05,0.7196441238352482,0.72,0.00024469269536787414,5.313787973699779e-07,0.00024469269536787414,0.0007312255968744061,0.5773502691896258,0.0004221732951937832,0.5773502691896258,0.0004221732951937832,0.5773502691896258,0.0004221732951937832
2159400000000,0.6892805487122196,0.6900000000000001,0.00017688465569797168,0.6877519077281448,0.687,0.00010743088576750022,0.6872477921457384,0.6880000000000001,0.00017684189614624636,0.7132481625702917,0.7130000000000001,0.0001768932740307058,0.7218922629849741,0.7220000000000001,0.0001768945372785572,3.940317843054305e-06,0.0001768945372785572,0.0008149452489209812,0.5773502691896258,0.00047050885883933517,0.5773502691896258,0.00047050885883933517,0.5773502691896258,0.00047050885883933517
2159700000000,0.6891174109030892,0.689,9.314880668748099e-07,0.6871175467848806,0.6869999999999999,1.4084483221866127e-05,0.6881169382937453,0.688,2.643952593083479e-05,0.7145304841307049,0.715,5.755220045051824e-05,0.7211176164492014,0.721,2.1002703938465254e-05,2.263778827112884e-05,5.755220045051824e-05,0.00012001040160855923,0.5773502691896258,6.928803767425679e-05,0.5773502691896258,6.928803767425679e-05,0.5773502691896258,6.928803767425679e-05
2160000000000,0.6885984935151934,0.6886,9.42463394112023e-06,0.6882182422778772,0.6886,4.2403569890608175e-05,0.6885841478966731,0.6886,7.639968457377922e-06,0.7145916481456491,0.7146,1.3093628534360302e-07,0.7200071472990862,0.7196,4.3159960667510864e-05,2.9057006539620973e-05,4.3159960667510864e-05,0.0001027590692419608,0.5773502691896258,5.9327976288521465e-05,0.5773502691896258,5.9327976288521465e-05,0.5773502691896258,5.9327976288521465e-05
2160300000000,0.6896244365006583,0.69,3.6839565329860566e-05,0.6880923260430882,0.688,5.549214364200834e-07,0.6880926420791901,0.688,8.455228901688117e-06,0.7150921240820142,0.715,8.76666570081627e-06,0.7190984479699988,0.719,2.890070647393852e-05,4.0088260022396274e-05,3.6839565329860566e-05,8.351708784272357e-05,0.5773502691896258,4.821861314793008e-05,0.5773502691896258,4.821861314793008e-05,0.5773502691896258,4.821861314793008e-05
2160600000000,0.6905728548107218,0.6908,3.148240518023213e-05,0.6887600287151967,0.6888,1.560394004192779e-05,0.6877604242749988,0.6878,3.862903429757651e-06,0.7147604245077975,0.7148,3.850861263742447e-06,0.7181462214332658,0.7178,3.1735738204047776e-05,3.6881526991559415e-06,3.1735738204047776e-05,8.653584811970779e-05,0.5773502691896258,4.996149520646587e-05,0.5773502691896258,4.996149520646587e-05,0.5773502691896258,4.996149520646587e-05
2160900000000,0.6903087580843346,0.6904,2.4411478310966335e-06,0.6893087518720034,0.6894,1.0538398598555014e-05,0.6867649789605896,0.6864000000000001,3.46818980892734e-05,0.715308752010877,0.7154,1.0523206772166149e-05,0.7183087550578836,0.7184,9.246012695992495e-07,9.832588009325812e-07,3.46818980892734e-05,5.9109252560690446e-05,0.5773502691896258,3.412674287751221e-05,0.5773502691896258,3.412674287751221e-05,0.5773502691896258,3.412674287751221e-05
2161200000000,0.6904762952751056,0.6906,9.8240486020041e-07,0.6880568328196203,0.6876,5.485554598019192e-05,0.6855148874443825,0.6856,5.469550796125743e-05,0.716476054283584,0.7166,4.769081085534286e-05,0.7194759297019916,0.7196,4.7680382744700826e-05,0.00027053100454860234,5.485554598019192e-05,0.00020590465240169343,0.5773502691896258,0.00011887910649151404,0.5773502691896258,0.00011887910649151404,0.5773502691896258,0.00011887910649151404
2161500000000,0.6917489774731598,0.6922,5.669019920354326e-05,0.6874889224111922,0.6872,1.128827812003296e-05,0.6867831320340708,0.6872,5.629555187458001e-05,0.7154894840811231,0.7152000000000001,3.40662267534272e-05,0.7184894782565487,0.7182000000000001,3.405802589756998e-05,0.0005479142225471281,5.669019920354326e-05,0.0001923982818491534,0.5773502691896258,0.00011108119981723022,0.5773502691896258,0.00011108119981723022,0.5773502691896258,0.00011108119981723022
2161800000000,0.6923187784608136,0.6924000000000001,1.1363560793593659e-05,0.6866884079086354,0.6864000000000001,2.2428821408131853e-05,0.6863975518306773,0.6864000000000001,5.203523263714608e-06,0.716235125833443,0.7164000000000001,1.945935679809088e-05,0.7183588971618807,0.7184000000000001,5.967997799643905e-07,0.0007744811304539902,2.2428821408131853e-05,5.905206204349539e-05,0.5773502691896258,3.409372391701455e-05,0.5773502691896258,3.409372391701455e-05,0.5773502691896258,3.409372391701455e-05
2162100000000,0.6934793981487377,0.6936000000000001,4.714633209989916e-05,0.6864794095332388,0.6866000000000001,1.528811232144093e-06,0.6850824152335812,0.6846000000000001,6.0535449415756965e-05,0.7174793656325732,0.7176000000000001,5.41846437208883e-05,0.7174794114089075,0.7176000000000001,2.707233163890251e-05,0.0005930454534534563,6.0535449415756965e-05,0.00019046756810759104,0.5773502691896258,0.00010996650171881108,0.5773502691896258,0.00010996650171881108,0.5773502691896258,0.00010996650171881108
2162400000000,0.6941460611291024,0.6942,1.555538352860432e-05,0.6861460802831674,0.6862,3.888793613361994e-06,0.6867539656838595,0.6872,9.779283177389981e-05,0.7158078108229428,0.7152000000000001,9.779334185595272e-05,0.7171460808307947,0.7172000000000001,3.888824600675481e-06,0.0005478885708130341,9.779334185595272e-05,0.00021891917537249434,0.5773502691896258,0.00012639304483208052,0.5773502691896258,0.00012639304483208052,0.5773502691896258,0.00012639304483208052
2162700000000,0.6936799406543886,0.6936,7.60439039315726e-06,0.6872105044497351,0.6876,3.965495822306792e-05,0.6876796001839506,0.6876,2.9987972971560755e-05,0.714750018005759,0.7146,3.916239754299496e-05,0.7166799353456382,0.7166,7.605206466610778e-06,4.849667025768407e-05,3.965495822306792e-05,0.00012401492559739166,0.5773502691896258,7.160005067718549e-05,0.5773502691896258,7.160005067718549e-05,0.5773502691896258,7.160005067718549e-05
2163000000000,0.6931136212146717,0.693,1.1225119773046873e-05,0.6877833956014474,0.688,1.1487149509859764e-05,0.6871087689974572,0.6869999999999999,1.1404688521570005e-05,0.7149913282698064,0.715,2.038072523711732e-06,0.7170027323623722,0.717,3.646926990432708e-06,1.003617741119593e-05,1.1487149509859764e-05,3.9801957318621084e-05,0.5773502691896258,2.297967077217988e-05,0.5773502691896258,2.297967077217988e-05,0.5773502691896258,2.297967077217988e-05
2163300000000,0.6919421556436224,0.6915999999999999,4.803160544538532e-05,0.6876277254506014,0.6875999999999999,8.481618552551678e-07,0.6866277697719971,0.6866,8.097608921261789e-06,0.715627479895281,0.7155999999999999,1.4164111170788716e-05,0.7181745731610211,0.7185999999999999,4.8062380008229014e-05,5.502951736301625e-07,4.8062380008229014e-05,0.00011920386740092002,0.5773502691896258,6.882238493236563e-05,0.5773502691896258,6.882238493236563e-05,0.5773502691896258,6.882238493236563e-05
2163600000000,0.6838982545292861,0.681,0.002264652079802717,0.6800007542152182,0.68,0.0020359741578876637,0.6790007552084115,0.679,0.0020359972903601447,0.70758362748004,0.705,0.00226462465873623,0.7101307568386522,0.709,0.0022646043359802553,8.176811219742179e-06,0.002264652079802717,0.010865852522767012,0.5773502691896258,0.00627340287899431,0.5773502691896258,0.00627340287899431,0.5773502691896258,0.00627340287899431
2163900000000,0.681265250543111,0.681,0.00024264484969248017,0.6799999876870754,0.68,2.056478878223906e-11,0.6763674655399324,0.676,0.0002426975067341548,0.7049502563462658,0.704,0.00024271252348682403,0.7074974184910878,0.707,0.0002427064798463634,6.779005263524047e-07,0.00024271252348682403,0.0009707613803246111,0.5773502691896258,0.000560469344249307,0.5773502691896258,0.000560469344249307,0.5773502691896258,0.000560469344249307
2164200000000,0.690532296651799,0.6928,0.003005735025319232,0.6892670341953131,0.6878,0.0030057352845044394,0.6856345121300398,0.6828000000000001,0.003005735337612711,0.7142173024707458,0.7168,0.0030057350355633455,0.7167644628099427,0.7198,0.0030057338642666877,7.476141500748951e-05,0.003005735337612711,0.015028674547266417,0.5773502691896258,0.008676809295427544,0.5773502691896258,0.008676809295427544,0.5773502691896258,0.008676809295427544
2164500000000,0.6938066206973453,0.695,0.0003752419284334904,0.6863817480052375,0.6859999999999999,0.00029137067395242457,0.6823933925790816,0.6819999999999999,0.00036766995802611796,0.7173800283854735,0.717,0.00035009923240917153,0.7200382097931255,0.72,0.0003751096758464549,0.0004909352700477285,0.0003752419284334904,0.0017594914686676595,0.5773502691896258,0.0010158428730721234,0.5773502691896258,0.0010158428730721234,0.5773502691896258,0.0010158428730721234
2164800000000,0.6942678461396751,0.6943999999999999,7.445511802829185e-06,0.6849304463206966,0.6843999999999999,7.371968028430358e-05,0.6822680993733462,0.6823999999999999,5.4944355912086e-07,0.7172679666421764,0.7173999999999999,4.3952420087781465e-07,0.7212656332524223,0.7213999999999999,5.272989219512672e-05,0.0011665760401422017,7.371968028430358e-05,0.00013488405204225816,0.5773502691896258,7.787534375598525e-05,0.5773502691896258,7.787534375598525e-05,0.5773502691896258,7.787534375598525e-05
2165100000000,0.6939026938732381,0.6938,4.666766218941786e-06,0.6839029567058483,0.6838,3.695072180173305e-05,0.6829026747488419,0.6828,1.4094006751493523e-05,0.7183889800515214,0.7188,4.3983487237596016e-05,0.7209026943663285,0.7208,4.610362226366417e-06,0.0015877055922813117,4.3983487237596016e-05,0.0001043053442361308,0.5773502691896258,6.02207185726467e-05,0.5773502691896258,6.02207185726467e-05,0.5773502691896258,6.02207185726467e-05
2165400000000,0.6942869969927004,0.6941999999999999,5.169111066994524e-06,0.6832870842691562,0.6831999999999999,1.3275460039699171e-05,0.682287081999567,0.6821999999999999,1.3263405153594823e-05,0.7182870416963344,0.7182,3.6369998903818776e-07,0.7218517945120632,0.7222,3.1527688032175855e-05,0.0025281757962297125,3.1527688032175855e-05,6.359936428150256e-05,0.5773502691896258,3.671911008821458e-05,0.5773502691896258,3.671911008821458e-05,0.5773502691896258,3.671911008821458e-05
2165700000000,0.6924663894498881,0.6918,0.00011601141387306543,0.6816344604024657,0.6818,9.559079756642904e-05,0.683632975530717,0.6838,6.340002890169954e-05,0.719632923385829,0.7198,6.339891327408614e-05,0.7226332454273828,0.7228,2.1373293656888266e-05,0.002924377747043685,0.00011601141387306543,0.0003597744472721684,0.5773502691896258,0.00020771587398013528,0.5773502691896258,0.00020771587398013528,0.5773502691896258,0.00020771587398013528
2166000000000,0.6894907017368465,0.6884,0.00030991510779415405,0.6811275266841412,0.6814,8.994362817098589e-06,0.6861269635335788,0.6864,0.0002176991655446549,0.7201273955241364,0.7204,8.557594344681782e-06,0.7231274033924366,0.7234,8.546723304914277e-06,0.0017696437643323483,0.00030991510779415405,0.0005537129538055036,0.5773502691896258,0.00031968632293339033,0.5773502691896258,0.00031968632293339033,0.5773502691896258,0.00031968632293339033
2166300000000,0.68810629115157,0.6876,6.708074340189641e-05,0.6814755640946244,0.6816,4.2395513683540875e-06,0.6874665668943333,0.6876,6.280880074506148e-05,0.7194760601517368,0.7196,1.484832185686177e-05,0.723475507028376,0.7236,4.24116494739808e-06,0.0008465604360023942,6.708074340189641e-05,0.00015321858231957184,0.5773502691896258,8.846078974705766e-05,0.5773502691896258,8.846078974705766e-05,0.5773502691896258,8.846078974705766e-05
2166600000000,0.6878348295277377,0.6880000000000001,2.579199462478268e-06,0.6818348261651098,0.682,4.517423235131535e-06,0.6856609293025501,0.685,0.00011411144895012277,0.7208346341612202,0.7210000000000001,6.460031687352923e-05,0.7238347789394626,0.7240000000000001,4.517670713351961e-06,0.000722773049908177,0.00011411144895012277,0.00019032605923461376,0.5773502691896258,0.00010988480153290493,0.5773502691896258,0.00010988480153290493,0.5773502691896258,0.00010988480153290493
2166900000000,0.6871495404148157,0.6869999999999999,1.6436740890128937e-05,0.6831467329842514,0.6829999999999999,6.023848257385966e-05,0.6873738225390336,0.688,0.00010269011338568129,0.7201495262252897,0.72,1.642805093562145e-05,0.7221803548863592,0.722,9.579916316204122e-05,0.0005627457828007711,0.00010269011338568129,0.00029159255094733254,0.5773502691896258,0.00016835103778313213,0.5773502691896258,0.00016835103778313213,0.5773502691896258,0.00016835103778313213
2167200000000,0.6872290335208499,0.6871999999999999,2.2117038674357882e-07,0.6832292012028153,0.6831999999999999,2.380352475582413e-07,0.6872299272225194,0.6871999999999999,7.247051740147917e-07,0.7193975476464181,0.7192,1.9791512407864414e-05,0.7229141181413274,0.7232,1.8844298001954064e-05,0.0007921647387380177,1.9791512407864414e-05,3.981972121813509e-05,0.5773502691896258,2.2989926764346153e-05,0.5773502691896258,2.2989926764346153e-05,0.5773502691896258,2.2989926764346153e-05
2167500000000,0.6868940962871043,0.6868,3.926403269219431e-06,0.6828940962832143,0.6828,3.930335749927308e-06,0.6868940962787312,0.6868,3.947384798198459e-06,0.7204236148832227,0.7208,3.68484891055376e-05,0.7228940962667473,0.7228,1.4030641159638152e-08,0.0008281885411153272,3.68484891055376e-05,4.8666643564042435e-05,0.5773502691896258,2.809769976225547e-05,0.5773502691896258,2.809769976225547e-05,0.5773502691896258,2.809769976225547e-05
2167800000000,0.6871485713829065,0.6871999999999999,2.2665151034244174e-06,0.6831548999550644,0.6831999999999999,2.3806494337674442e-06,0.687150411795337,0.6871999999999999,2.299417541850809e-06,0.7201606149490495,0.7202,2.420913788129219e-06,0.7223854617135371,0.7222,9.054818805175189e-06,0.0007921222582011639,9.054818805175189e-06,1.842231467234708e-05,0.5773502691896258,1.063612833517558e-05,0.5773502691896258,1.063612833517558e-05,0.5773502691896258,1.063612833517558e-05
2168100000000,0.6861241872130361,0.6859999999999999,3.672770246183631e-05,0.684504285145996,0.6849999999999999,6.372941377269666e-05,0.6871238251021813,0.6869999999999999,2.4739828853427067e-08,0.7201238340737784,0.72,4.734914749962367e-08,0.7221238653515395,0.722,2.3951429813638118e-06,0.00030265361716786895,6.372941377269666e-05,0.00010292434819224983,0.5773502691896258,5.942340013496222e-05,0.5773502691896258,5.942340013496222e-05,0.5773502691896258,5.942340013496222e-05
2168400000000,0.6864574342263084,0.6863999999999999,3.886875014921999e-06,0.6858938832290452,0.6863999999999999,6.758439913448753e-05,0.6874574337672379,0.6873999999999999,3.895315949029778e-06,0.7187338100602445,0.7183999999999999,6.762583653703524e-05,0.721457438443874,0.7213999999999999,1.5544368814120847e-05,0.00018508874227277577,6.762583653703524e-05,0.0001585367954495954,0.5773502691896258,9.153126152928456e-05,0.5773502691896258,9.153126152928456e-05,0.5773502691896258,9.153126152928456e-05
2168700000000,0.6877340905374794,0.6881999999999999,5.704479678983799e-05,0.6862710548176998,0.6861999999999999,4.979044255087663e-06,0.6882710539670075,0.6881999999999999,2.3169224031559598e-05,0.717452738528133,0.7172,5.744004946353166e-05,0.7202710621106244,0.7202,4.9262108143315446e-05,0.0003482480482947492,5.744004946353166e-05,0.00019189522268333236,0.5773502691896258,0.00011079075847242514,0.5773502691896258,0.00011079075847242514,0.5773502691896258,0.00011079075847242514
2169000000000,0.6877961857381846,0.6878,1.3495348827173031e-07,0.6859060795441609,0.6858,4.662243260316489e-06,0.6879044131670236,0.6878,4.704891667450263e-06,0.7177400266407866,0.7178,2.888706088523588e-06,0.7206524924616257,0.7208,5.0921189432726274e-06,0.0007396375645120698,5.0921189432726274e-06,1.74829134478347e-05,0.5773502691896258,1.0093764785326293e-05,0.5773502691896258,1.0093764785326293e-05,0.5773502691896258,1.0093764785326293e-05
2169300000000,0.6882987904149073,0.6884,8.841401137223384e-06,0.6848047808839849,0.6844,4.245005586169495e-05,0.6872989766789209,0.6874,1.2829366939411553e-05,0.7182987403498398,0.7184,1.0925635303937009e-05,0.721298709514522,0.7214,1.4615876780891923e-05,0.0010610024494185728,4.245005586169495e-05,8.966233602315882e-05,0.5773502691896258,5.176657383914143e-05,0.5773502691896258,5.176657383914143e-05,0.5773502691896258,5.176657383914143e-05
2169600000000,0.688351744959415,0.6884,9.814643244066877e-08,0.6845461179377667,0.6844,2.3417281911204225e-06,0.687377702692825,0.6874,2.1692248428315914e-07,0.7183475089383475,0.7184,8.324313287642352e-08,0.7213768835232669,0.7214,2.1389114751356078e-07,0.0009604145551150416,2.3417281911204225e-06,2.9539313882342344e-06,0.5773502691896258,1.7054530821647205e-06,0.5773502691896258,1.7054530821647205e-06,0.5773502691896258,1.7054530821647205e-06
2169900000000,0.6884132522598064,0.6884,1.3241018005054288e-07,0.6844145077504422,0.6844,6.062434492650779e-07,0.6881233827799687,0.6884,1.9461357732686856e-05,0.7184129975396049,0.7184,1.501064913124279e-07,0.7206358450279171,0.7204,1.921983180565974e-05,0.0007744666052022163,1.9461357732686856e-05,3.956994965897465e-05,0.5773502691896258,2.2845721087428957e-05,0.5773502691896258,2.2845721087428957e-05,0.5773502691896258,2.2845721087428957e-05
2170200000000,0.6880630523082103,0.688,4.29240021342763e-06,0.68406312831112,0.6839999999999999,4.321362863242806e-06,0.6887647176677486,0.689,1.439586533993042e-05,0.7190456180998871,0.719,1.4007307065213432e-05,0.7200634818777635,0.72,1.1465985147882614e-05,0.0003600347355797172,1.439586533993042e-05,4.84829206296969e-05,0.5773502691896258,2.799162727665477e-05,0.5773502691896258,2.799162727665477e-05,0.5773502691896258,2.799162727665477e-05
2170500000000,0.6876310680746494,0.6875999999999999,6.53136323158329e-06,0.6851912106281536,0.6855999999999999,4.453993999013167e-05,0.6896309423571649,0.6895999999999999,2.626208243940451e-05,0.7179157070421924,0.7175999999999999,4.4684464940523745e-05,0.7196310681843164,0.7195999999999999,6.544356079817947e-06,7.303485383993984e-05,4.4684464940523745e-05,0.00012856220668146118,0.5773502691896258,7.422542463515392e-05,0.5773502691896258,7.422542463515392e-05,0.5773502691896258,7.422542463515392e-05
2170800000000,0.6881930571971843,0.6884,1.1054112084664598e-05,0.6854558786317622,0.6854,2.4517203246953207e-06,0.6894486989464849,0.6894,1.1624431257706868e-06,0.717445802511353,0.7174,7.728359383618665e-06,0.7194565386219475,0.7194,1.0661198849245678e-06,0.00010892696591153463,1.1054112084664598e-05,2.3462754803673838e-05,0.5773502691896258,1.3546227801831278e-05,0.5773502691896258,1.3546227801831278e-05,0.5773502691896258,1.3546227801831278e-05
2171100000000,0.6887015719634598,0.6888,9.050554363210007e-06,0.6866541236094298,0.6868,5.0252685927699344e-05,0.6897015914160792,0.6898,2.2384110412138413e-06,0.7162409967066939,0.7158,5.080449594290852e-05,0.7187016936320151,0.7188,1.994268355891108e-05,3.722424449983053e-06,5.080449594290852e-05,0.0001322888308339428,0.5773502691896258,7.637699209275775e-05,0.5773502691896258,7.637699209275775e-05,0.5773502691896258,7.637699209275775e-05
2171400000000,0.6896543017645369,0.69,3.176929258511297e-05,0.687018226109396,0.6869999999999999,4.639972066857598e-06,0.6890185099043028,0.689,1.6331012310577003e-05,0.715291051422906,0.715,3.15838614766799e-05,0.7190178014316022,0.719,3.49734493359357e-06,2.6027143169388246e-06,3.176929258511297e-05,8.782148337282103e-05,0.5773502691896258,5.070375706593047e-05,0.5773502691896258,5.070375706593047e-05,0.5773502691896258,5.070375706593047e-05
2171700000000,0.6880001377625125,0.688,9.576904909577403e-05,0.6850002821835455,0.685,0.00014252341907569665,0.6870002761679543,0.687,0.00014256435950872766,0.7128863942860977,0.712,0.00020238315809612077,0.717000365842182,0.717,0.00014245162251107964,3.928475695709899e-07,0.00020238315809612077,0.0007256916082873987,0.5773502691896258,0.0004189782453933822,0.5773502691896258,0.0004189782453933822,0.5773502691896258,0.0004189782453933822
2172000000000,0.6887425717280762,0.689,1.929228676279384e-05,0.6842610591766678,0.684,1.9125772886404552e-05,0.6862601967314513,0.686,1.9170115031711188e-05,0.7121943430448094,0.712,1.676272221990071e-05,0.7177425228374221,0.718,1.9277895195436698e-05,1.5309362814049072e-07,1.929228676279384e-05,9.362879209624698e-05,0.5773502691896258,5.405660832066771e-05,0.5773502691896258,5.405660832066771e-05,0.5773502691896258,5.405660832066771e-05
2172300000000,0.6919650020013451,0.6930000000000001,0.00036344199031280956,0.6840350469049257,0.683,1.7878541442312884e-06,0.6870349614839419,0.686,2.10091147595642e-05,0.7154167772437018,0.7160000000000001,0.0003634428758166828,0.7209650020785155,0.7220000000000001,0.0003634530360747316,6.772858029124874e-05,0.0003634530360747316,0.0011131348711080195,0.5773502691896258,0.0006426687174785745,0.5773502691896258,0.0006426687174785745,0.5773502691896258,0.0006426687174785745
2172600000000,0.6943340965988578,0.6948,0.0001964413224187296,0.682667149818075,0.6828,6.548998540751211e-05,0.6846646491870457,0.6838,0.00019664331346860945,0.7156671004049885,0.7158,2.1931589776799046e-06,0.72266700111155,0.7228,0.00010138802479575991,0.00016860886579844666,0.00019664331346860945,0.000562155805068291,0.5773502691896258,0.0003245608053826886,0.5773502691896258,0.0003245608053826886,0.5773502691896258,0.0003245608053826886
2172900000000,0.694821224019936,0.695,8.30525935281867e-06,0.6838211297185065,0.684,4.660843637099908e-05,0.6858211269521278,0.6859999999999999,4.681042873952494e-05,0.7137152443730959,0.713,0.00013334096892324743,0.7218212614040805,0.722,2.5034647847669887e-05,1.0319763561916966e-05,0.00013334096892324743,0.00026009974123426,0.5773502691896258,0.00015016865561775204,0.5773502691896258,0.00015016865561775204,0.5773502691896258,0.00015016865561775204
2173200000000,0.6948046440545133,0.6948,9.621333869630705e-09,0.6838033869785547,0.6838000000000001,1.1018168734913554e-08,0.6865275728755397,0.6868,1.7467304494682602e-05,0.713041758726476,0.7128,1.5875402067103156e-05,0.7218109482392084,0.7218,3.7226479387691016e-09,1.219212443794563e-05,1.7467304494682602e-05,3.3367068712329074e-05,0.5773502691896258,1.9264486103131933e-05,0.5773502691896258,1.9264486103131933e-05,0.5773502691896258,1.9264486103131933e-05
2173500000000,0.6896292516107719,0.688,0.0009374640431357172,0.680000105485746,0.68,0.0005062732539739491,0.6820003651977027,0.682,0.0007173463275393154,0.707866255135529,0.706,0.0009375043096966794,0.7166355818276199,0.716,0.0009374546122969651,3.2706667230945094e-06,0.0009375043096966794,0.004036042546642626,0.5773502691896258,0.0023302102507649033,0.5773502691896258,0.0023302102507649033,0.5773502691896258,0.0023302102507649033
2173800000000,0.6824085380055677,0.682,0.0018248546738933692,0.6760000132885893,0.676,0.0005600258155013843,0.6770000235757015,0.677,0.0008751195717850935,0.7006454055855642,0.698,0.0018249233878129525,0.7094148667734828,0.709,0.0018248554062564892,3.668594227300069e-06,0.0018249233878129525,0.006909778855249288,0.5773502691896258,0.003989362682118961,0.5773502691896258,0.003989362682118961,0.5773502691896258,0.003989362682118961
2174100000000,0.6865162468380349,0.688,0.0005905645148315309,0.6799820732693408,0.68,0.0005549880591605973,0.6799998465803664,0.68,0.00031496283207607293,0.70475232805511,0.706,0.0005903384259801071,0.7135212680764897,0.714,0.0005901886081468127,1.9938571867521013e-06,0.0005905645148315309,0.002641042440195121,0.5773502691896258,0.0015248065637878793,0.5773502691896258,0.0015248065637878793,0.5773502691896258,0.0015248065637878793
2174400000000,0.6943187740412611,0.6934,0.0021307800764979496,0.6853954342221834,0.6844,0.0010256566882016391,0.6863954306289324,0.6854,0.001431622336279513,0.7125607923330701,0.7154,0.002134024003306271,0.7213295630145545,0.7214,0.0021339314443932856,3.784601009173277e-05,0.002134024003306271,0.008856014548678659,0.5773502691896258,0.0051130223836268664,0.5773502691896258,0.0051130223836268664,0.5773502691896258,0.0051130223836268664
2174700000000,0.6924443465049741,0.6921999999999999,0.00012297175060767954,0.684444136965777,0.6841999999999999,3.167382645162295e-05,0.6854441365804959,0.6851999999999999,3.167361283067631e-05,0.7152233761376271,0.7162,0.0002481273380701179,0.7224439730779116,0.7222,4.346684262590573e-05,3.669623067310856e-05,0.0002481273380701179,0.0004779133705860024,0.5773502691896258,0.0002759234131571499,0.5773502691896258,0.0002759234131571499,0.5773502691896258,0.0002759234131571499
2175000000000,0.6920661021370696,0.692,5.00740806480047e-06,0.6848228599041937,0.685,5.02008724290364e-06,0.6858230005652682,0.686,5.0238271635162645e-06,0.7149248653151179,0.715,3.1188048904291995e-06,0.7220672758648083,0.722,4.966527662592602e-06,3.862408441045057e-08,5.0238271635162645e-06,2.3136655024242176e-05,0.5773502691896258,1.3357954006393729e-05,0.5773502691896258,1.3357954006393729e-05,0.5773502691896258,1.3357954006393729e-05
2175300000000,0.6910002380443386,0.691,3.976231924606599e-05,0.6849999724010746,0.685,1.0979092792985952e-06,0.685000096881553,0.685,2.3700966543526937e-05,0.7140001107467521,0.714,2.9930985409971313e-05,0.7205560668319932,0.72,7.993134593016797e-05,1.5460520036036102e-07,7.993134593016797e-05,0.0001744235264090308,0.5773502691896258,0.00010070346992525775,0.5773502691896258,0.00010070346992525775,0.5773502691896258,0.00010070346992525775
2175600000000,0.6930262653968576,0.6936,0.00014366753916043016,0.6831930473564753,0.6826,0.00011427423408799727,0.68517749063663,0.6846,1.1013990519121727e-06,0.7160228130732893,0.7166,0.00014319636456226918,0.7225803019913062,0.7226,0.00014341347930695353,0.0001770746373602936,0.00014366753916043016,0.0005456530161695623,0.5773502691896258,0.00031503291576962807,0.5773502691896258,0.00031503291576962807,0.5773502691896258,0.00031503291576962807
2175900000000,0.6932815613339907,0.6934,2.281160543082059e-06,0.681880785350037,0.6814,6.027110507395181e-05,0.6842816916814977,0.6844,2.808595188056831e-05,0.7172744599259633,0.7174,5.4831694533303974e-05,0.7232814996007226,0.7234,1.720873306079698e-05,0.0006085445237732323,6.027110507395181e-05,0.00016267864509170315,0.5773502691896258,9.392255953509842e-05,0.5773502691896258,9.392255953509842e-05,0.5773502691896258,9.392255953509842e-05
2176200000000,0.6938070179114554,0.694,9.663661518032893e-06,0.6820491363440498,0.6819999999999999,9.919720014784273e-07,0.6840491938717809,0.6839999999999999,1.8919331033086935e-06,0.7170454589633296,0.717,1.8354504310502307e-06,0.7230491928187649,0.723,1.8888254330245723e-06,0.00036002328256472656,9.663661518032893e-06,1.6271842486894817e-05,0.5773502691896258,9.394552640019913e-06,0.5773502691896258,9.394552640019913e-06,0.5773502691896258,9.394552640019913e-06
2176500000000,0.6952655202536578,0.6958,7.44530178773523e-05,0.6829333084243348,0.6828,2.7361609364436854e-05,0.683933549889951,0.6838,4.680735686710987e-07,0.7159338069145555,0.7158,4.325195971402469e-05,0.7219338108653103,0.7218,4.35426915732285e-05,0.00016827857242116722,7.44530178773523e-05,0.00018907735209771343,0.5773502691896258,0.00010916386013127652,0.5773502691896258,0.00010916386013127652,0.5773502691896258,0.00010916386013127652
2176800000000,0.6959486914422379,0.6961999999999999,1.6335300551707096e-05,0.6832295027107318,0.6831999999999999,3.0705869352989065e-06,0.6832895811454606,0.6831999999999999,1.451435103582186e-05,0.7152954164580144,0.7152,1.4263983125097597e-05,0.7222366002725821,0.7222,3.2088498804602233e-06,0.00011564266173420664,1.6335300551707096e-05,5.139307152838568e-05,0.5773502691896258,2.9671803681395167e-05,0.5773502691896258,2.9671803681395167e-05,0.5773502691896258,2.9671803681395167e-05
2177100000000,0.6943757416349708,0.6938,8.659598836635368e-05,0.6816798983141465,0.6818,8.404458250707144e-05,0.6846478831471986,0.6848,6.457445147739407e-05,0.7166472431096247,0.7168,6.396023536013384e-05,0.7226492184088009,0.7228,5.958880421784974e-06,0.0002603077129985797,8.659598836635368e-05,0.000305134138132738,0.5773502691896258,0.00017616927678988076,0.5773502691896258,0.00017616927678988076,0.5773502691896258,0.00017616927678988076
2177400000000,0.692945928155644,0.6926,7.155283049826157e-05,0.6816585405376562,0.6816,1.5965411581443483e-08,0.6860784590419917,0.6866,7.162915867670955e-05,0.7166585261341473,0.7166,4.455732483199351e-09,0.722658537000532,0.7226,3.0392653147389702e-09,0.00022110106089382248,7.162915867670955e-05,0.0001432054495843505,0.5773502691896258,8.267970486694615e-05,0.5773502691896258,8.267970486694615e-05,0.5773502691896258,8.267970486694615e-05
2177700000000,0.6902704974700545,0.69,0.00025052752736878813,0.6800000000801709,0.68,9.627647571903931e-05,0.6850000000361676,0.685,4.070758395351253e-05,0.7140000412456972,0.714,0.00024736396657411535,0.719980939828249,0.719,0.0002509334315956266,5.177059148261463e-07,0.0002509334315956266,0.000885808985211082,0.5773502691896258,0.0005114220560622075,0.5773502691896258,0.0005114220560622075,0.5773502691896258,0.0005114220560622075
2178000000000,0.6928621948497989,0.6938,0.0002350913357860908,0.6825915520902776,0.6828000000000001,0.00023506496373807087,0.6859997864028402,0.6858000000000001,3.4985047264456696e-05,0.7165916431038925,0.7168,0.00023507400669904507,0.7209997852095297,0.7208,3.633160688349693e-05,8.140928505689408e-07,0.0002350913357860908,0.0007765469603711603,0.5773502691896258,0.00044833959660867513,0.5773502691896258,0.00044833959660867513,0.5773502691896258,0.00044833959660867513
2178300000000,0.6950128116667567,0.6958,0.0001618803442683471,0.682996629382275,0.6828,5.743066437219776e-06,0.6849969806346878,0.6848,3.519667930238831e-05,0.7159968341075341,0.7158,1.2382920975208193e-05,0.720996704355807,0.7208,3.3220808812194283e-10,6.798749034823005e-05,0.0001618803442683471,0.0002152033431912515,0.5773502691896258,0.0001242477081219765,0.5773502691896258,0.0001242477081219765,0.5773502691896258,0.0001242477081219765
2178600000000,0.6969070299053037,0.6976,0.0001255821957335533,0.682773066032631,0.6826,1.7493199956418726e-06,0.684773059092495,0.6846,1.7549299970310385e-06,0.7147737657910707,0.7146,5.2356363735786714e-05,0.7207730531939763,0.7206,1.7506944765870073e-06,0.0001372003176911616,0.0001255821957335533,0.00018319350393859998,0.5773502691896258,0.00010576681881274148,0.5773502691896258,0.00010576681881274148,0.5773502691896258,0.00010576681881274148
2178900000000,0.6981078098782174,0.6984,5.046553901727017e-05,0.6816401093142739,0.6814,4.492568239846825e-05,0.6846400537633233,0.6844,6.191646155826157e-07,0.7136401109089638,0.7134,4.498106871036166e-05,0.7219719160359643,0.7224,5.030452398648422e-05,0.000608620782792522,5.046553901727017e-05,0.00019129597872816694,0.5773502691896258,0.00011044478481360012,0.5773502691896258,0.00011044478481360012,0.5773502691896258,0.00011044478481360012
2179200000000,0.6983978649406304,0.6984,2.944617873098818e-06,0.680591783941295,0.6804,3.8464513067092185e-05,0.6835920421550209,0.6834,3.844149158977808e-05,0.7143978635089766,0.7144,2.0096615098913537e-05,0.7230204454406448,0.7234,3.8479486936785776e-05,0.0008650088662778591,3.8479486936785776e-05,0.0001384267245656684,0.5773502691896258,7.992070669102684e-05,0.5773502691896258,7.992070669102684e-05,0.5773502691896258,7.992070669102684e-05
2179500000000,0.699186152286757,0.6994,2.1748892902214504e-05,0.6801862586980247,0.6804,5.7557753025305564e-06,0.6812554160558499,0.6804,0.000191093753456441,0.7161859656908424,0.7164,0.00011190582944775799,0.7231862014611428,0.7234,9.616270415961301e-07,0.0012773574679058332,0.000191093753456441,0.00033146587815054016,0.5773502691896258,0.00019137191397739008,0.5773502691896258,0.00019137191397739008,0.5773502691896258,0.00019137191397739008
2179800000000,0.6987618416327667,0.6986,6.301383588138356e-06,0.6787619440999431,0.6786,7.100352260079995e-05,0.6807618470981993,0.6806,8.526361058471364e-06,0.7179525650928372,0.7186,0.0001092305706495011,0.7237618013007824,0.7236,1.159603113876038e-05,0.002789162008255114,0.0001092305706495011,0.00020665786903567115,0.5773502691896258,0.00011931397631789918,0.5773502691896258,0.00011931397631789918,0.5773502691896258,0.00011931397631789918
2180100000000,0.6968308162031635,0.697,0.0001305100723421001,0.6767422409767,0.6759999999999999,0.00014277202471132285,0.6818112105591624,0.6819999999999999,3.8540728562153804e-05,0.7198047034020892,0.72,0.00012006457108096208,0.7248110056639278,0.725,3.852904284751506e-05,0.004202845473942143,0.00014277202471132285,0.0004704164395440539,0.5773502691896258,0.00027159505800198485,0.5773502691896258,0.00027159505800198485,0.5773502691896258,0.00027159505800198485
2180400000000,0.6951859965145992,0.6946,9.469011327609802e-05,0.675097498513596,0.6746,9.468122194780673e-05,0.6832385547185302,0.6836,7.130589722485294e-05,0.7212385090385274,0.7216,7.195295110786176e-05,0.7252394390761067,0.7256,6.424431603494171e-06,0.004928891204591994,9.469011327609802e-05,0.0003390546151601136,0.5773502691896258,0.00019575327333267657,0.5773502691896258,0.00019575327333267657,0.5773502691896258,0.00019575327333267657
2180700000000,0.6920956189229615,0.691,0.0003342651780613906,0.6720070835238752,0.6709999999999999,0.00033427326830419554,0.685299104636228,0.6859999999999999,0.00014860530871635058,0.7232990942821645,0.724,0.00014861040412033388,0.7272990962514546,0.728,0.00014847656879868047,0.00462434429610729,0.00033427326830419554,0.001114230728000951,0.5773502691896258,0.0006433014107507019,0.5773502691896258,0.0006433014107507019,0.5773502691896258,0.0006433014107507019
2181000000000,0.6918641748459572,0.6917999999999999,1.8748226273124068e-06,0.6718593556270452,0.6717999999999998,7.638236025628059e-07,0.6849427042462399,0.6847999999999999,4.445743329427851e-06,0.7236658238595517,0.7237999999999999,4.707170402569471e-06,0.7276661473883043,0.7277999999999999,4.715428797191713e-06,0.00488421125913502,4.715428797191713e-06,1.650698875906425e-05,0.5773502691896258,9.530314403555872e-06,0.5773502691896258,9.530314403555872e-06,0.5773502691896258,9.530314403555872e-06
2181300000000,0.6916499894653315,0.6916,1.605638204581792e-06,0.6724018379580804,0.6726,1.0300047781986724e-05,0.684650919415941,0.6846,2.979843551739573e-06,0.7236475933770038,0.7236,1.1632267287523109e-08,0.7276496588302424,0.7276,9.515539143635572e-09,0.00515292458881309,1.0300047781986724e-05,1.4906677344739248e-05,0.5773502691896258,8.606374177708102e-06,0.5773502691896258,8.606374177708102e-06,0.5773502691896258,8.606374177708102e-06
2181600000000,0.6930784144792362,0.6936,7.141393071220465e-05,0.6727297302580751,0.6726,3.762967613854594e-06,0.6847299194551855,0.6846,2.1843521702178924e-07,0.722730930554373,0.7226,2.940947556377189e-05,0.7267309988738446,0.7266,2.9537764042103584e-05,0.00538257032798644,7.141393071220465e-05,0.0001343425731489565,0.5773502691896258,7.756272077117704e-05,0.5773502691896258,7.756272077117704e-05,0.5773502691896258,7.756272077117704e-05
2181900000000,0.6934428014822515,0.6934,4.647226078824507e-06,0.6732211526030679,0.6734,8.452357240536953e-06,0.6844453617252501,0.6844,2.834058558309751e-06,0.7224453781071988,0.7224,2.8539070030512756e-06,0.726445302512778,0.7264,2.856784375435968e-06,0.004326420142256612,8.452357240536953e-06,2.1644333256158456e-05,0.5773502691896258,1.2496361631873056e-05,0.5773502691896258,1.2496361631873056e-05,0.5773502691896258,1.2496361631873056e-05
2182200000000,0.6930703355006029,0.693,4.855581761989074e-06,0.6737893436718179,0.6739999999999999,1.12994381712522e-05,0.6840701209519303,0.6839999999999999,4.92819732865589e-06,0.7220581402797813,0.722,5.248359724404608e-06,0.7270120546776954,0.727,1.1242280575350256e-05,0.0038025290746719815,1.12994381712522e-05,3.757385756165203e-05,0.5773502691896258,2.1693276777712457e-05,0.5773502691896258,2.1693276777712457e-05,0.5773502691896258,2.1693276777712457e-05
2182500000000,0.6938181951150234,0.694,1.9575290100840023e-05,0.6739609031089732,0.6739999999999999,1.0301424166965135e-06,0.6832795803287411,0.6829999999999999,2.187340669193142e-05,0.7219696564505479,0.722,2.740285812533919e-07,0.7269713470055507,0.727,5.7999010000418995e-08,0.004000069963880744,2.187340669193142e-05,4.281086680072177e-05,0.5773502691896258,2.4716865471637928e-05,0.5773502691896258,2.4716865471637928e-05,0.5773502691896258,2.4716865471637928e-05
2182800000000,0.6939595492652335,0.694,6.993348523567281e-07,0.6739748574985741,0.6739999999999999,6.815374619723967e-09,0.6831128693075423,0.6829999999999999,9.727397606202124e-07,0.7219719942830132,0.722,1.9129112225047655e-10,0.7269801737380326,0.727,2.726892220761928e-09,0.004000030328948546,9.727397606202124e-07,1.6818081709396767e-06,0.5773502691896258,9.709924002173345e-07,0.5773502691896258,9.709924002173345e-07,0.5773502691896258,9.709924002173345e-07
2183100000000,0.6942764212562491,0.6942,3.514275054156651e-06,0.6748757132453398,0.6752,2.8403937676826476e-05,0.6832779297063017,0.6832,9.535727333515292e-07,0.7212845723234401,0.7212000000000001,1.653921326761399e-05,0.7262853467520227,0.7262000000000001,1.6897458917064436e-05,0.0037636664044522587,2.8403937676826476e-05,6.630845764901309e-05,0.5773502691896258,3.828320587320661e-05,0.5773502691896258,3.828320587320661e-05,0.5773502691896258,3.828320587320661e-05
2183400000000,0.6942371518831254,0.6942,5.3972928293512374e-08,0.6751064095387469,0.6752,1.862727292712224e-06,0.6832234774969009,0.6832,1.0377650880204817e-07,0.7212177165544466,0.7212000000000001,1.5643928467024567e-07,0.7262151820494723,0.7262000000000001,1.7230799193946677e-07,0.003385607916665251,1.862727292712224e-06,2.3492240064174965e-06,0.5773502691896258,1.356325112491873e-06,0.5773502691896258,1.356325112491873e-06,0.5773502691896258,1.356325112491873e-06
2183700000000,0.6939087573812808,0.6938,3.774503209462418e-06,0.6749090347757684,0.6748,1.363487897129242e-06,0.6829127135130573,0.6828,3.3800988779034963e-06,0.7216356120431219,0.7218,6.112282380931572e-06,0.7266326682450212,0.7268,6.100315321584019e-06,0.003276189670512832,6.112282380931572e-06,2.0730687687010747e-05,0.5773502691896258,1.1968868116581716e-05,0.5773502691896258,1.1968868116581716e-05,0.5773502691896258,1.1968868116581716e-05
2184000000000,0.6934606441356465,0.6933999999999999,7.028191831952305e-06,0.6744490121540313,0.6743999999999999,7.406728437844179e-06,0.6834384095610352,0.6833999999999999,9.6724717200861e-06,0.7221959790567464,0.7223999999999999,1.0990391648545282e-05,0.7264559436642509,0.7263999999999999,1.093105210694433e-06,0.003920426607278106,1.0990391648545282e-05,3.619088884912229e-05,0.5773502691896258,2.0894819419252585e-05,0.5773502691896258,2.0894819419252585e-05,0.5773502691896258,2.0894819419252585e-05
2184300000000,0.6932514221277847,0.6932,1.5320847000799524e-06,0.674251752790017,0.6742,1.361893984195977e-06,0.6839941393706703,0.6842,1.080924674609887e-05,0.72225100302027,0.7222000000000001,1.0596727966476928e-07,0.7262516777715889,0.7262000000000001,1.46035942167486e-06,0.0037636266774258367,1.080924674609887e-05,1.5269552131714432e-05,0.5773502691896258,8.815880033650352e-06,0.5773502691896258,8.815880033650352e-06,0.5773502691896258,8.815880033650352e-06
2184600000000,0.6935123974258562,0.6935999999999999,2.3837837171239595e-06,0.6745113950776789,0.6745999999999999,2.3594941139796357e-06,0.6836186657220976,0.6835999999999999,4.9343161270376185e-06,0.7225615266713833,0.7225999999999999,3.374872826525302e-06,0.7257958100833566,0.7255999999999999,7.273537221101024e-06,0.0034969355153531604,7.273537221101024e-06,2.032600400576754e-05,0.5773502691896258,1.1735223884279304e-05,0.5773502691896258,1.1735223884279304e-05,0.5773502691896258,1.1735223884279304e-05
2184900000000,0.6934423987333829,0.6934,1.7149359317935962e-07,0.674442163555084,0.6744,1.6775513022808755e-07,0.6834344647211104,0.6834,1.1875503067648096e-06,0.722442788417116,0.7224,4.934570559259132e-07,0.7262381562434516,0.7264,6.84845438727693e-06,0.003348917430615272,6.84845438727693e-06,8.8687104733751e-06,0.5773502691896258,5.120352379167969e-06,0.5773502691896258,5.120352379167969e-06,0.5773502691896258,5.120352379167969e-06
2185200000000,0.6939960289197916,0.6942,1.0727723415604514e-05,0.6742514122599145,0.6742,1.2735119813100538e-06,0.6832511628506556,0.6832,1.175985149927841e-06,0.7222508464007021,0.7222000000000001,1.2894608182750463e-06,0.7262505451499969,0.7262000000000001,5.371975188597566e-09,0.003960126178487769,1.0727723415604514e-05,1.4472053340306052e-05,0.5773502691896258,8.355443891752323e-06,0.5773502691896258,8.355443891752323e-06,0.5773502691896258,8.355443891752323e-06
2185500000000,0.6944768919193004,0.6943999999999999,8.093022850380329e-06,0.6744769009580187,0.6743999999999999,1.7795803540460307e-06,0.6840920963854932,0.6843999999999999,2.4750922350506534e-05,0.7214770408967965,0.7213999999999999,2.0957123525610994e-05,0.7254770697384859,0.7253999999999999,2.0939247427421705e-05,0.004752459257345465,2.4750922350506534e-05,7.651989650796559e-05,0.5773502691896258,4.4178782847236244e-05,0.5773502691896258,4.4178782847236244e-05,0.5773502691896258,4.4178782847236244e-05
2185800000000,0.6947516082175016,0.6948,2.64141655740786e-06,0.6739724454514249,0.6738,8.906637534649573e-06,0.6845983180327303,0.6848,8.969112464601429e-06,0.7209701148460587,0.7208,8.994090732084522e-06,0.725707479908868,0.7258,1.858109631542083e-06,0.005107656643083612,8.994090732084522e-06,3.136936692028546e-05,0.5773502691896258,1.8111112435734954e-05,0.5773502691896258,1.8111112435734954e-05,0.5773502691896258,1.8111112435734954e-05
2186100000000,0.6938917683870222,0.6938,2.5876358692761702e-05,0.6738766388185826,0.6738,3.212618813799706e-07,0.6854784352844528,0.6858,2.7111223187287616e-05,0.7208766100023375,0.7208,3.0601045297621825e-07,0.7258765466686223,0.7258,1.000424923884418e-06,0.005569664753248271,2.7111223187287616e-05,5.461527913828993e-05,0.5773502691896258,3.1532146112358245e-05,0.5773502691896258,3.1532146112358245e-05,0.5773502691896258,3.1532146112358245e-05
2186400000000,0.6935275653772054,0.6934,4.642534132585694e-06,0.6745274909689095,0.6744,1.4826298255480108e-05,0.6868844838127344,0.6874,6.919403623589226e-05,0.720527561055746,0.7204,4.264230849082017e-06,0.7245328981406707,0.7244,6.318869783333295e-05,0.004537066136241012,6.919403623589226e-05,0.00015611579730637304,0.5773502691896258,9.013349759958754e-05,0.5773502691896258,9.013349759958754e-05,0.5773502691896258,9.013349759958754e-05
2186700000000,0.6920125559702848,0.6916,8.03338726070289e-05,0.6746462201676948,0.6746,4.933817925470217e-07,0.6866462205666318,0.6866,1.9869281055162435e-06,0.7206462201353911,0.7206,4.927992013781484e-07,0.7260487831370382,0.7266,8.042675627743044e-05,0.003686640226583745,8.042675627743044e-05,0.00016373373798390077,0.5773502691896258,9.453171770042877e-05,0.5773502691896258,9.453171770042877e-05,0.5773502691896258,9.453171770042877e-05
2187000000000,0.6910907531119072,0.691,2.974021783996016e-05,0.6756371903212012,0.6759999999999999,3.437076457991425e-05,0.6870906700977131,0.6869999999999999,6.913738498741942e-06,0.7200907027673336,0.72,1.0800984117477109e-05,0.7260906835093252,0.726,6.144744192234952e-08,0.003610082276589672,3.437076457991425e-05,8.18871524780158e-05,0.5773502691896258,4.727756952635436e-05,0.5773502691896258,4.727756952635436e-05,0.5773502691896258,4.727756952635436e-05
2187300000000,0.6918707551979956,0.6921999999999999,2.1294113900579828e-05,0.67686836587039,0.6771999999999999,5.305276315221497e-05,0.6878710504440785,0.6881999999999999,2.1314771974768675e-05,0.7186947405649988,0.7182,6.820486646215333e-05,0.7246950834066044,0.7242,6.816948763499815e-05,0.0030280083906304876,6.820486646215333e-05,0.00023203600312471498,0.5773502691896258,0.00013396604886573905,0.5773502691896258,0.00013396604886573905,0.5773502691896258,0.00013396604886573905
2187600000000,0.6928859804819464,0.693,3.607388320105551e-05,0.6778859754007521,0.6779999999999999,3.6243520469933365e-05,0.687886467776315,0.688,8.31929466520807e-09,0.7174548270033105,0.717,5.380849741604879e-05,0.7238867475170835,0.724,2.2869241860063766e-05,0.002722629352756235,5.380849741604879e-05,0.00014900346224176663,0.5773502691896258,8.602718903547021e-05,0.5773502691896258,8.602718903547021e-05,0.5773502691896258,8.602718903547021e-05
2187900000000,0.6924984112797367,0.6923999999999999,5.257346027551907e-06,0.6774985864317874,0.6773999999999999,5.252457464644487e-06,0.6890002472466982,0.6893999999999999,4.3417664802644597e-05,0.7165258592667191,0.7163999999999999,3.020433694697493e-05,0.7244767438949803,0.7243999999999999,1.2183350407597295e-05,0.0024965052676648347,4.3417664802644597e-05,9.631515564941321e-05,0.5773502691896258,5.560758104122943e-05,0.5773502691896258,5.560758104122943e-05,0.5773502691896258,5.560758104122943e-05
2188200000000,0.6916941282474813,0.6914,2.2640491859083776e-05,0.6783017467280622,0.6784,2.2577326152928278e-05,0.6893346281818664,0.6894,3.91337134313962e-06,0.7163347320390865,0.7164,1.2785365999882304e-06,0.7243347638557928,0.7244,7.055416034692206e-07,0.002340954506133574,2.2640491859083776e-05,5.1115267558609126e-05,0.5773502691896258,2.9511413484662727e-05,0.5773502691896258,2.9511413484662727e-05,0.5773502691896258,2.9511413484662727e-05
2188500000000,0.6911920185651282,0.691,8.823994658945277e-06,0.6780749016194957,0.6779999999999999,1.8010546148194715e-06,0.6898313763802306,0.69,8.636557040232934e-06,0.7168307578685476,0.717,8.611456822238865e-06,0.7240704009367877,0.724,2.4460713530716233e-06,0.0019600675068837145,8.823994658945277e-06,3.0319134489308174e-05,0.5773502691896258,1.7504760458998544e-05,0.5773502691896258,1.7504760458998544e-05,0.5773502691896258,1.7504760458998544e-05
2188800000000,0.6903988150434709,0.6904,2.2021013936936693e-05,0.6793011610736426,0.6794,5.262992871096235e-05,0.6893987379163107,0.6894,6.55116141620528e-06,0.7180574682048778,0.7184,5.266863872408259e-05,0.7228438171037165,0.7224,5.265777648430481e-05,0.001638562053735606,5.266863872408259e-05,0.00018652851927249172,0.5773502691896258,0.00010769229081351541,0.5773502691896258,0.00010769229081351541,0.5773502691896258,0.00010769229081351541
2189100000000,0.6904738367294472,0.6904,1.9698886783534705e-07,0.6801046417702787,0.6804,2.2595343045342556e-05,0.6894738370610873,0.6894,1.9739585411649046e-07,0.7174738465781988,0.7174,1.1921497109461313e-05,0.7224738377838069,0.7224,4.790964400626011e-06,0.0016384545247725812,2.2595343045342556e-05,3.970218927738171e-05,0.5773502691896258,2.292206966671381e-05,0.5773502691896258,2.292206966671381e-05,0.5773502691896258,2.292206966671381e-05
2189400000000,0.6912965069750291,0.6916,2.3687521653803204e-05,0.6806750297119848,0.6806,1.138698414152833e-05,0.6896750276268085,0.6896,1.4167175307327163e-06,0.7166767668410668,0.7166,2.2236763757121564e-05,0.7216766687510823,0.7216,2.224174633572999e-05,0.002016457571602381,2.3687521653803204e-05,8.09697334189158e-05,0.5773502691896258,4.674789738562328e-05,0.5773502691896258,4.674789738562328e-05,0.5773502691896258,4.674789738562328e-05
2189700000000,0.6916742074981912,0.6918000000000001,4.993018981892488e-06,0.6796742120945122,0.6798000000000001,3.50572566205247e-05,0.6883031713548775,0.6878000000000001,6.58696370792784e-05,0.7176742045264723,0.7178000000000001,3.482086776934784e-05,0.7226742044857422,0.7228000000000001,3.4827713967320083e-05,0.002755758239722598,6.58696370792784e-05,0.0001755684944183635,0.5773502691896258,0.00010136451751365949,0.5773502691896258,0.00010136451751365949,0.5773502691896258,0.00010136451751365949
2190000000000,0.690954894161738,0.6908,1.8109408659977303e-05,0.6798364925064241,0.6798,9.2172262316045e-07,0.6878758340020933,0.6878,6.391602457961823e-06,0.7178289787432179,0.7178,8.384270359223817e-07,0.7235031843000443,0.7238,2.4052263638217193e-05,0.003459682932870908,2.4052263638217193e-05,5.031342441523915e-05,0.5773502691896258,2.9048469129990216e-05,0.5773502691896258,2.9048469129990216e-05,0.5773502691896258,2.9048469129990216e-05
2190300000000,0.6920380542312353,0.6924,4.106325076536648e-05,0.6787499526812654,0.6784,4.13199077079577e-05,0.6867884952397156,0.6864,4.138069544591391e-05,0.7182117722341633,0.7184,5.128579984855485e-06,0.7242117250580555,0.7244,1.7571050201707464e-05,0.0043266376617692595,4.138069544591391e-05,0.00014646348410580104,0.5773502691896258,8.456073197493472e-05,0.5773502691896258,8.456073197493472e-05,0.5773502691896258,8.456073197493472e-05
2190600000000,0.6925221498419915,0.6925999999999999,8.20219961236727e-06,0.6779102605397185,0.6775999999999999,2.4677901240145986e-05,0.686522797986215,0.6865999999999999,2.4708260681230513e-06,0.718522418831022,0.7185999999999999,3.3775457848949825e-06,0.7245223683104425,0.7245999999999999,3.377473058873851e-06,0.004928460363341885,2.4677901240145986e-05,4.210594576440514e-05,0.5773502691896258,2.4309879121563097e-05,0.5773502691896258,2.4309879121563097e-05,0.5773502691896258,2.4309879121563097e-05
2190900000000,0.6931468271905274,0.6934,1.3657762642088668e-05,0.6775068613574636,0.6774,5.695581508535827e-06,0.6864492180261951,0.6864,1.8949036807848697e-07,0.7184435993086159,0.7184,2.174380989312373e-07,0.7244522702745047,0.7244,1.7198071248192956e-07,0.005664499540570494,1.3657762642088668e-05,1.993225333011615e-05,0.5773502691896258,1.1507891825698375e-05,0.5773502691896258,1.1507891825698375e-05,0.5773502691896258,1.1507891825698375e-05
2191200000000,0.6946492987516167,0.6952,7.900972771587324e-05,0.6783375733994704,0.6782,2.4152887385728655e-05,0.6863376405134718,0.6862,4.357339470929962e-07,0.7173377390778783,0.7172000000000001,4.280243974744208e-05,0.7233377479191578,0.7232000000000001,4.3475602819873364e-05,0.005953789561393641,7.900972771587324e-05,0.00018987639161601035,0.5773502691896258,0.0001096251858122584,0.5773502691896258,0.0001096251858122584,0.5773502691896258,0.0001096251858122584
2191500000000,0.6950034311680474,0.695,4.3893418928460084e-06,0.6780645716887336,0.6779999999999999,2.608547692283696e-06,0.6860374810864804,0.6859999999999999,3.153348856412213e-06,0.7178175349971468,0.718,8.057144345134665e-06,0.7230768683627111,0.723,2.382035004014192e-06,0.006250028029009128,8.057144345134665e-06,2.0590417790690774e-05,0.5773502691896258,1.1887883254182179e-05,0.5773502691896258,1.1887883254182179e-05,0.5773502691896258,1.1887883254182179e-05
2191800000000,0.6945533404552947,0.6944000000000001,7.090357739718308e-06,0.6775950393429387,0.6774000000000001,7.716121831165917e-06,0.6862864848138629,0.6864000000000001,2.1700999687625017e-06,0.7182424512131544,0.7184000000000001,6.319382671917552e-06,0.7233201256116417,0.7234000000000002,2.0710931205048524e-06,0.006401082283731319,7.716121831165917e-06,2.536705533206913e-05,0.5773502691896258,1.4645676224518245e-05,0.5773502691896258,1.4645676224518245e-05,0.5773502691896258,1.4645676224518245e-05
2192100000000,0.6942646651996445,0.6942,2.916669112865584e-06,0.6772659166587152,0.6772,3.7912609444687415e-06,0.6862620533219597,0.6862,2.0891422881618825e-08,0.7189442012812386,0.7192000000000001,1.7235860531963843e-05,0.723263158875106,0.7232000000000001,1.1358231750374795e-07,0.005953641127189171,1.7235860531963843e-05,2.4078264329683534e-05,0.5773502691896258,1.3901592392361754e-05,0.5773502691896258,1.3901592392361754e-05,0.5773502691896258,1.3901592392361754e-05
2192400000000,0.6950830293996173,0.6952,2.3440198732901062e-05,0.6780830294338113,0.6782,2.336856505288415e-05,0.6870830294043091,0.6872,2.3590060472643853e-05,0.71766787233215,0.7172000000000001,5.701554551985446e-05,0.7220830394214725,0.7222000000000001,4.8743867369547995e-05,0.005475736815729887,5.701554551985446e-05,0.00017615823714783153,0.5773502691896258,0.00010170500563727048,0.5773502691896258,0.00010170500563727048,0.5773502691896258,0.00010170500563727048
2192700000000,0.6957147739238305,0.6958,1.3968540035568483e-05,0.6787146523304397,0.6788,1.3963161924085382e-05,0.6867676869333367,0.6868,3.4804305899647918e-06,0.7170352016368388,0.7168,1.4009527304696934e-05,0.7217676846741189,0.7218,3.48070158374492e-06,0.004884136000130093,1.4009527304696934e-05,4.890236143806051e-05,0.5773502691896258,2.8233791540272616e-05,0.5773502691896258,2.8233791540272616e-05,0.5773502691896258,2.8233791540272616e-05
2193000000000,0.694606264907923,0.6941999999999999,4.3007728342190037e-05,0.6790984236275486,0.6791999999999999,5.154814296961867e-06,0.6870984285356703,0.6871999999999999,3.8286502629967906e-06,0.7170984543169422,0.7172,1.4003155390934708e-07,0.7220984278608643,0.7222,3.828686945248032e-06,0.004368203188455164,4.3007728342190037e-05,5.595991140130607e-05,0.5773502691896258,3.230846991137167e-05,0.5773502691896258,3.230846991137167e-05,0.5773502691896258,3.230846991137167e-05
2193300000000,0.6940331573694172,0.6937999999999999,1.1495828774226704e-05,0.6796306542705524,0.6797999999999998,9.914431007327737e-06,0.6876385278772484,0.6877999999999999,1.0209755457061076e-05,0.7168470098793904,0.7167999999999999,2.2128506811502706e-06,0.7218495537610508,0.7217999999999999,2.1678411145302804e-06,0.003841699885762467,1.1495828774226704e-05,3.600070703429607e-05,0.5773502691896258,2.078501789726769e-05,0.5773502691896258,2.078501789726769e-05,0.5773502691896258,2.078501789726769e-05
2193600000000,0.693335417547391,0.6931999999999999,1.703943007343765e-05,0.6808445236381471,0.6811999999999999,5.157175945546743e-05,0.6888520643040784,0.6891999999999999,5.1543473073514245e-05,0.7156329141119216,0.7152,5.159099864049632e-05,0.721335072838175,0.7212,9.264171700108268e-06,0.0028563359654898866,5.159099864049632e-05,0.0001810098329430239,0.5773502691896258,0.00010450607577562405,0.5773502691896258,0.00010450607577562405,0.5773502691896258,0.00010450607577562405
2193900000000,0.694259733094804,0.6946000000000001,2.990257309162961e-05,0.6806750243440812,0.6806000000000001,1.0055503741086887e-06,0.6896704487792027,0.6896,2.344136021935543e-05,0.7147188414673691,0.7146000000000001,2.924350798317626e-05,0.7206759487579473,0.7206000000000001,1.5205559359761523e-05,0.0031329732582823185,2.990257309162961e-05,9.879855102803151e-05,0.5773502691896258,5.704137003157898e-05,0.5773502691896258,5.704137003157898e-05,0.5773502691896258,5.704137003157898e-05
2194200000000,0.6949481642775809,0.6951999999999999,1.6587812269683093e-05,0.680262321179713,0.6801999999999999,5.961336565784996e-06,0.6892631825819171,0.6891999999999999,5.805301440801393e-06,0.7142632508942987,0.7142,7.2646969594725035e-06,0.7212630806208956,0.7212,1.206533385712169e-05,0.003763639655808849,1.6587812269683093e-05,4.768448109286368e-05,0.5773502691896258,2.753064799513247e-05,0.5773502691896258,2.753064799513247e-05,0.5773502691896258,2.753064799513247e-05
2194500000000,0.6951238229051421,0.6951999999999999,1.0799583702838628e-06,0.6802158089854786,0.6801999999999999,7.571844743728453e-08,0.6892138875687979,0.6891999999999999,8.504994114488626e-08,0.7142281881113558,0.7142,4.30289561694139e-08,0.721218158119117,0.7212,7.063109081158409e-08,0.003960109030554961,1.0799583702838628e-06,1.3543868058470315e-06,0.5773502691896258,7.819555869426611e-07,0.5773502691896258,7.819555869426611e-07,0.5773502691896258,7.819555869426611e-07
2194800000000,0.6944539426175411,0.6942,1.5705885990071818e-05,0.6802110829475423,0.6802,7.81740210147457e-10,0.6892052452156447,0.6892,2.6141593808141216e-09,0.7142045384784064,0.7142000000000001,1.957567985249606e-08,0.7219226233940664,0.7222000000000001,1.7369496326332893e-05,0.003960272978190762,1.7369496326332893e-05,3.309835389584817e-05,0.5773502691896258,1.910934353150144e-05,0.5773502691896258,1.910934353150144e-05,0.5773502691896258,1.910934353150144e-05
2195100000000,0.6951321543402346,0.6952,1.609898992795835e-05,0.6794713651850184,0.6792,1.915138288676808e-05,0.6891321601538776,0.6892,1.8694991887291357e-07,0.7141321602585514,0.7142000000000001,1.8335123482801e-07,0.7221321600620055,0.7222000000000001,1.5366965323857682e-06,0.004368146024427871,1.915138288676808e-05,3.715737050081312e-05,0.5773502691896258,2.1452817861023115e-05,0.5773502691896258,2.1452817861023115e-05,0.5773502691896258,2.1452817861023115e-05
2195400000000,0.6966957060104796,0.697,8.556428389340998e-05,0.6799119422898646,0.6799999999999999,6.793786486014327e-06,0.6889119573955105,0.689,1.6971239177366877e-06,0.7139119583908631,0.714,1.697110188670178e-06,0.7205684353771756,0.72,8.558322114812334e-05,0.004410219507814247,8.558322114812334e-05,0.00018133552563395452,0.5773502691896258,0.00010469411453840594,0.5773502691896258,0.00010469411453840594,0.5773502691896258,0.00010469411453840594
2195700000000,0.696391577292868,0.6964,3.2372996906614026e-06,0.6810057822963141,0.6814,4.1877008589832024e-05,0.6893909100604674,0.6894,8.028847934426072e-06,0.7128201986040548,0.7124,4.1717880123210484e-05,0.7203915254268446,0.7204,1.0953995684145735e-06,0.0041210663564957796,4.1877008589832024e-05,9.595643590654456e-05,0.5773502691896258,5.540047410112058e-05,0.5773502691896258,5.540047410112058e-05,0.5773502691896258,5.540047410112058e-05
2196000000000,0.6956635755906952,0.6954,1.8549526742827197e-05,0.681333216925335,0.6814,3.7524702698707754e-06,0.6893358426667957,0.6894,1.0613462460267604e-07,0.7133306052933313,0.7134,9.118024596036489e-06,0.7203367291199199,0.7204,1.0509223384062812e-07,0.00432644469833522,1.8549526742827197e-05,3.1631248467177764e-05,0.5773502691896258,1.826230981732902e-05,0.5773502691896258,1.826230981732902e-05,0.5773502691896258,1.826230981732902e-05
2196300000000,0.6951271280680414,0.6952,1.0072158059649146e-05,0.6805033061155691,0.6802,2.410631832582081e-05,0.6891268321401114,0.6892,1.528989009269942e-06,0.7141203568118647,0.7142000000000001,2.1829761135905805e-05,0.7211223753046301,0.7212000000000001,2.1603397464240397e-05,0.004368157578741279,2.410631832582081e-05,7.91406239948861e-05,0.5773502691896258,4.569186056728245e-05,0.5773502691896258,4.569186056728245e-05,0.5773502691896258,4.569186056728245e-05
2196600000000,0.6950621039126571,0.6950000000000001,1.4798492742064295e-07,0.6808410997042774,0.681,3.993657800035952e-06,0.6890157200476625,0.6890000000000001,4.3210639809266787e-07,0.714033145478721,0.714,2.6620358200461565e-07,0.7210477444568812,0.7210000000000001,1.949417202498455e-07,0.0044100241945295125,3.993657800035952e-06,5.034894427803723e-06,0.5773502691896258,2.9068976532338268e-06,0.5773502691896258,2.9068976532338268e-06,0.5773502691896258,2.9068976532338268e-06
2196900000000,0.695717256229495,0.6958,1.5022859539031533e-05,0.6807172576869841,0.6808,5.367895836547515e-07,0.6897172558624466,0.6898,1.7225337479865178e-05,0.7131309722873611,0.7128,2.8487076352296376e-05,0.7207172579275113,0.7208,3.8227471133249455e-06,0.004243668464415408,2.8487076352296376e-05,6.509481006817279e-05,0.5773502691896258,3.7582506115707124e-05,0.5773502691896258,3.7582506115707124e-05,0.5773502691896258,3.7582506115707124e-05
2197200000000,0.6970961917391442,0.6976,6.65512098920007e-05,0.6797266018095138,0.6796,3.434896736482368e-05,0.6887265649899955,0.6885999999999999,3.4351394166525324e-05,0.713725068551368,0.7136,1.2353262981741818e-05,0.7207255676436963,0.7205999999999999,2.4167984076569575e-09,0.004709058867983774,6.65512098920007e-05,0.0001476072512034992,0.5773502691896258,8.522108621668099e-05,0.5773502691896258,8.522108621668099e-05,0.5773502691896258,8.522108621668099e-05
2197500000000,0.6974030601806752,0.6974,3.295888414269333e-06,0.6794662172635592,0.6794,2.373003912020738e-06,0.6884587402031306,0.6884,2.5105540760736593e-06,0.7134533946600836,0.7134,2.5832346121953655e-06,0.7212184855365491,0.7214,8.503881718304634e-06,0.00519842647980987,8.503881718304634e-06,1.926656273286373e-05,0.5773502691896258,1.1123555180177687e-05,0.5773502691896258,1.1123555180177687e-05,0.5773502691896258,1.1123555180177687e-05
2197800000000,0.6972606415452149,0.6972,7.099073704228146e-07,0.6800012919014795,0.6802,1.0020670385095849e-05,0.6882415959271992,0.6882,1.6503072799410432e-06,0.7132499055199548,0.7132000000000001,1.4492740552625241e-06,0.7212465441923425,0.7212000000000001,2.755508577256192e-08,0.004796125690749507,1.0020670385095849e-05,1.3857714176494791e-05,0.5773502691896258,8.000755010152162e-06,0.5773502691896258,8.000755010152162e-06,0.5773502691896258,8.000755010152162e-06
2198100000000,0.6964956504620009,0.6962,2.0482397508894627e-05,0.6801646110783091,0.6802,9.335603732098193e-07,0.6881793951285515,0.6882,1.354128773344788e-07,0.713963917355105,0.7142000000000001,1.7843451525708755e-05,0.7211944155713086,0.7212000000000001,9.510875958126966e-08,0.0050177624922983005,2.0482397508894627e-05,3.948993104472895e-05,0.5773502691896258,2.279952231895402e-05,0.5773502691896258,2.279952231895402e-05,0.5773502691896258,2.279952231895402e-05
2198400000000,0.6960550748362941,0.696,6.793740868841694e-06,0.6800549862671569,0.6799999999999999,4.206159727052574e-07,0.6887804171999888,0.6890000000000001,1.2642963562417703e-05,0.7140545450382431,0.714,2.8746819328401526e-07,0.7210549761112249,0.7210000000000001,6.805177059947604e-07,0.0048400301595056695,1.2642963562417703e-05,2.0825306303243428e-05,0.5773502691896258,1.2023496200134006e-05,0.5773502691896258,1.2023496200134006e-05,0.5773502691896258,1.2023496200134006e-05
2198700000000,0.6960429905314334,0.6960000000000001,5.1110648388819235e-09,0.6807472997771087,0.681,1.6775429862162482e-05,0.6881178219947914,0.6880000000000001,1.5366134208270584e-05,0.7140456485840995,0.7140000000000001,2.7701413715162847e-09,0.7210461095359322,0.7210000000000001,2.751565509772737e-09,0.004840047600118649,1.6775429862162482e-05,3.215219684215324e-05,0.5773502691896258,1.856307950185501e-05,0.5773502691896258,1.856307950185501e-05,0.5773502691896258,1.856307950185501e-05
2199000000000,0.6955900163574081,0.6954,7.181496081684489e-06,0.6803870487565702,0.6804,4.542327922965911e-06,0.688340807082943,0.6884,1.740282233828416e-06,0.7143574704162129,0.7144,3.403149924390025e-06,0.7213246346101524,0.7214,2.7151675939281697e-06,0.004752424626294554,7.181496081684489e-06,1.958242375679701e-05,0.5773502691896258,1.1305917627372077e-05,0.5773502691896258,1.1305917627372077e-05,0.5773502691896258,1.1305917627372077e-05
2199300000000,0.695437542411653,0.6954,8.136906446948113e-07,0.6804001495820587,0.6804,6.007106996854586e-09,0.6883825361729269,0.6884,6.094609328095356e-08,0.7143899846093622,0.7144,3.7001046465279965e-08,0.7213887947456805,0.7214,1.440783046845536e-07,0.0041209412647727735,8.136906446948113e-07,1.061723196122453e-06,0.5773502691896258,6.129861730861682e-07,0.5773502691896258,6.129861730861682e-07,0.5773502691896258,6.129861730861682e-07
2199600000000,0.6952552415861298,0.6952,1.1631756845250747e-06,0.6802523512301699,0.6802,7.645523487368857e-07,0.6882554723058013,0.6882,5.650829215117145e-07,0.7142536186191092,0.7142000000000001,6.508489154190158e-07,0.7219833025462589,0.7222000000000001,1.2370383373197656e-05,0.004161629910573069,1.2370383373197656e-05,1.5514043243390345e-05,0.5773502691896258,8.957037042790912e-06,0.5773502691896258,8.957037042790912e-06,0.5773502691896258,8.957037042790912e-06
2199900000000,0.6954987434686115,0.6956,2.075260837024235e-06,0.679782801964147,0.6796,7.71667796279384e-06,0.6877836540147674,0.6876,7.791437491396302e-06,0.7145075324849948,0.7146,2.25652879511361e-06,0.722425065648697,0.7226,6.830412353652371e-06,0.004285049455392079,7.791437491396302e-06,2.667031743998036e-05,0.5773502691896258,1.5398114953345434e-05,0.5773502691896258,1.5398114953345434e-05,0.5773502691896258,1.5398114953345434e-05
2200200000000,0.6954485634878046,0.6953999999999999,8.813106658239731e-08,0.6802256269061139,0.6803999999999999,6.8632875229796455e-06,0.6874362178203713,0.6873999999999999,4.224916821173946e-06,0.7144478378991621,0.7143999999999999,1.2472052522064503e-07,0.7224417412956425,0.7223999999999999,9.732702036805558e-09,0.0047524196024230254,6.8632875229796455e-06,1.131078863799344e-05,0.5773502691896258,6.5302868648924735e-06,0.5773502691896258,6.5302868648924735e-06,0.5773502691896258,6.5302868648924735e-06
2200500000000,0.6962912315536066,0.6965999999999999,2.4853131419288193e-05,0.6796771866419862,0.6795999999999999,1.0527535316076265e-05,0.687677185032426,0.6875999999999999,2.0322819049893133e-06,0.7136772111657143,0.7135999999999999,2.0785294680657868e-05,0.7226771855952727,0.7225999999999999,1.94019063799216e-06,0.004708959586697471,2.4853131419288193e-05,6.01384339590038e-05,0.5773502691896258,3.4720941034873384e-05,0.5773502691896258,3.4720941034873384e-05,0.5773502691896258,3.4720941034873384e-05
2200800000000,0.6958753264731734,0.6958,6.054196257555416e-06,0.6798753261429049,0.6798,1.3740741638514162e-06,0.6878753263737942,0.6878,1.3740996905715863e-06,0.7144986841550245,0.7148,2.361862552582025e-05,0.7218753368545329,0.7218,2.2503649105913037e-05,0.004884156744549216,2.361862552582025e-05,5.49246447437117e-05,0.5773502691896258,3.171075842792652e-05,0.5773502691896258,3.171075842792652e-05,0.5773502691896258,3.171075842792652e-05
2201100000000,0.6959404679087872,0.6960000000000001,1.4851923218374858e-07,0.6792469402220619,0.679,1.3820410292980646e-05,0.6879411314258503,0.6880000000000001,1.5156067066376422e-07,0.7149287253213336,0.7150000000000001,6.472739165216274e-06,0.7219426014976198,0.7220000000000001,1.583586273364151e-07,0.0046225439277069675,1.3820410292980646e-05,2.075158798838085e-05,0.5773502691896258,1.198093491120389e-05,0.5773502691896258,1.198093491120389e-05,0.5773502691896258,1.198093491120389e-05
2201400000000,0.6964082487148979,0.6966,7.658660889797215e-06,0.6795895014310351,0.6796,4.107186366262431e-06,0.6876675049888916,0.6876,2.620499945095319e-06,0.7146607928972721,0.7146,2.5125724352200638e-06,0.7216735728215525,0.7216,2.5331749991276366e-06,0.004708941727169239,7.658660889797215e-06,1.9432094635502664e-05,0.5773502691896258,1.1219125068725747e-05,0.5773502691896258,1.1219125068725747e-05,0.5773502691896258,1.1219125068725747e-05
2201700000000,0.6957000637466624,0.6956,1.755340822321744e-05,0.6788647917715341,0.6786,1.838214317009191e-05,0.6883848736750143,0.6886,1.8011624114029826e-05,0.7146597269640499,0.7146,3.976747719992317e-11,0.7223905348770103,0.7226,1.7991210613819205e-05,0.004284987296040853,1.838214317009191e-05,7.193842588863558e-05,0.5773502691896258,4.15336695518817e-05,0.5773502691896258,4.15336695518817e-05,0.5773502691896258,4.15336695518817e-05
2202000000000,0.6954187628895034,0.6953999999999999,2.7695560283423884e-06,0.679229840766457,0.6793999999999999,4.664126904296282e-06,0.6884666676078299,0.6883999999999999,2.341586605904965e-07,0.7144140847604801,0.7143999999999999,2.111903226112257e-06,0.7224706311948454,0.7223999999999999,2.245397045760656e-07,0.004326420000648218,4.664126904296282e-06,1.000428452391749e-05,0.5773502691896258,5.775976362933371e-06,0.5773502691896258,5.775976362933371e-06,0.5773502691896258,5.775976362933371e-06
2202300000000,0.6954169927816477,0.6953999999999999,1.0966486373288898e-10,0.6786027911030063,0.6783999999999999,1.3761694815178556e-05,0.6884246932729647,0.6883999999999999,6.166456755813252e-08,0.7151208246375861,0.7153999999999999,1.748184388621367e-05,0.7224325266947939,0.7223999999999999,5.0818352346368764e-08,0.0045370530161323915,1.748184388621367e-05,3.135613128616045e-05,0.5773502691896258,1.8103470838809987e-05,0.5773502691896258,1.8103470838809987e-05,0.5773502691896258,1.8103470838809987e-05
2202600000000,0.6957418100717211,0.6958000000000001,3.692719517571659e-06,0.6787438255991297,0.6788000000000001,6.961755183879386e-07,0.6887553613145357,0.6888000000000001,3.826947380074086e-06,0.714788228334475,0.7148000000000001,3.87171052951121e-06,0.721970644419819,0.7218000000000001,7.466733257759644e-06,0.004243624262891878,7.466733257759644e-06,1.9554286203304538e-05,0.5773502691896258,1.1289672403288862e-05,0.5773502691896258,1.1289672403288862e-05,0.5773502691896258,1.1289672403288862e-05
2202900000000,0.6960269559013154,0.6961999999999999,2.8457850447251325e-06,0.6783551597954097,0.6781999999999999,5.287138744345694e-06,0.6883751605918688,0.6881999999999999,5.059340633077258e-06,0.7151270241064573,0.7152,4.0173901289595465e-06,0.7221153999528905,0.7222,7.333957524193385e-07,0.0043681611168081115,5.287138744345694e-06,1.794305030352697e-05,0.5773502691896258,1.0359424922824293e-05,0.5773502691896258,1.0359424922824293e-05,0.5773502691896258,1.0359424922824293e-05
2203200000000,0.6971844054028843,0.6976,4.688912720387577e-05,0.6793695645274747,0.6796,3.6015593615250495e-05,0.6884961656601428,0.6886,5.124779291803509e-07,0.7139674687359578,0.7136,4.705990300389805e-05,0.7209819601154096,0.7206,4.496400528160804e-05,0.004709177667096851,4.705990300389805e-05,0.0001754411070338127,0.5773502691896258,0.00010129097037289772,0.5773502691896258,0.00010129097037289772,0.5773502691896258,0.00010129097037289772
2203500000000,0.6961438029058039,0.6958,3.789987449254717e-05,0.6804178117060213,0.6808,3.84587751565876e-05,0.6888127820753643,0.6888,3.5086084035703118e-06,0.713812799548036,0.7138,8.372895192340609e-07,0.7208128035715552,0.7208,1.0014877715069078e-06,0.004665732388082778,3.84587751565876e-05,8.170603534344606e-05,0.5773502691896258,4.717300149995567e-05,0.5773502691896258,4.717300149995567e-05,0.5773502691896258,4.717300149995567e-05
2203800000000,0.6959867993444698,0.696,8.627541395054392e-07,0.6808613683794676,0.6809999999999999,6.885988289556488e-06,0.6882422346079391,0.688,1.1393354440487515e-05,0.7139504106857173,0.714,6.627888824878897e-07,0.7209573529627658,0.721,7.313084274770005e-07,0.0046226200370738735,1.1393354440487515e-05,2.0536194179514334e-05,0.5773502691896258,1.1856577237673028e-05,0.5773502691896258,1.1856577237673028e-05,0.5773502691896258,1.1856577237673028e-05
2204100000000,0.6957738802489715,0.6958,1.5867089429744668e-06,0.6816096702717424,0.6818,1.9598450269366664e-05,0.6887245646592421,0.6888,8.142479743650038e-06,0.7131093562556153,0.7128,2.475803940379475e-05,0.7207818933273454,0.7208,1.0775129281640622e-06,0.004452196120645898,2.475803940379475e-05,5.5163191287949985e-05,0.5773502691896258,3.1848483339456746e-05,0.5773502691896258,3.1848483339456746e-05,0.5773502691896258,3.1848483339456746e-05
2204400000000,0.6957672403694705,0.6958,1.5430799925741776e-09,0.681016815185945,0.6808,1.2301700346451042e-05,0.6887672588477838,0.6888,6.379778073300829e-08,0.713681421352129,0.7138,1.1454046612720646e-05,0.7207672640017352,0.7208,7.490600873374271e-09,0.004452132153523226,1.2301700346451042e-05,2.3828578420770644e-05,0.5773502691896258,1.3757436165638042e-05,0.5773502691896258,1.3757436165638042e-05,0.5773502691896258,1.3757436165638042e-05
2204700000000,0.6950341273722959,0.6948,1.8810913331921423e-05,0.6808356495600869,0.6808,1.1487344397398303e-06,0.6888194679768164,0.6888,9.540276040194863e-08,0.7138136734940103,0.7138,6.121720161265532e-07,0.7214964412540292,0.7218,1.860948128420823e-05,0.0038416995016344476,1.8810913331921423e-05,3.9276703832397984e-05,0.5773502691896258,2.2676415530516186e-05,0.5773502691896258,2.2676415530516186e-05,0.5773502691896258,2.2676415530516186e-05
2205000000000,0.6948662515625114,0.6948,9.863800628780713e-07,0.6808649426175577,0.6808,3.0032912559548675e-08,0.688865585215877,0.6888,7.443799085027208e-08,0.7145356706547681,0.7148,1.8244796504982657e-05,0.7208675495849765,0.7208,1.3842665599139607e-05,0.0034596436841437227,1.8244796504982657e-05,3.317831307041016e-05,0.5773502691896258,1.9155507982458986e-05,0.5773502691896258,1.9155507982458986e-05,0.5773502691896258,1.9155507982458986e-05
2205300000000,0.6946505807187865,0.6946000000000001,1.6279869491548886e-06,0.6806600678798508,0.6806000000000001,1.4690780352667329e-06,0.6886564485174094,0.6886000000000001,1.5308355526085176e-06,0.7146327266003997,0.7146000000000001,3.296949803854454e-07,0.721400154588375,0.7216000000000001,9.928383137581994e-06,0.0029584259274208144,9.928383137581994e-06,1.4885978654997579e-05,0.5773502691896258,8.594423783613876e-06,0.5773502691896258,8.594423783613876e-06,0.5773502691896258,8.594423783613876e-06
2205600000000,0.6949809809616851,0.695,3.820751217762137e-06,0.6809809809746671,0.6809999999999999,3.6044825048601374e-06,0.689683988375848,0.69,3.695433562380205e-05,0.7139809826501503,0.714,1.4866956184032482e-05,0.7203730670266211,0.72,3.692181008283922e-05,0.002890120064104808,3.695433562380205e-05,9.616833561329603e-05,0.5773502691896258,5.552281445385474e-05,0.5773502691896258,5.552281445385474e-05,0.5773502691896258,5.552281445385474e-05
2205900000000,0.6953348897317956,0.6954,4.383799614637795e-06,0.6813351082389031,0.6814,4.389214174634677e-06,0.6893362744322689,0.6894,4.231674529577288e-06,0.7143348754556975,0.7144,4.38340412363256e-06,0.719658846955865,0.7194,1.785386083147746e-05,0.0026569420461405664,1.785386083147746e-05,3.524195327395978e-05,0.5773502691896258,2.0346951209488896e-05,0.5773502691896258,2.0346951209488896e-05,0.5773502691896258,2.0346951209488896e-05
2206200000000,0.6952411036162842,0.6952,3.078542411948743e-07,0.681240417114889,0.6812,3.138243138465925e-07,0.6892324141465279,0.6892,3.7754356339665477e-07,0.7142398944243807,0.7142000000000001,3.157488708499466e-07,0.7200460472156467,0.7202000000000001,5.247341441124817e-06,0.002856119007076896,5.247341441124817e-06,6.562312430412885e-06,0.5773502691896258,3.788752848205307e-06,0.5773502691896258,3.788752848205307e-06,0.5773502691896258,3.788752848205307e-06
2206500000000,0.6947831370060858,0.6946,7.340669561980442e-06,0.6814993325335429,0.6816,2.346301790584626e-06,0.6887769673481929,0.6886,7.260112513975428e-06,0.7144985304234381,0.7146,2.341240300294669e-06,0.7204411334422366,0.7206,5.46325942543667e-06,0.002624484398187849,7.340669561980442e-06,2.4751583592271832e-05,0.5773502691896258,1.4290333449867668e-05,0.5773502691896258,1.4290333449867668e-05,0.5773502691896258,1.4290333449867668e-05
2206800000000,0.6947653603312319,0.6948,1.1060355910169549e-08,0.6817383351442615,0.6818,1.999278677561243e-06,0.68876686640375,0.6888,3.571017752406714e-09,0.714752482403265,0.7148,2.2572062820303677e-06,0.7199767031603824,0.7198,7.549342034609929e-06,0.00228012741833728,7.549342034609929e-06,1.1820458367864117e-05,0.5773502691896258,6.824544820631113e-06,0.5773502691896258,6.824544820631113e-06,0.5773502691896258,6.824544820631113e-06
2207100000000,0.6945217752776397,0.6946,2.076678741673575e-06,0.682521561524707,0.6826,2.14705247059004e-05,0.6879131403189085,0.6876,2.5509687977855846e-05,0.7145217700363974,0.7146,1.8629868678988687e-06,0.7205217527194412,0.7206,1.0397765764055335e-05,0.00262446128954468,2.5509687977855846e-05,6.131764405738403e-05,0.5773502691896258,3.540175830260433e-05,0.5773502691896258,3.540175830260433e-05,0.5773502691896258,3.540175830260433e-05
2207400000000,0.6944583111562165,0.6944000000000001,1.4096931478073303e-07,0.6824582586046548,0.6824000000000001,1.4025408904968149e-07,0.6874594263635052,0.6874,7.204972366469094e-06,0.714458178967207,0.7144000000000001,1.4153384282726128e-07,0.7211658186256368,0.7214,1.451873120332413e-05,0.002992934493112656,1.451873120332413e-05,2.21464608164509e-05,0.5773502691896258,1.2786265113975428e-05,0.5773502691896258,1.2786265113975428e-05,0.5773502691896258,1.2786265113975428e-05
2207700000000,0.694676518875207,0.6946,1.6665113019463574e-06,0.6816765788075522,0.6816,2.1385815681944924e-05,0.6882938497040767,0.6886,2.436918089516688e-05,0.7146765238454851,0.7146,1.6686070054597154e-06,0.7206765286679612,0.7206,8.379163193876987e-06,0.0031329585835258465,2.436918089516688e-05,5.7469278078394866e-05,0.5773502691896258,3.317990316869474e-05,0.5773502691896258,3.317990316869474e-05,0.5773502691896258,3.317990316869474e-05
2208000000000,0.6954390169182911,0.6956,2.0349114299750418e-05,0.6808803825106471,0.6806,2.2187499012187843e-05,0.6876665926170968,0.6876,1.3770800860826085e-05,0.7145894418780124,0.7146,2.654144170617466e-07,0.7214242435267892,0.7216,1.9567712853930064e-05,0.003312481723936211,2.2187499012187843e-05,7.614054144375616e-05,0.5773502691896258,4.395976209879648e-05,0.5773502691896258,4.395976209879648e-05,0.5773502691896258,4.395976209879648e-05
2208300000000,0.694898277352652,0.6948,1.023397472466692e-05,0.6822859682280692,0.6828,6.914849231573584e-05,0.6888982486677273,0.6888,5.309418194691262e-05,0.7138982778773411,0.7138,1.6719768653842057e-05,0.7200192278558887,0.7198,6.909241624166594e-05,0.0030977706302925652,6.914849231573584e-05,0.00021828883388282333,0.5773502691896258,0.00012602911700333757,0.5773502691896258,0.00012602911700333757,0.5773502691896258,0.00012602911700333757
2208600000000,0.694240926323762,0.694,1.512386313139477e-05,0.6829304740971233,0.683,1.4538573533579899e-05,0.6889428674614521,0.6890000000000001,6.96792863708091e-08,0.7139428667447987,0.714,6.958584854035529e-08,0.7199428653474655,0.72,2.0409314424355923e-07,0.0032400363369388344,1.512386313139477e-05,3.0005794944129395e-05,0.5773502691896258,1.732385378824182e-05,0.5773502691896258,1.732385378824182e-05,0.5773502691896258,1.732385378824182e-05
2208900000000,0.6943250457319434,0.6944,2.476626191477718e-07,0.6832693668679443,0.6834,4.019690854015663e-06,0.6885629313031417,0.6884,5.052301953706543e-06,0.714275789983835,0.7144,3.879325908165475e-06,0.7195658510085029,0.7194,4.974893412420395e-06,0.0029929812048463743,5.052301953706543e-06,1.8173874747455847e-05,0.5773502691896258,1.0492691477662176e-05,0.5773502691896258,1.0492691477662176e-05,0.5773502691896258,1.0492691477662176e-05
2209200000000,0.6952580440225993,0.6955999999999999,3.046700336283589e-05,0.6826855013187636,0.6825999999999999,1.1931464283201267e-05,0.6886854798669383,0.6885999999999999,5.256352671010274e-07,0.7136855004873778,0.7135999999999999,1.2195459136970565e-05,0.7196854742076787,0.7195999999999999,5.008398423368601e-07,0.002958473086998076,3.046700336283589e-05,5.562040189244561e-05,0.5773502691896258,3.211245400503865e-05,0.5773502691896258,3.211245400503865e-05,0.5773502691896258,3.211245400503865e-05
2209500000000,0.6957405647461911,0.6958000000000001,8.148918704343854e-06,0.6820377346555754,0.6818000000000001,1.4686057747830058e-05,0.6887405763919611,0.6888000000000001,1.0624694743550275e-07,0.7137405616723678,0.7138000000000001,1.0611069323756914e-07,0.7197405624819132,0.7198000000000001,1.062151285347606e-07,0.002592135325281323,1.4686057747830058e-05,2.315354922138174e-05,0.5773502691896258,1.336770787566e-05,0.5773502691896258,1.336770787566e-05,0.5773502691896258,1.336770787566e-05
2209800000000,0.6962162195976811,0.6963999999999999,7.918663821110325e-06,0.6824214905489056,0.6823999999999999,5.1544004982973755e-06,0.6884706837262559,0.6883999999999999,2.5494717850511912e-06,0.7134239171089714,0.7133999999999999,3.509232283497779e-06,0.7194676191013092,0.7193999999999999,2.607433115544249e-06,0.002656924468110231,7.918663821110325e-06,2.173920150350092e-05,0.5773502691896258,1.2551133840013774e-05,0.5773502691896258,1.2551133840013774e-05,0.5773502691896258,1.2551133840013774e-05
2210100000000,0.6953263935381673,0.6950000000000001,2.771266456664628e-05,0.6819184018670116,0.682,8.858437764743447e-06,0.6889184015391591,0.6890000000000001,7.015793399678972e-06,0.7139184015163976,0.7140000000000001,8.558019021570059e-06,0.7199184015372094,0.7200000000000001,7.112168158065492e-06,0.0024025665830274693,2.771266456664628e-05,5.925708291070425e-05,0.5773502691896258,3.421209276988707e-05,0.5773502691896258,3.421209276988707e-05,0.5773502691896258,3.421209276988707e-05
2210400000000,0.6943921101322624,0.6942,3.0550991889220536e-05,0.6822501426982351,0.6822,3.851819268531431e-06,0.6898574623337664,0.6902,3.086423115890198e-05,0.7142501402205464,0.7142000000000001,3.851769874061857e-06,0.7192501445963788,0.7192000000000001,1.5629856863890167e-05,0.0022201808911446346,3.086423115890198e-05,8.474866905460597e-05,0.5773502691896258,4.892966689213927e-05,0.5773502691896258,4.892966689213927e-05,0.5773502691896258,4.892966689213927e-05
2210700000000,0.6935197116829258,0.6932,2.6637766904172863e-05,0.6821217938092663,0.6822,5.765703054837766e-07,0.6901217905357607,0.6902,2.445428942933706e-06,0.7141217937333826,0.7142000000000001,5.765487268556565e-07,0.720114910172714,0.7202000000000001,2.617368257050175e-05,0.002073663904393179,2.6637766904172863e-05,5.640999744994775e-05,0.5773502691896258,3.2568327212713444e-05,0.5773502691896258,3.2568327212713444e-05,0.5773502691896258,3.2568327212713444e-05
2211000000000,0.6930589344843516,0.6930000000000001,7.431046935405439e-06,0.6827642668727388,0.683,1.4447007305072543e-05,0.6900589335771098,0.6900000000000001,1.3828490377959363e-07,0.7140589330073487,0.7140000000000001,1.3830148071280555e-07,0.7200589320494593,0.7200000000000001,1.0967425990934653e-07,0.0021025347315772867,1.4447007305072543e-05,2.226431488487973e-05,0.5773502691896258,1.2854308192107904e-05,0.5773502691896258,1.2854308192107904e-05,0.5773502691896258,1.2854308192107904e-05
2211300000000,0.6930559789975336,0.693,3.0572158160980795e-10,0.682082817868889,0.6819999999999999,1.6253046069676443e-05,0.6900561659128257,0.69,2.680987956293419e-10,0.7147488728965496,0.715,1.6660596774872317e-05,0.720056160605879,0.72,2.6883148315676195e-10,0.0016900397796229356,1.6660596774872317e-05,3.291448549640915e-05,0.5773502691896258,1.900318706158986e-05,0.5773502691896258,1.900318706158986e-05,0.5773502691896258,1.900318706158986e-05
2211600000000,0.6937329629519348,0.6938,1.6040754608083494e-05,0.6827380954788309,0.6828,1.5028606113190195e-05,0.6897384022030015,0.6898,3.534082134842684e-06,0.7140521354623006,0.7138,1.6990506829937172e-05,0.7197384035377258,0.7198,3.5339344026456502e-06,0.0009216397504509921,1.6990506829937172e-05,5.51278840886992e-05,0.5773502691896258,3.182809871846497e-05,0.5773502691896258,3.182809871846497e-05,0.5773502691896258,3.182809871846497e-05
2211900000000,0.6941415192539253,0.6941999999999999,5.842138816366717e-06,0.6831415392114869,0.6831999999999999,5.696839589679063e-06,0.6891472867429406,0.6891999999999999,1.2229612049308009e-05,0.7134281534416199,0.7132,1.3627374674647034e-05,0.720141499156428,0.7202,5.687012723592409e-06,0.001081632591972136,1.3627374674647034e-05,4.3082977853593235e-05,0.5773502691896258,2.4873968861262743e-05,0.5773502691896258,2.4873968861262743e-05,0.5773502691896258,2.4873968861262743e-05
2212200000000,0.6938269664518015,0.6938,3.463021286337262e-06,0.682831013840057,0.6828,3.3749102205597574e-06,0.688152249846392,0.6878,3.46534448922548e-05,0.7144276328140775,0.7148,3.4963565558887635e-05,0.7207609699085955,0.7208,1.3431040447684138e-05,0.0012322588853231294,3.4963565558887635e-05,8.98859824057236e-05,0.5773502691896258,5.189569613831849e-05,0.5773502691896258,5.189569613831849e-05,0.5773502691896258,5.189569613831849e-05
2212500000000,0.693658602782649,0.6935999999999999,9.92121378167424e-07,0.6826583741428041,0.6825999999999999,1.0431562773650118e-06,0.687658636118339,0.6875999999999999,8.527907938283704e-06,0.7146488804628648,0.7145999999999999,1.7132682732865116e-06,0.7213755042143897,0.7215999999999999,1.3217834454927187e-05,0.001144931582608833,1.3217834454927187e-05,2.549428832202984e-05,0.5773502691896258,1.4719134225521862e-05,0.5773502691896258,1.4719134225521862e-05,0.5773502691896258,1.4719134225521862e-05
2212800000000,0.6931772622925344,0.6930000000000001,8.109103359832132e-06,0.6829487205380459,0.683,2.9505360230474985e-06,0.6879382637589316,0.6880000000000001,2.7367066084192134e-06,0.7149333582518477,0.7150000000000001,2.8324664348606642e-06,0.721001807941484,0.7210000000000001,4.887711653424345e-06,0.0010000328979722659,8.109103359832132e-06,2.1516524079583857e-05,0.5773502691896258,1.2422570969372806e-05,0.5773502691896258,1.2422570969372806e-05,0.5773502691896258,1.2422570969372806e-05
2213100000000,0.6923053398222682,0.6921999999999999,2.6608707795431365e-05,0.6822721379789032,0.6821999999999999,1.602173857676361e-05,0.6882715237726252,0.6881999999999999,3.887178285447132e-06,0.7152714875615904,0.7152,4.001600053748842e-06,0.7218795071730297,0.7222,2.6962457936955768e-05,0.0008836646904716665,2.6962457936955768e-05,7.748168264834672e-05,0.5773502691896258,4.473407033428814e-05,0.5773502691896258,4.473407033428814e-05,0.5773502691896258,4.473407033428814e-05
2213400000000,0.6916424469045366,0.6914,1.5379945713254215e-05,0.6823399055031826,0.6824,1.607353071435391e-07,0.6883396934782697,0.6884,1.6264880686799394e-07,0.7153391916122855,0.7154,1.6043434681844186e-07,0.7223387544780876,0.7224,7.381783052101872e-06,0.0006889368718926885,1.5379945713254215e-05,2.3245547226186062e-05,0.5773502691896258,1.3420822948498684e-05,0.5773502691896258,1.3420822948498684e-05,0.5773502691896258,1.3420822948498684e-05
2213700000000,0.6915630129746609,0.6916,2.2084122254207535e-07,0.6817984764867963,0.6816,1.0260088292476988e-05,0.6885484795034928,0.6886,1.5257061514963925e-06,0.7155463263119888,0.7156,1.5016674337402633e-06,0.7225432688593452,0.7226,1.4639146249408353e-06,0.0006724319054671999,1.0260088292476988e-05,1.4972217725196555e-05,0.5773502691896258,8.644213934007918e-06,0.5773502691896258,8.644213934007918e-06,0.5773502691896258,8.644213934007918e-06
2214000000000,0.6926956212520414,0.693,4.489805284967778e-05,0.6829257481787737,0.6829999999999999,4.447595136368044e-05,0.6879839658410651,0.688,1.1153648627364228e-05,0.7149839612608745,0.715,1.1068905775017175e-05,0.7214107016109277,0.721,4.489480002657813e-05,0.0008101337083656074,4.489805284967778e-05,0.00015649135864231775,0.5773502691896258,9.035032803799243e-05,0.5773502691896258,9.035032803799243e-05,0.5773502691896258,9.035032803799243e-05
2214300000000,0.6922905720832924,0.6921999999999999,5.742269018650684e-06,0.6823287822302257,0.6821999999999999,1.24728920304021e-05,0.6882432469166538,0.6881999999999999,2.3529336655451983e-06,0.7158803673612492,0.7162,2.8124036387612257e-05,0.721254817025136,0.7212,8.505001430600085e-07,0.0009802097589876122,2.8124036387612257e-05,4.954263124527025e-05,0.5773502691896258,2.8603451485819146e-05,0.5773502691896258,2.8603451485819146e-05,0.5773502691896258,2.8603451485819146e-05
2214600000000,0.6918968194981816,0.6918,5.4264384398492924e-06,0.6834065575656731,0.6838,4.065598857945608e-05,0.6888958559151438,0.6888,1.4906447671852235e-05,0.7149039990945232,0.7148,3.33653247294323e-05,0.7208967600833615,0.7208,4.487167074354231e-06,0.0012321969429403003,4.065598857945608e-05,9.884136649494413e-05,0.5773502691896258,5.706608955292646e-05,0.5773502691896258,5.706608955292646e-05,0.5773502691896258,5.706608955292646e-05
2214900000000,0.6923001053444676,0.6924,5.692381583512004e-06,0.6833007506515644,0.6834,3.9182860756275727e-07,0.6893001332725917,0.6894,5.720406361075797e-06,0.7152998581310359,0.7154,5.484653187607699e-06,0.7197991415139827,0.7194,4.2166828334575596e-05,0.0013924998341783975,4.2166828334575596e-05,5.945609807433385e-05,0.5773502691896258,3.432699422818144e-05,0.5773502691896258,3.432699422818144e-05,0.5773502691896258,3.432699422818144e-05
2215200000000,0.6936920716599336,0.6941999999999999,6.781495781872058e-05,0.684298193638135,0.6841999999999999,3.482123790106587e-05,0.6892987744053409,0.6891999999999999,6.462820717801818e-11,0.7142993107930221,0.7142,3.503832414622768e-05,0.71841164484824,0.7182,6.738014491064606e-05,0.001188266124360033,6.781495781872058e-05,0.00020505472940486738,0.5773502691896258,0.00011838840322050606,0.5773502691896258,0.00011838840322050606,0.5773502691896258,0.00011838840322050606
2215500000000,0.6939844143189712,0.6942,2.9912480602600363e-06,0.6839844201820423,0.6842,3.4458823611933117e-06,0.6909843929694153,0.6912,9.94458480243217e-05,0.7149844092370732,0.7152000000000001,1.6427595731441842e-05,0.7160623625568524,0.7152000000000001,0.00019316945496196533,0.0008840648072261023,0.00019316945496196533,0.0003154800291391822,0.5773502691896258,0.00018214247974745784,0.5773502691896258,0.00018214247974745784,0.5773502691896258,0.00018214247974745784
2215800000000,0.6924104748333391,0.6922,8.670499265511596e-05,0.6824104834996808,0.6822,8.670468380290924e-05,0.6904103698349184,0.6902,1.1532589562815091e-05,0.7164101770872531,0.7162000000000001,7.114848869123081e-05,0.7183584900427571,0.7192000000000001,0.00018452705010344418,0.0013000426931281197,0.00018452705010344418,0.00044061780481551526,0.5773502691896258,0.0002543908082199798,0.5773502691896258,0.0002543908082199798,0.5773502691896258,0.0002543908082199798
2216100000000,0.6914575048490675,0.6912000000000001,3.178531268228636e-05,0.6804576772834416,0.6802000000000001,0.0001334708241363816,0.6904574567658721,0.6902000000000001,7.760126733227208e-08,0.7164574290919985,0.7162000000000002,7.81463183361547e-08,0.7211699249708038,0.7222000000000002,0.0002766458224124327,0.0010822633037169634,0.0002766458224124327,0.0004420577068167691,0.5773502691896258,0.00025522213602801035,0.5773502691896258,0.00025522213602801035,0.5773502691896258,0.00025522213602801035
2216400000000,0.6898026600293136,0.6892,9.584789821132988e-05,0.6811243086955641,0.6812,1.555391038699163e-05,0.6901243213974061,0.6902,3.884271080304679e-06,0.7161243193804904,0.7162000000000001,3.883672796535996e-06,0.7228243895813639,0.7232000000000001,9.580386016584883e-05,0.0007058607485255537,9.584789821132988e-05,0.00021497361264101103,0.5773502691896258,0.00012411507312695406,0.5773502691896258,0.00012411507312695406,0.5773502691896258,0.00012411507312695406
2216700000000,0.6884863449657194,0.6880000000000001,6.06439871325749e-05,0.6818788778468385,0.682,1.992811114192789e-05,0.6898912125190935,0.6900000000000001,1.9018912201859854e-06,0.7168632222063802,0.7170000000000001,1.910920851377981e-05,0.722880004698847,0.7230000000000001,1.0825644524301754e-07,0.0005626531383242174,6.06439871325749e-05,0.0001016914544537116,0.5773502691896258,5.871158860313497e-05,0.5773502691896258,5.871158860313497e-05,0.5773502691896258,5.871158860313497e-05
2217000000000,0.6884278387062528,0.6883999999999999,1.1980438388694897e-07,0.6822639066473863,0.6823999999999999,5.188651203794828e-06,0.6895253215578516,0.6893999999999999,4.685666843146814e-06,0.7172601758839915,0.7173999999999999,5.515027775919148e-06,0.7225191658855704,0.7223999999999999,4.5571627208385495e-06,0.0006889939924839009,5.515027775919148e-06,2.006631292758629e-05,0.5773502691896258,1.1585291170385213e-05,0.5773502691896258,1.1585291170385213e-05,0.5773502691896258,1.1585291170385213e-05
2217300000000,0.6889923600548186,0.6892,1.1153952354528119e-05,0.6822496694509619,0.6822,7.094421671003288e-09,0.6892552273945364,0.6892,2.553279996993749e-06,0.7172487975617288,0.7172000000000001,4.531317613003097e-09,0.7222539227520518,0.7222000000000001,2.462387195757013e-06,0.0006241273201830191,1.1153952354528119e-05,1.6181245286562884e-05,0.5773502691896258,9.342246322020445e-06,0.5773502691896258,9.342246322020445e-06,0.5773502691896258,9.342246322020445e-06
2217600000000,0.6872398691496635,0.6866,0.00010749285304279174,0.682440121154308,0.6826,1.269514795759867e-06,0.6904399411863561,0.6906,4.912413689847546e-05,0.7174400298803723,0.7176,1.2799429892817331e-06,0.7224400159943228,0.7226,1.2120743186631125e-06,0.00038465617963324804,0.00010749285304279174,0.00016037852204497192,0.5773502691896258,9.259458287489889e-05,0.5773502691896258,9.259458287489889e-05,0.5773502691896258,9.259458287489889e-05
2217900000000,0.6857477744665375,0.6852,7.792212901945649e-05,0.6820631147965948,0.6822,4.97468278146621e-06,0.6910630775135467,0.6912,1.3590460879259646e-05,0.7180630173397915,0.7182000000000001,1.3583968110777554e-05,0.723063013495186,0.7232000000000001,1.3584406012860255e-05,0.000291787561666158,7.792212901945649e-05,0.00012365564680382016,0.5773502691896258,7.139262096900287e-05,0.5773502691896258,7.139262096900287e-05,0.5773502691896258,7.139262096900287e-05
2218200000000,0.6869164566677414,0.6868,4.7803633059379294e-05,0.6833340186306649,0.6838,5.653187944089603e-05,0.6899165133441156,0.6898,4.601132881180828e-05,0.7179164999843,0.7178,7.513567411081778e-07,0.721916511338396,0.7218,4.600635184334579e-05,0.0003137357120344097,5.653187944089603e-05,0.00019710454989653757,0.5773502691896258,0.000113798364941266,0.5773502691896258,0.000113798364941266,0.5773502691896258,0.000113798364941266
2218500000000,0.6878565264600469,0.6881999999999999,3.093059250418849e-05,0.6842519096538562,0.6841999999999999,2.9488337565930124e-05,0.6892971894003325,0.6891999999999999,1.342467515700977e-05,0.7172971933294432,0.7172,1.3423925646245714e-05,0.7212971719398983,0.7212,1.3425345168601202e-05,0.0004761746288834047,3.093059250418849e-05,0.00010069287604197531,0.5773502691896258,5.813505908831207e-05,0.5773502691896258,5.813505908831207e-05,0.5773502691896258,5.813505908831207e-05
2218800000000,0.6888396629759621,0.6891999999999999,3.38295093124054e-05,0.68428291242593,0.6841999999999999,3.364101566909104e-08,0.688311599724646,0.6881999999999999,3.3998545308694794e-05,0.7172829128337525,0.7172,7.137639501067384e-09,0.7212829119799374,0.7212,7.11712603297608e-09,0.00047618146116196495,3.3998545308694794e-05,6.787595040230332e-05,0.5773502691896258,3.918819823627151e-05,0.5773502691896258,3.918819823627151e-05,0.5773502691896258,3.918819823627151e-05
2219100000000,0.6893863270163969,0.6896,1.0459455058657395e-05,0.683755928712373,0.6836,9.719914202400391e-06,0.6885526272851791,0.6886,2.0332999727792178e-06,0.716751385289326,0.7166,9.888253566939461e-06,0.7215516367391068,0.7216,2.5274548666726703e-06,0.0005929809976434184,1.0459455058657395e-05,3.4628377667449134e-05,0.5773502691896258,1.9992703167901785e-05,0.5773502691896258,1.9992703167901785e-05,0.5773502691896258,1.9992703167901785e-05
2219400000000,0.6907176597580273,0.6911999999999999,6.203564041280304e-05,0.6842600226310666,0.6841999999999999,8.89387376023364e-06,0.6892592068331878,0.6891999999999999,1.747391301824522e-05,0.7154507694281045,0.7152,5.920605664613701e-05,0.7203122801794283,0.7202,5.376016387063884e-05,0.0006242585926984932,6.203564041280304e-05,0.00020136964770805775,0.5773502691896258,0.00011626082031086726,0.5773502691896258,0.00011626082031086726,0.5773502691896258,0.00011626082031086726
2219700000000,0.6929729505983032,0.6938,0.00017802178709812837,0.6830068071113039,0.6828,5.4969219864089054e-05,0.6890067331706379,0.6888,2.2310032598472582e-06,0.7160066907617134,0.7158,1.0816698520653711e-05,0.7190068156963072,0.7188,5.964831308417033e-05,0.0008285275545941591,0.00017802178709812837,0.00030568702182688873,0.5773502691896258,0.00017648848433952924,0.5773502691896258,0.00017648848433952924,0.5773502691896258,0.00017648848433952924
2220000000000,0.6931563207466185,0.6932,1.1768613952606798e-06,0.682410871031032,0.6822,1.2429893411942766e-05,0.689158672136172,0.6892,8.079907236651969e-07,0.7161376089950774,0.7162000000000001,5.998854339500447e-07,0.7191353228831973,0.7192000000000001,5.779933978838786e-07,0.0009801519224305567,1.2429893411942766e-05,1.5592624362702564e-05,0.5773502691896258,9.002405873179042e-06,0.5773502691896258,9.002405873179042e-06,0.5773502691896258,9.002405873179042e-06
2220300000000,0.6921587677342143,0.6918000000000001,3.4828920439486286e-05,0.683423735129784,0.6838000000000001,3.590627888892516e-05,0.6888547073178554,0.6888000000000001,3.2338113770990935e-06,0.7158452897484021,0.7158000000000001,2.9907689691880432e-06,0.7197128863480697,0.7198000000000001,1.1675284458442535e-05,0.0007398208172027796,3.590627888892516e-05,8.863506413314112e-05,0.5773502691896258,5.1173478136908775e-05,0.5773502691896258,5.1173478136908775e-05,0.5773502691896258,5.1173478136908775e-05
2220600000000,0.6913082009388228,0.6910000000000001,2.5321235569784827e-05,0.6829994026020294,0.683,6.302033293872631e-06,0.688998714651309,0.6890000000000001,7.258339230951278e-07,0.7166956103639688,0.7170000000000001,2.5306580224018745e-05,0.7199980629020745,0.7200000000000001,2.846398343390426e-06,0.0006400939599840096,2.5321235569784827e-05,6.0502081354161754e-05,0.5773502691896258,3.493089295635793e-05,0.5773502691896258,3.493089295635793e-05,0.5773502691896258,3.493089295635793e-05
2220900000000,0.6915692741398379,0.6916,2.385572570089369e-06,0.6834016899763746,0.6836,5.664229604515066e-06,0.6886960443677185,0.6886,3.206325519907329e-06,0.7166370977369213,0.7166,1.1983046333991233e-07,0.7196896042163916,0.7196,3.3301366270618077e-06,0.0009410514678285665,5.664229604515066e-06,1.4706094784913484e-05,0.5773502691896258,8.490567782797952e-06,0.5773502691896258,8.490567782797952e-06,0.5773502691896258,8.490567782797952e-06
2221200000000,0.6911525752696831,0.691,6.077328193590922e-06,0.6830217710562221,0.6829999999999999,5.051843506145638e-06,0.6889452027216401,0.689,2.1727959865119973e-06,0.7169363685745606,0.717,3.134706199145523e-06,0.7199438674580165,0.72,2.2627428614564198e-06,0.0010000212762745991,6.077328193590922e-06,1.86994167468505e-05,0.5773502691896258,1.0796113292483135e-05,0.5773502691896258,1.0796113292483135e-05,0.5773502691896258,1.0796113292483135e-05
2221500000000,0.6903066222640621,0.69,2.5047277070169673e-05,0.6829677149552063,0.6829999999999999,1.0227217199618174e-07,0.6889678112435969,0.689,1.7890084277473958e-08,0.7169672717408517,0.717,3.34251990386985e-08,0.7207905751024447,0.721,2.509198422965908e-05,0.0007225705925850678,2.509198422965908e-05,5.029284875514111e-05,0.5773502691896258,2.903658976709386e-05,0.5773502691896258,2.903658976709386e-05,0.5773502691896258,2.903658976709386e-05
2221800000000,0.6875940766582326,0.6866,0.00025752662822968464,0.6833515034590638,0.6836,5.1552765492629275e-06,0.6903514426124767,0.6906,6.700525177319315e-05,0.7173514937603191,0.7176,5.166929608526714e-06,0.7213514791887204,0.7216,1.10114687900287e-05,0.0007575176940151525,0.00025752662822968464,0.0003458655549506962,0.5773502691896258,0.00019968557125420375,0.5773502691896258,0.00019968557125420375,0.5773502691896258,0.00019968557125420375
2222100000000,0.6861333503616863,0.6856,7.468024596976086e-05,0.6844663027323863,0.6846,4.349720969301117e-05,0.6904668299819833,0.6906,4.6599857645750985e-07,0.7174667605871057,0.7176,4.6502544751026395e-07,0.7214667473181171,0.7216,4.650359579111945e-07,0.0005930779293081832,7.468024596976086e-05,0.000119573515644651,0.5773502691896258,6.90358014453892e-05,0.5773502691896258,6.90358014453892e-05,0.5773502691896258,6.90358014453892e-05
2222400000000,0.6873517300754597,0.6878,5.195571944270637e-05,0.683912148386143,0.6838,1.0748046381111297e-05,0.6899121509719671,0.6898,1.0768408145337639e-05,0.7169121439758039,0.7168,1.0765985493613858e-05,0.7219118205270182,0.7218,6.93315564485269e-06,0.0007397256948579795,5.195571944270637e-05,9.117131510762185e-05,0.5773502691896258,5.2637783319757675e-05,0.5773502691896258,5.2637783319757675e-05,0.5773502691896258,5.2637783319757675e-05
2222700000000,0.6881186039498332,0.6883999999999999,2.0583343871879847e-05,0.6844696706890468,0.6843999999999999,1.0879089138232259e-05,0.6894705703835078,0.6893999999999999,6.824769563643203e-06,0.7164705789786768,0.7163999999999999,6.824287634075216e-06,0.7214705735529565,0.7213999999999999,6.81446122415033e-06,0.000608449528127067,2.0583343871879847e-05,5.192595143198086e-05,0.5773502691896258,2.9979462037181584e-05,0.5773502691896258,2.9979462037181584e-05,0.5773502691896258,2.9979462037181584e-05
2223000000000,0.6894670597883701,0.6896000000000001,6.364166019695198e-05,0.68310080792672,0.6826000000000001,6.558248417297725e-05,0.689477364161727,0.6896000000000001,1.615439787216389e-09,0.7174771314609018,0.7176000000000001,3.546017648156022e-05,0.7204776338953378,0.7206000000000001,3.450752072851848e-05,0.0006725568410626849,6.558248417297725e-05,0.00019919345701979518,0.5773502691896258,0.00011500439603119091,0.5773502691896258,0.00011500439603119091,0.5773502691896258,0.00011500439603119091
2223300000000,0.6900727650847284,0.6901999999999999,1.2840761711276647e-05,0.6817091465111563,0.6811999999999999,6.7785252344905e-05,0.6890731592292103,0.6891999999999999,5.718356961478883e-06,0.7180724710542108,0.7182,1.2405023097648105e-05,0.7210724519635086,0.7212,1.2383298697783145e-05,0.0012997621601879541,6.7785252344905e-05,0.00011113269281309177,0.5773502691896258,6.416249011140654e-05,0.5773502691896258,6.416249011140654e-05,0.5773502691896258,6.416249011140654e-05
2223600000000,0.6905253523048743,0.6905999999999999,7.1692317143807095e-06,0.680895089139424,0.6805999999999999,2.3194129156512137e-05,0.6895253120259621,0.6895999999999999,7.155475306367073e-06,0.717529410705579,0.7175999999999999,1.0322008978964355e-05,0.7215248199238521,0.7215999999999999,7.162287004087983e-06,0.0018769548672006487,2.3194129156512137e-05,5.5003132160312264e-05,0.5773502691896258,3.175607315902885e-05,0.5773502691896258,3.175607315902885e-05,0.5773502691896258,3.175607315902885e-05
2223900000000,0.6914589741839822,0.6918,3.0507743460209745e-05,0.6818246597265685,0.6818,3.024355167694534e-05,0.6889054697742707,0.6888,1.3447154594366443e-05,0.7169054350343622,0.7168,1.3627097339463677e-05,0.7209054594444596,0.7208,1.342625912016504e-05,0.001587675180687933,3.0507743460209745e-05,0.00010125180619115024,0.5773502691896258,5.845775756039641e-05,0.5773502691896258,5.845775756039641e-05,0.5773502691896258,5.845775756039641e-05
2224200000000,0.6920895860599557,0.6922,1.3918496834161885e-05,0.679901683488947,0.6792,0.0001294243163659927,0.6870908460287733,0.6872,0.00011525007682029855,0.7188283509569656,0.7192000000000001,0.00012941619758906,0.7220895325299114,0.7222000000000001,4.907101750919416e-05,0.0019324334218151162,0.0001294243163659927,0.0004370801051187073,0.5773502691896258,0.0002523483163477156,0.5773502691896258,0.0002523483163477156,0.5773502691896258,0.0002523483163477156
2224500000000,0.6909908950673828,0.6906000000000001,4.2249266400635114e-05,0.6805714363930712,0.6806000000000001,1.5699913340397426e-05,0.6881922625391301,0.6886000000000001,4.245914152502763e-05,0.718615651386528,0.7186000000000001,1.583438754251422e-06,0.721629441169846,0.7216000000000001,7.408942086239605e-06,0.002161069703464192,4.245914152502763e-05,0.0001094007021065512,0.5773502691896258,6.31625248107514e-05,0.5773502691896258,6.31625248107514e-05,0.5773502691896258,6.31625248107514e-05
2224800000000,0.6902785701175768,0.6901999999999999,1.7759239194064116e-05,0.6812595324219608,0.6811999999999999,1.657166507407922e-05,0.6889301210721325,0.6891999999999999,1.9055232515353023e-05,0.7182658879246887,0.7182,4.281706773324564e-06,0.7212658859512511,0.7212,4.62603389386498e-06,0.0020736456894496044,1.9055232515353023e-05,6.22938774506859e-05,0.5773502691896258,3.596538691501907e-05,0.5773502691896258,3.596538691501907e-05,0.5773502691896258,3.596538691501907e-05
2225100000000,0.6904983871593632,0.6904,1.691183615090625e-06,0.6804988644330996,0.6804,2.0251552624735408e-05,0.690005496779207,0.6904,4.04751518978093e-05,0.7174988391944135,0.7174,2.0592731411589035e-05,0.7214984094061653,0.7214,1.8923504979832909e-06,0.001768997350837212,4.04751518978093e-05,8.490297004720765e-05,0.5773502691896258,4.901875261175408e-05,0.5773502691896258,4.901875261175408e-05,0.5773502691896258,4.901875261175408e-05
2225400000000,0.6913125749412662,0.6916,2.3201561047004933e-05,0.6813119584952785,0.6816,2.3139268388269752e-05,0.6897904057289046,0.6896,1.619245597206243e-06,0.7167926060930562,0.7166,1.7456781770846857e-05,0.7207924522824947,0.7206,1.7443141116144766e-05,0.0016130380476598691,2.3201561047004933e-05,8.285999791947255e-05,0.5773502691896258,4.783924210385931e-05,0.5773502691896258,4.783924210385931e-05,0.5773502691896258,4.783924210385931e-05
2225700000000,0.6896071301459026,0.6894,0.00010179896825114875,0.6835716555969009,0.6844,0.0001787180846878296,0.6896070707201961,0.6894,1.1764103896349102e-06,0.7166070708147946,0.7164,1.2048168817862605e-06,0.7206070707813578,0.7204,1.202820533731891e-06,0.0002813288667037281,0.0001787180846878296,0.00028410110074413144,0.5773502691896258,0.0001640258469916933,0.5773502691896258,0.0001640258469916933,0.5773502691896258,0.0001640258469916933
2226000000000,0.6736963789463688,0.67,0.008860320130671296,0.6710001240371227,0.671,0.005531519201547469,0.6790000444874522,0.679,0.003937815192574103,0.7006962345259111,0.695,0.008860414899407774,0.7046962408850668,0.699,0.008860407779604763,3.927873266370591e-05,0.008860414899407774,0.03605047720380541,0.5773502691896258,0.02081375271803152,0.5773502691896258,0.02081375271803152,0.5773502691896258,0.02081375271803152
2226300000000,0.6550002290622956,0.655,0.01223411071707056,0.6590000028814398,0.659,0.0050401017712874245,0.6670000029404937,0.667,0.005040034899505598,0.6810963472236281,0.674,0.013445445379176824,0.6850963584303641,0.678,0.013445438728335663,5.0358223471489545e-05,0.013445445379176824,0.04920513149537607,0.5773502691896258,0.028408595914366314,0.5773502691896258,0.028408595914366314,0.5773502691896258,0.028408595914366314
2226600000000,0.667455698421341,0.672,0.0054298550933941595,0.6714554654902011,0.674,0.005429849207938773,0.6779999384449867,0.678,0.004234950338605256,0.6929992795191734,0.693,0.004958792903131726,0.6959999464141788,0.696,0.004161088082227624,1.356266661755699e-05,0.0054298550933941595,0.02421453562529754,0.5773502691896258,0.013980268661567319,0.5773502691896258,0.013980268661567319,0.5773502691896258,0.013980268661567319
2226900000000,0.6869238091354457,0.6912,0.013265256717182341,0.69057018558828,0.6842,0.012788038354976562,0.6945705495534332,0.6882,0.009610480337757955,0.7124673882331719,0.7142000000000001,0.013265253991502267,0.7154680579572088,0.7222000000000001,0.013265257846814978,0.0003139850741951236,0.013265257846814978,0.0621942872482341,0.5773502691896258,0.035907888484824874,0.5773502691896258,0.035907888484824874,0.5773502691896258,0.035907888484824874
2227200000000,0.6886539499674093,0.6891999999999999,0.00010476855544496274,0.6815093184737353,0.6781999999999999,0.002873475950360303,0.6886539574471323,0.6891999999999999,0.0012252121753319788,0.7166539478371943,0.7172,0.0006134548461311169,0.7245288250137715,0.7262,0.0028734124878651963,0.00048341947773212037,0.002873475950360303,0.007690324015133558,0.5773502691896258,0.0044400106402928035,0.5773502691896258,0.0044400106402928035,0.5773502691896258,0.0044400106402928035
2227500000000,0.6896421998803801,0.6902,3.418232616704208e-05,0.6754312257392365,0.6732000000000001,0.0012930123951208376,0.6886422165428481,0.6892,4.824709169409725e-09,0.7186421832700725,0.7192000000000001,0.0001383578047793303,0.727642159189686,0.7282000000000001,0.0003392497391821088,0.00035121167022366106,0.0012930123951208376,0.0018048070899584884,0.5773502691896258,0.0010420058592228785,0.5773502691896258,0.0010420058592228785,0.5773502691896258,0.0010420058592228785
2227800000000,0.690330497022794,0.6903999999999999,1.6581353468930804e-05,0.6746763941441084,0.6743999999999999,1.9941975795128427e-05,0.6883324579722673,0.6883999999999999,3.3582630216890754e-06,0.7193281862522564,0.7193999999999999,1.647100320478256e-05,0.7273324604978451,0.7273999999999999,3.3569647904796936e-06,0.0005329478125721214,1.9941975795128427e-05,5.970956028101056e-05,0.5773502691896258,3.447333070143564e-05,0.5773502691896258,3.447333070143564e-05,0.5773502691896258,3.447333070143564e-05
2228100000000,0.6914621490628398,0.6918,4.482227189088799e-05,0.6755685818919793,0.6758,2.785996421078449e-05,0.6871997396652207,0.6868,4.490677670914265e-05,0.7195686612417465,0.7198,2.0239877199590866e-06,0.7262008669053839,0.7258,4.4817642047471776e-05,0.0008283708730841569,4.490677670914265e-05,0.000164430642578246,0.5773502691896258,9.493407575557348e-05,0.5773502691896258,9.493407575557348e-05,0.5773502691896258,9.493407575557348e-05
2228400000000,0.6928928901192818,0.6934,7.164569897061005e-05,0.6769989152256528,0.6774,7.160487058961254e-05,0.6857693816167639,0.6854,7.160734513748155e-05,0.7195677089636316,0.7194,3.173917627794441e-11,0.7247711038844664,0.7244,7.154778035940601e-05,0.0019047601635474546,7.164569897061005e-05,0.00028640572679628645,0.5773502691896258,0.00016535642346328643,0.5773502691896258,0.00016535642346328643,0.5773502691896258,0.00016535642346328643
2228700000000,0.6940123303107626,0.6941999999999999,4.386012198059017e-05,0.6749506457776261,0.6741999999999999,0.0001468392706101887,0.6860123471840174,0.6861999999999999,2.066129340477681e-06,0.7190123699528272,0.7192,1.079404959224237e-05,0.726012305618969,0.7262,5.392036110062876e-05,0.0014164521959031547,0.0001468392706101887,0.0002574799326241277,0.5773502691896258,0.00014865610841146684,0.5773502691896258,0.00014865610841146684,0.5773502691896258,0.00014865610841146684
2229000000000,0.6944391322092177,0.6946,6.375595118371318e-06,0.674700775175797,0.6746,2.1852361180457624e-06,0.686440921301825,0.6866,6.428652105910048e-06,0.7187057786757085,0.7186,3.2899373921854915e-06,0.7257098299965234,0.7256,3.2022025760840943e-06,0.000941011411169384,6.428652105910048e-06,2.1481623310596716e-05,0.5773502691896258,1.2402421001003156e-05,0.5773502691896258,1.2402421001003156e-05,0.5773502691896258,1.2402421001003156e-05
2229300000000,0.6955016108541056,0.6951999999999999,3.951013047949477e-05,0.6779932589285615,0.6791999999999999,0.0003794157241776569,0.6855016730973578,0.6851999999999999,3.0876551635821685e-05,0.7175016921163601,0.7172,5.0743855484125554e-05,0.7235017596243637,0.7232,0.00017064511689434,0.0009810102449003995,0.0003794157241776569,0.0006711913786714388,0.5773502691896258,0.0003875125231537113,0.5773502691896258,0.0003875125231537113,0.5773502691896258,0.0003875125231537113
2229600000000,0.6973384699298468,0.6976,0.00011809179424465762,0.6803384118126515,0.6806,0.0001924909717414451,0.682646023266155,0.6816,0.00028541575854569806,0.7173385320609625,0.7176,9.317421287062107e-07,0.7223385610836187,0.7226,4.735607958169384e-05,0.002161583907705318,0.00028541575854569806,0.0006442863462422007,0.5773502691896258,0.00037197889543813507,0.5773502691896258,0.00037197889543813507,0.5773502691896258,0.00037197889543813507
2229900000000,0.6987004089624604,0.6992,6.49207274994776e-05,0.6793246202150697,0.6792,3.5972069116465224e-05,0.6813257333279572,0.6812,6.1010793231719655e-05,0.7183246182144668,0.7182000000000001,3.403280657464908e-05,0.7223246192733809,0.7222000000000001,6.8030925447765235e-09,0.003385755995212884,6.49207274994776e-05,0.00019594319951485637,0.5773502691896258,0.00011312785898577889,0.5773502691896258,0.00011312785898577889,0.5773502691896258,0.00011312785898577889
2230200000000,0.6991308790435581,0.6991999999999999,6.485657175207449e-06,0.6800778475377752,0.6801999999999999,1.985729898845608e-05,0.6811427733462649,0.6811999999999999,1.1716024215291952e-06,0.7175054028159438,0.7172,2.3488985421203763e-05,0.7221430134286824,0.7222,1.1543238990030378e-06,0.003960163082430388,2.3488985421203763e-05,5.215786790539953e-05,0.5773502691896258,3.0113359075539364e-05,0.5773502691896258,3.0113359075539364e-05,0.5773502691896258,3.0113359075539364e-05
2230500000000,0.698541289726516,0.6986,1.2166544696956619e-05,0.6805402274535205,0.6806,7.482831526961109e-06,0.681537865689137,0.6816,5.463428578864389e-06,0.7168427956274569,0.7166,1.5366690018206813e-05,0.7225378207151149,0.7226,5.455547769706402e-06,0.002958436875269109,1.5366690018206813e-05,4.5935042590695334e-05,0.5773502691896258,2.6520609204974878e-05,0.5773502691896258,2.6520609204974878e-05,0.5773502691896258,2.6520609204974878e-05
2230800000000,0.6988712396771521,0.6988,3.8103439473685458e-06,0.679871242351587,0.6798,1.566393733131285e-05,0.6824633483009283,0.6828,2.9978132265479138e-05,0.7159229300415173,0.7158,2.9615344366859762e-05,0.7228712396193769,0.7228,3.890885800176503e-06,0.0030976718362368395,2.9978132265479138e-05,8.295864371119679e-05,0.5773502691896258,4.789619527826573e-05,0.5773502691896258,4.789619527826573e-05,0.5773502691896258,4.789619527826573e-05
2231100000000,0.6976186990266092,0.6971999999999999,5.491003284418698e-05,0.6792169057931177,0.6791999999999999,1.4985471611233391e-05,0.6837318293371546,0.6841999999999999,5.631654487430501e-05,0.7162162954069669,0.7162,3.012213317587168e-06,0.7232162622569971,0.7232,4.166421716462823e-06,0.0030277979388603593,5.631654487430501e-05,0.00013339068436377536,0.5773502691896258,7.701314752481412e-05,0.5773502691896258,7.701314752481412e-05,0.5773502691896258,7.701314752481412e-05
2231400000000,0.693758697145536,0.693,0.0005214865082661218,0.6782164515337488,0.6779999999999999,3.503180537812804e-05,0.68759202619042,0.689,0.0005215391911086144,0.717216389274191,0.717,3.5006571014074345e-05,0.7232164279014301,0.723,9.60332737119002e-13,0.000811349407298168,0.0005215391911086144,0.0011130640767272714,0.5773502691896258,0.0006426278443237925,0.5773502691896258,0.0006426278443237925,0.5773502691896258,0.0006426278443237925
2231700000000,0.6923753869125563,0.6921999999999999,6.697415202331864e-05,0.6773747893585537,0.6772,2.4793832600395236e-05,0.6895007458544175,0.6901999999999999,0.00012751237645056428,0.7183742945908637,0.7182,4.6926065283261914e-05,0.7223747753455627,0.7222,2.4793265867936426e-05,3.640562680202271e-05,0.00012751237645056428,0.0002909996922254765,0.5773502691896258,0.0001680087506404771,0.5773502691896258,0.0001680087506404771,0.5773502691896258,0.0001680087506404771
2232000000000,0.6825616330546859,0.681,0.0033708417674003306,0.6690000359441592,0.669,0.002454777316316885,0.6800005796911369,0.68,0.003158860499547912,0.7085605282886249,0.705,0.003370850316223479,0.7125610213613243,0.711,0.0033708418542104613,8.776423759715273e-06,0.003370850316223479,0.01572617175369907,0.5773502691896258,0.009079509495320447,0.5773502691896258,0.009079509495320447,0.5773502691896258,0.009079509495320447
2232300000000,0.6700000872292939,0.67,0.005522735173319749,0.6610000115608009,0.661,0.0022400136547014796,0.6690000302760276,0.669,0.004235423060199159,0.6949962197481598,0.69,0.006439666316332693,0.6990285695131896,0.699,0.006409453855772925,1.248151399882301e-05,0.006439666316332693,0.024847292060326005,0.5773502691896258,0.014345590759662472,0.5773502691896258,0.014345590759662472,0.5773502691896258,0.014345590759662472
2232600000000,0.665000012463972,0.665,0.0008750261680583232,0.6580000085057796,0.658,0.0003150006415548101,0.6630000149386142,0.663,0.0012600064417218847,0.6818455770918421,0.677,0.006052879079595704,0.690000030964115,0.69,0.002853007791624409,1.173980867719719e-05,0.006052879079595704,0.011355920122555131,0.5773502691896258,0.006556343539653094,0.5773502691896258,0.006556343539653094,0.5773502691896258,0.006556343539653094
2232900000000,0.6768667023720163,0.681,0.004928641528078809,0.6698666978242769,0.674,0.004928641038360848,0.6748665951499266,0.678,0.004928550406902955,0.6937119932513055,0.696,0.004928414136435075,0.7018667192657094,0.706,0.004928640193651933,3.315277331116309e-05,0.004928641528078809,0.02464288730342962,0.5773502691896258,0.014227577618244704,0.5773502691896258,0.014227577618244704,0.5773502691896258,0.014227577618244704
2233200000000,0.6916056499333734,0.6915999999999999,0.007603280132575177,0.6846056450652244,0.6846,0.007603279802000173,0.6896055435543803,0.6895999999999999,0.007603281002420154,0.7084509826625944,0.7135999999999999,0.007603323310313049,0.7166057019501743,0.7205999999999999,0.007603316370053393,5.753698988783164e-05,0.007603323310313049,0.038016480617361945,0.5773502691896258,0.021948825318076112,0.5773502691896258,0.021948825318076112,0.5773502691896258,0.021948825318076112
2233500000000,0.6940078033523261,0.6934,0.00020196193668652846,0.6810079551409408,0.6804,0.00045301804769519905,0.6870078914916958,0.6864,0.00023617286835691167,0.7149987753220635,0.7174,0.0015005756048988787,0.7229775647941385,0.7224,0.0014210222635802456,0.0017725042770487792,0.0015005756048988787,0.0038127507212177636,0.5773502691896258,0.002201292655248016,0.5773502691896258,0.002201292655248016,0.5773502691896258,0.002201292655248016
2233800000000,0.6946950496652042,0.6944,1.653076230975839e-05,0.6786952732946558,0.6784,0.00018719740627476196,0.6846952695768721,0.6844,0.00018718770423230437,0.7182193966973234,0.7194,0.00036303407149733695,0.7236950076751861,0.7234,1.801535006480486e-05,0.0047532712739736666,0.00036303407149733695,0.0007719652943789665,0.5773502691896258,0.0004456943705147451,0.5773502691896258,0.0004456943705147451,0.5773502691896258,0.0004456943705147451
2234100000000,0.6956496202715986,0.696,3.189217649072384e-05,0.6780876306180909,0.6779999999999999,1.292303678340728e-05,0.6840876306271549,0.6839999999999999,1.2922878262468054e-05,0.7190874877301398,0.7190000000000001,2.6375371443967084e-05,0.7230876307484064,0.7230000000000001,1.2911735591452415e-05,0.0065025767289636355,3.189217649072384e-05,9.702519857201868e-05,0.5773502691896258,5.601752451373188e-05,0.5773502691896258,5.601752451373188e-05,0.5773502691896258,5.601752451373188e-05
2234400000000,0.6963471719605134,0.6966,1.7030242554777734e-05,0.6786576888243671,0.6786,1.137382254899946e-05,0.6836655042414227,0.6836,6.236673993597931e-06,0.7186649895029069,0.7186,6.24766632052115e-06,0.7226646406612153,0.7226,6.262221485169337e-06,0.006100940209030098,1.7030242554777734e-05,4.715062690306561e-05,0.5773502691896258,2.7222427134944545e-05,0.5773502691896258,2.7222427134944545e-05,0.5773502691896258,2.7222427134944545e-05
2234700000000,0.6950673089247416,0.6946,5.733172866173223e-05,0.6784837402390139,0.6786,1.0590338621224811e-06,0.6834837133171071,0.6836,1.1566779057229975e-06,0.7194826073885933,0.7196,2.3397465244797623e-05,0.7234826251555915,0.7236,2.3418452156396094e-05,0.004285036693180588,5.733172866173223e-05,0.00010636335783077143,0.5773502691896258,6.140891327550838e-05,0.5773502691896258,6.140891327550838e-05,0.5773502691896258,6.140891327550838e-05
2235000000000,0.6917977776838872,0.6906,0.0003741442087222983,0.6793005571892266,0.6796,2.3351647555413104e-05,0.685300534768294,0.6856,0.00011552940649224926,0.7193005708306939,0.7196,1.1598057944150275e-06,0.7243005574546894,0.7246,2.3415463606763966e-05,0.001613796722893165,0.0003741442087222983,0.0005376005321711397,0.5773502691896258,0.0003103838119654936,0.5773502691896258,0.0003103838119654936,0.5773502691896258,0.0003103838119654936
2235300000000,0.6913943883748705,0.6912,5.695302712011767e-06,0.6793943812680573,0.6792,3.08103521895291e-07,0.687422154046395,0.6882,0.0001575443926423359,0.7193943813811381,0.7192000000000001,3.08014678112649e-07,0.722394693345238,0.7222000000000001,0.00012713113012932046,0.0005479781758802591,0.0001575443926423359,0.00029098694368367604,0.5773502691896258,0.00016800139026643685,0.5773502691896258,0.00016800139026643685,0.5773502691896258,0.00016800139026643685
2235600000000,0.6916808457848509,0.6916,2.872024670642665e-06,0.6786808574064412,0.6786,1.7819070538341803e-05,0.6876808480484059,0.6876,2.342290533675462e-06,0.7186808562177182,0.7186,1.7819135559170666e-05,0.7232765924181378,0.7236,2.722110911735446e-05,0.0003844653718231211,2.722110911735446e-05,6.807363041918506e-05,0.5773502691896258,3.9302328847231595e-05,0.5773502691896258,3.9302328847231595e-05,0.5773502691896258,3.9302328847231595e-05
2235900000000,0.6913140268076252,0.6913999999999999,4.7094656718512944e-06,0.6793140261779864,0.6794,1.4031594264101061e-05,0.6883140261610015,0.6883999999999999,1.403200827945247e-05,0.717743894269894,0.7173999999999999,3.072641920846232e-05,0.7233140265662593,0.7233999999999999,4.9046040595430996e-08,0.00010897391465826387,3.072641920846232e-05,6.354853346446258e-05,0.5773502691896258,3.668976290231342e-05,0.5773502691896258,3.668976290231342e-05,0.5773502691896258,3.668976290231342e-05
2236200000000,0.6880013103996679,0.688,0.0003840931499842267,0.6789999971682941,0.679,3.4514976624925646e-06,0.6879999971498684,0.688,3.451497694162876e-06,0.7142776354680744,0.713,0.0004205232528417173,0.7200012958913229,0.72,0.00038409645836326624,8.161778928898078e-07,0.0004205232528417173,0.0011956158565458656,0.5773502691896258,0.0006902891366241406,0.5773502691896258,0.0006902891366241406,0.5773502691896258,0.0006902891366241406
2236500000000,0.6830001623893982,0.683,0.0008754018497218744,0.6760000398770397,0.676,0.0003149910312272551,0.6820006477968212,0.682,0.0012597267430967474,0.7074975667474548,0.705,0.001608926614971373,0.714000625654149,0.714,0.001260281515335654,3.1189202485182072e-06,0.001608926614971373,0.0053193277543529035,0.5773502691896258,0.0030711153108834966,0.5773502691896258,0.0030711153108834966,0.5773502691896258,0.0030711153108834966
2236800000000,0.6720000489082303,0.672,0.004235087380950025,0.666000030686009,0.666,0.003500006433724463,0.6720000301651998,0.672,0.0035004323554863968,0.6939614859015056,0.689,0.006412891963382501,0.7004646614008943,0.699,0.006412781489288677,1.3380787687176483e-05,0.006412891963382501,0.024061199622832062,0.5773502691896258,0.013891740079267415,0.5773502691896258,0.013891740079267415,0.5773502691896258,0.013891740079267415
2237100000000,0.6700000130637828,0.67,0.00014000501826762207,0.665000008863681,0.665,3.500152757962368e-05,0.6680000254287398,0.668,0.0005600013262095867,0.6859519277357543,0.683,0.002245355770369383,0.6940001007546577,0.694,0.0014626690522104714,4.3569386840813e-06,0.002245355770369383,0.004443032694636686,0.5773502691896258,0.0025651861222667997,0.5773502691896258,0.0025651861222667997,0.5773502691896258,0.0025651861222667997
2237400000000,0.6670000846735658,0.667,0.00031498496212505083,0.6590008168183047,0.659,0.0012596606819057431,0.6640001213610326,0.664,0.0005599731392801287,0.6794085409073015,0.677,0.0014985568915369316,0.6890002210404894,0.689,0.0008749579004652966,2.900535020046873e-06,0.0014985568915369316,0.004508133575313151,0.5773502691896258,0.0026027721332498384,0.5773502691896258,0.0026027721332498384,0.5773502691896258,0.0026027721332498384
2237700000000,0.6787448494723459,0.68,0.004827882506253305,0.6689999573206514,0.669,0.0034993983774984838,0.6749996939230665,0.675,0.004234670879160698,0.6911533321138952,0.694,0.004827904217026794,0.7007450268212524,0.705,0.0048279161989745216,1.3891858874108213e-05,0.0048279161989745216,0.022217772178913804,0.5773502691896258,0.012827436748289664,0.5773502691896258,0.012827436748289664,0.5773502691896258,0.012827436748289664
2238000000000,0.6819999462901871,0.682,0.0003708479352731959,0.672999927408609,0.673,0.000559991624659445,0.6789999274799164,0.679,0.0005600653978272011,0.698664670004665,0.7,0.001974706891826022,0.7082566344912461,0.711,0.001974848742576788,4.654580262237479e-06,0.001974848742576788,0.005440460592162652,0.5773502691896258,0.003141051387400658,0.5773502691896258,0.003141051387400658,0.5773502691896258,0.003141051387400658
2238300000000,0.6859988814467083,0.686,0.0005597018835121337,0.6772209646942549,0.678,0.0006236004518384291,0.6829988811632389,0.683,0.0005597070696475454,0.7028857300514486,0.704,0.0006236071771493397,0.7124776006379963,0.714,0.0006235794324203814,2.0830979231143026e-06,0.0006236071771493397,0.0029901960145678292,0.5773502691896258,0.0017263904739404825,0.5773502691896258,0.0017263904739404825,0.5773502691896258,0.0017263904739404825
2238600000000,0.6837824607357802,0.683,0.00017193822687408444,0.6751581843622795,0.675,0.00014892719442945575,0.6807825855429541,0.68,0.00017191881967727597,0.7006909585355371,0.7,0.0001685957702469793,0.710314423098338,0.71,0.00016377679738286313,9.129964050741038e-07,0.00017193822687408444,0.0008251568086106585,0.5773502691896258,0.0004764045055750163,0.5773502691896258,0.0004764045055750163,0.5773502691896258,0.0004764045055750163
2238900000000,0.6780563150983118,0.676,0.0011476060351524545,0.6694322199635637,0.669,0.0011475333903376095,0.6750638632026369,0.675,0.0011446324821975176,0.6949649539960098,0.694,0.0011475494795340612,0.7045883879089977,0.703,0.001147561764634735,3.936718376482149e-06,0.0011476060351524545,0.005734883151856378,0.5773502691896258,0.0033110363314953297,0.5773502691896258,0.0033110363314953297,0.5773502691896258,0.0033110363314953297
2239200000000,0.6721339148467904,0.67,0.0012276188658727066,0.6650000763430856,0.665,0.0006875363975390864,0.6710000475921177,0.671,0.0005780109060704729,0.689042566658742,0.688,0.0012276135120420485,0.6986659883271019,0.697,0.0012276185882673745,4.20802746270309e-06,0.0012276188658727066,0.004948398269791689,0.5773502691896258,0.00285695907312171,0.5773502691896258,0.00285695907312171,0.5773502691896258,0.00285695907312171
2239500000000,0.6749999958315095,0.675,0.00028750470738388964,0.6701411770748266,0.672,0.0009250820856867785,0.6759994968628533,0.676,0.0008748072553730517,0.6941835820924751,0.696,0.0009250513891458791,0.7038068578291434,0.704,0.0009249988732957191,3.39595041662748e-06,0.0009250820856867785,0.003937444310885318,0.5773502691896258,0.0022732845328087992,0.5773502691896258,0.0022732845328087992,0.5773502691896258,0.0022732845328087992
2239800000000,0.6836992793165856,0.686,0.0026487136603801174,0.6788404393046443,0.68,0.002648700717009686,0.6819999820780728,0.682,0.0012602037986323537,0.7028828962306856,0.706,0.002648732326634392,0.712506128717829,0.714,0.00264870598981565,9.292941992997626e-06,0.002648732326634392,0.011855056492472198,0.5773502691896258,0.006844520057187045,0.5773502691896258,0.006844520057187045,0.5773502691896258,0.006844520057187045
2240100000000,0.6918249084190317,0.692,0.002310904690868151,0.6859999619132952,0.686,0.0017940567394323815,0.6849999905273728,0.685,0.0003150017743555071,0.7110093515612975,0.714,0.0023113746684151034,0.71999993301449,0.72,0.0019654985992828737,4.4873175758333755e-06,0.0023113746684151034,0.008696836472354016,0.5773502691896258,0.005021120878411747,0.5773502691896258,0.005021120878411747,0.5773502691896258,0.005021120878411747
2240400000000,0.6896236768242298,0.689,0.00016958971868839408,0.6837992637101411,0.683,0.00016950754034779128,0.6849999999982996,0.685,3.1394459194248053e-15,0.7129999999043354,0.713,0.00013869382889737818,0.7180000000872422,0.718,0.00013999060997214288,5.138976297149203e-07,0.00016958971868839408,0.0006177816979088459,0.5773502691896258,0.0003566764295880963,0.5773502691896258,0.0003566764295880963,0.5773502691896258,0.0003566764295880963
2240700000000,0.6924176820243941,0.6928,0.0002732262770490946,0.6852628529490085,0.6848,7.49732711044916e-05,0.6862628657448878,0.6858,5.581904628670043e-05,0.7152625055540363,0.7148,0.00017916261352249316,0.7207940889206477,0.7218,0.00027324263431364256,9.700023633943091e-05,0.00027324263431364256,0.0008564238422764224,0.5773502691896258,0.0004944565358787061,0.5773502691896258,0.0004944565358787061,0.5773502691896258,0.0004944565358787061
2241000000000,0.6935789202351029,0.694,4.719659637035554e-05,0.6851561009068348,0.685,3.988599477889153e-07,0.6851570345608942,0.685,4.2800191262248325e-05,0.7141569094130962,0.714,4.278199894015586e-05,0.7219510331874022,0.722,4.68482012731638e-05,2.626678610414681e-06,4.719659637035554e-05,0.00018002584779371243,0.5773502691896258,0.00010393797168479048,0.5773502691896258,0.00010393797168479048,0.5773502691896258,0.00010393797168479048
2241300000000,0.682446610776646,0.681,0.004337490985759707,0.6740518711422604,0.674,0.004315637153256077,0.674052418876264,0.674,0.004315937132616704,0.7030246083429535,0.699,0.004337484449070453,0.7108187143418784,0.708,0.004337498300744146,1.3120371974189606e-05,0.004337498300744146,0.02164404802144709,0.5773502691896258,0.012496196951535666,0.5773502691896258,0.012496196951535666,0.5773502691896258,0.012496196951535666
2241600000000,0.6868083127789588,0.688,0.0006658555524942772,0.6784129741537042,0.68,0.0006656726816748364,0.6779999709263014,0.678,0.0005454108515714023,0.7059999925387453,0.706,0.00030985188893986593,0.7149999313948219,0.715,0.0006118901615338927,1.969384737605759e-06,0.0006658555524942772,0.002798681136214275,0.5773502691896258,0.0016158193073692395,0.5773502691896258,0.0016158193073692395,0.5773502691896258,0.0016158193073692395
2241900000000,0.693578078957266,0.6924,0.0016040406938133023,0.6845783136766181,0.6834000000000001,0.001330399400148182,0.6855635937664214,0.6844000000000001,0.002002293666365484,0.7136397341066475,0.7164,0.002042797792851619,0.7226395966292045,0.7234,0.0020427569712702176,1.2564854927965419e-05,0.002042797792851619,0.009022288524448804,0.5773502691896258,0.005209020708296989,0.5773502691896258,0.005209020708296989,0.5773502691896258,0.005209020708296989
2242200000000,0.6915729148790365,0.6911999999999999,0.0001407239043217661,0.6815730373332199,0.6811999999999999,0.00031610900650660994,0.6835729131264663,0.6831999999999999,0.00013869832936022318,0.7177084660730846,0.7192,0.0005794102935147457,0.7255726653378025,0.7252,0.0003011012217274852,0.0002414904515878284,0.0005794102935147457,0.0014760427554308302,0.5773502691896258,0.0008521936821833868,0.5773502691896258,0.0008521936821833868,0.5773502691896258,0.0008521936821833868
2242500000000,0.6919513673831315,0.692,5.012920424951141e-06,0.6834597403054193,0.6839999999999999,0.00012458768368571102,0.6849513405797268,0.6849999999999999,6.650217853658334e-05,0.7159518403243736,0.716,0.00010800069073619925,0.7236857098240957,0.723,0.00012462103887479295,4.0384571695716576e-05,0.00012462103887479295,0.0004287245122582377,0.5773502691896258,0.00024752421256048456,0.5773502691896258,0.00024752421256048456,0.5773502691896258,0.00024752421256048456
2242800000000,0.6928599770703971,0.6928,2.8895004732757142e-05,0.6844415331481837,0.6848,3.3737101513614916e-05,0.6848629970666958,0.6848,2.7316017031302963e-07,0.7149723131587045,0.7148,3.3581571389936447e-05,0.7228631769985582,0.7228,2.367960871803863e-05,4.4184884501857196e-05,3.3737101513614916e-05,0.00012016644652466016,0.5773502691896258,6.937813024857332e-05,0.5773502691896258,6.937813024857332e-05,0.5773502691896258,6.937813024857332e-05
2243100000000,0.6880018648749235,0.688,0.0008260438936333287,0.6810001809107231,0.681,0.00041450168277961806,0.6810002673088607,0.681,0.0005222238413722934,0.7098660906874111,0.708,0.0009125727774219342,0.7177572707531644,0.717,0.0009124597505362831,2.027878514591074e-06,0.0009125727774219342,0.0035878019457434573,0.5773502691896258,0.0020714184191740486,0.5773502691896258,0.0020714184191740486,0.5773502691896258,0.0020714184191740486
2243400000000,0.6763761983655224,0.676,0.004730464262573372,0.6720000537244,0.672,0.0028350801279497556,0.6720000537277772,0.672,0.0028351345576791915,0.6982392967971244,0.694,0.004731381765852331,0.7061304902523686,0.704,0.004731370868478988,1.1326075632771008e-05,0.004731381765852331,0.019863431582533637,0.5773502691896258,0.011468157571205511,0.5773502691896258,0.011468157571205511,0.5773502691896258,0.011468157571205511
2243700000000,0.6759999997866689,0.676,4.95338797559915e-06,0.6719999992269446,0.672,1.0394904229633254e-13,0.6710000015795328,0.671,3.50036504722877e-05,0.6936599080794453,0.692,0.0007339780359662144,0.7015511069287272,0.7,0.0007339763068695683,2.5806137682784954e-06,0.0007339780359662144,0.0015079113813876186,0.5773502691896258,0.0008705930419582421,0.5773502691896258,0.0008705930419582421,0.5773502691896258,0.0008705930419582421
2244000000000,0.6803920555785153,0.682,0.0006751553927542113,0.6763918773177872,0.677,0.0006751007607687876,0.6739999481091999,0.674,0.00031498877133017436,0.6969999109324594,0.697,0.0003904466670349714,0.7049998906106125,0.705,0.0004162938109553369,1.477649240898654e-06,0.0006751553927542113,0.0024719854028434816,0.5773502691896258,0.0014272014377645097,0.5773502691896258,0.0014272014377645097,0.5773502691896258,0.0014272014377645097
2244300000000,0.6790000101822133,0.679,6.78226634877957e-05,0.6750000110748896,0.675,6.780520733412142e-05,0.6681511419152143,0.666,0.0011972986863181697,0.6911627585724068,0.691,0.0011925321686063492,0.7010000666554493,0.701,0.0005599507085304041,2.326950948476442e-06,0.0011972986863181697,0.00308540943427684,0.5773502691896258,0.0017813619674399447,0.5773502691896258,0.0017813619674399447,0.5773502691896258,0.0017813619674399447
2244600000000,0.6780001033784846,0.678,3.499347656500623e-05,0.6749999983578777,0.675,5.66028369757122e-15,0.6680000112082729,0.668,7.994171703211892e-07,0.689582299893494,0.689,8.742473725128629e-05,0.7000000874260798,0.7,3.499854607096908e-05,1.6953659221094352e-07,8.742473725128629e-05,0.00015821617706324306,0.5773502691896258,9.134615241761689e-05,0.5773502691896258,9.134615241761689e-05,0.5773502691896258,9.134615241761689e-05
2244900000000,0.6762282240395358,0.676,0.00010988447371278289,0.6740001334059303,0.674,3.499054727464516e-05,0.6689998665470204,0.669,3.498987444476353e-05,0.691355229522219,0.692,0.00011001478139438322,0.7017714456407059,0.702,0.00010981984735832406,2.6002615599953886e-07,0.00011001478139438322,0.0003996995241848988,0.5773502691896258,0.0002307666278831167,0.5773502691896258,0.0002307666278831167,0.5773502691896258,0.0002307666278831167
2245200000000,0.6724084907293716,0.671,0.0005106626896272189,0.6710000913973474,0.671,0.0003150088218641844,0.6670000366454125,0.667,0.00013997618723777055,0.6910000089276779,0.691,4.416358477513955e-06,0.7000000285917578,0.7,0.00010982714264564241,9.919230726595736e-07,0.0005106626896272189,0.0010798911998523301,0.5773502691896258,0.0006234754749302508,0.5773502691896258,0.0006234754749302508,0.5773502691896258,0.0006234754749302508
2245500000000,0.683124365388283,0.687,0.004019048939692512,0.6817151415232084,0.682,0.00401843047199002,0.6777158887833988,0.679,0.004019032046511505,0.7017158581384542,0.703,0.004019029850783316,0.7107158777825053,0.712,0.004019029835759556,1.0024309900988854e-05,0.004019048939692512,0.02009457114473691,0.5773502691896258,0.011601606059663943,0.5773502691896258,0.011601606059663943,0.5773502691896258,0.011601606059663943
2245800000000,0.6888855539897358,0.691,0.0011616952935528402,0.6849999653612583,0.685,0.00037765236764571777,0.6834766377052671,0.684,0.0011615179849282318,0.704999966979967,0.705,0.00037748798090160454,0.7149999388722768,0.715,0.0006423612797312715,2.372395013948359e-06,0.0011616952935528402,0.0037207149067596656,0.5773502691896258,0.0021481557529955467,0.5773502691896258,0.0021481557529955467,0.5773502691896258,0.0021481557529955467
2246100000000,0.6814785342093495,0.679,0.0019202379709462292,0.6775915979249372,0.675,0.0019209367825040091,0.6770243133465907,0.677,0.0014571371370348976,0.6975916083661832,0.695,0.0019209322072648934,0.7075915694870798,0.705,0.0019209377931633232,1.3146384550155116e-05,0.0019209377931633232,0.00914018189091335,0.5773502691896258,0.005277086475160966,0.5773502691896258,0.005277086475160966,0.5773502691896258,0.005277086475160966
2246400000000,0.6715063779411911,0.669,0.0034805365222799764,0.6680028073145975,0.668,0.0032180716879128455,0.671000022860347,0.671,0.0012702226551926457,0.687619909476952,0.687,0.0034802172558123286,0.6976193846320743,0.694,0.0034805564773840417,9.883085570068728e-06,0.0034805564773840417,0.014929604598581838,0.5773502691896258,0.0086196112338859,0.5773502691896258,0.0086196112338859,0.5773502691896258,0.0086196112338859
2246700000000,0.6759991868965101,0.676,0.0007064866308148129,0.6731170273175229,0.675,0.0009154336183412743,0.6729999227868801,0.673,0.00013998599006515618,0.6919993662701109,0.692,0.0006712874631101238,0.69999988834655,0.7,0.00019833792771214694,1.7727936020672403e-06,0.0009154336183412743,0.002631531630043514,0.5773502691896258,0.0015193154949866379,0.5773502691896258,0.0015193154949866379,0.5773502691896258,0.0015193154949866379
2247000000000,0.6740000043595563,0.674,0.00013988557856212878,0.6710000045116472,0.671,0.000156862494620919,0.6649497277930448,0.664,0.0022681973803569838,0.6839491369527737,0.681,0.0022682167221600557,0.693000060355798,0.693,0.0017149157165040558,4.799695825389517e-06,0.0022682167221600557,0.006548077892204142,0.5773502691896258,0.0037805345337386994,0.5773502691896258,0.0037805345337386994,0.5773502691896258,0.0037805345337386994
2247300000000,0.67100000954848,0.671,0.00031499891032695854,0.6670000129517587,0.667,0.0005599976367712746,0.6600000179681211,0.66,0.0008574869572831205,0.675217767799461,0.672,0.0026682882551997433,0.685000182862738,0.685,0.0022399313966388616,5.177014822634077e-06,0.0026682882551997433,0.006640703156219958,0.5773502691896258,0.003834011754851991,0.5773502691896258,0.003834011754851991,0.5773502691896258,0.003834011754851991
2247600000000,0.6729999640134133,0.673,0.00013999362516323033,0.6699960404900261,0.67,0.0003141663353519906,0.6630941444944483,0.664,0.00033507666363224027,0.6721235640113923,0.671,0.00033509339787345067,0.6850000110032823,0.685,1.0337485375701782e-12,1.0414929818848167e-06,0.00033509339787345067,0.0011243300230546604,0.5773502691896258,0.0006491322414685864,0.5773502691896258,0.0006491322414685864,0.5773502691896258,0.0006491322414685864
2247900000000,0.6710004982303271,0.671,0.0001399252196206358,0.6680004911197724,0.668,0.00013937760511919815,0.6639999975874672,0.664,2.871994391461918e-05,0.6698396684304815,0.669,0.00018256626585763577,0.6830004982631993,0.683,0.00013993179192140235,3.5252190542564857e-07,0.00018256626585763577,0.0006305208264334914,0.5773502691896258,0.0003640313688710416,0.5773502691896258,0.0003640313688710416,0.5773502691896258,0.0003640313688710416
2248200000000,0.6673227713070797,0.667,0.00047339863626926144,0.6643230188911499,0.663,0.00047333306973016147,0.6630000002234641,0.663,3.499981548046269e-05,0.6661619259829059,0.665,0.00047340263287447043,0.6793228019572654,0.679,0.00047339075415380854,1.6544166981897038e-06,0.00047340263287447043,0.0019285249085081646,0.5773502691896258,0.0011134343750660873,0.5773502691896258,0.0011134343750660873,0.5773502691896258,0.0011134343750660873
2248500000000,0.6689952184825343,0.669,9.789778441400788e-05,0.6626213378071862,0.662,0.00010135014790318653,0.664701427031712,0.665,0.00010131986143386452,0.666000008144349,0.666,9.176085255028643e-07,0.6809956918394625,0.681,9.794961952851691e-05,2.3762395562706387e-07,0.00010135014790318653,0.0003994350218050787,0.5773502691896258,0.00023061391736292625,0.5773502691896258,0.00023061391736292625,0.5773502691896258,0.00023061391736292625
2248800000000,0.6709997619545585,0.671,0.0001406368085932146,0.6648293523936185,0.665,0.00017063649448641871,0.6669084492010897,0.667,0.0001704831399643684,0.6682079952334192,0.669,0.00017063224449252712,0.683203905218575,0.684,0.0001706672214691972,6.492703311547177e-07,0.0001706672214691972,0.000823055909005726,0.5773502691896258,0.0004751915506225681,0.5773502691896258,0.0004751915506225681,0.5773502691896258,0.0004751915506225681
2249100000000,0.6652610592044352,0.665,0.0011526448238995156,0.6590901315398867,0.657,0.0011528529602768478,0.6611692865932586,0.66,0.001152829560369449,0.6640000471715408,0.664,0.0006197389412013188,0.6780001876479695,0.678,0.0009477536794119754,2.902016468430258e-06,0.0011528529602768478,0.005025819965159107,0.5773502691896258,0.0029016585097832066,0.5773502691896258,0.0029016585097832066,0.5773502691896258,0.0029016585097832066
2249400000000,0.6599342854932422,0.658,0.0009931081359590105,0.6537634034860169,0.653,0.0009930911115959243,0.6558425497466139,0.655,0.0009930943901690595,0.6620000060905948,0.662,0.00014000575139150477,0.6750000099814263,0.675,0.00031503731107887316,2.517067663742824e-06,0.0009931081359590105,0.0034343367001943726,0.5773502691896258,0.0019828152183450323,0.5773502691896258,0.0019828152183450323,0.5773502691896258,0.0019828152183450323
2249700000000,0.665999984720185,0.666,0.0012877447489106975,0.658999989142351,0.659,0.0009597640267643464,0.661999983977859,0.662,0.001326989870923787,0.6715190302292023,0.675,0.00317141371929873,0.6845190235961097,0.686,0.003171406706878502,7.1552208273477155e-06,0.00317141371929873,0.009917319072776062,0.5773502691896258,0.00572576683630667,0.5773502691896258,0.00572576683630667,0.5773502691896258,0.00572576683630667
2250000000000,0.6711473433959992,0.673,0.0009273355468118204,0.6641472723706571,0.665,0.0009273083621340239,0.6649999885486969,0.665,0.0003150009598766972,0.6766663419792436,0.678,0.0009273186388239411,0.6896655406697311,0.69,0.0009270323296176617,3.0249938311278766e-06,0.0009273355468118204,0.004023995837264144,0.5773502691896258,0.0023232550798623873,0.5773502691896258,0.0023232550798623873,0.5773502691896258,0.0023232550798623873
2250300000000,0.6700000022700842,0.67,4.607370807256293e-05,0.6630000022713624,0.663,4.606800382574985e-05,0.664000002080211,0.664,3.499905280041943e-05,0.672518945483523,0.671,0.0006020314192450434,0.6855182173728713,0.685,0.0006020101685036439,1.2878723137374894e-06,0.0006020314192450434,0.0013311823524474195,0.5773502691896258,0.000768558489525997,0.5773502691896258,0.000768558489525997,0.5773502691896258,0.000768558489525997
2250600000000,0.6650000211759228,0.665,0.0008749933829689763,0.6590000125899488,0.659,0.0005599971107995272,0.660000012594097,0.66,0.0005599970561157944,0.6655553425697145,0.663,0.0016972117939420715,0.6785546765731147,0.678,0.00169718151644561,3.418720875061347e-06,0.0016972117939420715,0.0053893808602719796,0.5773502691896258,0.0031115604904434447,0.5773502691896258,0.0031115604904434447,0.5773502691896258,0.0031115604904434447
2250900000000,0.6748863737126011,0.677,0.0034208988267819523,0.6669999609314761,0.667,0.0022399710713486808,0.6698642469836358,0.67,0.0034056092032115704,0.6754416988208068,0.678,0.00342090139732295,0.6884410382775017,0.692,0.0034209051712489075,1.1848479215715691e-05,0.0034209051712489075,0.015908285669914063,0.5773502691896258,0.009184653013870352,0.5773502691896258,0.009184653013870352,0.5773502691896258,0.009184653013870352
2251200000000,0.6833864043196763,0.684,0.0025287682112425736,0.6754998719665596,0.676,0.00252869706615171,0.6749999936524426,0.675,0.0009231562846155994,0.6839418402166049,0.687,0.00252883413119957,0.6969410830414821,0.7,0.00252877663463845,9.667970964334658e-06,0.00252883413119957,0.011038232327847904,0.5773502691896258,0.006372926405860618,0.5773502691896258,0.006372926405860618,0.5773502691896258,0.006372926405860618
2251500000000,0.6859998537248913,0.686,0.0002390541227766353,0.6799986965250467,0.68,0.000708379784281651,0.6779998184917035,0.678,0.0003149632173186504,0.6891096627320005,0.69,0.0009347236342720411,0.7021096511756956,0.704,0.0009349933795302578,2.183060440863188e-06,0.0009349933795302578,0.0031321141381792355,0.5773502691896258,0.0018083269408104145,0.5773502691896258,0.0018083269408104145,0.5773502691896258,0.0018083269408104145
2251800000000,0.6959997498089255,0.696,0.0034999272592019497,0.6889998774411414,0.689,0.002835744025949358,0.6869998774234547,0.687,0.0028350371271247798,0.7007498469625814,0.705,0.004742286112265237,0.713749719498745,0.716,0.004742191669784052,1.1563781634224087e-05,0.004742286112265237,0.018655186194325376,0.5773502691896258,0.010770576771076347,0.5773502691896258,0.010770576771076347,0.5773502691896258,0.010770576771076347
2252100000000,0.6971266970519161,0.6966,4.445035309694096e-05,0.691126701891711,0.6906,0.00015831837852391687,0.6881266990349757,0.6876,4.4440443046677465e-05,0.7064932261415245,0.7086,0.001154524153759134,0.7171266748036239,0.7166,0.0003991339495902446,0.00013967406745434002,0.001154524153759134,0.0018008672780169138,0.5773502691896258,0.001039731207737854,0.5773502691896258,0.001039731207737854,0.5773502691896258,0.001039731207737854
2252400000000,0.6949959939498447,0.6943999999999999,0.0001588963498211868,0.6904598997462162,0.6903999999999999,1.5561878543274028e-05,0.68945825389756,0.6893999999999999,6.205634232251577e-05,0.7086258430119725,0.7093999999999999,0.00015918191506417493,0.7164598949954509,0.7163999999999999,1.5560835940551823e-05,7.888318900266101e-05,0.00015918191506417493,0.00041125732169170333,0.5773502691896258,0.00023743952538490947,0.5773502691896258,0.00023743952538490947,0.5773502691896258,0.00023743952538490947
2252700000000,0.6929504774603317,0.6922,0.00014644481981043706,0.6900123812883838,0.6902,7.009546953524722e-06,0.6900123807401103,0.6902,1.0746979517216596e-05,0.7100123790893489,0.7102,6.728688028531946e-05,0.7170123808278529,0.7172000000000001,1.0683420825171501e-05,1.952010848161106e-06,0.00014644481981043706,0.00024217164739166934,0.5773502691896258,0.00013981786581167545,0.5773502691896258,0.00013981786581167545,0.5773502691896258,0.00013981786581167545
2253000000000,0.6906175262619634,0.6902,0.00019049314528888205,0.6883452117820896,0.6882,9.72808956951033e-05,0.6903449985249656,0.6902,3.872210678070966e-06,0.7123474167507281,0.7132000000000001,0.0001908340308020757,0.7183448240492217,0.7182000000000001,6.213917283601095e-05,5.8082264336701234e-05,0.0001908340308020757,0.000544619455300143,0.5773502691896258,0.00031443618912344496,0.5773502691896258,0.00031443618912344496,0.5773502691896258,0.00031443618912344496
2253300000000,0.6893918985763472,0.6892,5.2575712831210736e-05,0.6863919414947028,0.6862,0.00013353426854558227,0.6893918972501832,0.6892,3.179407139970891e-05,0.7144336901097281,0.7152000000000001,0.00015233877849656348,0.72039057229587,0.7202000000000001,0.00014647800610325664,0.00029196702285197017,0.00015233877849656348,0.000516720837376322,0.5773502691896258,0.00029832891455510834,0.5773502691896258,0.00029832891455510834,0.5773502691896258,0.00029832891455510834
2253600000000,0.6870568262062708,0.6862,0.00019083970407228972,0.6859857943948467,0.6862,5.773441335252981e-06,0.6899857937720338,0.6902,1.2344957753318445e-05,0.7159857921021817,0.7162000000000001,8.431572082424432e-05,0.7209857934470246,0.7212000000000001,1.240008765736423e-05,0.00015255884508958608,0.00019083970407228972,0.0003056739116424697,0.5773502691896258,0.00017648091517102579,0.5773502691896258,0.00017648091517102579,0.5773502691896258,0.00017648091517102579
2253900000000,0.6858434178944499,0.6854,5.1532590591864124e-05,0.6862892856170492,0.6864,3.223742268386988e-06,0.6902892729730425,0.6904,3.2234868905708708e-06,0.7162890034091047,0.7164,3.217798382608644e-06,0.721288966100561,0.7214,3.2169780248307807e-06,0.00010902324961234219,5.1532590591864124e-05,6.44145961582614e-05,0.5773502691896258,3.7189784431713256e-05,0.5773502691896258,3.7189784431713256e-05,0.5773502691896258,3.7189784431713256e-05
2254200000000,0.6854672563765032,0.6854,4.9524120654395045e-06,0.6871021947183559,0.6874,2.3128742244555104e-05,0.690467068299232,0.6904,1.1063912305183895e-06,0.715496327996842,0.7154,2.1991700822203835e-05,0.7214671326728941,0.7214,1.1110164623917708e-06,7.845585936329813e-05,2.3128742244555104e-05,5.22902628251086e-05,0.5773502691896258,3.0189797318072736e-05,0.5773502691896258,3.0189797318072736e-05,0.5773502691896258,3.0189797318072736e-05
2254500000000,0.6867358206645359,0.6871999999999999,5.632393735051519e-05,0.6863156282287542,0.6861999999999999,2.1654039489747843e-05,0.6913143263416786,0.6911999999999999,2.5124616667163407e-05,0.7153152516974435,0.7152,1.1476019171357403e-06,0.7203189578009479,0.7202,4.6140693779902236e-05,0.00019373480273009413,5.632393735051519e-05,0.00015039088920446443,0.5773502691896258,8.682822036586473e-05,0.5773502691896258,8.682822036586473e-05,0.5773502691896258,8.682822036586473e-05
2254800000000,0.6876618992167043,0.6876000000000001,3.0016751967522428e-05,0.6856935031497521,0.6856000000000001,1.3546386487320841e-05,0.690693529737672,0.6906000000000001,1.3488594824114523e-05,0.7146934514781409,0.7146000000000001,1.3532242945365858e-05,0.7212576102627468,0.7216000000000001,3.083739554144084e-05,0.00032497371320422234,3.083739554144084e-05,0.0001014213717657645,0.5773502691896258,5.855565629054525e-05,0.5773502691896258,5.855565629054525e-05,0.5773502691896258,5.855565629054525e-05
2255100000000,0.6871771751608454,0.687,8.223509361489384e-06,0.685954841730415,0.686,2.390424881001587e-06,0.6909546558529212,0.6910000000000001,2.3865396822798373e-06,0.7149549921547256,0.7150000000000001,2.394123392793058e-06,0.7209583333468056,0.7210000000000001,3.1348335345352235e-06,0.000360019645158811,8.223509361489384e-06,1.852943085209909e-05,0.5773502691896258,1.0697971890389967e-05,0.5773502691896258,1.0697971890389967e-05,0.5773502691896258,1.0697971890389967e-05
2255400000000,0.6870863439886046,0.6871999999999999,2.8876056477261907e-07,0.6850875571427903,0.6851999999999999,2.6326389457593425e-05,0.689670626945223,0.6891999999999999,5.7705558253160974e-05,0.7160779090438539,0.7162,4.413298189613965e-05,0.7220775413733813,0.7222,4.3841931236303445e-05,0.00047623877334654433,5.7705558253160974e-05,0.0001722956214079701,0.5773502691896258,9.94749234000854e-05,0.5773502691896258,9.94749234000854e-05,0.5773502691896258,9.94749234000854e-05
2255700000000,0.687727047409948,0.6880000000000001,1.4367530594238468e-05,0.6850438312719628,0.685,6.691831228703041e-08,0.6891386684607301,0.6890000000000001,9.904294022836938e-06,0.7160436848104657,0.7160000000000001,4.0995435285541775e-08,0.7220440524068631,0.7220000000000001,3.925288074605724e-08,0.0005625904857084712,1.4367530594238468e-05,2.4418991245394034e-05,0.5773502691896258,1.4098311168867362e-05,0.5773502691896258,1.4098311168867362e-05,0.5773502691896258,1.4098311168867362e-05
2256000000000,0.6878949195857862,0.688,9.863373597233467e-07,0.6850184921954282,0.6849999999999999,2.24724079868671e-08,0.6890496695328746,0.689,2.772283205801308e-07,0.7160189704931961,0.716,2.1377911733552376e-08,0.7220174317787854,0.722,2.480302437375237e-08,0.0006400155199547511,9.863373597233467e-07,1.3322190243976493e-06,0.5773502691896258,7.691570123555236e-07,0.5773502691896258,7.691570123555236e-07,0.5773502691896258,7.691570123555236e-07
2256300000000,0.6874927362664784,0.6874,5.66129978152891e-06,0.6844927835309005,0.6844,9.672935998583316e-06,0.6894925081695744,0.6894,6.8637120353949644e-06,0.7154927517482418,0.7154,9.691715863944299e-06,0.723029218414283,0.7234,3.582992685200532e-05,0.0007744859571368187,3.582992685200532e-05,6.771959053145682e-05,0.5773502691896258,3.909792382274783e-05,0.5773502691896258,3.909792382274783e-05,0.5773502691896258,3.909792382274783e-05
2256600000000,0.6880631684556534,0.6880000000000001,1.138875088564293e-05,0.6840655626515352,0.684,6.388118791798368e-06,0.6890655609165853,0.6890000000000001,6.379938489222401e-06,0.7150651305846201,0.7150000000000001,6.4000950852016775e-06,0.7237405733484317,0.7240000000000001,1.771090448181679e-05,0.0009025421423850332,1.771090448181679e-05,4.826780773368216e-05,0.5773502691896258,2.78674317882345e-05,0.5773502691896258,2.78674317882345e-05,0.5773502691896258,2.78674317882345e-05
2256900000000,0.688845320100488,0.689,2.1411641843113586e-05,0.6839568679742055,0.6839999999999999,4.1350865079293955e-07,0.6889568900868701,0.689,4.133272230847895e-07,0.7142841808714345,0.714,2.134588590836028e-05,0.7239567384609797,0.724,1.6354574559022277e-06,0.0005625551751083385,2.1411641843113586e-05,4.5219821081253825e-05,0.5773502691896258,2.6107675873968614e-05,0.5773502691896258,2.6107675873968614e-05,0.5773502691896258,2.6107675873968614e-05
2257200000000,0.6897375972505344,0.69,2.7865547937319973e-05,0.684782836216005,0.6849999999999999,2.3877823776146325e-05,0.6889812329089184,0.689,2.0740054484681143e-08,0.7133400936159912,0.713,3.119552610617089e-05,0.723152517549835,0.723,2.2636994587286507e-05,0.00020267914852162202,3.119552610617089e-05,0.00010559663246140837,0.5773502691896258,6.09662441771121e-05,0.5773502691896258,6.09662441771121e-05,0.5773502691896258,6.09662441771121e-05
2257500000000,0.6907053359759643,0.691,3.277813842438261e-05,0.685745607189297,0.6859999999999999,3.2442478145477156e-05,0.6890073538890453,0.689,2.3880696097622724e-08,0.7123522141457377,0.712,3.4156704671189824e-05,0.7221889065481764,0.722,3.249911568811544e-05,0.00016016032659287526,3.4156704671189824e-05,0.00013190031762526266,0.5773502691896258,7.615268388714255e-05,0.5773502691896258,7.615268388714255e-05,0.5773502691896258,7.615268388714255e-05
2257800000000,0.6935638748897287,0.6946,0.00028599356525269124,0.6885929619101158,0.6886,0.0002837600117159112,0.6886744973254433,0.6886,3.877772217653711e-06,0.709493962067801,0.7086,0.00028593617293602377,0.719674698098289,0.7196,0.00022124354453197638,1.5341965008141458e-05,0.00028599356525269124,0.0010808110666542564,0.5773502691896258,0.0006240065602759616,0.5773502691896258,0.0006240065602759616,0.5773502691896258,0.0006240065602759616
2258100000000,0.6963713035720477,0.6974,0.0002758579532207549,0.6906465445630452,0.6904,0.0001476020599344438,0.6886465448546373,0.6884,2.7346921845615846e-08,0.7066890619001632,0.7064,0.0002753612732645079,0.7176465450697045,0.7174,0.00014396916475747687,3.3062063236106255e-05,0.0002758579532207549,0.0008428177980990291,0.5773502691896258,0.00048660108261028214,0.5773502691896258,0.00048660108261028214,0.5773502691896258,0.00048660108261028214
2258400000000,0.6984551878778009,0.6988000000000001,0.00015199008299176267,0.6906610830627891,0.6908000000000001,7.3978791180834915e-09,0.6865615600224719,0.6858000000000001,0.00015215066126258485,0.7066610834516007,0.7068000000000001,2.7397775438764916e-08,0.7176610783159764,0.7178000000000001,7.392533651963923e-09,0.00021197844889041858,0.00015215066126258485,0.00030418293244255634,0.5773502691896258,0.00017562009792859967,0.5773502691896258,0.00017562009792859967,0.5773502691896258,0.00017562009792859967
2258700000000,0.6981567537881694,0.6980000000000001,3.117201704896021e-06,0.6891586605323249,0.6890000000000001,7.90045711016232e-05,0.6861567797765995,0.686,5.734646660698986e-06,0.707156607606282,0.7070000000000001,8.594046575539415e-06,0.7193711888073819,0.7200000000000001,0.00010235672624853899,0.00036024724100654573,0.00010235672624853899,0.0001988071922912966,0.5773502691896258,0.0001147813859862138,0.5773502691896258,0.0001147813859862138,0.5773502691896258,0.0001147813859862138
2259000000000,0.6979191587341174,0.6978,1.9757993398503034e-06,0.6896027813940683,0.6898,6.903516894249233e-06,0.6866233186651066,0.6868,7.618048707130984e-06,0.7069267335162128,0.7068,1.8494734049789898e-06,0.7189271628160135,0.7188,6.9005678353738794e-06,0.00012966435411748952,7.618048707130984e-06,2.524740618158339e-05,0.5773502691896258,1.4576596755276995e-05,0.5773502691896258,1.4576596755276995e-05,0.5773502691896258,1.4576596755276995e-05
2259300000000,0.6984466392829211,0.6984,9.73825052781861e-06,0.6901855426158577,0.6904,1.1886372456754164e-05,0.6864549213980736,0.6864,9.925173840463477e-07,0.7064567073888784,0.7064,7.732359613193338e-06,0.7184561764996217,0.7184,7.763983857993187e-06,0.00023042890056029086,1.1886372456754164e-05,3.811348383980564e-05,0.5773502691896258,2.2004830154666243e-05,0.5773502691896258,2.2004830154666243e-05,0.5773502691896258,2.2004830154666243e-05
2259600000000,0.6992061111511542,0.6994,2.018791315231206e-05,0.6902254288142526,0.6904,5.5681808783907976e-08,0.6856724386678197,0.6854,2.14297728100982e-05,0.705678865340677,0.7054,2.1176338818256083e-05,0.7192171408703105,0.7194,2.0267337071025372e-05,0.00023052689257147603,2.14297728100982e-05,8.311704366047564e-05,0.5773502691896258,4.7987647531621496e-05,0.5773502691896258,4.7987647531621496e-05,0.5773502691896258,4.7987647531621496e-05
2259900000000,0.699345427400364,0.6994,6.793156052862424e-07,0.6903568248849395,0.6904,6.042724587185496e-07,0.6854681448444726,0.6854,1.4607588190218666e-06,0.7054728022316348,0.7054,1.4861701717855919e-06,0.7193467828563936,0.7194,5.882465594451351e-07,0.00023050497981323673,1.4861701717855919e-06,4.818763614257385e-06,0.5773502691896258,2.7821144698526758e-06,0.5773502691896258,2.7821144698526758e-06,0.5773502691896258,2.7821144698526758e-06
2260200000000,0.6981695986942044,0.698,4.8390060118015264e-05,0.6891696035542137,0.689,4.9332307084561564e-05,0.6851694802581303,0.6849999999999999,3.1220187297258534e-06,0.7073219250482082,0.708,0.00011967393167703933,0.7201693877341174,0.72,2.3683757469923834e-05,0.0003027874170650286,0.00011967393167703933,0.00024420207507926583,0.5773502691896258,0.00014099013378367936,0.5773502691896258,0.00014099013378367936,0.5773502691896258,0.00014099013378367936
2260500000000,0.6982032089439205,0.6982,3.95377110093778e-08,0.6892031430828262,0.6892,3.9371499283976854e-08,0.6859286972413323,0.6862,2.017436496538353e-05,0.7072240088249769,0.7072,3.355655370158484e-07,0.7194351374870611,0.7192000000000001,1.8869319885578914e-05,0.00011570421576752763,2.017436496538353e-05,3.945815959827165e-05,0.5773502691896258,2.2781179065789358e-05,0.5773502691896258,2.2781179065789358e-05,0.5773502691896258,2.2781179065789358e-05
2260800000000,0.697471161786598,0.6972,1.8756256419041295e-05,0.6891990008868182,0.6892,6.005225718961834e-10,0.6852137642443078,0.6852,1.788952165820618e-05,0.7079562633350246,0.7082,1.8766883361979776e-05,0.7201598068446281,0.7202000000000001,1.8380098722879244e-05,8.416738794459017e-05,1.8766883361979776e-05,7.379336068467839e-05,0.5773502691896258,4.260461665570622e-05,0.5773502691896258,4.260461665570622e-05,0.5773502691896258,4.260461665570622e-05
2261100000000,0.6968755385440336,0.6968,1.2416846647900345e-05,0.6898750884033258,0.6898,1.5998301549209802e-05,0.6840120769837195,0.6838,5.054182952911044e-05,0.7078753813179226,0.7078,2.2896652416703583e-07,0.721361905960665,0.7218,5.057647996718091e-05,0.00012972702814908284,5.057647996718091e-05,0.00012976242421756853,0.5773502691896258,7.49183705527116e-05,0.5773502691896258,7.49183705527116e-05,0.5773502691896258,7.49183705527116e-05
2261400000000,0.6980542821318256,0.6981999999999999,4.8630275601628074e-05,0.6900807608940076,0.6901999999999999,1.4805410698141965e-06,0.6850778725060517,0.6851999999999999,3.975720333981886e-05,0.7066478676823075,0.7061999999999999,5.273764039673755e-05,0.7201391915000939,0.7202,5.2326072823138226e-05,0.00015222752218896452,5.273764039673755e-05,0.0001949317332311369,0.5773502691896258,0.00011254388865459722,0.5773502691896258,0.00011254388865459722,0.5773502691896258,0.00011254388865459722
2261700000000,0.6996255979407118,0.7002,8.641616799394292e-05,0.6903430131917319,0.6902,2.407169368157749e-06,0.685343015889979,0.6852,2.460535491415755e-06,0.7053449086938519,0.7052,5.9419574395899796e-05,0.7193434479572356,0.7192000000000001,2.2162272510022308e-05,0.00024030636994434819,8.641616799394292e-05,0.0001728657197594385,0.5773502691896258,9.980406983677025e-05,0.5773502691896258,9.980406983677025e-05,0.5773502691896258,9.980406983677025e-05
2262000000000,0.6999826590615076,0.7000000000000001,4.462242539438592e-06,0.6900630343091285,0.6900000000000001,2.743586114633476e-06,0.6850684964122571,0.685,2.637633027705554e-06,0.7058242090051978,0.7060000000000001,8.040507595969996e-06,0.7190609722102876,0.7190000000000001,2.7927391664831234e-06,0.0004225299699585994,8.040507595969996e-06,2.0676708444230742e-05,0.5773502691896258,1.1937703186232029e-05,0.5773502691896258,1.1937703186232029e-05,0.5773502691896258,1.1937703186232029e-05
2262300000000,0.700715318516304,0.7008,1.87876456845891e-05,0.6891377815178992,0.6888,2.9963245468719435e-05,0.6847160125189248,0.6848,4.348571327054654e-06,0.7057156459342975,0.7058,4.1250791271598284e-07,0.7197152368110378,0.7198,1.498217587281553e-05,0.0006561713869704422,2.9963245468719435e-05,6.84941462658947e-05,0.5773502691896258,3.954511378452791e-05,0.5773502691896258,3.954511378452791e-05,0.5773502691896258,3.954511378452791e-05
2262600000000,0.7010784452568696,0.7011999999999999,4.615136039982886e-06,0.6891674985669134,0.6891999999999999,3.0908605073978096e-08,0.6843388595759999,0.6841999999999999,4.978551982490394e-06,0.706078161632869,0.7061999999999999,4.599617109877041e-06,0.7193315651295639,0.7192,5.152138570775535e-06,0.0007057255272005728,5.152138570775535e-06,1.9376352308199834e-05,0.5773502691896258,1.1186942221052202e-05,0.5773502691896258,1.1186942221052202e-05,0.5773502691896258,1.1186942221052202e-05
2262900000000,0.7011943733772721,0.7011999999999999,4.703765185020491e-07,0.6881944878867248,0.6881999999999999,3.313624243163951e-05,0.6827689683363768,0.6821999999999999,8.625954764859228e-05,0.7076478893098298,0.7081999999999999,8.624157429359081e-05,0.7201942782361852,0.7202,2.6049586651768394e-05,0.0010819143823365418,8.625954764859228e-05,0.000232157327544093,0.5773502691896258,0.00013403609555192624,0.5773502691896258,0.00013403609555192624,0.5773502691896258,0.00013403609555192624
2263200000000,0.6994701431256631,0.6992,0.0001040539486197211,0.6864701432910685,0.6862,0.00010406774995991701,0.6824701355884112,0.6822,3.125535393983618e-06,0.7095215050992,0.7102,0.0001228652644162029,0.7220680728862281,0.7222000000000001,0.0001228887236685278,0.0016644483442612378,0.0001228887236685278,0.00045700122205835246,0.5773502691896258,0.00026384977857537775,0.5773502691896258,0.00026384977857537775,0.5773502691896258,0.00026384977857537775
2263500000000,0.6992502595425556,0.6991999999999999,1.692207654207343e-06,0.686250325346117,0.6861999999999999,1.6911975122947851e-06,0.6830033851066504,0.6831999999999999,9.952426704581383e-06,0.7092461943882349,0.7091999999999999,2.6528595650236778e-06,0.7222498325644444,0.7222,1.1562803218855066e-06,0.0016641242453837145,9.952426704581383e-06,1.7144971757992695e-05,0.5773502691896258,9.898654059725614e-06,0.5773502691896258,9.898654059725614e-06,0.5773502691896258,9.898654059725614e-06
2263800000000,0.6998917040333136,0.6998,1.4400786215331787e-05,0.686891705855899,0.6868,1.4397913541488495e-05,0.684319215142739,0.6848,6.0599303935551904e-05,0.7079475292028097,0.7078,5.9028594234242086e-05,0.7209498416412942,0.7208,5.914917400955651e-05,0.0010202461788316043,6.0599303935551904e-05,0.00020757577193617076,0.5773502691896258,0.00011984392780459258,0.5773502691896258,0.00011984392780459258,0.5773502691896258,0.00011984392780459258
2264100000000,0.6995043135638516,0.6993999999999999,5.252498154049939e-06,0.6879920651369682,0.6883999999999999,4.2377669160230866e-05,0.6844913961811765,0.6843999999999999,1.037620849909849e-06,0.707506250701705,0.7073999999999999,6.815435043800744e-06,0.7205057679925868,0.7203999999999999,6.902049191669213e-06,0.0005330070745431327,4.2377669160230866e-05,6.238527239966061e-05,0.5773502691896258,3.601815381341219e-05,0.5773502691896258,3.601815381341219e-05,0.5773502691896258,3.601815381341219e-05
2264400000000,0.6988870106244371,0.6988,1.3337202165338968e-05,0.6878863138953704,0.6878,3.914163784819662e-07,0.683886986144097,0.6838,1.2785902252283386e-05,0.7084538721882849,0.7088,3.142952686397629e-05,0.7208858099710407,0.7208,5.055116688549642e-06,0.000739675001110307,3.142952686397629e-05,6.299916434863024e-05,0.5773502691896258,3.637258449540315e-05,0.5773502691896258,3.637258449540315e-05,0.5773502691896258,3.637258449540315e-05
2264700000000,0.6977154383771107,0.6976000000000001,4.804035357469393e-05,0.6867154333817931,0.6866000000000001,4.798364119762459e-05,0.6847144764362427,0.6846000000000001,2.3965906425837164e-05,0.7087145386304284,0.7086000000000001,2.378144792091436e-06,0.7221401128234154,0.7226000000000001,5.506464759163679e-05,0.001613032194441665,5.506464759163679e-05,0.00017743269358188392,0.5773502691896258,0.00010244081340254108,0.5773502691896258,0.00010244081340254108,0.5773502691896258,0.00010244081340254108
2265000000000,0.6975235255041549,0.6974,1.2890692782156868e-06,0.6847480563295638,0.6844,0.00013547003629734146,0.6835235268480573,0.6834,4.964263225596755e-05,0.7106813689795243,0.7114,0.000135394756774356,0.7235235223069155,0.7234,6.698376296633346e-05,0.0035347416756674917,0.00013547003629734146,0.0003887802575722142,0.5773502691896258,0.00022446238636492994,0.5773502691896258,0.00022446238636492994,0.5773502691896258,0.00022446238636492994
2265300000000,0.6967950676302547,0.6965999999999999,1.8572780591651485e-05,0.6827970930519616,0.6825999999999999,0.00013321901986933755,0.6837949130708602,0.6836,2.57776686745235e-06,0.7128180311262481,0.7136,0.00015978637952348418,0.7237948888069727,0.7236,2.5773922073655475e-06,0.005153282459203754,0.00015978637952348418,0.00031673333905929115,0.5773502691896258,0.00018286607856721077,0.5773502691896258,0.00018286607856721077,0.5773502691896258,0.00018286607856721077
2265600000000,0.6960700755243964,0.6958,1.8396474374489937e-05,0.6827948955741036,0.6828,1.6901181277593182e-10,0.6837948982960899,0.6838,7.640284305588015e-15,0.7135452304874031,0.7138,1.850866188025156e-05,0.7237948999335208,0.7238,4.3330024765437885e-15,0.005107668971532106,1.850866188025156e-05,3.6905305278527555e-05,0.5773502691896258,2.1307287937083205e-05,0.5773502691896258,2.1307287937083205e-05,0.5773502691896258,2.1307287937083205e-05
2265900000000,0.6958824017348962,0.6958,1.232750794286885e-06,0.6828003693468224,0.6828,1.0486765722234242e-09,0.6838000667833097,0.6838,9.349641049705352e-10,0.713720177714866,0.7138,1.0712286338923122e-06,0.7237967085441358,0.7238,1.1448753249057405e-10,0.004665618504150734,1.232750794286885e-06,2.306077556388882e-06,0.5773502691896258,1.3314144979532755e-06,0.5773502691896258,1.3314144979532755e-06,0.5773502691896258,1.3314144979532755e-06
2266200000000,0.6954452460851002,0.6952,6.688677175201929e-06,0.6823714721953992,0.6822,6.438346827464132e-06,0.6840081842708434,0.6842,1.5159511016067135e-06,0.7141229622611566,0.7142000000000001,5.67823867556873e-06,0.7240519717624393,0.7242000000000001,2.2805758716529667e-06,0.004579684088993788,6.688677175201929e-06,2.260178965149447e-05,0.5773502691896258,1.3049149339457633e-05,0.5773502691896258,1.3049149339457633e-05,0.5773502691896258,1.3049149339457633e-05
2266500000000,0.6942399442673137,0.6938,5.084633651857552e-05,0.681691400587175,0.6818,1.6187408730939982e-05,0.6846894452852924,0.6848,1.624407994328216e-05,0.714689642394538,0.7148,1.123942307492297e-05,0.7246895599457014,0.7248,1.4228154200241035e-05,0.004665721296334324,5.084633651857552e-05,0.00010874540246796168,0.5773502691896258,6.278418738801189e-05,0.5773502691896258,6.278418738801189e-05,0.5773502691896258,6.278418738801189e-05
2266800000000,0.693727760093665,0.6936,9.181641970768248e-06,0.6807283697528932,0.6806,3.24599935722153e-05,0.6847275735324739,0.6846,5.088171315973777e-08,0.7160888094031161,0.7166,6.851839112627028e-05,0.7247274820119184,0.7246,5.0332908715828366e-08,0.005153063558314816,6.851839112627028e-05,0.0001102612412911294,0.5773502691896258,6.365935734061585e-05,0.5773502691896258,6.365935734061585e-05,0.5773502691896258,6.365935734061585e-05
2267100000000,0.6942218277577101,0.6943999999999999,8.543599982925717e-06,0.6804545632630122,0.6803999999999999,2.623949786532565e-06,0.6844532570766709,0.6843999999999999,2.633733127351234e-06,0.7164125285081576,0.7163999999999999,3.667792063909887e-06,0.7244577454341805,0.7243999999999999,2.54652374794098e-06,0.0059049243140252995,8.543599982925717e-06,2.0015598708660384e-05,0.5773502691896258,1.1556011302436601e-05,0.5773502691896258,1.1556011302436601e-05,0.5773502691896258,1.1556011302436601e-05
2267400000000,0.6941176004775127,0.6941999999999999,3.802164078073981e-07,0.6795370465642497,0.6791999999999999,2.946429123778123e-05,0.6841186266981543,0.6841999999999999,3.9192121579172245e-06,0.7171125978984156,0.7172,1.7153400291168156e-05,0.7251141205734924,0.7252,1.5078991322736796e-05,0.00620017140089377,2.946429123778123e-05,6.59961114174108e-05,0.5773502691896258,3.8102872692310664e-05,0.5773502691896258,3.8102872692310664e-05,0.5773502691896258,3.8102872692310664e-05
2267700000000,0.6949100549319994,0.6951999999999999,2.1979442185254796e-05,0.67925299997656,0.6791999999999999,2.8238862392370366e-06,0.6842528566202241,0.6841999999999999,6.306185192602144e-07,0.7163312020961231,0.7162,2.1370278994413435e-05,0.7252528852332958,0.7252,6.739470783617502e-07,0.006708154900045221,2.1979442185254796e-05,4.7478173016527234e-05,0.5773502691896258,2.741153597172363e-05,0.5773502691896258,2.741153597172363e-05,0.5773502691896258,2.741153597172363e-05
2268000000000,0.6954187862124684,0.6956,9.058263050467754e-06,0.679488491340991,0.6796,1.94096639525538e-06,0.6845224160668247,0.6846,2.5431803338081878e-06,0.7158151078118478,0.7156,9.322365859158929e-06,0.7247549881292601,0.7246,8.676553417249569e-06,0.007128972029709388,9.322365859158929e-06,3.154132905593982e-05,0.5773502691896258,1.8210394821045422e-05,0.5773502691896258,1.8210394821045422e-05,0.5773502691896258,1.8210394821045422e-05
2268300000000,0.6957355894866775,0.6958,3.5127510092344648e-06,0.6797357000671731,0.6798,2.138925400520406e-06,0.6847357176979532,0.6848,1.5924155044716545e-06,0.7157359212617658,0.7158,2.1946783998605637e-07,0.7240570703289454,0.7238,1.704812395986362e-05,0.00761764136721751,1.704812395986362e-05,2.4511683714076203e-05,0.5773502691896258,1.4151827190612863e-05,0.5773502691896258,1.4151827190612863e-05,0.5773502691896258,1.4151827190612863e-05
2268600000000,0.6956431636960438,0.6955999999999999,2.9898843709874943e-07,0.6796532049124612,0.6795999999999999,2.3819076928305949e-07,0.6846462092718035,0.6845999999999999,2.8041154231244133e-07,0.715640812678334,0.7155999999999999,3.1659749248384695e-07,0.7244159272295068,0.7245999999999999,4.50723962781786e-06,0.007952459665560237,4.50723962781786e-06,5.641427868995957e-06,0.5773502691896258,3.257079898778673e-06,0.5773502691896258,3.257079898778673e-06,0.5773502691896258,3.257079898778673e-06
2268900000000,0.6956101660911324,0.6956,3.8109467546314943e-08,0.6796158103420012,0.6796,4.894238649588151e-08,0.6846134179059701,0.6846,3.763457856281285e-08,0.7156132795238122,0.7156,2.6532610927368975e-08,0.7245466623564252,0.7246,5.982085693630759e-07,0.007952439214532418,5.982085693630759e-07,7.494276128954542e-07,0.5773502691896258,4.326822340433292e-07,0.5773502691896258,4.326822340433292e-07,0.5773502691896258,4.326822340433292e-07
2269200000000,0.6953062973706685,0.6951999999999999,3.2317669746716005e-06,0.6807748111354746,0.6811999999999999,4.701489937451153e-05,0.684306297529418,0.6841999999999999,3.301302399272992e-06,0.7153062972079646,0.7152,3.2983349785100505e-06,0.7243062967114233,0.7242,2.022147515400436e-06,0.0072362129934005325,4.701489937451153e-05,5.886845124236661e-05,0.5773502691896258,3.398771617155673e-05,0.5773502691896258,3.398771617155673e-05,0.5773502691896258,3.398771617155673e-05
2269500000000,0.694705685626995,0.6946,1.2625706332349967e-05,0.6813755252856666,0.6816,1.2630012158432548e-05,0.6836840390941447,0.6836,1.3552194609407326e-05,0.7156172898441078,0.7156,3.3850746907354663e-06,0.7246174591974679,0.7246,3.38877324525029e-06,0.0061009346593503145,1.3552194609407326e-05,4.5581761036175596e-05,0.5773502691896258,2.631664200437318e-05,0.5773502691896258,2.631664200437318e-05,0.5773502691896258,2.631664200437318e-05
2269800000000,0.6947524080344208,0.6948,7.640441744841427e-08,0.6809842932711675,0.6808,5.357187120915504e-06,0.6837564836857771,0.6838,1.8368765998783738e-07,0.7157469593000659,0.7158,5.884958732969732e-07,0.7247584069420846,0.7248,6.953193349387465e-07,0.005336188265998012,5.357187120915504e-06,6.901094406587475e-06,0.5773502691896258,3.9843487133463e-06,0.5773502691896258,3.9843487133463e-06,0.5773502691896258,3.9843487133463e-06
2270100000000,0.6946575924343925,0.6946,3.146499303056333e-07,0.6806536922779314,0.6806,3.825395585504787e-06,0.6843735046525043,0.6846,1.3325020568334844e-05,0.715657604970223,0.7156,2.7944686915868633e-07,0.7246576054557187,0.7246,3.5563288787533566e-07,0.005152932077805429,1.3325020568334844e-05,1.8100145841179285e-05,0.5773502691896258,1.0450124073776347e-05,0.5773502691896258,1.0450124073776347e-05,0.5773502691896258,1.0450124073776347e-05
2270400000000,0.6953466958988064,0.6956,1.662022546335168e-05,0.6806534376033405,0.6806,2.2700701530483855e-12,0.6836929978690484,0.6836,1.620813188153671e-05,0.7156534342924382,0.7156,6.0880936146135e-10,0.7246534342879221,0.7246,6.089524275608538e-10,0.0051529406909971345,1.662022546335168e-05,3.282957737674756e-05,0.5773502691896258,1.8954165335846856e-05,0.5773502691896258,1.8954165335846856e-05,0.5773502691896258,1.8954165335846856e-05
2270700000000,0.6951147594286349,0.6954,1.8828084168465449e-06,0.6775410212870041,0.6764,0.0003390497364168984,0.684114751250822,0.6844,6.225657026312484e-06,0.7171147335730772,0.7174,7.473884556586037e-05,0.7261147333539518,0.7264,7.473882361328115e-05,0.005199213756758622,0.0003390497364168984,0.0004966358710391989,0.5773502691896258,0.0002867328538337058,0.5773502691896258,0.0002867328538337058,0.5773502691896258,0.0002867328538337058
2271000000000,0.6958958296544745,0.6960000000000001,2.1352474419260402e-05,0.6764127633521952,0.676,4.45538088610706e-05,0.6838976687106202,0.684,1.6493690241164248e-06,0.7168977414730886,0.7170000000000001,1.647995001011189e-06,0.7268959920061369,0.7270000000000001,2.1362777856489218e-05,0.005290106706564142,4.45538088610706e-05,9.056642516194784e-05,0.5773502691896258,5.228854994679269e-05,0.5773502691896258,5.228854994679269e-05,0.5773502691896258,5.228854994679269e-05
2271300000000,0.6956514288898109,0.6956,2.0906106818851317e-06,0.6766524535476643,0.6766,2.0107986431405377e-06,0.6844096434601714,0.6846,9.174135046231385e-06,0.7166529657512632,0.7166,2.0970303898292758e-06,0.7266335071635615,0.7266,2.4114402403642413e-06,0.005856422837485607,9.174135046231385e-06,1.778401500145057e-05,0.5773502691896258,1.0267605848359831e-05,0.5773502691896258,1.0267605848359831e-05,0.5773502691896258,1.0267605848359831e-05
2271600000000,0.6948804646611907,0.6946,2.0803504463418924e-05,0.6774210380063594,0.6776,2.0675272455167315e-05,0.6845661652861427,0.6846,8.574678701881698e-07,0.7165661664523157,0.7166,2.6369414042223686e-07,0.7265661655629472,0.7266,1.587211910652575e-07,0.00610095706257723,2.0803504463418924e-05,4.2758660120261906e-05,0.5773502691896258,2.468672393062093e-05,0.5773502691896258,2.468672393062093e-05,0.5773502691896258,2.468672393062093e-05
2271900000000,0.6945323377634622,0.6944,4.241731792271246e-06,0.6788693007777227,0.6794,7.341127692208451e-05,0.6845319724536075,0.6844,4.092024288716542e-08,0.7155343610452655,0.7154,3.726178393063673e-05,0.7265320159345896,0.7264,4.0816899093608845e-08,0.006150576622844556,7.341127692208451e-05,0.00011499652978697325,0.5773502691896258,6.639327742838183e-05,0.5773502691896258,6.639327742838183e-05,0.5773502691896258,6.639327742838183e-05
2272200000000,0.694436558054211,0.6943999999999999,3.2108134464876447e-07,0.6792176035230542,0.6793999999999999,4.246018084190744e-06,0.6844423361358566,0.6843999999999999,2.812134310981663e-07,0.7154397682517994,0.7153999999999999,3.131728801496762e-07,0.726459182090158,0.7263999999999999,1.856669113138983e-07,0.005664637413252316,4.246018084190744e-06,5.347152651401249e-06,0.5773502691896258,3.0871800226845327e-06,0.5773502691896258,3.0871800226845327e-06,0.5773502691896258,3.0871800226845327e-06
2272500000000,0.6946888813287149,0.6946,2.22834621997231e-06,0.6802314197247772,0.6806,3.597381518066376e-05,0.6846898303555821,0.6846,2.1438686079132558e-06,0.7146949388079116,0.7146,1.9416981516881153e-05,0.7256949083607892,0.7256,2.0444001669116623e-05,0.004284985807768546,3.597381518066376e-05,8.02070131945471e-05,0.5773502691896258,4.6307540658767636e-05,0.5773502691896258,4.6307540658767636e-05,0.5773502691896258,4.6307540658767636e-05
2272800000000,0.6939796357938356,0.6934,1.760602300611671e-05,0.6833009634101436,0.6844,0.00032977344527304224,0.687759278666495,0.6884,0.0003297529526678198,0.7119800591571479,0.7114,0.00025797000313457306,0.7229800603633011,0.7224,0.0002579639877312825,0.001770213730180147,0.00032977344527304224,0.0011930664118128343,0.5773502691896258,0.0006888172140212408,0.5773502691896258,0.0006888172140212408,0.5773502691896258,0.0006888172140212408
2273100000000,0.6939731203724477,0.6938,1.4857750551455821e-09,0.687115668276747,0.6878,0.0005093190626750689,0.6915739496945855,0.6928,0.0005093100268393619,0.708165196693645,0.7068,0.0005093611465405283,0.7191720618370475,0.7188,0.0005075298471582291,0.0003156018709784737,0.0005093611465405283,0.0020355215689882434,0.5773502691896258,0.0011752089257966519,0.5773502691896258,0.0011752089257966519,0.5773502691896258,0.0011752089257966519
2273400000000,0.6929997984743481,0.693,3.3157443106208756e-05,0.6909993813065552,0.691,0.0005279129414265907,0.6949996195830508,0.695,0.00041073249646581694,0.7049998955090426,0.705,0.0003506696056235748,0.7146633048541026,0.713,0.0007115111335939197,1.3832918083554244e-06,0.0007115111335939197,0.0020339836202161107,0.5773502691896258,0.0011743209906590613,0.5773502691896258,0.0011743209906590613,0.5773502691896258,0.0011743209906590613
2273700000000,0.690000024958562,0.69,0.0003149524401104019,0.6900000010903049,0.69,3.495662858214054e-05,0.693000011122189,0.693,0.00013994518988625048,0.700000157742963,0.7,0.0008749082205347089,0.7090627829650455,0.707,0.0010978045900432382,2.1275367932564578e-06,0.0010978045900432382,0.00246256706915674,0.5773502691896258,0.0014217637602751518,0.5773502691896258,0.0014217637602751518,0.5773502691896258,0.0014217637602751518
2274000000000,0.6840000258923324,0.684,0.001259999607816467,0.6860000060189744,0.686,0.0005599986199733989,0.6890000057574487,0.689,0.0005600015021282976,0.6919044422673271,0.691,0.002293921317185784,0.7009669164513072,0.698,0.002294006911289472,4.81030452235245e-06,0.002294006911289472,0.00696792795839342,0.5773502691896258,0.004022935082472361,0.5773502691896258,0.004022935082472361,0.5773502691896258,0.004022935082472361
2274300000000,0.6830000048838156,0.683,3.5001470611624634e-05,0.6850000041307159,0.685,3.500013217821555e-05,0.6880000029466176,0.688,3.500019675845523e-05,0.6909999978641603,0.691,2.8630688744686563e-05,0.6980675225403103,0.697,0.0002942269767893874,5.698021870624589e-07,0.0002942269767893874,0.00042785946508236937,0.5773502691896258,0.00024702477734063526,0.5773502691896258,0.00024702477734063526,0.5773502691896258,0.00024702477734063526
2274600000000,0.686999934624956,0.687,0.0005599803276920784,0.6879999760977752,0.688,0.0003149941131099484,0.6919999337741051,0.692,0.0005599806318639715,0.6961150555175374,0.698,0.0009157335179079908,0.7029973716180649,0.703,0.0008506194175302951,1.7765113097943813e-06,0.0009157335179079908,0.003201308008104284,0.5773502691896258,0.0018482760402379133,0.5773502691896258,0.0018482760402379133,0.5773502691896258,0.0018482760402379133
2274900000000,0.6899998465638789,0.69,0.0003149815074452265,0.688999955845084,0.689,3.4998582325972706e-05,0.6939999236666099,0.694,0.0001399985849542515,0.700424982566377,0.702,0.0006501414908211699,0.7073071654007177,0.708,0.0006501012857147569,1.4803498647490156e-06,0.0006501414908211699,0.0017902214512613775,0.5773502691896258,0.001033584836794799,0.5773502691896258,0.001033584836794799,0.5773502691896258,0.001033584836794799
2275200000000,0.6899998694180548,0.69,1.8280967438549397e-14,0.6909998086304227,0.691,0.00013997939070593672,0.6959998085621245,0.696,0.00013998388583576248,0.7052420222414221,0.707,0.0008121354930835505,0.7121238685060794,0.713,0.0008120220081820542,1.929046142308178e-06,0.0008121354930835505,0.0019041207778255848,0.5773502691896258,0.001099344643647161,0.5773502691896258,0.001099344643647161,0.5773502691896258,0.001099344643647161
2275500000000,0.6855879201715062,0.685,0.0006812853653942393,0.6870002980160379,0.687,0.0005598629804101697,0.6915878884333254,0.69,0.0006812763728015922,0.7008300505599121,0.7,0.0006812922941456082,0.7077118916363513,0.707,0.0006812938964655711,2.0314067637417842e-06,0.0006812938964655711,0.0032850109092171804,0.5773502691896258,0.0018966019327273966,0.5773502691896258,0.0018966019327273966,0.5773502691896258,0.0018966019327273966
2275800000000,0.6889993754781617,0.689,0.00040733095582578903,0.6899997972731918,0.69,0.00031489485277834335,0.6919999608149572,0.692,5.943127669628691e-06,0.7029999088535254,0.703,0.0001647899755026801,0.7115756045091227,0.713,0.000522489700712688,1.0144514777001378e-06,0.000522489700712688,0.001415448612489129,0.5773502691896258,0.000817209637444681,0.5773502691896258,0.000817209637444681,0.5773502691896258,0.000817209637444681
2276100000000,0.6926442379541595,0.6922,0.0004649757864127943,0.6906443535675438,0.6902,1.4540848580607624e-05,0.6936443645753964,0.6932,9.464223045712721e-05,0.7066443266072906,0.7062,0.0004648623267385716,0.7164227158241341,0.7182000000000001,0.0008223070835038923,8.607421978680829e-05,0.0008223070835038923,0.001861328275692993,0.5773502691896258,0.0010746383810216116,0.5773502691896258,0.0010746383810216116,0.5773502691896258,0.0010746383810216116
2276400000000,0.6937855742630002,0.6941999999999999,4.559269994573586e-05,0.6895035873068525,0.6891999999999999,4.5547168153612185e-05,0.6932371234296606,0.6931999999999999,5.804587277306092e-06,0.7062371303351181,0.7061999999999999,5.8033081424898934e-06,0.7172365708723308,0.7172,2.3182601381636945e-05,5.7734070298524305e-05,4.559269994573586e-05,0.00012593036490078096,0.5773502691896258,7.27059300746137e-05,0.5773502691896258,7.27059300746137e-05,0.5773502691896258,7.27059300746137e-05
2276700000000,0.6934775350396282,0.6934,3.321085709748614e-06,0.6894774968798003,0.6894,2.382486343172468e-08,0.6940881766004118,0.6944,2.535020248059739e-05,0.7064776443244642,0.7064,2.0246442674912035e-06,0.7164791294088328,0.7164,2.0080114971909062e-05,9.607813409891679e-07,2.535020248059739e-05,5.0799872293177996e-05,0.5773502691896258,2.9329319943264932e-05,0.5773502691896258,2.9329319943264932e-05,0.5773502691896258,2.9329319943264932e-05
2277000000000,0.6915158176239214,0.6908,0.0001346917326680469,0.689682101021435,0.6898,1.4651999170925487e-06,0.6936821144908453,0.6938,5.7710252888960776e-06,0.7084378437614669,0.7088,0.000134483364148893,0.7166821016543666,0.7168,1.4419206359959266e-06,3.94265033462914e-06,0.0001346917326680469,0.0002778532426589244,0.5773502691896258,0.00016041864444434046,0.5773502691896258,0.00016041864444434046,0.5773502691896258,0.00016041864444434046
2277300000000,0.6902575684531329,0.6898,5.541168415265161e-05,0.6896959728696561,0.6898,6.734986057426244e-09,0.6936959607676129,0.6938,6.710178311367371e-09,0.7096546859391225,0.7098,5.182467098625749e-05,0.7166956327401525,0.7168,6.408159889025916e-09,9.623262292612352e-05,5.541168415265161e-05,0.00010725620846316693,0.5773502691896258,6.192440082846804e-05,0.5773502691896258,6.192440082846804e-05,0.5773502691896258,6.192440082846804e-05
2277600000000,0.6916386287634986,0.6918000000000001,6.675646533035595e-05,0.688684493644305,0.6888000000000001,3.580815781609467e-05,0.6923082218629591,0.6918000000000001,6.7403674362132e-05,0.709684369257443,0.7098000000000001,3.083847852814596e-08,0.7176842852253396,0.7178000000000001,3.4210180776331424e-05,0.0003722622313236778,6.7403674362132e-05,0.0002042093167634422,0.5773502691896258,0.00011790030400440293,0.5773502691896258,0.00011790030400440293,0.5773502691896258,0.00011790030400440293
2277900000000,0.6918735278240227,0.6918,1.931214902228608e-06,0.6895007286330056,0.6898,2.331838448727015e-05,0.6918735328008351,0.6918,6.61341032556068e-06,0.7088786825884054,0.7088,2.2719585303276478e-05,0.7178735280620303,0.7178,1.2534497933566733e-06,0.00021165598788886283,2.331838448727015e-05,5.5836044811692584e-05,0.5773502691896258,3.2236955502514724e-05,0.5773502691896258,3.2236955502514724e-05,0.5773502691896258,3.2236955502514724e-05
2278200000000,0.6920936690618519,0.6921999999999999,1.696175760754154e-06,0.6890937487290932,0.6891999999999999,5.797142476598078e-06,0.6906491339818409,0.6901999999999999,5.247033637840077e-05,0.7100697852357997,0.7101999999999999,4.9655393082040216e-05,0.7180936597828121,0.7182,1.6960291073030182e-06,0.00034822632839211773,5.247033637840077e-05,0.00011131507680509623,0.5773502691896258,6.426778955828618e-05,0.5773502691896258,6.426778955828618e-05,0.5773502691896258,6.426778955828618e-05
2278500000000,0.6926759394363661,0.6928,1.1866357616291463e-05,0.6886765451214467,0.6888,6.0920597581645374e-06,0.6892964093632319,0.6888,6.40452362826826e-05,0.7106755805026125,0.7108,1.2844576685248304e-05,0.7186755108504378,0.7188,1.1849273271398782e-05,0.00043575421045498504,6.40452362826826e-05,0.00010669750361378568,0.5773502691896258,6.160183243328023e-05,0.5773502691896258,6.160183243328023e-05,0.5773502691896258,6.160183243328023e-05
2278800000000,0.6920889421605848,0.6920000000000001,1.2059803062111914e-05,0.6880889421664372,0.6880000000000001,1.2084703145755586e-05,0.6890889419891859,0.6890000000000001,1.5064948952736752e-06,0.7116442319930546,0.7120000000000001,3.283999984775081e-05,0.7190889416778444,0.7190000000000001,5.982376716754736e-06,0.0002500791069245105,3.283999984775081e-05,6.447337766764673e-05,0.5773502691896258,3.7223721951980246e-05,0.5773502691896258,3.7223721951980246e-05,0.5773502691896258,3.7223721951980246e-05
2279100000000,0.6925298708247092,0.6926,6.804633039627666e-06,0.6875312684338287,0.6876,1.0884999721452783e-05,0.6895299350586023,0.6896,6.806621054564255e-06,0.7108791469926646,0.7106,2.048742702375992e-05,0.7195297664220286,0.7196,6.80142592797621e-06,0.00027044883110113915,2.048742702375992e-05,5.178510676738084e-05,0.5773502691896258,2.989814533216084e-05,0.5773502691896258,2.989814533216084e-05,0.5773502691896258,2.989814533216084e-05
2279400000000,0.6936837511367597,0.6938,4.660039210882546e-05,0.6862642102082052,0.6858,5.6190279149211615e-05,0.6886844100018032,0.6888,2.502194175862472e-05,0.7106842929118838,0.7108,1.3288839478924735e-06,0.7206833342416595,0.7208,4.657515500708289e-05,0.0015877347202884963,5.6190279149211615e-05,0.00017571665197163713,0.5773502691896258,0.0001014500563169245,0.5773502691896258,0.0001014500563169245,0.5773502691896258,0.0001014500563169245
2279700000000,0.6952078480540903,0.6954,8.130049946957968e-05,0.6841682024067667,0.6834,0.00015376370462918425,0.6882080581801013,0.6884,7.941887031355646e-06,0.7102080584434485,0.7104,7.937974412407042e-06,0.722207829785771,0.7224,8.134303324055286e-05,0.0028227689401233596,0.00015376370462918425,0.0003322870987830795,0.5773502691896258,0.00019184604593065074,0.5773502691896258,0.00019184604593065074,0.5773502691896258,0.00019184604593065074
2280000000000,0.695282611923022,0.6953999999999999,1.9563726341718077e-07,0.6828727152032409,0.6823999999999999,5.8740048307467635e-05,0.6882826773486767,0.6883999999999999,1.948807111605123e-07,0.7112792144112048,0.7113999999999999,4.0158128754098485e-05,0.7222827729738418,0.7223999999999999,1.9657685033740516e-07,0.00334903996570582,5.8740048307467635e-05,9.948527188648122e-05,0.5773502691896258,5.743784850406305e-05,0.5773502691896258,5.743784850406305e-05,0.5773502691896258,5.743784850406305e-05
2280300000000,0.6961060514346994,0.6963999999999999,2.3731842028703257e-05,0.6824676824260572,0.6823999999999999,5.7418042707608815e-06,0.688433171143602,0.6883999999999999,7.926933808864506e-07,0.7114306113023061,0.7113999999999999,8.022356522301759e-07,0.7215619897593479,0.7213999999999999,1.8183495480364056e-05,0.0037249786982161952,2.3731842028703257e-05,4.925207081294482e-05,0.5773502691896258,2.8435696342000203e-05,0.5773502691896258,2.8435696342000203e-05,0.5773502691896258,2.8435696342000203e-05
2280600000000,0.6962207235070358,0.6961999999999999,4.6023894608733517e-07,0.6822655159794989,0.6821999999999999,1.430494523989478e-06,0.6882447912651856,0.6881999999999999,1.2420442507271006e-06,0.711239714200512,0.7111999999999999,1.2754596215684955e-06,0.7220290485217198,0.7222,7.63503606279143e-06,0.0035721265715298093,7.63503606279143e-06,1.2043273405163841e-05,0.5773502691896258,6.953187142395606e-06,0.5773502691896258,6.953187142395606e-06,0.5773502691896258,6.953187142395606e-06
2280900000000,0.6969378927723646,0.6971999999999999,1.8001611429630382e-05,0.6822492286260269,0.6821999999999999,9.284725909303248e-09,0.688249228410806,0.6881999999999999,6.890891440082864e-10,0.7112492248330644,0.7111999999999999,3.1658246041301173e-09,0.7213144253502177,0.7212,1.78740197036682e-05,0.0037636445319606826,1.8001611429630382e-05,3.588877077295602e-05,0.5773502691896258,2.0720391466650933e-05,0.5773502691896258,2.0720391466650933e-05,0.5773502691896258,2.0720391466650933e-05
2281200000000,0.6974026443411205,0.6976,7.559790723137996e-06,0.6817824896182801,0.6816,7.624585547334448e-06,0.6877828119774039,0.6876,7.614050127166114e-06,0.7115038657585918,0.7116,2.2694700333708718e-06,0.7215258566160221,0.7216,1.564611305587227e-06,0.003686549742326386,7.624585547334448e-06,2.6632507736596658e-05,0.5773502691896258,1.5376285510918872e-05,0.5773502691896258,1.5376285510918872e-05,0.5773502691896258,1.5376285510918872e-05
2281500000000,0.6966691631490162,0.6964,1.882981307097958e-05,0.6823318912214313,0.6824,1.0564474254078826e-05,0.6883318873171603,0.6884,1.0551930505503336e-05,0.7113334459961643,0.7114,1.0165013399044417e-06,0.7213336070017488,0.7214,1.293596996588574e-06,0.0037249454873437473,1.882981307097958e-05,4.2256316167054766e-05,0.5773502691896258,2.4396695514011007e-05,0.5773502691896258,2.4396695514011007e-05,0.5773502691896258,2.4396695514011007e-05
2281800000000,0.6962659587495625,0.6962,5.690082570856605e-06,0.6829633547748266,0.6832,1.395611767433046e-05,0.6882548633280721,0.6882,2.0764432132742151e-07,0.7112563035765079,0.7112,2.082833518655188e-07,0.7212594046249033,0.7212000000000001,1.9270974553279573e-07,0.0033856392602705874,1.395611767433046e-05,2.0254837663912802e-05,0.5773502691896258,1.1694135977652229e-05,0.5773502691896258,1.1694135977652229e-05,0.5773502691896258,1.1694135977652229e-05
2282100000000,0.6953395268357385,0.6950000000000001,3.0039663183307388e-05,0.6829152571059056,0.683,8.096850144719072e-08,0.6879153225528439,0.6880000000000001,4.0350778314882055e-06,0.7119149725708083,0.7120000000000001,1.5184569541841639e-05,0.7219149197742639,0.7220000000000001,1.5039503886442587e-05,0.0028900720886593833,3.0039663183307388e-05,6.4379782944527e-05,0.5773502691896258,3.7169685013392346e-05,0.5773502691896258,3.7169685013392346e-05,0.5773502691896258,3.7169685013392346e-05
2282400000000,0.6961163024798551,0.6964,2.11183140452466e-05,0.6824711115400875,0.6824,6.904284927254749e-06,0.6884704425784528,0.6884,1.0785538499119674e-05,0.7114710758427275,0.7114,6.896550682028194e-06,0.7214710660550131,0.7214,6.895214343247489e-06,0.0028224503532550873,2.11183140452466e-05,5.259990249689671e-05,0.5773502691896258,3.0368567865931386e-05,0.5773502691896258,3.0368567865931386e-05,0.5773502691896258,3.0368567865931386e-05
2282700000000,0.695293732739479,0.695,2.3681734222383523e-05,0.6819809357668652,0.6819999999999999,8.409530102892826e-06,0.6889128749297935,0.689,6.851123492949235e-06,0.7119071711733903,0.712,6.656269809906395e-06,0.7219046669365854,0.722,6.5803403575094565e-06,0.002722576378342811,2.3681734222383523e-05,5.217899798564144e-05,0.5773502691896258,3.012555853305503e-05,0.5773502691896258,3.012555853305503e-05,0.5773502691896258,3.012555853305503e-05
2283000000000,0.6950310877295306,0.695,2.414384043778506e-06,0.681203033822979,0.6809999999999999,2.1179600200571435e-05,0.6890310405477549,0.689,4.887089643870474e-07,0.7127037985402112,0.713,2.2211530654876995e-05,0.7220310388657165,0.722,5.589452565312232e-07,0.0028900659424953516,2.2211530654876995e-05,4.68531691201452e-05,0.5773502691896258,2.70506898039029e-05,0.5773502691896258,2.70506898039029e-05,0.5773502691896258,2.70506898039029e-05
2283300000000,0.6950374569863053,0.695,1.4198601151557381e-09,0.6810539701216957,0.6809999999999999,7.776995464098378e-07,0.6890397599521565,0.689,2.6609804591607963e-09,0.7121212315131861,0.712,1.187845193418952e-05,0.7227470408232116,0.723,1.794305810978877e-05,0.003062561212159852,1.794305810978877e-05,3.060329043096245e-05,0.5773502691896258,1.766881796840447e-05,0.5773502691896258,1.766881796840447e-05,0.5773502691896258,1.766881796840447e-05
2283600000000,0.6966224038815971,0.6971999999999999,8.792198313133707e-05,0.681280109631381,0.6811999999999999,1.7898677244249037e-06,0.6892801087447757,0.6891999999999999,2.0218639739735828e-06,0.7105372355213798,0.7101999999999999,8.781651557203962e-05,0.7222801409458949,0.7222,7.629842340343536e-06,0.003763833350772947,8.792198313133707e-05,0.00018718007274211873,0.5773502691896258,0.000108068465384596,0.5773502691896258,0.000108068465384596,0.5773502691896258,0.000108068465384596
2283900000000,0.6977766186755371,0.6982,4.662741266924493e-05,0.6803058469221639,0.6802,3.322157392998499e-05,0.6893058447493631,0.6892,2.318196762416557e-08,0.7103058448809849,0.7102,1.873956996182696e-06,0.7223058447643084,0.7222000000000001,2.312401983618138e-08,0.003572212032629274,4.662741266924493e-05,8.176924958287297e-05,0.5773502691896258,4.720949825810541e-05,0.5773502691896258,4.720949825810541e-05,0.5773502691896258,4.720949825810541e-05
2284200000000,0.6977817204066938,0.6978000000000001,9.109681278526678e-10,0.6799464913570673,0.6798000000000001,4.519774775806041e-06,0.689664686289312,0.6898000000000001,4.506853777751871e-06,0.7106645868698491,0.7108000000000001,4.504353510098676e-06,0.7219424557337423,0.7218000000000001,4.621805563751871e-06,0.004040141752608794,4.621805563751871e-06,1.8153698595536312e-05,0.5773502691896258,1.0481042770920222e-05,0.5773502691896258,1.0481042770920222e-05,0.5773502691896258,1.0481042770920222e-05
2284500000000,0.6976623926019742,0.6976,4.983693742726512e-07,0.6796628125603786,0.6796,2.8165780891755902e-06,0.6896627011355145,0.6896,1.3792924598451368e-10,0.7113495818099028,0.7116,1.6422632376470822e-05,0.7216625111586579,0.7216,2.742913779171503e-06,0.004284939223670781,1.6422632376470822e-05,2.248063154833655e-05,0.5773502691896258,1.2979198675984903e-05,0.5773502691896258,1.2979198675984903e-05,0.5773502691896258,1.2979198675984903e-05
2284800000000,0.6972129522218433,0.6970000000000001,7.069882935225353e-06,0.6799094437266049,0.68,2.1289426253942426e-06,0.6899018296824285,0.6900000000000001,2.0013861682218953e-06,0.7110553189560255,0.7110000000000001,3.0306719510214363e-06,0.721918504460809,0.7220000000000001,2.293639976117707e-06,0.004410118384100378,7.069882935225353e-06,1.6524523655980634e-05,0.5773502691896258,9.54043818101076e-06,0.5773502691896258,9.54043818101076e-06,0.5773502691896258,9.54043818101076e-06
2285100000000,0.6975907792603175,0.6976,4.996364485077018e-06,0.6796635732421487,0.6796,2.115830329436017e-06,0.6896458925528465,0.6896,2.2926335004544877e-06,0.710678008558523,0.7106,4.98270976222071e-06,0.7224216159399893,0.7226,8.859240616906834e-06,0.004080427339482284,8.859240616906834e-06,2.3246778694095066e-05,0.5773502691896258,1.3421533936827446e-05,0.5773502691896258,1.3421533936827446e-05,0.5773502691896258,1.3421533936827446e-05
2285400000000,0.696876628844955,0.6968000000000001,1.785037855168465e-05,0.6804953876513274,0.6808000000000001,2.421703239611098e-05,0.6898759654681409,0.6898000000000001,1.8526741223225904e-06,0.7108758537048973,0.7108000000000001,1.3699945680342834e-06,0.7218761632076387,0.7218000000000001,1.0413153913006743e-05,0.0036481580359171203,2.421703239611098e-05,5.570323355115925e-05,0.5773502691896258,3.2160276885494395e-05,0.5773502691896258,3.2160276885494395e-05,0.5773502691896258,3.2160276885494395e-05
2285700000000,0.6965239213625486,0.6964000000000001,4.35408988509251e-06,0.6804504396622779,0.6804000000000001,7.071126018587192e-08,0.6902461718855027,0.6904000000000001,4.796847700956404e-06,0.711253861876226,0.7114000000000001,5.00115621569475e-06,0.7215254878097801,0.7214000000000002,4.304063213215106e-06,0.00316844351321749,5.00115621569475e-06,1.8526868275144643e-05,0.5773502691896258,1.0696492385895498e-05,0.5773502691896258,1.0696492385895498e-05,0.5773502691896258,1.0696492385895498e-05
2286000000000,0.6964324843863454,0.6964,2.926252216012942e-07,0.680411535553155,0.6804,5.297353973258341e-08,0.6903584745737756,0.6904,4.4141628276614e-07,0.7113618502459094,0.7114,4.0815207954074047e-07,0.7214355927618632,0.7214,2.8283918739935594e-07,0.0035344051666654688,4.4141628276614e-07,1.478006311040114e-06,0.5773502691896258,8.533273415429757e-07,0.5773502691896258,8.533273415429757e-07,0.5773502691896258,8.533273415429757e-07
2286300000000,0.69599547475789,0.6958,6.68420953769504e-06,0.6799800237086577,0.6798,6.517086517951199e-06,0.6906985577237466,0.6908,4.04797921129491e-06,0.7116709001011874,0.7118,3.342913456657795e-06,0.7216550310976668,0.7218,1.6853614127092321e-06,0.0036481597778438143,6.68420953769504e-06,2.227755013630818e-05,0.5773502691896258,1.2861949568082913e-05,0.5773502691896258,1.2861949568082913e-05,0.5773502691896258,1.2861949568082913e-05
2286600000000,0.6954407216301843,0.6956000000000001,1.0771286144473917e-05,0.6782379889243217,0.6776000000000001,0.00010621398164427869,0.6914404553842787,0.6916000000000001,1.9264424854606164e-05,0.7124404129825039,0.7126000000000001,2.0725252607923324e-05,0.7224404159687355,0.7226000000000001,2.1589028849626897e-05,0.0036866545907381885,0.00010621398164427869,0.00017856397410090898,0.5773502691896258,0.00010309395851472917,0.5773502691896258,0.00010309395851472917,0.5773502691896258,0.00010309395851472917
2286900000000,0.6962892868513401,0.6966,2.5202202709427447e-05,0.6786772049345435,0.6786,6.7518746272301e-06,0.6906780857356869,0.6906,2.0342261838288203e-05,0.711678188534921,0.7116,2.0334513797256635e-05,0.7226772332655569,0.7226,1.9628851225819247e-06,0.0038809603662458346,2.5202202709427447e-05,7.45937380947843e-05,0.5773502691896258,4.306671476888417e-05,0.5773502691896258,4.306671476888417e-05,0.5773502691896258,4.306671476888417e-05
2287200000000,0.6962692637680521,0.6961999999999999,1.4032335252491279e-08,0.678318867417349,0.6781999999999999,4.494202168019045e-06,0.6903205667193518,0.6901999999999999,4.473694646441931e-06,0.7120408651279639,0.7121999999999999,4.6037008899421545e-06,0.7230503750855443,0.7232,4.873218623822224e-06,0.003572142926524132,4.873218623822224e-06,1.8458848663477846e-05,0.5773502691896258,1.06572212447895e-05,0.5773502691896258,1.06572212447895e-05,0.5773502691896258,1.06572212447895e-05
2287500000000,0.6966847363696969,0.6966,6.041611895111344e-06,0.6792575885406712,0.6796,3.0841907157992725e-05,0.6896862607561244,0.6896,1.408204192450634e-05,0.7116856532330605,0.7116,4.416142159830133e-06,0.7226857557671281,0.7226,4.6531536576786975e-06,0.0036864734834523467,3.0841907157992725e-05,6.003485679511923e-05,0.5773502691896258,3.466114073142272e-05,0.5773502691896258,3.466114073142272e-05,0.5773502691896258,3.466114073142272e-05
2287800000000,0.6964482528072425,0.6963999999999999,1.957356635887935e-06,0.6794471698781597,0.6793999999999999,1.257937923337178e-06,0.6894482727402224,0.6893999999999999,1.982340349954375e-06,0.7114478478822505,0.7113999999999999,1.979298470586733e-06,0.7232084553239847,0.7233999999999999,9.562518935832139e-06,0.003920422985363856,9.562518935832139e-06,1.673945231559836e-05,0.5773502691896258,9.664527300497619e-06,0.5773502691896258,9.664527300497619e-06,0.5773502691896258,9.664527300497619e-06
2288100000000,0.6964088777603716,0.6964,5.4263801063006613e-08,0.6794142118047023,0.6794,3.801821121076889e-08,0.6894098330371602,0.6894,5.171637700276032e-08,0.7114106565710546,0.7114,4.8411776996300486e-08,0.7233552550804051,0.7234,7.542558969781229e-07,0.0041209485758745175,7.542558969781229e-07,9.466660632509591e-07,0.5773502691896258,5.465579064506247e-07,0.5773502691896258,5.465579064506247e-07,0.5773502691896258,5.465579064506247e-07
2288400000000,0.696250651700116,0.6962,8.76242015040499e-07,0.6792541113042461,0.6792,8.971259586217173e-07,0.6892540679186088,0.6892,8.491970255068365e-07,0.7119878810081968,0.7122,1.1661581779192237e-05,0.7232532869464919,0.7232000000000001,3.639125116806686e-07,0.0037636281690133794,1.1661581779192237e-05,1.4648059290041958e-05,0.5773502691896258,8.457060974211324e-06,0.5773502691896258,8.457060974211324e-06,0.5773502691896258,8.457060974211324e-06
2288700000000,0.6962138113916466,0.6962,4.750229148421682e-08,0.6792152451080418,0.6792,5.2870342258693616e-08,0.6892161178440173,0.6892,5.040728565253694e-08,0.7121328218416193,0.7122,7.352745817626714e-07,0.7232218894705993,0.7232000000000001,3.4503052235027646e-08,0.0037636072740534583,7.352745817626714e-07,9.205575533931464e-07,0.5773502691896258,5.314841512560765e-07,0.5773502691896258,5.314841512560765e-07,0.5773502691896258,5.314841512560765e-07
2289000000000,0.6970821197695667,0.6973999999999999,2.6388580370816315e-05,0.6784797223564866,0.6783999999999999,1.89347801319364e-05,0.6884797284361137,0.6883999999999999,1.8979427602538842e-05,0.7124791951545832,0.7123999999999999,4.199106517676628e-06,0.7234792333898648,0.7233999999999999,2.3179062474018114e-06,0.003348963187658454,2.6388580370816315e-05,7.081980087037e-05,0.5773502691896258,4.0887831096463815e-05,0.5773502691896258,4.0887831096463815e-05,0.5773502691896258,4.0887831096463815e-05
2289300000000,0.6958512137233309,0.6954,5.3029539313092066e-05,0.6772953100292788,0.6774,4.90991396294616e-05,0.6892845027599287,0.6894,2.2668159929515205e-05,0.7132844891571288,0.7134,2.2697445068756202e-05,0.7242844824590167,0.7244,2.2694912217950855e-05,0.003168527356860677,5.3029539313092066e-05,0.00017018919615877592,0.5773502691896258,9.825877821543531e-05,0.5773502691896258,9.825877821543531e-05,0.5773502691896258,9.825877821543531e-05
2289600000000,0.6955537107265124,0.6956,3.097781159060046e-06,0.6767900054790245,0.6766,8.936644097770444e-06,0.6895484764609504,0.6896,2.438874019088536e-06,0.7135478272788232,0.7136,2.427143821812295e-06,0.7245599700616678,0.7246,2.6562696725071106e-06,0.0033124229756673756,8.936644097770444e-06,1.955671277023843e-05,0.5773502691896258,1.1291073382361352e-05,0.5773502691896258,1.1291073382361352e-05,0.5773502691896258,1.1291073382361352e-05
2289900000000,0.6956091475134561,0.6956,1.0756330713264411e-07,0.6766259339321526,0.6766,9.421815372518389e-07,0.6896104821514716,0.6896,1.3456469799525707e-07,0.7143140431871033,0.7146,2.054803863355716e-05,0.7238396420117597,0.7236,1.81605374819583e-05,0.0033124973766846494,2.054803863355716e-05,3.98928856578952e-05,0.5773502691896258,2.3032168273336755e-05,0.5773502691896258,2.3032168273336755e-05,0.5773502691896258,2.3032168273336755e-05
2290200000000,0.6962772405765735,0.6964,1.5622191934492172e-05,0.6772917592613589,0.6774,1.5516317915440303e-05,0.6893916881967486,0.6894,1.6754778118168284e-06,0.7136441939482802,0.7134,1.5704430096319945e-05,0.7233951018198135,0.7234,6.916559378943956e-06,0.0037249438800609808,1.5704430096319945e-05,5.54349771370132e-05,0.5773502691896258,3.2005398972575324e-05,0.5773502691896258,3.2005398972575324e-05,0.5773502691896258,3.2005398972575324e-05
2290500000000,0.6962608634983706,0.6961999999999999,9.387304166237112e-09,0.6779566518916681,0.6781999999999999,1.547287734438304e-05,0.6892607717361348,0.6891999999999999,5.998691880876158e-07,0.713260916402101,0.7132,5.1415587091794745e-06,0.723260795896099,0.7232,6.313328400676094e-07,0.004161637034895663,1.547287734438304e-05,2.1855025385883974e-05,0.5773502691896258,1.2618004789686219e-05,0.5773502691896258,1.2618004789686219e-05,0.5773502691896258,1.2618004789686219e-05
2290800000000,0.697386872119196,0.6978,4.437633949606377e-05,0.6788224961743132,0.6788000000000001,2.6239021262624335e-05,0.688822546596264,0.6888000000000001,6.721444562517253e-06,0.712145537731752,0.7118,4.354243523942818e-05,0.7228225472598901,0.7228000000000001,6.722165349863422e-06,0.004243745801773559,4.437633949606377e-05,0.00012760140591049697,0.5773502691896258,7.367070605140014e-05,0.5773502691896258,7.367070605140014e-05,0.5773502691896258,7.367070605140014e-05
2291100000000,0.6962256574451043,0.6958,4.7194683176405674e-05,0.6786936346802379,0.6788000000000001,5.811849629362975e-07,0.6886936311402156,0.6888000000000001,5.816718182850984e-07,0.7126935829393096,0.7128000000000001,1.0512374233439053e-05,0.7236934933638495,0.7238,2.654914906006744e-05,0.004243713257984109,4.7194683176405674e-05,8.541906325113357e-05,0.5773502691896258,4.931671916196764e-05,0.5773502691896258,4.931671916196764e-05,0.5773502691896258,4.931671916196764e-05
2291400000000,0.695676868292074,0.6955999999999999,1.0540933706932301e-05,0.6786574296691834,0.6785999999999999,4.5878098890981484e-08,0.6886564837399459,0.6885999999999999,4.829752713796144e-08,0.7126526580870995,0.7125999999999999,5.861952349458548e-08,0.7243565144879861,0.7245999999999999,1.538589538679908e-05,0.0038809390292056157,1.538589538679908e-05,2.6079624243254912e-05,0.5773502691896258,1.5057078077207516e-05,0.5773502691896258,1.5057078077207516e-05,0.5773502691896258,1.5057078077207516e-05
2291700000000,0.6954602363662695,0.6953999999999999,1.6425286947211533e-06,0.6784607243348997,0.6783999999999999,1.3542545987486032e-06,0.6891965057849094,0.6893999999999999,1.020683331662985e-05,0.7124233042178758,0.7123999999999999,1.8411119064764548e-06,0.7244592186042382,0.7243999999999999,3.691847423295722e-07,0.003724926800548713,1.020683331662985e-05,1.5413913258905633e-05,0.5773502691896258,8.89922696929471e-06,0.5773502691896258,8.89922696929471e-06,0.5773502691896258,8.89922696929471e-06
2292000000000,0.6952516701015329,0.6952,1.5224960375168357e-06,0.6782538308329819,0.6782,1.4981722397537574e-06,0.6892525733706681,0.6892,1.1002509604836951e-07,0.7129883495296728,0.7132000000000001,1.117466715343266e-05,0.7242535711359002,0.7242000000000001,1.4801808431849553e-06,0.003572128188758159,1.117466715343266e-05,1.578554136993658e-05,0.5773502691896258,9.11378655923686e-06,0.5773502691896258,9.11378655923686e-06,0.5773502691896258,9.11378655923686e-06
2292300000000,0.6954889952880281,0.6955999999999999,1.9713135450746604e-06,0.6784889952987487,0.6785999999999999,1.9355814085797636e-06,0.6894889953025957,0.6895999999999999,1.9563365463719614e-06,0.7134889951762415,0.7135999999999999,8.772612219987032e-06,0.7230440189307289,0.7225999999999999,5.1205578796213996e-05,0.0034970232206439572,5.1205578796213996e-05,6.584142251622742e-05,0.5773502691896258,3.801356301357179e-05,0.5773502691896258,3.801356301357179e-05,0.5773502691896258,3.801356301357179e-05
2292600000000,0.6968871781772203,0.6974000000000001,6.842203870704913e-05,0.6785282053026406,0.6784000000000001,5.380985418194211e-08,0.6885282056540741,0.6884000000000001,3.2309086204714494e-05,0.712528205652852,0.7124000000000001,3.2309077788926855e-05,0.7235282052098948,0.7234000000000002,8.205272352638504e-06,0.0033490643665097155,6.842203870704913e-05,0.00014129928490751092,0.5773502691896258,8.157918017765307e-05,0.5773502691896258,8.157918017765307e-05,0.5773502691896258,8.157918017765307e-05
2292900000000,0.6979335160175327,0.6980000000000001,3.83188006624354e-05,0.6796362225789695,0.68,4.296957996251761e-05,0.6880110965258218,0.6880000000000001,9.359064768265356e-06,0.7114070817239058,0.7110000000000001,4.399216024195605e-05,0.7230120026120063,0.7230000000000001,9.326279272340635e-06,0.0036101544290157747,4.399216024195605e-05,0.00014396588490751507,0.5773502691896258,8.311874240547652e-05,0.5773502691896258,8.311874240547652e-05,0.5773502691896258,8.311874240547652e-05
2293200000000,0.6965171229058122,0.696,7.021593064252304e-05,0.6798709371834757,0.6799999999999999,1.928183094897436e-06,0.6878711219838544,0.688,6.857505339649887e-07,0.7118706564349659,0.712,7.521552945708442e-06,0.7238701549750312,0.724,2.5774891735782022e-05,0.0032401673707778272,7.021593064252304e-05,0.00010612630895287592,0.5773502691896258,6.127205304204431e-05,0.5773502691896258,6.127205304204431e-05,0.5773502691896258,6.127205304204431e-05
2293500000000,0.6952911124642821,0.6951999999999999,5.260855609593297e-05,0.6786446219401157,0.6781999999999999,5.2634717663401116e-05,0.6890214149032835,0.6891999999999999,4.631108301710858e-05,0.713021414637298,0.7132,4.634855540820429e-05,0.7240214360275914,0.7242,8.010084902306621e-07,0.00376375083137004,5.2634717663401116e-05,0.00019870392067487762,0.5773502691896258,0.00011472176209067465,0.5773502691896258,0.00011472176209067465,0.5773502691896258,0.00011472176209067465
2293800000000,0.695317883178891,0.6954,2.508349062345609e-08,0.6777335120636425,0.6774,2.9054242245241343e-05,0.6893163359761313,0.6894,3.044245372339137e-06,0.7133158797126778,0.7134,3.0348388216469615e-06,0.7243163346509055,0.7244,3.043781931139516e-06,0.003920471679568558,2.9054242245241343e-05,3.820219186099042e-05,0.5773502691896258,2.205604575457655e-05,0.5773502691896258,2.205604575457655e-05,0.5773502691896258,2.205604575457655e-05
2294100000000,0.6953628501141604,0.6953999999999999,7.077088436344995e-08,0.6775292459739136,0.6773999999999999,1.4603622394597184e-06,0.6893692470304554,0.6893999999999999,9.798528843924224e-08,0.7133683885987524,0.7133999999999999,9.650140908766618e-08,0.7243699653845153,0.7243999999999999,1.0066894556321853e-07,0.003920422460638702,1.4603622394597184e-06,1.8262887669132952e-06,0.5773502691896258,1.0544083111953808e-06,0.5773502691896258,1.0544083111953808e-06,0.5773502691896258,1.0544083111953808e-06
2294400000000,0.6953860562559396,0.6954,1.8848375569667275e-08,0.6774368794989425,0.6774,2.9860479945072294e-07,0.6893886357991952,0.6894,1.3157352363519477e-08,0.7133889372037046,0.7134,1.477858079178771e-08,0.7243988757683715,0.7244,2.925336031498484e-08,0.003920425276424256,2.9860479945072294e-07,3.7464246849068225e-07,0.5773502691896258,2.1629993003296132e-07,0.5773502691896258,2.1629993003296132e-07,0.5773502691896258,2.1629993003296132e-07
2294700000000,0.6955434688635991,0.6956,8.672555167551359e-07,0.6768248690109812,0.6766,1.3109489308113463e-05,0.6895448060288476,0.6896,8.536199220391277e-07,0.7135431110241768,0.7136,8.319348421650694e-07,0.7245437442604238,0.7246,7.345407996328371e-07,0.0038809316366315494,1.3109489308113463e-05,1.6396840388705633e-05,0.5773502691896258,9.466720212278527e-06,0.5773502691896258,9.466720212278527e-06,0.5773502691896258,9.466720212278527e-06
2295000000000,0.6955809763768657,0.6956,4.923847430051482e-08,0.6766656577468938,0.6766,8.871879314302782e-07,0.6895828004078572,0.6896,5.052504927149307e-08,0.713580642836523,0.7136,4.930229282972965e-08,0.7245885481583375,0.7246,7.025862438922384e-08,0.003496954142563944,8.871879314302782e-07,1.1065123722212396e-06,0.5773502691896258,6.388452159635842e-07,0.5773502691896258,6.388452159635842e-07,0.5773502691896258,6.388452159635842e-07
2295300000000,0.6963131734251164,0.6966,1.8763938111350544e-05,0.6773615578203614,0.6776,1.6949691928829723e-05,0.689586485691334,0.6896,4.753460006318699e-10,0.7128653016966849,0.7126,1.7909953122068823e-05,0.7238702178681765,0.7236,1.8059944201697305e-05,0.00368666667307583,1.8763938111350544e-05,7.168400270994703e-05,0.5773502691896258,4.1386778261177786e-05,0.5773502691896258,4.1386778261177786e-05,0.5773502691896258,4.1386778261177786e-05
2295600000000,0.6972435683047638,0.6976,3.0297212122587017e-05,0.6775864964446252,0.6776,1.7709084639985495e-06,0.6895993660655341,0.6896,5.806641383718485e-09,0.7126172293070966,0.7126,2.1538968666625874e-06,0.7229519369831916,0.7226,2.9513392430503576e-05,0.0038810809654498814,3.0297212122587017e-05,6.374121652513545e-05,0.5773502691896258,3.680100851926118e-05,0.5773502691896258,3.680100851926118e-05,0.5773502691896258,3.680100851926118e-05
2295900000000,0.6966968099248949,0.6966,1.0463065408487921e-05,0.6768728544721857,0.6766,1.7824970268957146e-05,0.6896003238532196,0.6896,3.2107503767074915e-11,0.7133282853228403,0.7136,1.7696023013387035e-05,0.723499851980703,0.7236,1.0507379557426709e-05,0.003497053944446744,1.7824970268957146e-05,5.649147035576257e-05,0.5773502691896258,3.261536561681729e-05,0.5773502691896258,3.261536561681729e-05,0.5773502691896258,3.261536561681729e-05
2296200000000,0.6960747309538171,0.6958,1.3544378619002486e-05,0.6767773588774751,0.6768,3.1917930131932087e-07,0.6897385320999115,0.6898,6.68553180878426e-07,0.713687196753484,0.7138,4.508609526634879e-06,0.7237174443147448,0.7238,1.6571248341821249e-06,0.003097816396436843,1.3544378619002486e-05,2.0697845462017238e-05,0.5773502691896258,1.1949906649140928e-05,0.5773502691896258,1.1949906649140928e-05,0.5773502691896258,1.1949906649140928e-05
2296500000000,0.6954391398708424,0.6952,1.4139160866494614e-05,0.6761666771317665,0.6762,1.3052626808962317e-05,0.6901319228401652,0.6902,5.416469608106983e-06,0.7141307793896114,0.7142000000000001,6.886794427581488e-06,0.7241314509931872,0.7242000000000001,5.9990535428212324e-06,0.00285613721800079,1.4139160866494614e-05,4.5494105253966636e-05,0.5773502691896258,2.626603391491881e-05,0.5773502691896258,2.626603391491881e-05,0.5773502691896258,2.626603391491881e-05
2296800000000,0.6942147991691108,0.6944,5.2465355387082596e-05,0.6741418809238635,0.6734,0.00014349298892383838,0.6912144644866236,0.6914,4.101637457108865e-05,0.7152144282917305,0.7154,4.110032300723714e-05,0.725214421511786,0.7254,4.104888004539053e-05,0.0029932441875011786,0.00014349298892383838,0.0003191239219346373,0.5773502691896258,0.00018424628223381198,0.5773502691896258,0.00018424628223381198,0.5773502691896258,0.00018424628223381198
2297100000000,0.6932281842301522,0.6936,3.4069316322168093e-05,0.6700872794748196,0.6686,0.0005753927518706125,0.6922281802776398,0.6926,3.59666896734437e-05,0.7172281778088349,0.7176,0.00014193154911732486,0.7272281778640878,0.7276,0.00014193251262525932,0.0031342825124698174,0.0005753927518706125,0.0009292928196088084,0.5773502691896258,0.0005365274595571319,0.5773502691896258,0.0005365274595571319,0.5773502691896258,0.0005365274595571319
2297400000000,0.6942865203972703,0.6944000000000001,3.920264049206146e-05,0.6688524981533415,0.6684000000000001,5.336397191549556e-05,0.692286991799875,0.6924000000000001,1.2105783016671476e-07,0.7172869905837433,0.7174000000000001,1.2106298723528448e-07,0.7272869983578507,0.7274000000000002,1.2109476702803921e-07,0.0033490279976856395,5.336397191549556e-05,9.292982799198706e-05,0.5773502691896258,5.365306120691936e-05,0.5773502691896258,5.365306120691936e-05,0.5773502691896258,5.365306120691936e-05
2297700000000,0.6943035644263618,0.6944,1.016746246841808e-08,0.6677899362453766,0.6674,3.951632328902523e-05,0.6923035687649779,0.6924,9.617852020834332e-09,0.7173035574828236,0.7174,9.606175079731974e-09,0.7282993728254537,0.7284,3.587157219290169e-05,0.0031684950471111205,3.951632328902523e-05,7.54172869714959e-05,0.5773502691896258,4.354219093454442e-05,0.5773502691896258,4.354219093454442e-05,0.5773502691896258,4.354219093454442e-05
2298000000000,0.6937873100281607,0.6935999999999999,9.32815112816646e-06,0.667562203133283,0.6675999999999999,1.8151829620354687e-06,0.6925525992304565,0.6925999999999999,2.1705660457777672e-06,0.7175484660406378,0.7175999999999999,2.0993070591725663e-06,0.7285493765561936,0.7285999999999999,2.187565288435599e-06,0.002624423447847476,9.32815112816646e-06,1.7600772483587863e-05,0.5773502691896258,1.0161810731344812e-05,0.5773502691896258,1.0161810731344812e-05,0.5773502691896258,1.0161810731344812e-05
2298300000000,0.6936297243740095,0.6936,8.69163343799695e-07,0.6683235878032364,0.6686,2.0289731547404747e-05,0.6926296236346597,0.6926,2.076465595000684e-07,0.7167873977953617,0.7166,2.0272870588867925e-05,0.728629664585592,0.7286,2.2561586826380979e-07,0.0026244571399123575,2.0289731547404747e-05,4.1865027907836245e-05,0.5773502691896258,2.4170785132220455e-05,0.5773502691896258,2.4170785132220455e-05,0.5773502691896258,2.4170785132220455e-05
2298600000000,0.6935948758467008,0.6936,4.250469494555174e-08,0.6676399320630768,0.6676,1.6358480986861232e-05,0.6933852029682386,0.6936,1.9981504526600403e-05,0.7175072112660753,0.7176,1.8134600141726194e-05,0.7278727278582967,0.7276,2.0053362319496345e-05,0.0029584670943304924,2.0053362319496345e-05,7.457045266962971e-05,0.5773502691896258,4.305327092240297e-05,0.5773502691896258,4.305327092240297e-05,0.5773502691896258,4.305327092240297e-05
2298900000000,0.6941207661498099,0.6942,9.679621381647154e-06,0.6671220196353738,0.6672,9.388164896924305e-06,0.6925161828657286,0.6922,2.6431857849827098e-05,0.7181202043218551,0.7182000000000001,1.3151617025197957e-05,0.7281208235751185,0.7282000000000001,2.154301964686781e-06,0.002528162593177913,2.6431857849827098e-05,6.08055631182833e-05,0.5773502691896258,3.510610823456765e-05,0.5773502691896258,3.510610823456765e-05,0.5773502691896258,3.510610823456765e-05
2299200000000,0.6944531935349997,0.6944000000000001,3.8677788248443045e-06,0.6680592328408668,0.6684000000000001,3.07429007392665e-05,0.6915802216680451,0.6914000000000001,3.0660817724917376e-05,0.7174541147139052,0.7174000000000001,1.5528637803659497e-05,0.7284532320876801,0.7284000000000002,3.8673396728184915e-06,0.0019044787391222658,3.07429007392665e-05,8.466747476550616e-05,0.5773502691896258,4.8882789347470834e-05,0.5773502691896258,4.8882789347470834e-05,0.5773502691896258,4.8882789347470834e-05
2299500000000,0.6936581303874513,0.6936,2.212438930063506e-05,0.6686535980708961,0.6686,1.2364450933373e-05,0.6907404387032438,0.6906,2.468323997896974e-05,0.7176540968391036,0.7176,1.3997497639611007e-06,0.7292937325028511,0.7296,2.472543317659361e-05,0.0016129614393960963,2.472543317659361e-05,8.529726315353251e-05,0.5773502691896258,4.924639784283035e-05,0.5773502691896258,4.924639784283035e-05,0.5773502691896258,4.924639784283035e-05
2299800000000,0.6933128573329901,0.6932,4.1724718747936586e-06,0.669050264499107,0.6692,5.50704893443579e-06,0.6903424603144493,0.6902,5.543537928158716e-06,0.7180576252969887,0.7182000000000001,5.699232571308017e-06,0.729235353599703,0.7292000000000001,1.192833716470595e-07,0.0014161727336069792,5.699232571308017e-06,2.1041574680343244e-05,0.5773502691896258,1.2148358805869788e-05,0.5773502691896258,1.2148358805869788e-05,0.5773502691896258,1.2148358805869788e-05
2300100000000,0.693063750288494,0.693,2.1719011866153624e-06,0.6697451320366468,0.6699999999999999,1.6899431315430835e-05,0.6900637509457901,0.69,2.7187619262454743e-06,0.7180636010849457,0.718,1.2498514597561077e-09,0.7290637641610374,0.729,1.0305027411561933e-06,0.001440040634057741,1.6899431315430835e-05,2.282184702090762e-05,0.5773502691896258,1.3176199520925474e-05,0.5773502691896258,1.3176199520925474e-05,0.5773502691896258,1.3176199520925474e-05
2300400000000,0.6930597386100122,0.6930000000000001,5.632747484302942e-10,0.6690719734815508,0.669,1.5859985410461588e-05,0.6907488074659085,0.6910000000000001,1.642558525148609e-05,0.7180597391109299,0.7180000000000001,5.220195154567189e-10,0.7290597412142106,0.7290000000000001,5.664435409873661e-10,0.001690039495225488,1.642558525148609e-05,3.228722239975255e-05,0.5773502691896258,1.8641036543882452e-05,0.5773502691896258,1.8641036543882452e-05,0.5773502691896258,1.8641036543882452e-05
2300700000000,0.6933516180949194,0.6934,2.981777179838516e-06,0.6693279137940515,0.6694,2.29269052470449e-06,0.6904041934343106,0.6904,4.15655907709583e-06,0.7183385200521092,0.7184,2.7201584607681745e-06,0.728577117397432,0.7284,8.152401198266306e-06,0.0019044389400556814,8.152401198266306e-06,2.0303586440673317e-05,0.5773502691896258,1.1722281097037578e-05,0.5773502691896258,1.1722281097037578e-05,0.5773502691896258,1.1722281097037578e-05
2301000000000,0.6930913860828154,0.6930000000000001,2.370224504329581e-06,0.6690879780855882,0.669,2.0149200468536407e-06,0.6908094692202593,0.6910000000000001,5.748696193672722e-06,0.7180844616868344,0.7180000000000001,2.25909785381384e-06,0.7289234136485389,0.7290000000000001,4.197238273572459e-06,0.0021026281433946885,5.748696193672722e-06,1.6590176872242244e-05,0.5773502691896258,9.578343083092564e-06,0.5773502691896258,9.578343083092564e-06,0.5773502691896258,9.578343083092564e-06
2301300000000,0.6936079010705333,0.6938,9.337570638801894e-06,0.6688540359651944,0.6688,1.9155120493011292e-06,0.6908533209294629,0.6908,6.730403400277179e-08,0.717840758993333,0.7178,2.07868509869396e-06,0.7288439761912215,0.7288,2.2086083687638438e-07,0.0017161233095800165,9.337570638801894e-06,1.3619932657676139e-05,0.5773502691896258,7.863471786253896e-06,0.5773502691896258,7.863471786253896e-06,0.5773502691896258,7.863471786253896e-06
2301600000000,0.6930756846554676,0.693,9.913900936285615e-06,0.6696936202950796,0.6699999999999999,2.4671564644606084e-05,0.6900813777405311,0.69,2.085637004283752e-05,0.718074837022883,0.718,1.9177383371303735e-06,0.7290744769250355,0.729,1.8595705901064606e-06,0.0018225587739569178,2.4671564644606084e-05,5.921914455096605e-05,0.5773502691896258,3.419018904767961e-05,0.5773502691896258,3.419018904767961e-05,0.5773502691896258,3.419018904767961e-05
2301900000000,0.69493266153665,0.6956,0.0001206927098036017,0.6707472433060272,0.6706,3.885425072193852e-05,0.6897615686935028,0.6896,3.5797239296408987e-06,0.7167787883048006,0.7166,5.8790979787508035e-05,0.7277794455671548,0.7276,5.869871762629896e-05,0.002465187833198577,0.0001206927098036017,0.0002806163818689881,0.5773502691896258,0.00016201394361107913,0.5773502691896258,0.00016201394361107913,0.5773502691896258,0.00016201394361107913
2302200000000,0.6936697088789088,0.6938,5.5826729549347654e-05,0.6693222228265182,0.6688,7.107391784570083e-05,0.6906693713064138,0.6908,2.8843695440282176e-05,0.7176693499781082,0.7178,2.7758503288754406e-05,0.7286693462828987,0.7288,2.7717314935853166e-05,0.0024337704707543366,7.107391784570083e-05,0.00021122016105993823,0.5773502691896258,0.00012194801684623146,0.5773502691896258,0.00012194801684623146,0.5773502691896258,0.00012194801684623146
2302500000000,0.692630801175342,0.6928,3.7776522578560976e-05,0.6674768051908392,0.6668,0.00011919481875263073,0.6916307980572722,0.6918,3.235194890431614e-05,0.7186307977893578,0.7188,3.235336628148446e-05,0.7296307977429344,0.7298,3.235361185016581e-05,0.002433886292179693,0.00011919481875263073,0.0002540302683671581,0.5773502691896258,0.00014666444382409164,0.5773502691896258,0.00014666444382409164,0.5773502691896258,0.00014666444382409164
2302800000000,0.6938295911839976,0.694,5.029841196983106e-05,0.6686759631275547,0.6689999999999999,5.032929150157588e-05,0.6910312243478838,0.691,1.2582102154644176e-05,0.7180312243271337,0.718,1.2582091781116982e-05,0.7284319970076841,0.728,5.0299312099278856e-05,0.0025601613053800863,5.032929150157588e-05,0.00017609120950644696,0.5773502691896258,0.00010166630721047395,0.5773502691896258,0.00010166630721047395,0.5773502691896258,0.00010166630721047395
2303100000000,0.693371882470524,0.6932,7.332404323638501e-06,0.6691264760434008,0.6692,7.1036660570447905e-06,0.6911632854648923,0.6912,6.104048518934154e-07,0.718166487440034,0.7182000000000001,6.403638399012197e-07,0.7281718529697635,0.7282000000000001,2.3686222162977344e-06,0.002528119602772028,7.332404323638501e-06,1.805546128877566e-05,0.5773502691896258,1.0424325435417496e-05,0.5773502691896258,1.0424325435417496e-05,0.5773502691896258,1.0424325435417496e-05
2303400000000,0.6933485031414821,0.6934,1.913075592563078e-08,0.6693492208266482,0.6694,1.7365333462368565e-06,0.6906048589979535,0.6904,1.0914404164217782e-05,0.7183489455763004,0.7184,1.1651840021430762e-06,0.728348471258707,0.7284,1.0917906996271935e-06,0.0023409262357992483,1.0914404164217782e-05,1.4927042968150538e-05,0.5773502691896258,8.618132275866826e-06,0.5773502691896258,8.618132275866826e-06,0.5773502691896258,8.618132275866826e-06
2303700000000,0.692956288765888,0.6927999999999999,5.384124074793803e-06,0.6696753000424368,0.6697999999999998,3.7214679239267935e-06,0.6906896020092381,0.6907999999999999,2.5134822865526137e-07,0.7179541699371708,0.7177999999999999,5.454673183756347e-06,0.7287246320516932,0.7287999999999999,4.952392976300001e-06,0.0021316410163879722,5.454673183756347e-06,1.9764006387432205e-05,0.5773502691896258,1.1410754408049467e-05,0.5773502691896258,1.1410754408049467e-05,0.5773502691896258,1.1410754408049467e-05
2304000000000,0.693438047115312,0.6933999999999999,8.123188753390405e-06,0.6702009557568904,0.6703999999999999,9.67098755482114e-06,0.6904659772440659,0.6903999999999999,1.7502812459418308e-06,0.7174424389419268,0.7173999999999999,9.16540140226704e-06,0.7284525784951925,0.7283999999999999,2.5904598161643315e-06,0.0019044250599026893,9.67098755482114e-06,3.1300318772584747e-05,0.5773502691896258,1.8071247469072903e-05,0.5773502691896258,1.8071247469072903e-05,0.5773502691896258,1.8071247469072903e-05
2304300000000,0.6929768898725279,0.6928,7.44331009002689e-06,0.6698166727410868,0.6698,5.168570268229422e-06,0.6907482185735432,0.6908,2.788105882278888e-06,0.7177305180557161,0.7178,2.9046351530560368e-06,0.7287274854777005,0.7288,2.645084716107558e-06,0.0019881282385897717,7.44331009002689e-06,2.0949706109698797e-05,0.5773502691896258,1.2095318461878149e-05,0.5773502691896258,1.2095318461878149e-05,0.5773502691896258,1.2095318461878149e-05
2304600000000,0.6929504852151938,0.6930000000000001,2.4402207512717214e-08,0.669949536473639,0.67,6.17846999969297e-07,0.6902009061348107,0.6900000000000001,1.0484281695696723e-05,0.7179495361666699,0.7180000000000001,1.6789126524022465e-06,0.7289495360047483,0.7290000000000001,1.7257252796775662e-06,0.002102525227528062,1.0484281695696723e-05,1.453116883525855e-05,0.5773502691896258,8.389574238676426e-06,0.5773502691896258,8.389574238676426e-06,0.5773502691896258,8.389574238676426e-06
2304900000000,0.6934207894234908,0.6936,7.741511691967971e-06,0.670419587404163,0.6706,7.733175705026438e-06,0.6897350775963258,0.6896,7.5948679543432266e-06,0.7177173982330985,0.7176,1.8860807070972182e-06,0.728707089389338,0.7286,2.057312646336602e-06,0.0021609557846228324,7.741511691967971e-06,2.7012948704771455e-05,0.5773502691896258,1.5595933206305355e-05,0.5773502691896258,1.5595933206305355e-05,0.5773502691896258,1.5595933206305355e-05
2305200000000,0.6932385187733144,0.6931999999999999,1.1627906470504285e-06,0.6702527751467968,0.6701999999999999,9.739215222656099e-07,0.6900826796856482,0.6901999999999999,4.228952437545062e-06,0.7180743522497014,0.7182,4.459565948911785e-06,0.7283514605635427,0.7282,4.426515160779476e-06,0.002220134745027512,4.459565948911785e-06,1.5251745716552363e-05,0.5773502691896258,8.80559949506323e-06,0.5773502691896258,8.80559949506323e-06,0.5773502691896258,8.80559949506323e-06
2305500000000,0.6933424256034806,0.6934,3.778820274311634e-07,0.6696301741005939,0.6694,1.3567122195654437e-05,0.6903424469524203,0.6904,2.361766151019135e-06,0.7183423864831316,0.7184,2.5144822601689177e-06,0.7283425625038856,0.7284,2.7711412981408905e-09,0.0023409332461406737,1.3567122195654437e-05,1.882402377557179e-05,0.5773502691896258,1.086805519405829e-05,0.5773502691896258,1.086805519405829e-05,0.5773502691896258,1.086805519405829e-05
2305800000000,0.6932484669637567,0.6932,3.0898790925636696e-07,0.6700240871436209,0.6702,5.4308619913390654e-06,0.6902487980534353,0.6902,3.06954069838591e-07,0.7182414263359235,0.7182000000000001,3.5675329635036126e-07,0.7282369943809919,0.7282000000000001,3.900619999958544e-07,0.002371626375543548,5.4308619913390654e-06,6.79361926678024e-06,0.5773502691896258,3.9222979124474e-06,0.5773502691896258,3.9222979124474e-06,0.5773502691896258,3.9222979124474e-06
2306100000000,0.6933430939644497,0.6934000000000001,3.133994241050874e-07,0.6703432901865881,0.6704000000000001,3.5661703923826573e-06,0.6896274283695116,0.6894000000000001,1.351350994347941e-05,0.7183430905873728,0.7184000000000001,3.6174670079617816e-07,0.7283430968670209,0.7284000000000002,3.940208139540451e-07,0.002496432328097227,1.351350994347941e-05,1.8148847274717376e-05,0.5773502691896258,1.0478241859539485e-05,0.5773502691896258,1.0478241859539485e-05,0.5773502691896258,1.0478241859539485e-05
2306400000000,0.69462933647603,0.6948,5.790469295087134e-05,0.6684811357988885,0.6678,0.00012136666372701769,0.6896299383301064,0.6898,2.204965765624271e-10,0.7186297742880514,0.7188,2.876564048217922e-06,0.7286298075606744,0.7288,2.8771057649343156e-06,0.0024338902030659353,0.00012136666372701769,0.00018502524698761782,0.5773502691896258,0.00010682437615517815,0.5773502691896258,0.00010682437615517815,0.5773502691896258,0.00010682437615517815
2306700000000,0.6944068537034855,0.6945999999999999,1.7324504427671539e-06,0.6663726939503684,0.6655999999999999,0.00015559344600068055,0.6904068288180065,0.6905999999999999,2.1124559056637057e-05,0.7194068114572632,0.7195999999999999,2.113253668178059e-05,0.7294068108486625,0.7295999999999999,2.1130693834052864e-05,0.002310773197355092,0.00015559344600068055,0.0002207136860159182,0.5773502691896258,0.00012742910603512494,0.5773502691896258,0.00012742910603512494,0.5773502691896258,0.00012742910603512494
2307000000000,0.6938957818355453,0.6938,9.14180589699576e-06,0.66741716613718,0.6678,3.81822752158122e-05,0.6908955463607472,0.6908,8.359569280388226e-06,0.7188957512927867,0.7188,9.141387210014011e-06,0.7288957526641237,0.7288,9.141316379446617e-06,0.002755691657717458,3.81822752158122e-05,7.396635398265682e-05,0.5773502691896258,4.2704494382862065e-05,0.5773502691896258,4.2704494382862065e-05,0.5773502691896258,4.2704494382862065e-05
2307300000000,0.6948874186872264,0.6948000000000001,3.441702759641468e-05,0.6684290485004486,0.6688000000000001,3.5836707098287814e-05,0.6908910622143505,0.6908000000000001,7.0376491176354e-10,0.7178931074562749,0.7178000000000001,3.518531320133061e-05,0.7278993631384826,0.7278000000000001,3.474772303825346e-05,0.0030976860408134803,3.5836707098287814e-05,0.00014018747469919833,0.5773502691896258,8.093727625459602e-05,0.5773502691896258,8.093727625459602e-05,0.5773502691896258,8.093727625459602e-05
2307600000000,0.6950670724500511,0.695,1.129641607397501e-06,0.6680672947785099,0.6679999999999999,4.580301436777471e-06,0.6900946874458127,0.69,2.2197447018725958e-05,0.7187037917887118,0.719,2.3002318040054156e-05,0.7280671525144857,0.728,9.853646144833882e-07,0.0030625551566739063,2.3002318040054156e-05,5.189507271743847e-05,0.5773502691896258,2.996163420302831e-05,0.5773502691896258,2.996163420302831e-05,0.5773502691896258,2.996163420302831e-05
2307900000000,0.694133239819274,0.6938000000000001,3.05215183806405e-05,0.667790226814143,0.6678000000000001,2.6868329907443085e-06,0.6897908434202845,0.6898000000000001,3.2312417147211003e-06,0.7195803680529839,0.7198000000000001,2.6893508147981007e-05,0.728704786094302,0.7288000000000001,1.4230180373826212e-05,0.002592201518735829,3.05215183806405e-05,7.756328160791312e-05,0.5773502691896258,4.4781181515559396e-05,0.5773502691896258,4.4781181515559396e-05,0.5773502691896258,4.4781181515559396e-05
2308200000000,0.6934505782617798,0.6932,1.6310938072813802e-05,0.6681372799951583,0.6682,4.215606865848e-06,0.6901373668362599,0.6902,4.202746723674303e-06,0.719137532017032,0.7192000000000001,6.86363141581433e-06,0.7291372418062296,0.7292000000000001,6.545627997259051e-06,0.0025281392779652138,1.6310938072813802e-05,3.813855107540949e-05,0.5773502691896258,2.201930272988996e-05,0.5773502691896258,2.201930272988996e-05,0.5773502691896258,2.201930272988996e-05
2308500000000,0.6933632464428314,0.6934,2.6693963102912583e-07,0.6683414069892533,0.6684,1.4583740401391012e-06,0.690346042433867,0.6904,1.524092676283321e-06,0.7186028113492996,0.7184,1.0007416737506934e-05,0.7293463736765207,0.7294,1.5307648709999197e-06,0.0023409294965166714,1.0007416737506934e-05,1.4787587955958403e-05,0.5773502691896258,8.537617887037853e-06,0.5773502691896258,8.537617887037853e-06,0.5773502691896258,8.537617887037853e-06
2308800000000,0.6937759940668673,0.6940000000000001,5.962621040153945e-06,0.6658960938383527,0.665,0.00020928447420885533,0.6907759970427703,0.6910000000000001,6.470133800100775e-06,0.7187759874615959,0.7190000000000001,1.0496488054518883e-06,0.7307759258200655,0.7310000000000001,7.152667658897241e-05,0.001960501915072521,0.00020928447420885533,0.0002942935544435343,0.5773502691896258,0.00016991046287874635,0.5773502691896258,0.00016991046287874635,0.5773502691896258,0.00016991046287874635
2309100000000,0.6945924059022138,0.6948,2.3328489971286198e-05,0.6636303545059222,0.6628,0.00017967511528828507,0.6915924094426755,0.6918,2.3328522235167556e-05,0.719592385652438,0.7198,2.3327710210359793e-05,0.7305924424715655,0.7308,1.1783148711862063e-06,0.001850030985884704,0.00017967511528828507,0.0002508381525762848,0.5773502691896258,0.00014482147491294648,0.5773502691896258,0.00014482147491294648,0.5773502691896258,0.00014482147491294648
2309400000000,0.6935857771931667,0.6934000000000001,3.546554752572467e-05,0.6656569496633031,0.6664000000000001,0.00014374807761719088,0.6905857773042989,0.6904000000000001,3.546578917044229e-05,0.7195857472804822,0.7194000000000002,1.5423793778255934e-09,0.7305857478911834,0.7304000000000002,1.5686092272623024e-09,0.0019047450956780321,0.00014374807761719088,0.00021468252530196293,0.5773502691896258,0.00012394701377339696,0.5773502691896258,0.00012394701377339696,0.5773502691896258,0.00012394701377339696
2309700000000,0.6925175550787576,0.6924,3.993844699994691e-05,0.6669328510454129,0.6674,5.6977351790435534e-05,0.6895175450498472,0.6894,3.993920523078663e-05,0.7205156759421796,0.7204,3.026685605462032e-05,0.7305163684066537,0.7304,1.684729505761179e-07,0.0019045365169246737,5.6977351790435534e-05,0.0001672903330263655,0.5773502691896258,9.658511880559428e-05,0.5773502691896258,9.658511880559428e-05,0.5773502691896258,9.658511880559428e-05
2310000000000,0.6931116839547394,0.6931999999999999,1.2354619244641798e-05,0.6671117010114571,0.6671999999999999,1.1195558623907221e-06,0.6901116852261753,0.6901999999999999,1.2355089219450837e-05,0.7195532034670712,0.7192,3.24223642869444e-05,0.7301117259838861,0.7302,5.7307421606134235e-06,0.0022201779810915785,3.24223642869444e-05,6.398237077404119e-05,0.5773502691896258,3.694023898978313e-05,0.5773502691896258,3.694023898978313e-05,0.5773502691896258,3.694023898978313e-05
2310300000000,0.6929427743244871,0.6930000000000001,9.985662117187822e-07,0.6679080678471209,0.668,2.2197004793078475e-05,0.690905808949156,0.6910000000000001,2.2072137059026063e-05,0.7189453249659072,0.7190000000000001,1.2933069526206554e-05,0.7292980052696512,0.7290000000000001,2.3174949027124094e-05,0.0024025567753304146,2.3174949027124094e-05,8.137572661715398e-05,0.5773502691896258,4.698229766791525e-05,0.5773502691896258,4.698229766791525e-05,0.5773502691896258,4.698229766791525e-05
2310600000000,0.6933226227477282,0.6934,5.049968862353951e-06,0.6674070478286995,0.6674,8.78573706006215e-06,0.6913219829082553,0.6914,6.062026748134077e-06,0.7193125781979557,0.7194,4.720622775751087e-06,0.7286353662167426,0.7284,1.5368168005383035e-05,0.002340949885981489,1.5368168005383035e-05,3.99865234516843e-05,0.5773502691896258,2.3086230078787218e-05,0.5773502691896258,2.3086230078787218e-05,0.5773502691896258,2.3086230078787218e-05
2310900000000,0.6938009577556635,0.694,8.0081532935786e-06,0.6678693053431318,0.6679999999999999,7.478870337719353e-06,0.6910881375091644,0.691,1.9139284736590817e-06,0.7190788152009652,0.719,1.9125798566695862e-06,0.7281619686653611,0.728,7.843683457891259e-06,0.0028900761842809465,8.0081532935786e-06,2.7157215419517874e-05,0.5773502691896258,1.5679225632899304e-05,0.5773502691896258,1.5679225632899304e-05,0.5773502691896258,1.5679225632899304e-05
2311200000000,0.6944997920763877,0.6945999999999999,1.709292927376949e-05,0.6684998042713445,0.6685999999999999,1.3913511446705634e-05,0.6899988050157218,0.6895999999999999,4.153258484445117e-05,0.7195000110356953,0.7195999999999999,6.209207591789608e-06,0.7275015827504119,0.7275999999999999,1.5263834483215824e-05,0.0026244995621544994,4.153258484445117e-05,9.401206763993172e-05,0.5773502691896258,5.427789255898789e-05,0.5773502691896258,5.427789255898789e-05,0.5773502691896258,5.427789255898789e-05
2311500000000,0.6950458725836424,0.6952,1.0437137214123771e-05,0.6668167579508312,0.6662,9.914257209476798e-05,0.69104581244908,0.6912,3.836785979276243e-05,0.7210452351825043,0.7212000000000001,8.357011823585835e-05,0.726046319519206,0.7262000000000001,7.412268752349711e-05,0.00237183781592895,9.914257209476798e-05,0.0003056403748610096,0.5773502691896258,0.00017646155270122205,0.5773502691896258,0.00017646155270122205,0.5773502691896258,0.00017646155270122205
2311800000000,0.6955032353455806,0.6956,7.321324360270721e-06,0.6675029765088618,0.6676,1.648135682849768e-05,0.6905037040979976,0.6906000000000001,1.0285851250967865e-05,0.7199869108083633,0.7196,3.920176683153253e-05,0.7265031706762959,0.7266000000000001,7.304954290704357e-06,0.0031329936536009283,3.920176683153253e-05,8.059525356197315e-05,0.5773502691896258,4.653169133941135e-05,0.5773502691896258,4.653169133941135e-05,0.5773502691896258,4.653169133941135e-05
2312100000000,0.6960337955838329,0.6961999999999999,9.852295824504612e-06,0.66803223919748,0.6681999999999999,9.804164774717535e-06,0.690249946556584,0.6901999999999999,2.2537511438486667e-06,0.7194324795246981,0.7192,1.0758791690731241e-05,0.7262508070604681,0.7262,2.229058810779042e-06,0.0035721851176782745,1.0758791690731241e-05,3.4898062244581095e-05,0.5773502691896258,2.0148405631105213e-05,0.5773502691896258,2.0148405631105213e-05,0.5773502691896258,2.0148405631105213e-05
2312400000000,0.6957724718270145,0.6958,2.390153705719268e-06,0.6687720734030381,0.6688,1.9157412809983553e-05,0.6897725551306496,0.6898,7.976590074448541e-06,0.7182355075847481,0.7178,5.014596387597279e-05,0.7274473881000119,0.7278,5.011321644684915e-05,0.0027557582777528356,5.014596387597279e-05,0.0001297833369129733,0.5773502691896258,7.493044450303304e-05,0.5773502691896258,7.493044450303304e-05,0.5773502691896258,7.493044450303304e-05
2312700000000,0.6949187779735573,0.6946,2.5507761840073386e-05,0.6694285503966738,0.6696,1.5083671511053412e-05,0.6889190648286951,0.6886,2.5495599343561853e-05,0.7184400003494179,0.7186,1.4636051780808383e-06,0.7282923785278272,0.7286,2.4990308808486906e-05,0.0020166113968298023,2.5507761840073386e-05,9.25409466812564e-05,0.5773502691896258,5.342854047748619e-05,0.5773502691896258,5.342854047748619e-05,0.5773502691896258,5.342854047748619e-05
2313000000000,0.693222021338118,0.6926,0.00010076440779674609,0.6704444142383003,0.6706,3.611927706534107e-05,0.6874448069487609,0.6876,7.60702703791902e-05,0.719444391042484,0.7196,3.530802325112486e-05,0.7294443657386789,0.7296,4.644760868880052e-05,0.001254641834802148,0.00010076440779674609,0.00029470958718120274,0.5773502691896258,0.0001701506594918309,0.5773502691896258,0.0001701506594918309,0.5773502691896258,0.0001701506594918309
2313300000000,0.6933172203210525,0.6932,3.1719962231117355e-07,0.6717304798094164,0.6722000000000001,5.7888762862356474e-05,0.6883170228772809,0.6882,2.662662190874314e-05,0.7183175997923962,0.7182000000000001,4.44380482446093e-05,0.7283176749253609,0.7282000000000001,4.443012660852756e-05,0.0004762378120210402,5.7888762862356474e-05,0.00017370075924654765,0.5773502691896258,0.00010028618010943668,0.5773502691896258,0.00010028618010943668,0.5773502691896258,0.00010028618010943668
2313600000000,0.6830000931417758,0.683,0.00372550896316794,0.6679999993843821,0.668,0.0004870769470547198,0.6820000109492413,0.682,0.0013966623894647986,0.705603858011669,0.701,0.005657373052345252,0.71560435139504,0.711,0.005657000831531434,2.1197780184706004e-05,0.005657373052345252,0.016923622183564142,0.5773502691896258,0.00977085782334428,0.5773502691896258,0.00977085782334428,0.5773502691896258,0.00977085782334428
2313900000000,0.65614462049706,0.656,0.0252425743839877,0.64800000384793,0.648,0.013999993751033711,0.6620000038733942,0.662,0.01400000990618776,0.6787406985128368,0.67,0.025257026839089494,0.6887411889008701,0.679,0.025257032471586113,8.565574339147025e-05,0.025257032471586113,0.10375663735188478,0.5773502691896258,0.05990392250532107,0.5773502691896258,0.05990392250532107,0.5773502691896258,0.05990392250532107
2314200000000,0.6490031437773126,0.649,0.0017850241408542973,0.6400037060968393,0.64,0.0022379272203434226,0.6540037047420634,0.654,0.0022379279929202705,0.664242244809227,0.659,0.00735718059285009,0.6742425704894932,0.669,0.007357347754355098,2.748285666038755e-05,0.007357347754355098,0.020975407701323178,0.5773502691896258,0.012110157282721088,0.5773502691896258,0.012110157282721088,0.5773502691896258,0.012110157282721088
2314500000000,0.6509999481751947,0.651,0.00013955297311904247,0.6419999477370074,0.642,0.0001394743240079352,0.6563810578425228,0.657,0.00019781327174923553,0.6630000159107653,0.663,5.400964226606841e-05,0.6718651902176018,0.671,0.0001978177935012421,5.658217563034097e-07,0.0001978177935012421,0.0007286680046435238,0.5773502691896258,0.00042069666863080597,0.5773502691896258,0.00042069666863080597,0.5773502691896258,0.00042069666863080597
2314800000000,0.6546581614597798,0.656,0.0004683883552430357,0.6456581031895312,0.646,0.00046837354601903436,0.6589998970569046,0.659,0.00024004115907745152,0.6649999689365584,0.665,0.00013999342368827035,0.673000007075853,0.673,4.507332556198297e-05,9.58712054320636e-07,0.0004683883552430357,0.0013618698095897751,0.5773502691896258,0.0007862759011678811,0.5773502691896258,0.0007862759011678811,0.5773502691896258,0.0007862759011678811
2315100000000,0.6530001474349763,0.653,9.621536772558887e-05,0.6440001501887808,0.644,9.620828534440918e-05,0.6570001929229757,0.657,0.00013995858181383366,0.6613428145169866,0.66,0.0004681172457007787,0.6693457108081201,0.669,0.0004673858424328151,9.61333435696989e-07,0.0004681172457007787,0.0012678853230174256,0.5773502691896258,0.0007320139325456864,0.5773502691896258,0.0007320139325456864,0.5773502691896258,0.0007320139325456864
2315400000000,0.651000049437825,0.651,0.00014001371993730026,0.6420000502280959,0.642,0.0001400139948456028,0.6540000967427188,0.654,0.00031502019817773903,0.6566979712026755,0.655,0.000755109929507532,0.6647011910318694,0.664,0.0007550047383194311,1.687387541307645e-06,0.000755109929507532,0.0021051625807876053,0.5773502691896258,0.0012154161827056514,0.5773502691896258,0.0012154161827056514,0.5773502691896258,0.0012154161827056514
2315700000000,0.6510000354306534,0.651,6.867029903175722e-15,0.6420000363584604,0.642,6.732837661276782e-15,0.6520002182536708,0.652,0.00013998298898348124,0.6539951488398724,0.653,0.0002556837053703909,0.6640000530429679,0.664,1.720580678182837e-05,4.95160633262432e-07,0.0002556837053703909,0.00041287250114930034,0.5773502691896258,0.00023837204967954267,0.5773502691896258,0.00023837204967954267,0.5773502691896258,0.00023837204967954267
2316000000000,0.6500000687082841,0.65,3.499767060461352e-05,0.6420000371146689,0.642,2.0014797471155563e-17,0.6476170299408865,0.646,0.0006724318924865049,0.652000123635191,0.652,0.00013930439485599526,0.663000062796906,0.663,3.499931722766282e-05,1.3073929275254624e-06,0.0006724318924865049,0.0008817332751747965,0.5773502691896258,0.0005090689437756192,0.5773502691896258,0.0005090689437756192,0.5773502691896258,0.0005090689437756192
2316300000000,0.6419237643729353,0.64,0.002282934210101074,0.6350001309006392,0.635,0.001714954045182398,0.6420000485958416,0.642,0.0011042667800704072,0.6439237672303112,0.641,0.0022829636472525053,0.6549238286718163,0.654,0.002282894517514237,6.551371806991494e-06,0.0022829636472525053,0.009668013200120621,0.5773502691896258,0.005581830023618496,0.5773502691896258,0.005581830023618496,0.5773502691896258,0.005581830023618496
2316600000000,0.6353973214296046,0.635,0.001490806012239294,0.6300000175758326,0.63,0.0008750396641318169,0.6390000062680481,0.639,0.0003150088888993414,0.6373972948828339,0.635,0.0014908194455834933,0.6490000544848448,0.649,0.0012281885216380625,2.95244353850074e-06,0.0014908194455834933,0.005399862532492008,0.5773502691896258,0.0031176120867212357,0.5773502691896258,0.0031176120867212357,0.5773502691896258,0.0031176120867212357
2316900000000,0.6343700037028663,0.634,3.69383599084728e-05,0.6300001429229353,0.63,5.499163654121742e-13,0.6380166911542849,0.638,3.384180145342629e-05,0.6363707722323557,0.636,3.688120631806768e-05,0.6499880475287836,0.65,3.4164558920502146e-05,1.3739813252366946e-07,3.69383599084728e-05,0.0001418259271503853,0.5773502691896258,8.188323721834321e-05,0.5773502691896258,8.188323721834321e-05,0.5773502691896258,8.188323721834321e-05
2317200000000,0.6439957575651856,0.644,0.0032429298096283755,0.6379999634447074,0.638,0.002239899493319851,0.6469998325182162,0.647,0.002824389006753074,0.6463558176758045,0.65,0.0034895396377708195,0.6599730703514178,0.662,0.0034895238268984386,8.694263319960031e-06,0.0034895396377708195,0.015286281774370558,0.5773502691896258,0.008825538897341313,0.5773502691896258,0.008825538897341313,0.5773502691896258,0.008825538897341313
2317500000000,0.656999982849781,0.657,0.005918845633837896,0.6509999822781066,0.651,0.005915017138405672,0.6609999724729992,0.661,0.006860137156372894,0.6644156340820131,0.671,0.011415493901908613,0.6780328783540096,0.682,0.011415483278166723,2.954596434869997e-05,0.011415493901908613,0.041524977108691796,0.5773502691896258,0.02397445671179626,0.5773502691896258,0.02397445671179626,0.5773502691896258,0.02397445671179626
2317800000000,0.6609999914904873,0.661,0.0005600024194003674,0.6539999969256642,0.654,0.0003150030759946082,0.6639999974080985,0.664,0.00031500523639259575,0.6728809301600029,0.676,0.0025081433190810606,0.685999784672724,0.686,0.0022215058701910225,4.864298356616982e-06,0.0025081433190810606,0.005919659921059655,0.5773502691896258,0.003417717248934831,0.5773502691896258,0.003417717248934831,0.5773502691896258,0.003417717248934831
2318100000000,0.6620481507140442,0.662,3.8452321527462326e-05,0.6510749839598643,0.65,0.0002994495297534226,0.6640636973767549,0.664,1.420190102389464e-07,0.6720802764337199,0.672,2.243662362938088e-05,0.683074428438044,0.682,0.00029951981849234903,1.1614035676611146e-06,0.00029951981849234903,0.0006600003124128537,0.5773502691896258,0.00038105135803679827,0.5773502691896258,0.00038105135803679827,0.5773502691896258,0.00038105135803679827
2318400000000,0.6759517589487445,0.678,0.006765861268040881,0.6639998442408734,0.664,0.005846820464926271,0.6749999879083759,0.675,0.00418608577072084,0.6859838935407067,0.691,0.006765869903019294,0.6969780424262594,0.701,0.006765866867665443,2.2766379082194324e-05,0.006765869903019294,0.030330504274372727,0.5773502691896258,0.017511324807466193,0.5773502691896258,0.017511324807466193,0.5773502691896258,0.017511324807466193
2318700000000,0.6818203978914642,0.682,0.0012054323064002242,0.6669999653189022,0.667,0.00031502542689912664,0.6769999771576527,0.677,0.0001399984949027974,0.6918631043447125,0.693,0.0012097791887278834,0.702857262684361,0.705,0.0012097830795145341,2.958055926979067e-06,0.0012097830795145341,0.0040800184964445655,0.5773502691896258,0.0023555997772209225,0.5773502691896258,0.0023555997772209225,0.5773502691896258,0.0023555997772209225
2319000000000,0.691999711538401,0.692,0.0036266449212949857,0.6769997975424441,0.677,0.0034998825574645773,0.6859999402439387,0.686,0.002834976744407893,0.7029638878228316,0.707,0.004312958783982828,0.7139580353261094,0.717,0.004312950363532608,1.2771875355827605e-05,0.004312958783982828,0.01858741337068289,0.5773502691896258,0.010731448113102619,0.5773502691896258,0.010731448113102619,0.5773502691896258,0.010731448113102619
2319300000000,0.6904945213916345,0.69,7.9295908227307e-05,0.6754929557116232,0.675,7.947003060891399e-05,0.6844923070371483,0.684,7.955352601760731e-05,0.7039999949215566,0.704,3.7573127200994435e-05,0.7154684584470521,0.716,7.984823014974412e-05,5.062296908838342e-07,7.984823014974412e-05,0.00035574082220456686,0.5773502691896258,0.00020538705946154551,0.5773502691896258,0.00020538705946154551,0.5773502691896258,0.00020538705946154551
2319600000000,0.6970996721823004,0.6963999999999999,0.0015269805938602145,0.6811102783023384,0.6794,0.0011044009580855902,0.6891104027699869,0.6873999999999999,0.0007464382869181948,0.7106054931723765,0.7123999999999999,0.0015271412499554703,0.7220740221530382,0.7243999999999999,0.0015271715155844212,2.4385590876223493e-05,0.0015271715155844212,0.006432132604403891,0.5773502691896258,0.0037135934906159557,0.5773502691896258,0.0037135934906159557,0.5773502691896258,0.0037135934906159557
2319900000000,0.6948160766864961,0.694,0.00018251829359601233,0.6788269119843838,0.678,0.00018248166096892783,0.6870000007912781,0.687,0.00015588287791083364,0.7090000001511758,0.709,9.021627443934769e-05,0.7210000000598261,0.721,4.0373320984766295e-05,6.748822940803909e-07,0.00018251829359601233,0.0006514724278998879,0.5773502691896258,0.0003761277816176194,0.5773502691896258,0.0003761277816176194,0.5773502691896258,0.0003761277816176194
2320200000000,0.6704934878172268,0.663,0.020705591525622603,0.656000084526844,0.656,0.018237241812170304,0.6660000140191885,0.666,0.015434980554977815,0.684677410130701,0.676,0.02070559348564345,0.6966774104422607,0.688,0.020705592799657495,0.00010337362911705836,0.02070559348564345,0.09578900017807168,0.5773502691896258,0.055303805038214804,0.5773502691896258,0.055303805038214804,0.5773502691896258,0.055303805038214804
2320500000000,0.6589710346913548,0.658,0.004646842411327173,0.652000056993323,0.652,0.0005600077094124196,0.6620000571388803,0.662,0.0005599879265513679,0.6731541359951014,0.669,0.004647504638146267,0.6851541656182817,0.681,0.0046474809945675905,1.772842311411888e-05,0.004647504638146267,0.015061823680004818,0.5773502691896258,0.008695947956137463,0.5773502691896258,0.008695947956137463,0.5773502691896258,0.008695947956137463
2320800000000,0.652000058216386,0.652,0.0017008079555098973,0.6460000331159442,0.646,0.001260010028519028,0.6570000238582239,0.657,0.0008750116482685262,0.6642430546587631,0.661,0.002779257970399308,0.6762430946671714,0.674,0.0027792514923502777,7.774438605336136e-06,0.002779257970399308,0.009394339095047038,0.5773502691896258,0.005423824205384033,0.5773502691896258,0.005423824205384033,0.5773502691896258,0.005423824205384033
2321100000000,0.6510000395838208,0.651,3.500130429171212e-05,0.6440000606028493,0.644,0.00013999615185973185,0.6540001032221571,0.654,0.0003149833337944801,0.6589390408018144,0.657,0.0009846397048146245,0.6709397865801833,0.67,0.0009843776832929646,2.321539031643954e-06,0.0009846397048146245,0.0024589981780535133,0.5773502691896258,0.0014197032600359954,0.5773502691896258,0.0014197032600359954,0.5773502691896258,0.0014197032600359954
2321400000000,0.6460040178519232,0.646,0.0008736081600957636,0.6410000193725693,0.641,0.00031500865841829154,0.6500000474400149,0.65,0.0005600156191087044,0.6538577452597959,0.652,0.0009036847534868074,0.6658585336567923,0.665,0.0009036695945014394,2.0941568179494983e-06,0.0009036847534868074,0.0035559867856110065,0.5773502691896258,0.002053049927907267,0.5773502691896258,0.002053049927907267,0.5773502691896258,0.002053049927907267
2321700000000,0.6420000000142883,0.642,0.0005611255595434551,0.6380000000061318,0.638,0.0003150040669650162,0.6460000000142272,0.646,0.0005600132792992908,0.6488463813144686,0.647,0.0008789819007384266,0.6610000001040032,0.661,0.0008261871899252083,1.7045619792093486e-06,0.0008789819007384266,0.0031413119964713966,0.5773502691896258,0.0018136373267713618,0.5773502691896258,0.0018136373267713618,0.5773502691896258,0.0018136373267713618
2322000000000,0.6478912842830484,0.649,0.0012147530617369398,0.6438912868517214,0.645,0.0012147541243955947,0.6518912892116057,0.653,0.0012147550942501885,0.6547300841382491,0.655,0.0012116285621496835,0.6668913618724261,0.669,0.0012147850220252563,4.10347216198329e-06,0.0012147850220252563,0.006070675864557663,0.5773502691896258,0.003504906344565331,0.5773502691896258,0.003504906344565331,0.5773502691896258,0.003504906344565331
2322300000000,0.6465091422018904,0.646,6.686108563777722e-05,0.6449999960765191,0.645,4.302326508030907e-05,0.652999996060681,0.653,4.3023080701533046e-05,0.6540000017353639,0.654,1.8655711025091472e-05,0.6670000003058658,0.667,4.1308082270787566e-07,1.2961289088988835e-07,6.686108563777722e-05,0.00017197622326741867,0.5773502691896258,9.929051879765937e-05,0.5773502691896258,9.929051879765937e-05,0.5773502691896258,9.929051879765937e-05
2322600000000,0.6450000008563288,0.645,7.971276603091861e-05,0.6410000260749931,0.641,0.0005599916004587982,0.6486002597691671,0.648,0.0006775187802202605,0.6496001709342164,0.648,0.0006775478877554111,0.6626002525688762,0.662,0.0006775223052200756,1.6405809781572951e-06,0.0006775478877554111,0.002672293339685464,0.5773502691896258,0.0015428492790210467,0.5773502691896258,0.0015428492790210467,0.5773502691896258,0.0015428492790210467
2322900000000,0.6459868149613851,0.646,3.408307272783229e-05,0.640018119013599,0.64,3.3744951702547e-05,0.6496289612516504,0.65,3.7037935902212606e-05,0.6490002386879136,0.649,1.2597154505388863e-05,0.6636283844473118,0.664,3.69969305809383e-05,1.3813503632284162e-07,3.7037935902212606e-05,0.00015446004541891904,0.5773502691896258,8.917754880165475e-05,0.5773502691896258,8.917754880165475e-05,0.5773502691896258,8.917754880165475e-05
2323200000000,0.6469999699786895,0.647,3.592690811811549e-05,0.6385429184494753,0.638,7.616758465367537e-05,0.6490000266087758,0.649,1.3844557475273565e-05,0.6480000707967687,0.648,3.5011753366701624e-05,0.664000006307628,0.664,4.833598247271899e-06,1.4738022472096586e-07,7.616758465367537e-05,0.00016578440186103795,0.5773502691896258,9.571566904191136e-05,0.5773502691896258,9.571566904191136e-05,0.5773502691896258,9.571566904191136e-05
2323500000000,0.6579999660747443,0.658,0.004234996993962762,0.6489999760530427,0.649,0.003827251880351445,0.656999992597384,0.657,0.0022399809536610754,0.6611897005145689,0.666,0.006088821623243777,0.6771896282172548,0.68,0.006088814414161759,1.551858534928427e-05,0.006088821623243777,0.022479865865380817,0.5773502691896258,0.012978756608724296,0.5773502691896258,0.012978756608724296,0.5773502691896258,0.012978756608724296
2323800000000,0.6799999491507009,0.68,0.016939973936983238,0.6679999922867902,0.668,0.012635021590893365,0.6739999951443045,0.674,0.010115003030835715,0.6852277089506486,0.694,0.020223904735056218,0.701227635392776,0.706,0.020223902613964274,4.986427710074168e-05,0.020223904735056218,0.08013780590773281,0.5773502691896258,0.04626758381309553,0.5773502691896258,0.04626758381309553,0.5773502691896258,0.04626758381309553
2324100000000,0.6929999480670809,0.693,0.0059149990139057765,0.6769999762880857,0.677,0.002834989920825146,0.6819999792600463,0.682,0.0022399911048242194,0.7026302061536087,0.709,0.010599641811466274,0.7186300107717534,0.721,0.010599493409079327,2.3095561295609087e-05,0.010599641811466274,0.032189115260100744,0.5773502691896258,0.018584394360395058,0.5773502691896258,0.018584394360395058,0.5773502691896258,0.018584394360395058
2324400000000,0.6997625722998017,0.6990000000000001,0.001600658027954382,0.6797626811790449,0.6790000000000002,0.000267138841008546,0.684762681076451,0.684,0.000267138246422804,0.7109494183052063,0.7140000000000001,0.002422325178815114,0.7247626324087115,0.7240000000000001,0.0013163166849730573,6.831634284647154e-05,0.002422325178815114,0.0058735769791739036,0.5773502691896258,0.0033911112500320424,0.5773502691896258,0.0033911112500320424,0.5773502691896258,0.0033911112500320424
2324700000000,0.6990956382234966,0.699,1.556803717478933e-05,0.6800956375381642,0.68,3.8800977977276715e-06,0.6850956375472209,0.6849999999999999,3.880100399964584e-06,0.7124504189674536,0.713,7.885510458234364e-05,0.7232626676205283,0.723,7.874630280263794e-05,4.0199237082118585e-05,7.885510458234364e-05,0.00018092964275746317,0.5773502691896258,0.0001044597779504042,0.5773502691896258,0.0001044597779504042,0.5773502691896258,0.0001044597779504042
2325000000000,0.6936120918777574,0.692,0.0010524248184054486,0.6746122151255745,0.674,0.0010523772474211866,0.6830000215174131,0.683,0.0001537062290535577,0.7069667986817912,0.705,0.0010524532003064883,0.7177791557364813,0.717,0.001052411590386942,3.7245141495821933e-06,0.0010524532003064883,0.004363373085573623,0.5773502691896258,0.0025191946255306995,0.5773502691896258,0.0025191946255306995,0.5773502691896258,0.0025191946255306995
2325300000000,0.6855806676021332,0.685,0.002257632156327999,0.6680000238565709,0.668,0.0015302375682260541,0.6780000076061622,0.678,0.0008750048689446001,0.6989353411965972,0.696,0.0022576508267767954,0.7097477196131193,0.709,0.0022576388171275355,4.756243712539115e-06,0.0022576508267767954,0.009178164237402983,0.5773502691896258,0.00529901559313121,0.5773502691896258,0.00529901559313121,0.5773502691896258,0.00529901559313121
2325600000000,0.6899987754017581,0.69,0.0006831886785187313,0.6726101297271643,0.674,0.0007438576648327926,0.6826101171082175,0.684,0.0007438588367329247,0.7035453415798597,0.704,0.0007438236236788254,0.714358034163253,0.716,0.0007439250087911142,3.383140707935837e-06,0.0007439250087911142,0.003658653812554388,0.5773502691896258,0.002112324763549927,0.5773502691896258,0.002112324763549927,0.5773502691896258,0.002112324763549927
2325900000000,0.698183525837959,0.6974000000000001,0.002344654889601131,0.6797717240894927,0.6774000000000001,0.0017950951833687065,0.6877718102885156,0.6854000000000001,0.0009325076770637687,0.7117301176286732,0.7144000000000001,0.0023446695639230976,0.722542819518099,0.7254000000000002,0.002344674895671499,0.0004759781479282489,0.002344674895671499,0.009761602209628203,0.5773502691896258,0.005635863663450889,0.5773502691896258,0.005635863663450889,0.5773502691896258,0.005635863663450889
2326200000000,0.6981834714172805,0.6980000000000001,1.0365635834395087e-13,0.6751493195924293,0.674,0.0007478318167065228,0.6831494168819167,0.682,0.00074782822818794,0.716352548842411,0.7180000000000001,0.0007478404614007909,0.7271652417738957,0.7280000000000001,0.0007478375628809913,0.0024055433827878817,0.0007478404614007909,0.0029913380692799013,0.5773502691896258,0.0017270498395359267,0.5773502691896258,0.0017270498395359267,0.5773502691896258,0.0017270498395359267
2326500000000,0.6981664696025666,0.6981999999999999,1.0117159624897066e-08,0.6729855533868507,0.6721999999999999,0.0001638659467341352,0.6821665478407174,0.6821999999999999,3.381110432517859e-05,0.7185150819735924,0.7192,0.00016367923402100626,0.7281663451859517,0.7282,3.5077281457052146e-05,0.003028144861362933,0.0001638659467341352,0.0003964436836969971,0.5773502691896258,0.00022888686750098815,0.5773502691896258,0.00022888686750098815,0.5773502691896258,0.00022888686750098815
2326800000000,0.6974834237690641,0.6974,1.6329306373275883e-05,0.6734821701168797,0.6734,8.63198617906393e-06,0.6830683697257441,0.6834,2.846489493096161e-05,0.7184825320951386,0.7184,3.708231055750613e-08,0.7274834999200805,0.7274,1.6319717999292258e-05,0.0021904688663813153,2.846489493096161e-05,6.978298779315119e-05,0.5773502691896258,4.0289226787232216e-05,0.5773502691896258,4.0289226787232216e-05,0.5773502691896258,4.0289226787232216e-05
2327100000000,0.6969286258878843,0.6970000000000001,1.077302411365767e-05,0.6739284035302057,0.674,6.969349070898394e-06,0.6822862997325915,0.682,2.1407171596643474e-05,0.718928381231594,0.7190000000000001,6.957350836730928e-06,0.7279282858753792,0.7280000000000001,6.924209111081743e-06,0.0011025513085987052,2.1407171596643474e-05,5.3031104729012213e-05,0.5773502691896258,3.061752259071844e-05,0.5773502691896258,3.061752259071844e-05,0.5773502691896258,3.061752259071844e-05
2327400000000,0.6965435074931734,0.6964,5.191066228064323e-06,0.67428618061346,0.6744,4.480155445569689e-06,0.6823458193397627,0.6824,1.2399042732353067e-07,0.7192741897928135,0.7194,4.1854246354463104e-06,0.7275476085420953,0.7274,5.072033122663377e-06,0.0008649871631113374,5.191066228064323e-06,1.905266985906723e-05,0.5773502691896258,1.1000064071913536e-05,0.5773502691896258,1.1000064071913536e-05,0.5773502691896258,1.1000064071913536e-05
2327700000000,0.69533085250035,0.695,5.1468624606684424e-05,0.675036768992143,0.6749999999999999,1.9718401997490468e-05,0.6835587395462809,0.6839999999999999,5.149113995830515e-05,0.7190368148458812,0.719,1.9721402900893065e-06,0.7270368236371524,0.727,9.131542669114899e-06,0.0008101541273259212,5.149113995830515e-05,0.00013378184952168425,0.5773502691896258,7.723898683403042e-05,0.5773502691896258,7.723898683403042e-05,0.5773502691896258,7.723898683403042e-05
2328000000000,0.6963156388219265,0.6966,3.394314347074628e-05,0.6753695237575551,0.6756,3.875400686655175e-06,0.6843533416807925,0.6846,2.2098739325966863e-05,0.7179854789220287,0.7176,3.868575286740033e-05,0.7259724170715347,0.7256,3.965364679255097e-05,0.0004491892912880052,3.965364679255097e-05,0.00013825668314331962,0.5773502691896258,7.982253323006039e-05,0.5773502691896258,7.982253323006039e-05,0.5773502691896258,7.982253323006039e-05
2328300000000,0.6954254156853727,0.6951999999999999,2.7737403149945013e-05,0.6752332003467367,0.6751999999999999,6.504425318004221e-07,0.684233987323694,0.6841999999999999,4.985911895441478e-07,0.7188764397848173,0.7192,2.7783394065736132e-05,0.7262308359231948,0.7262,2.3373106012666166e-06,0.00040968090383286613,2.7783394065736132e-05,5.900714153829233e-05,0.5773502691896258,3.406778905124343e-05,0.5773502691896258,3.406778905124343e-05,0.5773502691896258,3.406778905124343e-05
2328600000000,0.6936483272188249,0.6930000000000001,0.00011053151962781405,0.6738997507195182,0.674,6.223307679151916e-05,0.6838997491019434,0.684,3.910031610765221e-06,0.720652436882445,0.7210000000000001,0.0001103957991773652,0.7278997360424437,0.7280000000000001,9.748296628101675e-05,0.0009027856413243371,0.00011053151962781405,0.0003845533934884804,0.5773502691896258,0.00022202200524835828,0.5773502691896258,0.00022202200524835828,0.5773502691896258,0.00022202200524835828
2328900000000,0.6918565947644091,0.6911999999999999,0.00011236068158723697,0.6730359214813394,0.6731999999999999,2.6117033345642722e-05,0.6850358619834837,0.6851999999999999,4.517633678605932e-05,0.7210358328240476,0.7212,5.1447356813080636e-06,0.7290357876228726,0.7292,4.517146176882051e-05,0.0011883694770098087,0.00011236068158723697,0.00023397024916906758,0.5773502691896258,0.000135082786340125,0.5773502691896258,0.000135082786340125,0.5773502691896258,0.000135082786340125
2329200000000,0.689619721929999,0.6888,0.0001751260027062652,0.6745949540574325,0.6748000000000001,8.507039006618572e-05,0.6865949932541069,0.6868,8.508116116623308e-05,0.7205951610257594,0.7208,6.796707183229982e-06,0.7285951636071105,0.7288,6.795233314319909e-06,0.00031402003490670955,0.0001751260027062652,0.00035886949443623387,0.5773502691896258,0.00020719339921670455,0.5773502691896258,0.00020719339921670455,0.5773502691896258,0.00020719339921670455
2329500000000,0.6715051697075213,0.667,0.011484795077730522,0.6610000163970521,0.661,0.006468781549637069,0.677000005426039,0.677,0.0032222326997269845,0.7024806006863213,0.696,0.011484805370189949,0.7104806027607601,0.704,0.011484806012964626,5.214647574609317e-05,0.011484806012964626,0.044145420710249156,0.5773502691896258,0.025487370530551633,0.5773502691896258,0.025487370530551633,0.5773502691896258,0.025487370530551633
2329800000000,0.6560000519505375,0.656,0.008414303683027726,0.6530000107992097,0.653,0.0022400031347928513,0.6710000084115922,0.671,0.0012599987460679496,0.6837864372870675,0.677,0.012231511081930137,0.6917864447038947,0.686,0.012231504090927244,3.976933668270783e-05,0.012231511081930137,0.036377320736745905,0.5773502691896258,0.021002455919757607,0.5773502691896258,0.021002455919757607,0.5773502691896258,0.021002455919757607
2330100000000,0.6625771488662788,0.665,0.0015140371343669154,0.6589991971562829,0.659,0.00125965829314126,0.6749999002686525,0.675,0.0005599697203862024,0.6810000851831701,0.681,0.0002717315316412571,0.6920000607142093,0.692,1.597112995194776e-06,2.9351041408104444e-06,0.0015140371343669154,0.0036069937925308293,0.5773502691896258,0.0020824988370829836,0.5773502691896258,0.0020824988370829836,0.5773502691896258,0.0020824988370829836
2330400000000,0.6743457862860713,0.677,0.004847528935148913,0.6679997949082502,0.668,0.0028353765962452065,0.6849995883892469,0.685,0.003499781687820469,0.6927687362268806,0.696,0.0048475401586019875,0.7037687527154709,0.708,0.004847573899719579,1.76946849025006e-05,0.004847573899719579,0.020877801277536155,0.5773502691896258,0.012053804187673014,0.5773502691896258,0.012053804187673014,0.5773502691896258,0.012053804187673014
2330700000000,0.6809922948203859,0.681,0.0015461626493850828,0.6709999906030828,0.671,0.00031504109725521474,0.6879999906666646,0.688,0.000315084483921669,0.6995330649029937,0.702,0.0016014649853470083,0.7105328989210493,0.712,0.00160137858616543,4.119106859333823e-06,0.0016014649853470083,0.005379131802074405,0.5773502691896258,0.0031056431939341348,0.5773502691896258,0.0031056431939341348,0.5773502691896258,0.0031056431939341348
2331000000000,0.6758833084252295,0.674,0.0009135609695062777,0.6670000719653001,0.667,0.0005599772188108513,0.6830086752666091,0.683,0.0008719630297990865,0.6980000095493301,0.698,8.225905510888826e-05,0.7080000216588523,0.708,0.00022454135288740558,1.773462945265107e-06,0.0009135609695062777,0.002652301626112509,0.5773502691896258,0.0015313070578081395,0.5773502691896258,0.0015313070578081395,0.5773502691896258,0.0015313070578081395
2331300000000,0.6740005794492009,0.674,0.00012406339390121841,0.6679998528378691,0.668,3.498466276042068e-05,0.6852084179555624,0.686,0.00016936037641612043,0.7002014096226417,0.701,0.00016961567989717097,0.7069999500566634,0.707,3.5005012332667535e-05,6.321745418988699e-07,0.00016961567989717097,0.000533029125307598,0.5773502691896258,0.00030774450898225254,0.5773502691896258,0.00030774450898225254,0.5773502691896258,0.00030774450898225254
2331600000000,0.6761924163346521,0.677,0.00016814521263485688,0.6689999999152787,0.669,3.501029617578274e-05,0.6850000000027914,0.685,1.5203315063045742e-06,0.7019999996414079,0.702,0.00011322241194619593,0.707999999919052,0.708,3.500349045422546e-05,3.2609568826848114e-07,0.00016814521263485688,0.00035290174271736556,0.5773502691896258,0.0002037479161553591,0.5773502691896258,0.0002037479161553591,0.5773502691896258,0.0002037479161553591
2331900000000,0.6673630369454648,0.666,0.0027285279139371704,0.6610001693749463,0.661,0.0022399051035912106,0.6761778459984548,0.676,0.002724064044668139,0.6931705428248492,0.69,0.0027285757686416013,0.6991706085903382,0.696,0.0027285352932448588,1.0997299789943134e-05,0.0027285757686416013,0.01314960812408298,0.5773502691896258,0.007591929790177399,0.5773502691896258,0.007591929790177399,0.5773502691896258,0.007591929790177399
2332200000000,0.668000067606459,0.668,1.4203282206634166e-05,0.6619999918342007,0.662,3.4987573251028896e-05,0.6750001769629316,0.675,4.854165250305404e-05,0.6908423942042591,0.69,0.00018970965998445604,0.6968424540337819,0.696,0.00018971062737248968,7.096784151789951e-07,0.00018971062737248968,0.0004771527953176628,0.5773502691896258,0.00027548429482123507,0.5773502691896258,0.00027548429482123507,0.5773502691896258,0.00027548429482123507
2332500000000,0.6694684113575692,0.67,7.546116799984865e-05,0.6634683600249689,0.664,7.546368002809901e-05,0.6759995695178176,0.676,3.495749175665579e-05,0.6919989520971381,0.692,4.6816915585329064e-05,0.6970000949437375,0.697,8.697729772073146e-07,2.826144201211119e-07,7.546368002809901e-05,0.0002335690283471398,0.5773502691896258,0.00013485114139058052,0.5773502691896258,0.00013485114139058052,0.5773502691896258,0.00013485114139058052
2332800000000,0.6738735153367875,0.674,0.0006791729373703836,0.6678737657159797,0.668,0.0006792659755836552,0.6799996614150812,0.68,0.0005600257315293811,0.6964077273144166,0.698,0.0006803054620771022,0.7014088688701763,0.703,0.0006803050637056282,2.5494820783393607e-06,0.0006803054620771022,0.0032790751702661504,0.5773502691896258,0.00189317493224618,0.5773502691896258,0.00189317493224618,0.5773502691896258,0.00189317493224618
2333100000000,0.6684082882800478,0.667,0.0010454047373601833,0.6624077793765316,0.661,0.0010456952332061477,0.6746150413496634,0.674,0.0010147946637114747,0.6909254556102046,0.689,0.001051935606358126,0.6959262166583374,0.694,0.0010520816346593527,5.880542218114339e-06,0.0010520816346593527,0.005209911875295285,0.5773502691896258,0.003007944023655961,0.5773502691896258,0.003007944023655961,0.5773502691896258,0.003007944023655961
2333400000000,0.6680000025768454,0.668,5.834402540381551e-06,0.6620000025431652,0.662,5.819868104063155e-06,0.6700000620949295,0.67,0.0007454311732568735,0.685864648267888,0.684,0.0008964119834616034,0.6910007938648989,0.691,0.0008490926392943402,1.738456898513861e-06,0.0008964119834616034,0.002502590066657262,0.5773502691896258,0.001444871048655854,0.5773502691896258,0.001444871048655854,0.5773502691896258,0.001444871048655854
2333700000000,0.6650000634743574,0.665,0.0003149872116522947,0.6600000487895591,0.66,0.00013999352557970464,0.6650001889717466,0.665,0.0008749555936774147,0.6793794458652465,0.677,0.0014720247571129474,0.6845158777344174,0.684,0.0014718948026782802,2.9639462523127514e-06,0.0014720247571129474,0.004273855890700642,0.5773502691896258,0.002467511848973684,0.5773502691896258,0.002467511848973684,0.5773502691896258,0.002467511848973684
2334000000000,0.6745986685798492,0.678,0.0032246626989910774,0.6695986472838468,0.672,0.00322465825690896,0.6745980458032229,0.675,0.003224159951513065,0.6889780448087676,0.691,0.003224658558749759,0.6941144765950056,0.697,0.0032246585030269955,1.4955832794755423e-05,0.0032246626989910774,0.016122797969189858,0.5773502691896258,0.009308501747601717,0.5773502691896258,0.009308501747601717,0.5773502691896258,0.009308501747601717
2334300000000,0.687999933997579,0.688,0.006285787017875415,0.680999985190777,0.681,0.00454966771238013,0.6839999920235632,0.684,0.0030938807455559913,0.7042882994853363,0.708,0.008204136439148855,0.709424743824328,0.715,0.008204149892164201,2.2430101069781173e-05,0.008204149892164201,0.030337621807124595,0.5773502691896258,0.01751543411691645,0.5773502691896258,0.01751543411691645,0.5773502691896258,0.01751543411691645
2334600000000,0.6840014959040758,0.684,0.0005595627515652122,0.677001664187278,0.677,0.0005595299796457299,0.6830000009944577,0.683,3.4999372040203734e-05,0.7049999987502702,0.705,1.7728054529759018e-05,0.7134989894417975,0.715,0.0005809817073014289,1.1265188515431292e-06,0.0005809817073014289,0.0017528018650823335,0.5773502691896258,0.0010119806286413636,0.5773502691896258,0.0010119806286413636,0.5773502691896258,0.0010119806286413636
2334900000000,0.6830003274298919,0.683,3.508184097948703e-05,0.6769998796829654,0.677,1.1145594746555917e-10,0.6855704591826526,0.686,0.0002312539354040376,0.7075706946549346,0.708,0.00023129671019904305,0.7160698569399067,0.717,0.0002313275892491985,6.169873134977483e-07,0.0002313275892491985,0.0007289601872877137,0.5773502691896258,0.0004208653603590816,0.5773502691896258,0.0004208653603590816,0.5773502691896258,0.0004208653603590816
2335200000000,0.6869999541431128,0.687,0.0005598954845788436,0.6799999722675059,0.68,0.0003150194430535175,0.6899999283713718,0.69,0.0006867069052834536,0.7130061645357514,0.715,0.001034051648884323,0.7215052784036137,0.722,0.001034033227084441,2.110064662214492e-06,0.001034051648884323,0.0036297067088845785,0.5773502691896258,0.002095612145453902,0.5773502691896258,0.002095612145453902,0.5773502691896258,0.002095612145453902
2335500000000,0.6810002104103577,0.681,0.0012598923700556622,0.6737620383209549,0.672,0.0013619136972536326,0.6850000048051712,0.685,0.0008749732483746856,0.7070002131726815,0.707,0.0012625008121446488,0.7152672584293922,0.713,0.0013619512619575088,4.122619959950952e-06,0.0013619512619575088,0.006121231389786138,0.5773502691896258,0.003534094590665014,0.5773502691896258,0.003534094590665014,0.5773502691896258,0.003534094590665014
2335800000000,0.679000016861627,0.679,0.00014002709813343845,0.6710000394989295,0.671,0.0002670023122504463,0.6830000159046364,0.683,0.00013999844607917917,0.7024018548566071,0.701,0.0007400714721053571,0.710668749634821,0.709,0.0007401199096812174,2.374961192402859e-06,0.0007401199096812174,0.0020272192382496386,0.5773502691896258,0.001170415572909817,0.5773502691896258,0.001170415572909817,0.5773502691896258,0.001170415572909817
2336100000000,0.682672181413435,0.684,0.000471967737344425,0.6746722017882925,0.676,0.00047196715577967876,0.6849995652375083,0.685,0.0001399369137105864,0.7029998542092794,0.703,1.2516112902874651e-05,0.7119997843732639,0.712,6.200787162296923e-05,1.763075273304867e-06,0.000471967737344425,0.0011583957913605342,0.5773502691896258,0.0006688001219701341,0.5773502691896258,0.0006688001219701341,0.5773502691896258,0.0006688001219701341
2336400000000,0.6839999999445531,0.684,6.170857180531963e-05,0.6768668502097077,0.677,0.00016857685927671682,0.6869999996915661,0.687,0.0001400608301743594,0.7051939603086609,0.706,0.00016849355513701343,0.7139999996916792,0.714,0.00014003014620080016,3.337144253345403e-07,0.00016857685927671682,0.0006788699625942093,0.5773502691896258,0.000391945755648518,0.5773502691896258,0.000391945755648518,0.5773502691896258,0.000391945755648518
2336700000000,0.6849999994016349,0.685,3.499996199573953e-05,0.6789169566659968,0.679,0.00014710277687414073,0.6889999680552902,0.689,0.0001399955709563996,0.7072459995308439,0.708,0.00014738027392820937,0.7159999715014941,0.716,0.00013999605340190375,2.8770645232147295e-07,0.00014738027392820937,0.000609474637156393,0.5773502691896258,0.00035188034582649304,0.5773502691896258,0.00035188034582649304,0.5773502691896258,0.00035188034582649304
2337000000000,0.6903235013933724,0.6922,0.0009918885709611514,0.6842404122788572,0.6842000000000001,0.0009918712881733236,0.691543045972299,0.6902,0.00022635358521922483,0.7125693867777831,0.7122,0.0009918458123306443,0.7213234077408335,0.7212000000000001,0.000991864068800919,1.0839606865720844e-05,0.0009918885709611514,0.004193823325485264,0.5773502691896258,0.002421305025902649,0.5773502691896258,0.002421305025902649,0.5773502691896258,0.002421305025902649
2337300000000,0.6918193352110346,0.6921999999999999,7.831315835216155e-05,0.6827443911830055,0.6822,7.833276917317515e-05,0.6901458748643701,0.6901999999999999,6.832304866909625e-05,0.7131452029512749,0.7132,1.160474929791518e-05,0.7221451936598182,0.7222,2.3636623382455833e-05,5.782511193812017e-05,7.833276917317515e-05,0.00026021034887480397,0.5773502691896258,0.00015023251496879453,0.5773502691896258,0.00015023251496879453,0.5773502691896258,0.00015023251496879453
2337600000000,0.6919230543832906,0.692,3.765183342717688e-07,0.6829229213658371,0.683,1.115555916366568e-06,0.6909161836755542,0.691,2.0768148260576076e-05,0.7123065971475637,0.712,2.4614089290633828e-05,0.7219232706824272,0.722,1.7237432762928182e-06,5.938805954410855e-08,2.4614089290633828e-05,4.859805507814106e-05,0.5773502691896258,2.8058100181457004e-05,0.5773502691896258,2.8058100181457004e-05,0.5773502691896258,2.8058100181457004e-05
2337900000000,0.6840001299359223,0.684,0.0021970456129547238,0.6750001319346083,0.675,0.002196970733005686,0.6830001295511713,0.683,0.0021932369515055825,0.702541412184664,0.699,0.003337559307587476,0.7121581509688173,0.709,0.00333751470573967,1.1257758927301334e-05,0.003337559307587476,0.013262327310793137,0.5773502691896258,0.007657008242967344,0.5773502691896258,0.007657008242967344,0.5773502691896258,0.007657008242967344
2338200000000,0.6770002103901762,0.677,0.0017149605776421305,0.6690000810966119,0.669,0.0012600213520489345,0.6780000478801148,0.678,0.0008750285851032228,0.6943573929954506,0.692,0.002344235953129466,0.70397404764575,0.701,0.0023442841520924388,7.201130593662251e-06,0.0023442841520924388,0.008538530620016194,0.5773502691896258,0.004929722951950212,0.5773502691896258,0.004929722951950212,0.5773502691896258,0.004929722951950212
2338500000000,0.6711574066345567,0.67,0.0011948424504338545,0.6660000852758173,0.666,0.0003149991223674724,0.6750000834411349,0.675,0.0003149925322300341,0.68900166445747,0.689,0.0010039339860388968,0.6981311655515355,0.696,0.0011948744908412197,2.9407297552104006e-06,0.0011948744908412197,0.004023642581911477,0.5773502691896258,0.0023230511277894327,0.5773502691896258,0.0023230511277894327,0.5773502691896258,0.0023230511277894327
2338800000000,0.6681411939838268,0.668,0.000318413856404815,0.6650001372906068,0.665,3.4996359059430614e-05,0.6750000707251161,0.675,5.659399688474117e-15,0.6880001392489793,0.688,3.5106846013483856e-05,0.695109741585911,0.694,0.00031951509730176287,6.257310859051207e-07,0.00031951509730176287,0.0007080321587851516,0.5773502691896258,0.00040878255746951917,0.5773502691896258,0.00040878255746951917,0.5773502691896258,0.00040878255746951917
2339100000000,0.6630046357812881,0.663,0.0009234480558823538,0.6600005476356664,0.66,0.0008748563851225495,0.6710000222757884,0.671,0.000560013565893934,0.6827813229772308,0.681,0.0009532615147393318,0.6898912599743692,0.688,0.0009531392615500017,3.3749988153652913e-06,0.0009532615147393318,0.004264718783188171,0.5773502691896258,0.0024622365374917443,0.5773502691896258,0.0024622365374917443,0.5773502691896258,0.0024622365374917443
2339400000000,0.6690353328203479,0.67,0.001272925737192356,0.6649999678026631,0.665,0.0008747970702160752,0.6770307202401847,0.678,0.0012729261278221081,0.6888120267482116,0.691,0.0012729285790662737,0.6949999552467977,0.695,0.0009134568585286731,3.3286564869331782e-06,0.0012729285790662737,0.005607034372825486,0.5773502691896258,0.0032372228045062794,0.5773502691896258,0.0032372228045062794,0.5773502691896258,0.0032372228045062794
2339700000000,0.6680000024209853,0.668,3.751681625454717e-05,0.6628083414155566,0.662,0.00016811291772316308,0.6770000007969316,0.677,3.302894678246298e-08,0.689000000555599,0.689,1.2366953292291375e-06,0.6930000460046977,0.693,0.00013998729418229888,3.267079231135809e-07,0.00016811291772316308,0.00034688675243602074,0.5773502691896258,0.00020027515989725166,0.5773502691896258,0.00020027515989725166,0.5773502691896258,0.00020027515989725166
2340000000000,0.6670000163168797,0.667,3.4999027294155734e-05,0.6600027856905595,0.66,0.0002754900024122357,0.6750000473591183,0.675,0.00013999348136973337,0.6860757271471656,0.685,0.0002992981238544693,0.6900813980364955,0.69,0.0002981477086801753,5.819111490376175e-07,0.0002992981238544693,0.0010479283436107692,0.5773502691896258,0.0006050217112751164,0.5773502691896258,0.0006050217112751164,0.5773502691896258,0.0006050217112751164
2340300000000,0.6670000144069035,0.667,1.2768031491374642e-16,0.6615267422624639,0.662,8.128552715677199e-05,0.6750000146335184,0.675,3.748377110083195e-14,0.684552266304467,0.684,8.123265287325852e-05,0.6890001112022189,0.689,4.092134262929322e-05,2.6448548498750705e-07,8.128552715677199e-05,0.0002034395226969352,0.5773502691896258,0.00011745586319288453,0.5773502691896258,0.00011745586319288453,0.5773502691896258,0.00011745586319288453
2340600000000,0.6670000306886192,0.667,9.278299375616946e-15,0.6626038793724324,0.663,4.0607852378494074e-05,0.6740049509985079,0.674,3.465530732021518e-05,0.6849999521281603,0.685,7.014790885760288e-06,0.6890000266414718,0.689,2.502681987405145e-13,7.84680339570486e-08,4.0607852378494074e-05,8.227795084401606e-05,0.5773502691896258,4.7503197068163473e-05,0.5773502691896258,4.7503197068163473e-05,0.5773502691896258,4.7503197068163473e-05
2340900000000,0.6719993870574457,0.672,0.0008747747435883865,0.6677689287352077,0.668,0.0009337207221966889,0.6791702543675464,0.681,0.0009338125612970283,0.6901652494249346,0.692,0.0009338103657422308,0.694165502049419,0.696,0.0009338747666537575,5.066527893991449e-06,0.0009338747666537575,0.004609993159478092,0.5773502691896258,0.00266158079158701,0.5773502691896258,0.00266158079158701,0.5773502691896258,0.00266158079158701
2341200000000,0.672000000771242,0.672,1.318256183354649e-11,0.6689999664488072,0.669,5.304088483065502e-05,0.6809996172844588,0.681,0.00011712990386209606,0.6922366530401755,0.693,0.0001501749528031473,0.6959994979131866,0.696,0.00011772392899108914,2.9134949038096564e-07,0.0001501749528031473,0.0004380696836695494,0.5773502691896258,0.0002529196497904286,0.5773502691896258,0.0002529196497904286,0.5773502691896258,0.0002529196497904286
2341500000000,0.671000332605091,0.671,3.4976775484552874e-05,0.6680003469592786,0.668,3.4973369334592944e-05,0.6795379095706914,0.679,7.478063041705048e-05,0.6910009231270319,0.691,5.344599463832435e-05,0.6950002813571854,0.695,3.4945180402542485e-05,1.4467393428680098e-07,7.478063041705048e-05,0.00023312195027706313,0.5773502691896258,0.00013459302074647297,0.5773502691896258,0.00013459302074647297,0.5773502691896258,0.00013459302074647297
2341800000000,0.6731928764971722,0.674,0.00016825370515459532,0.6689999686974613,0.669,3.4973526680658225e-05,0.6809999341377605,0.681,7.481305421497768e-05,0.6909999884780137,0.691,3.05749075515035e-11,0.6949999844825685,0.695,3.0847088353682383e-12,3.2572417725416896e-07,0.00016825370515459532,0.00027804031970984764,0.5773502691896258,0.00016052665343005017,0.5773502691896258,0.00016052665343005017,0.5773502691896258,0.00016052665343005017
2342100000000,0.6665854726877785,0.666,0.0015280224785136772,0.6623927214832508,0.662,0.0015279500512392185,0.6750001833336321,0.675,0.0012598953399073787,0.6843925142022746,0.682,0.0015280550706593626,0.6883925335288391,0.687,0.001528044283707879,4.080141151089499e-06,0.0015280550706593626,0.007371967224027515,0.5773502691896258,0.004256207261249385,0.5773502691896258,0.004256207261249385,0.5773502691896258,0.004256207261249385
2342400000000,0.6660002219630332,0.666,1.1988144378519226e-05,0.6635704978419713,0.664,4.8550500290633595e-05,0.6750000590224272,0.675,5.408646481023575e-13,0.6832166067420844,0.683,4.839654242258802e-05,0.6880001446832724,0.688,5.388915214380686e-06,1.1569532907610637e-07,4.8550500290633595e-05,0.00011432410284698619,0.5773502691896258,6.600505155356994e-05,0.5773502691896258,6.600505155356994e-05,0.5773502691896258,6.600505155356994e-05
2342700000000,0.6669999696342407,0.667,3.498233921296684e-05,0.6639999889922591,0.664,6.456192686143404e-06,0.6764724307834866,0.677,7.58757510967816e-05,0.6846888375494231,0.685,7.586122425270214e-05,0.68947238258552,0.69,7.586195542850421e-05,3.2676574298368575e-07,7.58757510967816e-05,0.0002690374626770982,0.5773502691896258,0.00015532885149871658,0.5773502691896258,0.00015532885149871658,0.5773502691896258,0.00015532885149871658
2343000000000,0.6670001674152803,0.667,1.3691068876724739e-12,0.664000164247799,0.664,1.0750076487846069e-12,0.6779973361542784,0.678,8.138677364543352e-05,0.6863792673850065,0.687,0.00010001435601607167,0.6900000156257869,0.69,9.743881881346269e-06,1.9265806532004743e-07,0.00010001435601607167,0.00019114501398696598,0.5773502691896258,0.0001103576252796296,0.5773502691896258,0.0001103576252796296,0.5773502691896258,0.0001103576252796296
2343300000000,0.6670000001209256,0.667,9.79559039038053e-13,0.6649999910994346,0.665,3.498788066381061e-05,0.6780000001051707,0.678,2.483822024848324e-10,0.687563396075397,0.688,4.9075626439200426e-05,0.6909999915537522,0.691,3.499831497785233e-05,9.531149356465699e-08,4.9075626439200426e-05,0.0001190620714426249,0.5773502691896258,6.874051899767395e-05,0.5773502691896258,6.874051899767395e-05,0.5773502691896258,6.874051899767395e-05
2343600000000,0.6679999163158351,0.668,3.499413388947795e-05,0.6640002135558463,0.664,3.498442978322625e-05,0.6770002169428243,0.677,3.498482300989721e-05,0.6853687753371983,0.685,0.00016857260645860547,0.6888036151478386,0.688,0.00016884242607589353,3.908963274173882e-07,0.00016884242607589353,0.0004423784192171004,0.5773502691896258,0.0002554072994186741,0.5773502691896258,0.0002554072994186741,0.5773502691896258,0.0002554072994186741
2343900000000,0.6758171142968551,0.677,0.0021388004496062027,0.67099999835527,0.671,0.0017148945533385367,0.6848173739138471,0.685,0.0021387780088363674,0.6931857843551986,0.696,0.0021386970495624355,0.696620811871898,0.699,0.002138799761792542,7.50645835919854e-06,0.0021388004496062027,0.010269969823136086,0.5773502691896258,0.005929369841956953,0.5773502691896258,0.005929369841956953,0.5773502691896258,0.005929369841956953
2344200000000,0.6796111108553358,0.681,0.0005038043460017115,0.6699999937709615,0.67,3.5000320902329805e-05,0.6859998909747501,0.686,4.894213097643334e-05,0.6959995564691199,0.696,0.00027710597281784173,0.7004136272345246,0.701,0.0005034906931241869,1.136423142451224e-06,0.0005038043460017115,0.0013683434638225031,0.5773502691896258,0.0007900134671817873,0.5773502691896258,0.0007900134671817873,0.5773502691896258,0.0007900134671817873
2344500000000,0.6858816736871876,0.686,0.0013761985379870396,0.6759993250611803,0.676,0.0012597191575429388,0.6899999793862449,0.69,0.0005600247554921234,0.7009999571605213,0.701,0.0008751402476098647,0.7066893479899241,0.709,0.001378463484991325,2.6765571428869702e-06,0.001378463484991325,0.0054495461836232915,0.5773502691896258,0.0031462969560762054,0.5773502691896258,0.0031462969560762054,0.5773502691896258,0.0031462969560762054
2344800000000,0.6859999915073479,0.686,4.899687298624997e-07,0.6750000222868937,0.675,3.4951211214392355e-05,0.6890000222182137,0.689,3.499700182639781e-05,0.7009999965063626,0.701,5.4183332833301386e-14,0.7091087146752145,0.71,0.00020486673052625933,3.9719476562628647e-07,0.00020486673052625933,0.0002753049123510953,0.5773502691896258,0.00015894736525513123,0.5773502691896258,0.00015894736525513123,0.5773502691896258,0.00015894736525513123
2345100000000,0.6820000867913738,0.682,0.0005599733207905179,0.6710000935547639,0.671,0.0005599800451741247,0.6850000849530222,0.685,0.0005599824343913494,0.6966149814799661,0.695,0.0006729924873602877,0.7060000144386703,0.706,0.0003382406006241473,1.3040826021722617e-06,0.0006729924873602877,0.002691168888340427,0.5773502691896258,0.0015537470821180917,0.5773502691896258,0.0015537470821180917,0.5773502691896258,0.0015537470821180917
2345400000000,0.6819999540678634,0.682,6.165435574911854e-13,0.6709999591115743,0.671,6.326239928660051e-13,0.6820799949712292,0.682,0.0002984423925618848,0.6940005385099427,0.694,0.00023923592152267544,0.7030760029527817,0.702,0.0002992445109362983,5.82090921795802e-07,0.0002992445109362983,0.0008369228262700261,0.5773502691896258,0.000483197619037942,0.5773502691896258,0.000483197619037942,0.5773502691896258,0.000483197619037942
2345700000000,0.6790000010735602,0.679,0.00031499012888101065,0.6670000024967842,0.667,0.0005599878522071172,0.6770002119246235,0.677,0.0009031468530204024,0.6888724610806815,0.687,0.0009204012342174521,0.6979497371610794,0.697,0.0009197510338511944,2.2040556093606544e-06,0.0009204012342174521,0.003618277102177177,0.5773502691896258,0.0020890132589446524,0.5773502691896258,0.0020890132589446524,0.5773502691896258,0.0020890132589446524
2346000000000,0.6753268702861129,0.674,0.00047221614235924816,0.664000174413449,0.664,0.0003149638985348076,0.674000171469111,0.674,0.0003150084957149073,0.6851994334629141,0.684,0.0004721896158308548,0.6942770208946137,0.694,0.00047210956708866207,1.6379830120008348e-06,0.00047221614235924816,0.00204648771952848,0.5773502691896258,0.0011815402357630313,0.5773502691896258,0.0011815402357630313,0.5773502691896258,0.0011815402357630313
2346300000000,0.6789997063135372,0.679,0.0004721403569521064,0.6682638330082192,0.669,0.0006362574614465173,0.6782638385147107,0.679,0.0006362599836506723,0.6894632038028932,0.691,0.0006362908129229756,0.6985405581729077,0.699,0.0006362212543190862,1.8283525011932191e-06,0.0006362908129229756,0.0030171698692913577,0.5773502691896258,0.0017419638362261936,0.5773502691896258,0.0017419638362261936,0.5773502691896258,0.0017419638362261936
2346600000000,0.6789999999965333,0.679,3.018739575565502e-12,0.6689999997873921,0.669,1.896795343652178e-05,0.6789999997871135,0.679,1.896766966449594e-05,0.6913169632138386,0.692,0.00012027483837840936,0.6989999998782818,0.699,7.388033822295275e-06,2.3326962562485084e-07,0.00012027483837840936,0.00016559849832046192,0.5773502691896258,9.560833758271648e-05,0.5773502691896258,9.560833758271648e-05,0.5773502691896258,9.560833758271648e-05
2346900000000,0.6914958801341261,0.694,0.005465145714458055,0.6809999535824925,0.681,0.005039961187959089,0.6899999907178099,0.69,0.004234993016639168,0.7038128443789213,0.707,0.0054651466132154105,0.7114958874858273,0.716,0.005465152248514319,1.835780339910255e-05,0.005465152248514319,0.025670398780786044,0.5773502691896258,0.014820811646291865,0.5773502691896258,0.014820811646291865,0.5773502691896258,0.014820811646291865
2347200000000,0.6973369110140867,0.6973999999999999,0.0011941174609228548,0.6838361181722503,0.6824,0.00028153403530685564,0.6918361385046434,0.6903999999999999,0.00011800035432827428,0.7096538705226705,0.7103999999999999,0.0011941155244186376,0.7173369541286335,0.7193999999999999,0.001194132083399639,5.73709236723076e-05,0.001194132083399639,0.003981899458376261,0.5773502691896258,0.0022989507241795598,0.5773502691896258,0.0022989507241795598,0.5773502691896258,0.0022989507241795598
2347500000000,0.6973909844697317,0.6972000000000002,1.023378511887485e-07,0.68239296698702,0.6822000000000001,7.289398702010739e-05,0.6903929221013031,0.6902000000000001,7.290057554047099e-05,0.7103903433740624,0.7102000000000002,1.8983729129305504e-05,0.7194326846175877,0.7202000000000002,0.00015372301988162337,8.44685378912434e-05,0.00015372301988162337,0.000318603649422696,0.5773502691896258,0.00018394590275899072,0.5773502691896258,0.00018394590275899072,0.5773502691896258,0.00018394590275899072
2347800000000,0.6984224339713944,0.6988,3.7236082606806216e-05,0.6818945437969742,0.6818,8.694898673139497e-06,0.6898945398160385,0.6898,8.693471579293163e-06,0.7108939186485956,0.7108,8.875581999243804e-06,0.7188945594500382,0.7188,1.0135254358255257e-05,0.00021168913702325398,3.7236082606806216e-05,7.363528921673793e-05,0.5773502691896258,4.251335405113959e-05,0.5773502691896258,4.251335405113959e-05,0.5773502691896258,4.251335405113959e-05
2348100000000,0.6984035742123513,0.6984,1.2449167890644051e-08,0.6807935529753584,0.6804,4.242632762488243e-05,0.6894063478930014,0.6894,8.341597380155671e-06,0.711996135988146,0.7124,4.2520907226194986e-05,0.7194002809067566,0.7194,8.951396712486347e-06,0.0006890608148218767,4.2520907226194986e-05,0.00010225267811161009,0.5773502691896258,5.903561123309825e-05,0.5773502691896258,5.903561123309825e-05,0.5773502691896258,5.903561123309825e-05
2348400000000,0.7007678094021421,0.701,0.00019563628114257765,0.6817731643466957,0.6819999999999999,3.358734535986611e-05,0.6907731109224906,0.691,6.538144125725094e-05,0.7097739211356524,0.71,0.0001728383597725152,0.7169119840711412,0.716,0.00021670673997466875,0.00036051995753241236,0.00021670673997466875,0.0006841501675068786,0.5773502691896258,0.000394994283376224,0.5773502691896258,0.000394994283376224,0.5773502691896258,0.000394994283376224
2348700000000,0.7032122987227263,0.7036,0.00020914348134575106,0.6842122985476562,0.6846000000000001,0.00020822814776033863,0.6922123449992644,0.6926,7.249881547114475e-05,0.7066125200298785,0.7066,0.0003498059933055948,0.71375051952892,0.7126,0.0003498200318102699,5.78740195703576e-06,0.0003498200318102699,0.001189496469693099,0.5773502691896258,0.0006867561069774204,0.5773502691896258,0.0006867561069774204,0.5773502691896258,0.0006867561069774204
2349000000000,0.7039999936526072,0.704,2.1716215589605718e-05,0.6849999938014212,0.685,2.171623344813601e-05,0.6919999952936188,0.692,1.5782339120728503e-06,0.7039710333862853,0.703,0.00024421080908984533,0.7111090700039993,0.711,0.00024420394574463936,4.774010515770275e-07,0.00024421080908984533,0.0005334254377842992,0.5773502691896258,0.00030797332009735917,0.5773502691896258,0.00030797332009735917,0.5773502691896258,0.00030797332009735917
2349300000000,0.7018064229803679,0.701,0.0001684113302938013,0.6830008463730699,0.683,0.00013988066540992345,0.6910000617485987,0.691,3.499534830597188e-05,0.7030000559658701,0.703,3.2997900283464554e-05,0.7109999646933283,0.711,4.166389085814419e-07,3.251593739022461e-07,0.0001684113302938013,0.00037670188320174265,0.5773502691896258,0.0002174889336707651,0.5773502691896258,0.0002174889336707651,0.5773502691896258,0.0002174889336707651
2349600000000,0.7034819874878045,0.7031999999999999,9.826307465035177e-05,0.684482002438064,0.6842,7.678381511040872e-05,0.6924820006913806,0.6921999999999999,7.686500605466472e-05,0.7054817850416469,0.7051999999999999,0.00021556427219446194,0.7140721879243985,0.7152,0.00033034944535347243,2.394993931294216e-06,0.00033034944535347243,0.0007978256133633595,0.5773502691896258,0.00046062483264171396,0.5773502691896258,0.00046062483264171396,0.5773502691896258,0.00046062483264171396
2349900000000,0.7013835559557123,0.7010000000000001,0.00015411952132076087,0.683377102325805,0.683,4.2728149032452545e-05,0.6913771033025478,0.6910000000000001,4.272793839473334e-05,0.7076359336416168,0.7080000000000001,0.00016241246667632588,0.7162263029624749,0.7170000000000001,0.00016240740590433927,0.0002030813561342194,0.00016241246667632588,0.0005643954813286119,0.5773502691896258,0.00032585388307448254,0.5773502691896258,0.00032585388307448254,0.5773502691896258,0.00032585388307448254
2350200000000,0.6984656409510742,0.6978,0.00029799797910022905,0.6804656309516928,0.6798,0.0002966832946796142,0.6904644267271817,0.6898,2.9154248592769046e-05,0.7110068055506308,0.7118,0.0003976972099442827,0.7195974813136822,0.7208,0.00039776952164769755,0.0009233016854805972,0.00039776952164769755,0.0014193022539645925,0.5773502691896258,0.0008194345383879002,0.5773502691896258,0.0008194345383879002,0.5773502691896258,0.0008194345383879002
2350500000000,0.6973300315290112,0.697,4.513630658174176e-05,0.6783385358178985,0.6779999999999999,0.0001583586797873952,0.6893300341139599,0.689,4.5039631032625717e-05,0.7132055672767779,0.714,0.00016920935949292512,0.7217958270277215,0.722,0.00016914533574522637,0.0015630027357562016,0.00016920935949292512,0.0005868893126399141,0.5773502691896258,0.0003388407026371689,0.5773502691896258,0.0003388407026371689,0.5773502691896258,0.0003388407026371689
2350800000000,0.6984833763455275,0.6985999999999999,4.655714930247559e-05,0.6770664558550273,0.6765999999999999,5.6636560117839606e-05,0.6884833969529904,0.6885999999999999,2.5087806881703975e-05,0.7134833872658911,0.7136,2.701438122280988e-06,0.7224833834903948,0.7225999999999999,1.654568612773213e-05,0.0021610359908270185,5.6636560117839606e-05,0.0001475286405520323,0.5773502691896258,8.51757003358954e-05,0.5773502691896258,8.51757003358954e-05,0.5773502691896258,8.51757003358954e-05
2351100000000,0.6982311871768583,0.6981999999999999,2.225978187792239e-06,0.6772540999181953,0.6771999999999999,1.2323603054763173e-06,0.6890071733862208,0.6891999999999999,9.60196132026152e-06,0.7132540466769548,0.7132,1.840898700677888e-06,0.7222534856922008,0.7222,1.8498549165046629e-06,0.0023716236518601004,9.60196132026152e-06,1.6751053430712626e-05,0.5773502691896258,9.67122520743174e-06,0.5773502691896258,9.67122520743174e-06,0.5773502691896258,9.67122520743174e-06
2351400000000,0.6977527514581713,0.6976,8.011525792044052e-06,0.6774693351945392,0.6776,1.6214178463996473e-06,0.6894722687624009,0.6896,7.570979813044247e-06,0.712786124032653,0.7125999999999999,7.663306036765038e-06,0.7225194797488989,0.7225999999999999,2.476349336953558e-06,0.002160950123235493,8.011525792044052e-06,2.734357882520654e-05,0.5773502691896258,1.578682259534075e-05,0.5773502691896258,1.578682259534075e-05,0.5773502691896258,1.578682259534075e-05
2351700000000,0.6961756788978211,0.6956,8.705052512133631e-05,0.6775926972387002,0.6776,5.326367878850452e-07,0.6910461841088603,0.6916,8.670233312372037e-05,0.7135926243203153,0.7136,2.2765494989982653e-05,0.7215928131742162,0.7216,3.0054882922192976e-05,0.0016132191962142611,8.705052512133631e-05,0.00022710587294511733,0.5773502691896258,0.00013111963687940847,0.5773502691896258,0.00013111963687940847,0.5773502691896258,0.00013111963687940847
2352000000000,0.6941167783503658,0.6934,0.0001483675012509075,0.6764099803509045,0.6764,4.895867328369999e-05,0.6914099230626338,0.6914,4.6307109272285895e-06,0.7156534107047549,0.7164,0.00014863941828019536,0.7224099054578398,0.7224,2.3367392998502368e-05,0.0015134357824941277,0.00014863941828019536,0.0003739636967405338,0.5773502691896258,0.0002159080409802948,0.5773502691896258,0.0002159080409802948,0.5773502691896258,0.0002159080409802948
2352300000000,0.6931524785960682,0.6928,3.2545590564842425e-05,0.6767118858369202,0.6768,3.1901422870235597e-06,0.6917119214747545,0.6918,3.192106432318597e-06,0.715711937764023,0.7158,1.1988958333009458e-07,0.7227117721243258,0.7228,3.189321951738308e-06,0.0015876777570427284,3.2545590564842425e-05,4.223705081925298e-05,0.5773502691896258,2.4385572660271617e-05,0.5773502691896258,2.4385572660271617e-05,0.5773502691896258,2.4385572660271617e-05
2352600000000,0.6931908222974316,0.6932,5.145838019846867e-08,0.6763431065852124,0.6762,4.759934777157386e-06,0.6913401918966313,0.6912,4.8364007738064695e-06,0.7160639194843088,0.7162000000000001,4.336189599538084e-06,0.7230582628423101,0.7232000000000001,4.201953617725032e-06,0.0016642347922786566,4.8364007738064695e-06,1.8185937148425437e-05,0.5773502691896258,1.0499655708109043e-05,0.5773502691896258,1.0499655708109043e-05,0.5773502691896258,1.0499655708109043e-05
2352900000000,0.6935410184605467,0.6936,4.292307343120226e-06,0.6757948334289905,0.6756,1.0521120884171679e-05,0.6915528563061508,0.6916,1.58291528766976e-06,0.7165062072375863,0.7166,6.846645984473485e-06,0.7226047628296955,0.7226,7.198179150449582e-06,0.0017424347344484658,1.0521120884171679e-05,3.0441168649884733e-05,0.5773502691896258,1.757521691445775e-05,0.5773502691896258,1.757521691445775e-05,0.5773502691896258,1.757521691445775e-05
2353200000000,0.6924135629515226,0.6920000000000001,4.4490457369012125e-05,0.6758966096383963,0.676,3.625438880352385e-07,0.6918966091761732,0.6920000000000001,4.135811247702728e-06,0.716896609002245,0.7170000000000001,5.334473824703732e-06,0.7228966091951466,0.7230000000000001,2.981100535945561e-06,0.0013226068972904412,4.4490457369012125e-05,5.730438686539938e-05,0.5773502691896258,3.308470318248479e-05,0.5773502691896258,3.308470318248479e-05,0.5773502691896258,3.308470318248479e-05
2353500000000,0.6920648274608856,0.692,4.25657548504315e-06,0.6751011622091717,0.6749999999999999,2.2145781443098065e-05,0.6920647931635023,0.692,9.900048757869707e-07,0.7177044149986511,0.718,2.283926847403576e-05,0.723064801836192,0.723,9.90106757563877e-07,0.0018225551111117628,2.283926847403576e-05,5.122173703552783e-05,0.5773502691896258,2.9572883665822218e-05,0.5773502691896258,2.9572883665822218e-05,0.5773502691896258,2.9572883665822218e-05
2353800000000,0.6905521517933231,0.69,8.008656863325049e-05,0.6758617475921416,0.6759999999999999,2.0247154367559213e-05,0.6928617748222743,0.693,2.2231291754661437e-05,0.7178619993744149,0.718,8.691492419696866e-07,0.7228623152165454,0.723,1.4350290897569317e-06,0.0016901908376353986,8.008656863325049e-05,0.00012486919308719776,0.5773502691896258,7.2093262242385e-05,0.5773502691896258,7.2093262242385e-05,0.5773502691896258,7.2093262242385e-05
2354100000000,0.6916150214608228,0.692,3.9539217553181445e-05,0.6751526023022867,0.6749999999999999,1.7601046474317883e-05,0.6921526022791425,0.692,1.7602399357617985e-05,0.7171526023045287,0.717,1.7613547096707075e-05,0.7239271716519233,0.724,3.968717297880071e-05,0.002250111687451637,3.968717297880071e-05,0.00013204338346062508,0.5773502691896258,7.623528298570088e-05,0.5773502691896258,7.623528298570088e-05,0.5773502691896258,7.623528298570088e-05
2354400000000,0.6924853786983322,0.6928,2.6513260230974144e-05,0.6758172742354797,0.6758,1.5462607257106933e-05,0.6918177486157853,0.6918,3.924444155232714e-06,0.7168177425346337,0.7168,3.924587292294673e-06,0.7230618540944558,0.7228,2.6207106634156154e-05,0.0018496842907099005,2.6513260230974144e-05,7.603200556976461e-05,0.5773502691896258,4.389709888273073e-05,0.5773502691896258,4.389709888273073e-05,0.5773502691896258,4.389709888273073e-05
2354700000000,0.6933746328231181,0.6936000000000001,2.7677051445706408e-05,0.6765617103537718,0.6766000000000001,1.9396479697624025e-05,0.6915695766640148,0.6916000000000001,2.1556261175955386e-06,0.7159236992872131,0.7156000000000001,2.7975966489042717e-05,0.722570366912375,0.7226000000000001,8.45458775524065e-06,0.0020164798171446157,2.7975966489042717e-05,8.565971150520934e-05,0.5773502691896258,4.94556574962383e-05,0.5773502691896258,4.94556574962383e-05,0.5773502691896258,4.94556574962383e-05
2355000000000,0.6939712912030646,0.6942,1.2460042782612986e-05,0.6762806174853768,0.6762,2.765462023187521e-06,0.6921176118691781,0.6922,1.0511990513444579e-05,0.7153453981329367,0.7152000000000001,1.1705127876308477e-05,0.722284887752482,0.7222000000000001,2.8524422756617603e-06,0.002689653319290558,1.2460042782612986e-05,4.029506547121532e-05,0.5773502691896258,2.3264366896819762e-05,0.5773502691896258,2.3264366896819762e-05,0.5773502691896258,2.3264366896819762e-05
2355300000000,0.6938968274663263,0.6938000000000001,1.940696831158221e-07,0.6758985483642668,0.6758000000000001,5.109188465703247e-06,0.6918974049768324,0.6918000000000001,1.6971876402792425e-06,0.716408711723356,0.7168000000000001,3.957225270495772e-05,0.721898485973257,0.7218000000000001,5.225721724588558e-06,0.0029241964256969907,3.957225270495772e-05,5.179842021864459e-05,0.5773502691896258,2.9905831856831813e-05,0.5773502691896258,2.9905831856831813e-05,0.5773502691896258,2.9905831856831813e-05
2355600000000,0.6947104544799466,0.6949999999999998,2.3169612105244672e-05,0.6760370267351017,0.6759999999999998,6.711690716182356e-07,0.6920353979928735,0.6919999999999998,6.664725366643275e-07,0.7160619403755344,0.7159999999999999,4.208762868449658e-06,0.7211547164235574,0.7209999999999999,1.936176000711048e-05,0.0027225724289620646,2.3169612105244672e-05,4.8077776589087376e-05,0.5773502691896258,2.7757717255748287e-05,0.5773502691896258,2.7757717255748287e-05,0.5773502691896258,2.7757717255748287e-05
2355900000000,0.6956573504492786,0.696,3.138141918579834e-05,0.6769793259790857,0.6769999999999999,3.1077475282450936e-05,0.6920389233382105,0.692,4.3498209107517757e-10,0.7151161073052196,0.715,3.131100689154034e-05,0.7202082917650972,0.72,3.135018719495852e-05,0.0025600881459803397,3.138141918579834e-05,0.0001251205235368392,0.5773502691896258,7.223836794514103e-05,0.5773502691896258,7.223836794514103e-05,0.5773502691896258,7.223836794514103e-05
2356200000000,0.6959065912487392,0.6958000000000001,2.1742341640524078e-06,0.6759152534884653,0.6758000000000001,3.962875928533303e-05,0.690923541816277,0.6908000000000001,4.354265788147162e-05,0.7163496264115902,0.7168000000000001,5.3254928502345914e-05,0.7209049671486155,0.7208000000000001,1.698748065001607e-05,0.003097727581054562,5.3254928502345914e-05,0.00015558806048321903,0.5773502691896258,8.98288086026783e-05,0.5773502691896258,8.98288086026783e-05,0.5773502691896258,8.98288086026783e-05
2356500000000,0.6956427542817211,0.6956,2.4363480807867642e-06,0.6756643189507096,0.6756,2.203884978353502e-06,0.6914153702914791,0.6916,8.466333715687737e-06,0.7166386209156654,0.7166000000000001,2.9231238184998615e-06,0.7206389174926231,0.7206000000000001,2.477384680878929e-06,0.002788922133030401,8.466333715687737e-06,1.850707527420679e-05,0.5773502691896258,1.0685064891475958e-05,0.5773502691896258,1.0685064891475958e-05,0.5773502691896258,1.0685064891475958e-05
2356800000000,0.6954511161926631,0.6953999999999999,1.2853805012227617e-06,0.675451224978301,0.6753999999999999,1.589316437689808e-06,0.6914508180638258,0.6913999999999999,4.397905975190445e-08,0.7164502951101475,0.7163999999999999,1.2413313158397928e-06,0.7211965426382866,0.7213999999999999,1.088310310766789e-05,0.0026569259702645498,1.088310310766789e-05,1.5043110422172157e-05,0.5773502691896258,8.685143851690362e-06,0.5773502691896258,8.685143851690362e-06,0.5773502691896258,8.685143851690362e-06
2357100000000,0.6964717132183775,0.6968,3.6456640111400827e-05,0.6764581828089955,0.6768,3.548874254789323e-05,0.6909528269326635,0.6908,8.67983083507194e-06,0.7159529539234516,0.7158,8.65718895944181e-06,0.7201643121335417,0.7198,3.729249352240543e-05,0.002755802407388481,3.729249352240543e-05,0.00012657489597621324,0.5773502691896258,7.30780502645156e-05,0.5773502691896258,7.30780502645156e-05,0.5773502691896258,7.30780502645156e-05
2357400000000,0.6970022388662623,0.6972,9.851011207225732e-06,0.676231304429142,0.6762,1.8015829735727067e-06,0.6904182054890173,0.6902,1.0003703080219628e-05,0.716159330502201,0.7162000000000001,1.4906952289714109e-06,0.720187289956726,0.7202000000000001,1.847931254007819e-08,0.002856199878885805,1.0003703080219628e-05,2.3165471802529556e-05,0.5773502691896258,1.3374591381095127e-05,0.5773502691896258,1.3374591381095127e-05,0.5773502691896258,1.3374591381095127e-05
2357700000000,0.6966918378781898,0.6966,3.3722070688746817e-06,0.677232648445893,0.6776,3.509414439590626e-05,0.6896918381466894,0.6896,1.8466333060017065e-05,0.715691837933621,0.7156,7.649225558714399e-06,0.7206918375930684,0.7206,8.909891106856187e-06,0.0023104843420546192,3.509414439590626e-05,7.34918011903686e-05,0.5773502691896258,4.2430511200489774e-05,0.5773502691896258,4.2430511200489774e-05,0.5773502691896258,4.2430511200489774e-05
2358000000000,0.6947218947153597,0.6940000000000001,0.00013582366226733107,0.6768195806795465,0.677,5.9718742858079315e-06,0.6908195009410801,0.6910000000000001,4.450681822485597e-05,0.7158195460102165,0.7160000000000001,5.708273489698832e-07,0.7218194756996008,0.7220000000000001,4.450486947563762e-05,0.0018228257606067947,0.00013582366226733107,0.00023137805160260247,0.5773502691896258,0.00013358618037733367,0.5773502691896258,0.00013358618037733367,0.5773502691896258,0.00013358618037733367
2358300000000,0.6939734924702153,0.6938000000000001,1.9603707218800525e-05,0.6775728575988639,0.6778000000000001,1.985991410116933e-05,0.6915663606205422,0.6918000000000001,1.952297832821736e-05,0.7158189206675749,0.7158000000000001,1.3686869677280758e-11,0.7210683588431348,0.7208000000000001,1.974617862235808e-05,0.002131704613714127,1.985991410116933e-05,7.873279195741498e-05,0.5773502691896258,4.5456398630664346e-05,0.5773502691896258,4.5456398630664346e-05,0.5773502691896258,4.5456398630664346e-05
2358600000000,0.6943471989919952,0.6944000000000001,4.887979754726862e-06,0.6773937056636133,0.6774000000000001,1.1233395566403807e-06,0.6913927342702354,0.6914000000000001,1.055113833230347e-06,0.7162848465896309,0.7164000000000001,7.5980437695295495e-06,0.7205813765200915,0.7204000000000002,8.300312403484045e-06,0.00219042860280019,8.300312403484045e-06,2.2964789317611183e-05,0.5773502691896258,1.325872729440586e-05,0.5773502691896258,1.325872729440586e-05,0.5773502691896258,1.325872729440586e-05
2358900000000,0.6955565273502279,0.696,5.118662773090552e-05,0.6785921837594864,0.6789999999999999,5.027224112006091e-05,0.6912326191255125,0.691,8.972900849374179e-07,0.7152367819101579,0.715,3.84453850325549e-05,0.7193818711116633,0.719,5.035846286969506e-05,0.0021028099780223946,5.118662773090552e-05,0.0001911600068381538,0.5773502691896258,0.00011036628140629881,0.5773502691896258,0.00011036628140629881,0.5773502691896258,0.00011036628140629881
2359200000000,0.6974618495403172,0.6976,0.00012705884268163673,0.6784618542624773,0.6786,5.945022226724397e-07,0.6932697393464428,0.6936,0.00014524505780830579,0.7134618563003172,0.7136,0.00011026263221639535,0.7173447005333562,0.7166,0.00014525223877920318,0.001254760452612667,0.00014525223877920318,0.0005284132737082135,0.5773502691896258,0.0003050795458188085,0.5773502691896258,0.0003050795458188085,0.5773502691896258,0.0003050795458188085
2359500000000,0.6972382567785173,0.6970000000000001,1.749780309526539e-06,0.6797364547128816,0.68,5.6861220785978126e-05,0.6945439153578613,0.6950000000000001,5.682335778260684e-05,0.7122429297479542,0.7120000000000001,5.200236790194404e-05,0.7162384420501813,0.7160000000000001,4.283327410587628e-05,0.0005627250728317642,5.6861220785978126e-05,0.00021027000088593182,0.5773502691896258,0.0001213994416139956,0.5773502691896258,0.0001213994416139956,0.5773502691896258,0.0001213994416139956
2359800000000,0.6973417206529641,0.6974,3.7466706604414646e-07,0.6825526225456136,0.6834,0.00027757804417400083,0.6963416838598065,0.6964,0.0001131190055305252,0.7103417648856151,0.7104,0.00012650497418275708,0.713422204326164,0.7124,0.000277591822136233,0.00014528659775559614,0.000277591822136233,0.0007951685130895603,0.5773502691896258,0.00045909075508337213,0.5773502691896258,0.00045909075508337213,0.5773502691896258,0.00045909075508337213
2360100000000,0.697420218260387,0.6976,2.1566560298949794e-07,0.6844183506024671,0.6846000000000001,0.00012183294137457333,0.6983816999941975,0.6986,0.00014565830400014256,0.7084232197458109,0.7086,0.000128828540871316,0.7113564385637144,0.7106,0.00014935858648580625,5.258313681292613e-06,0.00014935858648580625,0.0005458940383348276,0.5773502691896258,0.00031517206998162467,0.5773502691896258,0.00031517206998162467,0.5773502691896258,0.00031517206998162467
2360400000000,0.6959420055099969,0.6953999999999999,7.647895273956282e-05,0.6832647514127191,0.6834,4.65776881705535e-05,0.6992644188940094,0.6993999999999999,2.7271742962975925e-05,0.7092644099318183,0.7093999999999999,2.4766032516228855e-05,0.7122643812392591,0.7123999999999999,2.8852596572629002e-05,3.258372959610223e-05,7.647895273956282e-05,0.0002039470129619501,0.5773502691896258,0.000117748862834002,0.5773502691896258,0.000117748862834002,0.5773502691896258,0.000117748862834002
2360700000000,0.6942275319650878,0.6936,0.00010287968376675592,0.682444173400861,0.6826,2.3567189574073937e-05,0.7004426248739127,0.7006,4.858592658780198e-05,0.7104422733304148,0.7106,4.8557676501364614e-05,0.7124433470162045,0.7126,1.1210062261188216e-06,7.314639837607625e-05,0.00010287968376675592,0.00022471148265611527,0.5773502691896258,0.00012973723500150808,0.5773502691896258,0.00012973723500150808,0.5773502691896258,0.00012973723500150808
2361000000000,0.692056894704784,0.6914,0.00016490831405366452,0.6804432145195514,0.6804,0.00014013427556422425,0.700443139670085,0.7004,9.275528463578922e-12,0.7124430647031963,0.7124,0.00014011081410889495,0.7146136855249622,0.7154,0.0001648629234908804,0.00028142770140132407,0.00016490831405366452,0.0006100163364931926,0.5773502691896258,0.00035219309608441413,0.5773502691896258,0.00035219309608441413,0.5773502691896258,0.00035219309608441413
2361300000000,0.690744609705207,0.6906000000000001,6.027321720402092e-05,0.6797445671178253,0.6796000000000001,1.708378671785175e-05,0.7020217303331315,0.7026000000000001,8.721819685102144e-05,0.7117445664524079,0.7116000000000001,1.7076493222405023e-05,0.715744525941375,0.7156000000000001,4.47580016587492e-05,0.00017660900109689982,8.721819685102144e-05,0.00022640969565404832,0.5773502691896258,0.00013071769873300605,0.5773502691896258,0.00013071769873300605,0.5773502691896258,0.00013071769873300605
2361600000000,0.6889992700061164,0.689,0.00010661737328276212,0.6819186315419733,0.682,0.00016542946421211304,0.7042064700684167,0.705,0.00016705806988269353,0.7109991803867927,0.711,1.944601353846836e-05,0.7135601897070546,0.713,0.00016699636745978521,4.750621454134699e-07,0.00016705806988269353,0.0006255472883758223,0.5773502691896258,0.0003611598953346215,0.5773502691896258,0.0003611598953346215,0.5773502691896258,0.0003611598953346215
2361900000000,0.6889999965179725,0.689,1.8473681697876725e-11,0.6810000010292768,0.681,2.953587065999442e-05,0.7039999964609308,0.704,1.492097270588962e-06,0.7109999953742714,0.711,2.324716066677992e-11,0.7116889536318367,0.711,0.0001225533557218893,2.373285534340715e-07,0.0001225533557218893,0.00015358136537331504,0.5773502691896258,8.867024264079372e-05,0.5773502691896258,8.867024264079372e-05,0.5773502691896258,8.867024264079372e-05
2362200000000,0.6904666659329008,0.691,7.528917104401893e-05,0.6809967722341018,0.681,3.648791398743347e-10,0.7030020894598932,0.703,3.4853643395197396e-05,0.7109967052505749,0.711,3.788719878363983e-10,0.7129723603791569,0.713,5.7649650767344895e-05,1.4261740772896474e-07,7.528917104401893e-05,0.00016779320895768892,0.5773502691896258,9.687545435991284e-05,0.5773502691896258,9.687545435991284e-05,0.5773502691896258,9.687545435991284e-05
2362500000000,0.6870000182864672,0.687,0.0004206176066583445,0.6760000958658647,0.676,0.0008738371155114632,0.697134027953923,0.697,0.00120519510432472,0.7051240090843242,0.703,0.0012070996091383672,0.7071001982270385,0.705,0.001206880091927008,4.470105342552521e-06,0.0012070996091383672,0.004913629527559903,0.5773502691896258,0.002836885330434804,0.5773502691896258,0.002836885330434804,0.5773502691896258,0.002836885330434804
2362800000000,0.6869999960556302,0.687,1.7297353900976537e-14,0.6740000096762685,0.674,0.00014001206680347618,0.6930000453277171,0.693,0.0005981434323820283,0.6991860851764877,0.697,0.0012340629117339405,0.7011650632144413,0.701,0.0012329039666215162,2.4031071328925347e-06,0.0012340629117339405,0.0032051223775582584,0.5773502691896258,0.0018504782674689541,0.5773502691896258,0.0018504782674689541,0.5773502691896258,0.0018504782674689541
2363100000000,0.6879998917014475,0.688,3.499269558835114e-05,0.6739999609170564,0.674,8.321112680355557e-14,0.6920000222675494,0.692,3.5001614230348556e-05,0.6968572610623326,0.696,0.00018981976141346603,0.7029996638335503,0.703,0.00011780158010723016,3.6744832787573004e-07,0.00018981976141346603,0.00037761565142260703,0.5773502691896258,0.00021801649799905808,0.5773502691896258,0.00021801649799905808,0.5773502691896258,0.00021801649799905808
2363400000000,0.6946315386071187,0.696,0.001539255923852442,0.6806316075961623,0.682,0.0015392558186773588,0.6979998385215068,0.698,0.0012599228278438,0.7034889087322309,0.705,0.0015392562786183746,0.7096313484397581,0.712,0.001539273425067462,5.81954570706356e-06,0.001539273425067462,0.007416964274059437,0.5773502691896258,0.004282186320198054,0.5773502691896258,0.004282186320198054,0.5773502691896258,0.004282186320198054
2363700000000,0.6983664203620681,0.6976,0.0004882269603208879,0.6803665082871795,0.6796000000000001,2.4597175268100623e-06,0.6993664763104948,0.6986,6.536945962014405e-05,0.7078790750572617,0.7086,0.000674574612650191,0.7140215131965678,0.7156,0.0006745741307177061,5.078691707124807e-05,0.000674574612650191,0.0019052048808357392,0.5773502691896258,0.001099970550811903,0.5773502691896258,0.001099970550811903,0.5773502691896258,0.001099970550811903
2364000000000,0.6984127201838869,0.6982,7.5028572515865e-08,0.6784137358360838,0.6782000000000001,0.00013346620860154186,0.6994127166518798,0.6992,7.483592099906821e-08,0.7074127494182294,0.7072,7.611086056659637e-06,0.7163480154783063,0.7172000000000001,0.0001894414503427014,5.805396027095061e-05,0.0001894414503427014,0.0003306686094944178,0.5773502691896258,0.0001909116107041614,0.5773502691896258,0.0001909116107041614,0.5773502691896258,0.0001909116107041614
2364300000000,0.6981449451269656,0.6976,2.5096218388226904e-06,0.6761468896732821,0.6756,0.00017985070340330856,0.6971467497026341,0.6966,0.00017971121752757493,0.7098128510259432,0.7106,0.00020161707045725547,0.7187485585240719,0.7196,0.0002016912420100832,0.000673519869951372,0.0002016912420100832,0.0007653798552370449,0.5773502691896258,0.0004418922654534247,0.5773502691896258,0.0004418922654534247,0.5773502691896258,0.0004418922654534247
2364600000000,0.6980672324996615,0.6976,2.1137383548743404e-07,0.674081083464613,0.6736,0.00014936443521214288,0.69508042038927,0.6946,0.00014944008909437799,0.711917820598944,0.7126,0.0001550813916140829,0.7208534399141702,0.7216,0.00015506839832336565,0.0009417516967648525,0.0001550813916140829,0.0006091656880794569,0.5773502691896258,0.00035170197399375804,0.5773502691896258,0.00035170197399375804,0.5773502691896258,0.00035170197399375804
2364900000000,0.6990872753140634,0.6992,3.6417057012455616e-05,0.6740874269740929,0.6742,1.4084039382160152e-09,0.6940876790847518,0.6942,3.449373541937794e-05,0.7106610042276493,0.7102,5.5285558690404185e-05,0.7220766130484583,0.7222000000000001,5.2365338075546315e-05,0.0006242328937289024,5.5285558690404185e-05,0.00017856309760172227,0.5773502691896258,0.00010309345246768779,0.5773502691896258,0.00010309345246768779,0.5773502691896258,0.00010309345246768779
2365200000000,0.6979999865197459,0.698,4.137689227869564e-05,0.6785338410651348,0.679,0.000691970939415578,0.695999984571195,0.696,0.0001279919295718371,0.7070000245095356,0.707,0.0004690970373754065,0.7176300884349931,0.716,0.0006920053398353068,1.437246229736757e-06,0.0006920053398353068,0.002022442138476824,0.5773502691896258,0.0011676575130700369,0.5773502691896258,0.0011676575130700369,0.5773502691896258,0.0011676575130700369
2365500000000,0.6880000386434225,0.688,0.0034999635135214793,0.6730000049475557,0.673,0.0010718169761677915,0.6910000019086491,0.691,0.0008749939319016122,0.6960000993324448,0.696,0.004234942386555868,0.7054772274340251,0.701,0.005169221067809728,1.0022782753687774e-05,0.005169221067809728,0.014850937875956479,0.5773502691896258,0.008574192980401884,0.5773502691896258,0.008574192980401884,0.5773502691896258,0.008574192980401884
2365800000000,0.6830000271843273,0.683,0.0008750040106879274,0.6690000177035841,0.669,0.0005599964283177595,0.688000008453241,0.688,0.000314998625637184,0.6910000263117146,0.691,0.0008750255574421677,0.6970901168310153,0.694,0.00246202684934917,4.774411015570239e-06,0.00246202684934917,0.005087051471434208,0.5773502691896258,0.0029370105364140225,0.5773502691896258,0.0029370105364140225,0.5773502691896258,0.0029370105364140225
2366100000000,0.6800000468479972,0.68,0.0003149958706428516,0.6650000868030576,0.665,0.0005599806523145434,0.6830002759193989,0.683,0.0008749063893485758,0.6850742757534141,0.684,0.0012290081887719872,0.6911643412664865,0.689,0.001229018561440823,2.9192207990254738e-06,0.001229018561440823,0.00420790966251878,0.5773502691896258,0.0024294377763808455,0.5773502691896258,0.0024294377763808455,0.5773502691896258,0.0024294377763808455
2366400000000,0.6849999704654067,0.685,0.0008749732662975359,0.6699999705563296,0.67,0.0008749593141181986,0.6859999879782287,0.686,0.00031493953525610417,0.6922830703632308,0.694,0.0018188351904282886,0.6983731777461423,0.701,0.0018188563186645455,4.9240212664310174e-06,0.0018188563186645455,0.005702563624764673,0.5773502691896258,0.0032923766438288523,0.5773502691896258,0.0032923766438288523,0.5773502691896258,0.0032923766438288523
2366700000000,0.6949623594877987,0.695,0.0034737218261716774,0.6769999933740064,0.677,0.0017150111806798322,0.6929999934662201,0.693,0.0017150026891168406,0.7022632909092401,0.704,0.003486168075144539,0.7083534248816938,0.712,0.003486186651033984,8.157542683811305e-06,0.003486186651033984,0.013876090422146874,0.5773502691896258,0.008011364540526086,0.5773502691896258,0.008011364540526086,0.5773502691896258,0.008011364540526086
2367000000000,0.7008968277980328,0.7,0.0012326269943810186,0.6798976028611807,0.679,0.00029386492590569274,0.6958976005388992,0.695,0.00029386443616738863,0.708608828601179,0.709,0.0014093047009936075,0.7146991309149429,0.717,0.001409379477114456,6.643139209531866e-05,0.001409379477114456,0.004639040534562163,0.5773502691896258,0.002678351301411051,0.5773502691896258,0.002678351301411051,0.5773502691896258,0.002678351301411051
2367300000000,0.7008615089970289,0.7006,4.3659619652173206e-08,0.6778616288005014,0.6776,0.00014508166315157012,0.6938616260570083,0.6936,0.00014508172318187596,0.7098614662074089,0.7096,5.491853403894327e-05,0.7175537637431394,0.7186,0.00028521250043360717,0.0004495842128424694,0.00028521250043360717,0.0006303380804256486,0.5773502691896258,0.00036392586041422026,0.5773502691896258,0.00036392586041422026,0.5773502691896258,0.00036392586041422026
2367600000000,0.7001948547594727,0.7,1.5554975535806674e-05,0.6746043670552666,0.6739999999999999,0.000371341392693946,0.6921948549246332,0.692,9.723441027016666e-05,0.7121948541490801,0.712,0.00019056447502178956,0.7208110691024162,0.722,0.00037135133712507196,0.001823446360834077,0.00037135133712507196,0.001046046590646781,0.5773502691896258,0.0006039352806948093,0.5773502691896258,0.0006039352806948093,0.5773502691896258,0.0006039352806948093
2367900000000,0.6988616597211331,0.6988000000000001,6.220931535886818e-05,0.6716773255210295,0.6708000000000001,0.00029986502501021,0.6918614481959661,0.6918000000000001,3.890601635217571e-06,0.7138610163539071,0.7138000000000001,9.716337724778426e-05,0.7237385390923081,0.7248000000000001,0.0002999528189601202,0.003460554263565328,0.0002999528189601202,0.0007630811382122002,0.5773502691896258,0.0004405651005603399,0.5773502691896258,0.0004405651005603399,0.5773502691896258,0.0004405651005603399
2368200000000,0.6976074252615541,0.6978,5.505864278584538e-05,0.6695716809859841,0.6688,0.00015518086177883987,0.6916072964319693,0.6918,2.2607591699938107e-06,0.7156068578978807,0.7158,0.00010667869438324605,0.7256067360952194,0.7258,0.0001221556014590365,0.004040472316785001,0.00015518086177883987,0.00044133455957696163,0.5773502691896258,0.0002548046267744438,0.5773502691896258,0.0002548046267744438,0.5773502691896258,0.0002548046267744438
2368500000000,0.6975940218026403,0.6976,6.287844879852899e-09,0.6695998003552068,0.6696,2.7674462391999882e-08,0.6915942740740006,0.6916,5.935363247208471e-09,0.7148718873042088,0.7146,1.890636207468441e-05,0.7263397450464834,0.7266,1.8805574292156934e-05,0.00428498209863882,1.890636207468441e-05,3.775183403736041e-05,0.5773502691896258,2.179603154387211e-05,0.5773502691896258,2.179603154387211e-05,0.5773502691896258,2.179603154387211e-05
2368800000000,0.6972893288790809,0.6972,3.2493222183509095e-06,0.6692897239902129,0.6692,3.365157324474417e-06,0.6912895706701353,0.6912,3.2495457514495136e-06,0.7158430090057178,0.7162000000000001,3.300770756996324e-05,0.7262883617512429,0.7262000000000001,9.240850604188672e-08,0.0041616798843658355,3.300770756996324e-05,4.296414137027996e-05,0.5773502691896258,2.4805358585632274e-05,0.5773502691896258,2.4805358585632274e-05,0.5773502691896258,2.4805358585632274e-05
2369100000000,0.69716432064384,0.6971999999999999,5.469470607312348e-07,0.6700937826638835,0.6701999999999999,2.262786227467324e-05,0.6904897046573397,0.6901999999999999,2.239249734489248e-05,0.7151647790812433,0.7152,1.6099854065845298e-05,0.7270874123093416,0.7272,2.2346862803924636e-05,0.0041616552265038706,2.262786227467324e-05,8.40140235500669e-05,0.5773502691896258,4.8505519112334685e-05,0.5773502691896258,4.8505519112334685e-05,0.5773502691896258,4.8505519112334685e-05
2369400000000,0.6971657028257638,0.6972,6.686494046712697e-11,0.6694769352226677,0.6692,1.3317526800707554e-05,0.6910333448056234,0.6912,1.0344061378906365e-05,0.7151615461224176,0.7152000000000001,3.658207969172379e-10,0.7271605551053724,0.7272000000000001,1.8724540139194523e-07,0.0037637286766083874,1.3317526800707554e-05,2.384926626674325e-05,0.5773502691896258,1.376938029907928e-05,0.5773502691896258,1.376938029907928e-05,0.5773502691896258,1.376938029907928e-05
2369700000000,0.6969832716870444,0.6970000000000001,1.1648392131060927e-06,0.6690109246118098,0.669,7.600806130126549e-06,0.6918241306771744,0.6920000000000001,2.1886980312564395e-05,0.7158777177085525,0.7160000000000001,1.795156092754455e-05,0.7263036640826167,0.7260000000000001,2.5699177870773255e-05,0.0034225800226317707,2.5699177870773255e-05,7.430336445411485e-05,0.5773502691896258,4.2899067469278086e-05,0.5773502691896258,4.2899067469278086e-05,0.5773502691896258,4.2899067469278086e-05
2370000000000,0.6958215414034344,0.6954,4.7236603814979685e-05,0.6683979516189942,0.6684,1.3150756147245843e-05,0.6929846768593326,0.6934,4.71403604322705e-05,0.7163979065741917,0.7164,9.470875957725064e-06,0.7263979231607064,0.7264,3.1096708308111864e-07,0.0035345751160923786,4.7236603814979685e-05,0.00011730956343530221,0.5773502691896258,6.772870802788922e-05,0.5773502691896258,6.772870802788922e-05,0.5773502691896258,6.772870802788922e-05
2370300000000,0.6956428158850911,0.6956,1.117998381747887e-06,0.6685515132084395,0.6686,8.253406613543796e-07,0.6927069934776154,0.6926,2.6987821168662435e-06,0.7165435646367507,0.7166,7.425694915960867e-07,0.7265525379888855,0.7266,8.367010782502068e-07,0.004080514556732965,2.6987821168662435e-06,6.221391729814803e-06,0.5773502691896258,3.591922189942688e-06,0.5773502691896258,3.591922189942688e-06,0.5773502691896258,3.591922189942688e-06
2370600000000,0.6959503566204751,0.6958,3.310345637217978e-06,0.6701961153599046,0.6708,9.466506828112877e-05,0.6919512502692894,0.6918,1.9990172892583513e-05,0.7159510791499502,0.7158,1.2286366822426034e-05,0.7259511928758517,0.7258,1.2656558073936334e-05,0.004452328163880661,9.466506828112877e-05,0.00014290851170729264,0.5773502691896258,8.25082677036942e-05,0.5773502691896258,8.25082677036942e-05,0.5773502691896258,8.25082677036942e-05
2370900000000,0.6961198984888324,0.6962,1.0060555794125886e-06,0.6701731489197397,0.6702,1.8461008084795262e-08,0.6921240950367248,0.6922,1.0456359770428929e-06,0.7154379381734798,0.7152000000000001,9.215978160653842e-06,0.7261410549480731,0.7262000000000001,1.2616662263868863e-06,0.0045798018916836285,9.215978160653842e-06,1.2547796951581004e-05,0.5773502691896258,7.244473947732059e-06,0.5773502691896258,7.244473947732059e-06,0.5773502691896258,7.244473947732059e-06
2371200000000,0.6972028121688928,0.6976,4.1044571346169725e-05,0.6696992969818089,0.6696,7.85874806782757e-06,0.6916992969658294,0.6916,6.315869036274353e-06,0.7156992969086469,0.7156,2.3907935956848132e-06,0.7256992969742267,0.7256,6.830253760990048e-06,0.004494498598883417,4.1044571346169725e-05,6.444023580694652e-05,0.5773502691896258,3.720458748978354e-05,0.5773502691896258,3.720458748978354e-05,0.5773502691896258,3.720458748978354e-05
2371500000000,0.696513331395255,0.6964,1.663843080256823e-05,0.6709438348593422,0.6714,5.4210608501529395e-05,0.6925131386245226,0.6924,2.3181838589853903e-05,0.7145164074725272,0.7144,4.897295963292211e-05,0.7255132872606254,0.7254,1.210986474392453e-06,0.004752530074750998,5.4210608501529395e-05,0.0001442148240012661,0.5773502691896258,8.32624674582655e-05,0.5773502691896258,8.32624674582655e-05,0.5773502691896258,8.32624674582655e-05
2371800000000,0.6959595476997438,0.6958000000000001,1.073367334949062e-05,0.6715513128890218,0.6718000000000001,1.291603447902111e-05,0.6919549436448732,0.6918000000000001,1.0905357235701757e-05,0.7147661902402958,0.7148000000000001,2.183700087594058e-06,0.7257670366458983,0.7258000000000001,2.253606268423014e-06,0.004040195717964376,1.291603447902111e-05,3.899237142023056e-05,0.5773502691896258,2.2512256135811986e-05,0.5773502691896258,2.2512256135811986e-05,0.5773502691896258,2.2512256135811986e-05
2372100000000,0.6963716652747907,0.6964,5.944431348188476e-06,0.6714237057142665,0.6714,5.69925686716493e-07,0.6915082797316098,0.6914,6.982802799412818e-06,0.7152138810651751,0.7154,7.0149476138415274e-06,0.725482257945497,0.7254,2.8384617870773248e-06,0.0037249353643429685,7.0149476138415274e-06,2.335056923523664e-05,0.5773502691896258,1.3481457433694869e-05,0.5773502691896258,1.3481457433694869e-05,0.5773502691896258,1.3481457433694869e-05
2372400000000,0.696452710793023,0.6963999999999999,2.298931608939284e-07,0.6721384192562673,0.6723999999999999,1.787854064917708e-05,0.6914527114721642,0.6913999999999999,1.0807410102318692e-07,0.714503446999192,0.7143999999999999,1.7665079673827046e-05,0.725452711467136,0.7253999999999999,3.055480342392962e-08,0.003534443731055828,1.787854064917708e-05,3.591214238834517e-05,0.5773502691896258,2.073388507508726e-05,0.5773502691896258,2.073388507508726e-05,0.5773502691896258,2.073388507508726e-05
2372700000000,0.6956980120594637,0.6956,1.9934956245258652e-05,0.6732092576687794,0.6736,4.013432169990009e-05,0.6906978213189124,0.6906,1.9945070021678847e-05,0.7146974543585255,0.7146,1.3173599416445693e-06,0.7256974505682213,0.7256,2.096402966002386e-06,0.0038809955830826893,4.013432169990009e-05,8.342811087448455e-05,0.5773502691896258,4.81672422713656e-05,0.5773502691896258,4.81672422713656e-05,0.5773502691896258,4.81672422713656e-05
2373000000000,0.6961881455550126,0.6964,8.40807952106576e-06,0.6734546361595495,0.6734,2.1073711306415856e-06,0.6904530442678565,0.6904,2.0970531653279348e-06,0.7144316511215519,0.7144,2.472797627496802e-06,0.7254724783088651,0.7254,1.7714381117949323e-06,0.003920430233656156,8.40807952106576e-06,1.6856739556327016e-05,0.5773502691896258,9.732243120504817e-06,0.5773502691896258,9.732243120504817e-06,0.5773502691896258,9.732243120504817e-06
2373300000000,0.6959023991869424,0.696,2.8577845402861894e-06,0.6723908152570659,0.6719999999999999,3.961002193963432e-05,0.6909022612680551,0.691,7.062856964360664e-06,0.7149022514834126,0.715,7.751264520417795e-06,0.725902271854103,0.726,6.46528720348803e-06,0.003802595497519707,3.961002193963432e-05,6.374721516818699e-05,0.5773502691896258,3.680447183744176e-05,0.5773502691896258,3.680447183744176e-05,0.5773502691896258,3.680447183744176e-05
2373600000000,0.6962638725491903,0.6964,4.573204706518039e-06,0.6723865541231644,0.6724,6.355041744298496e-10,0.6905417301060686,0.6904,4.549395156717579e-06,0.7152644821053972,0.7154,4.5923858226171015e-06,0.7255431614173358,0.7254,4.513610702831652e-06,0.003920446737668515,4.5923858226171015e-06,1.82292318928588e-05,0.5773502691896258,1.0524651940462142e-05,0.5773502691896258,1.0524651940462142e-05,0.5773502691896258,1.0524651940462142e-05
2373900000000,0.6960513931663407,0.696,1.5801620847655656e-06,0.672827466318984,0.6729999999999998,6.804124754787806e-06,0.6901385187398904,0.69,5.690279203533975e-06,0.7150575629863503,0.7149999999999999,1.4985432639502414e-06,0.7259243698501386,0.726,5.086195423400732e-06,0.004622559939340174,6.804124754787806e-06,2.0659304730438318e-05,0.5773502691896258,1.1927655147389074e-05,0.5773502691896258,1.1927655147389074e-05,0.5773502691896258,1.1927655147389074e-05
2374200000000,0.6958354343180073,0.6958,1.6323378460715536e-06,0.6728502731086924,0.6728,1.820523798801648e-08,0.68986029419547,0.6898,2.709311399127699e-06,0.7155970884287132,0.7158,1.0188069603491251e-05,0.7258569031456998,0.7258,1.5931146727413903e-07,0.00466562620862768,1.0188069603491251e-05,1.4707235553952659e-05,0.5773502691896258,8.491226406109803e-06,0.5773502691896258,8.491226406109803e-06,0.5773502691896258,8.491226406109803e-06
2374500000000,0.6953821354241003,0.6952,7.191796052605674e-06,0.6731728453997481,0.6732,3.641850903492325e-06,0.6901579966803464,0.6902,3.101936932554829e-06,0.7151740486011506,0.7152000000000001,6.263694349644802e-06,0.7261129390454606,0.7262000000000001,2.294403368820455e-06,0.004161623385871511,7.191796052605674e-06,2.2493681607118084e-05,0.5773502691896258,1.2986733130935362e-05,0.5773502691896258,1.2986733130935362e-05,0.5773502691896258,1.2986733130935362e-05
2374800000000,0.6948096546374349,0.6946,1.1470698788535666e-05,0.6726025154182451,0.6726,1.1384670073041255e-05,0.6905277798560274,0.6906,4.7858858955863615e-06,0.7155330351949487,0.7156,4.510498108435964e-06,0.7265270055317133,0.7266,6.000786926319488e-06,0.0036864298542971276,1.1470698788535666e-05,3.8152539791918734e-05,0.5773502691896258,2.2027379119132193e-05,0.5773502691896258,2.2027379119132193e-05,0.5773502691896258,2.2027379119132193e-05
2375100000000,0.6946264456095498,0.6945999999999999,1.1747941764518372e-06,0.6718680337025442,0.6716,1.888121867446264e-05,0.6906081210167028,0.6905999999999999,2.2591457345315993e-07,0.7162942021544917,0.7165999999999999,2.027812991049668e-05,0.7266017631788495,0.7265999999999999,1.9560470318670538e-07,0.003133033836969311,2.027812991049668e-05,4.075566203805103e-05,0.5773502691896258,2.3530292448670176e-05,0.5773502691896258,2.3530292448670176e-05,0.5773502691896258,2.3530292448670176e-05
2375400000000,0.695044455834582,0.6951999999999999,6.115639188100992e-06,0.6721953121463277,0.6721999999999999,3.7488912917858798e-06,0.6902635594551012,0.6901999999999999,4.155293440665795e-06,0.7162220395631433,0.7162,1.8226038565379287e-07,0.7262744573134751,0.7262,3.749519532797857e-06,0.0035721237836834,6.115639188100992e-06,1.7951603839004316e-05,0.5773502691896258,1.0364363308834663e-05,0.5773502691896258,1.0364363308834663e-05,0.5773502691896258,1.0364363308834663e-05
2375700000000,0.6946939690293791,0.6946,4.299435021746439e-06,0.6732243422877886,0.6736,3.706160612122931e-05,0.6906932547606243,0.6906,6.462331945599426e-06,0.7156941270997539,0.7156,9.754204915067374e-06,0.725694302968448,0.7256,1.1780267241884525e-05,0.0038809883510010296,3.706160612122931e-05,6.935784524552706e-05,0.5773502691896258,4.004377062291746e-05,0.5773502691896258,4.004377062291746e-05,0.5773502691896258,4.004377062291746e-05
2376000000000,0.6950637578499974,0.6952,4.7860320149004205e-06,0.6732089843419142,0.6732,8.255327551805379e-09,0.6903327371180785,0.6902,4.549053970535916e-06,0.7153312561047178,0.7152000000000001,4.60863756634633e-06,0.7260620719927121,0.7262000000000001,4.733891932287534e-06,0.003960183722226966,4.7860320149004205e-06,1.8685870811622004e-05,0.5773502691896258,1.0788292543132536e-05,0.5773502691896258,1.0788292543132536e-05,0.5773502691896258,1.0788292543132536e-05
2376300000000,0.6957499064826856,0.6960000000000001,1.6477998114897595e-05,0.6730625191192512,0.673,7.508221507406777e-07,0.6900623993054528,0.6900000000000001,2.557888652734702e-06,0.7150627080707551,0.7150000000000001,2.5241316290831223e-06,0.7260624662268356,0.7260000000000001,5.439719043441039e-12,0.003802539122712081,1.6477998114897595e-05,2.2310845987175138e-05,0.5773502691896258,1.288117293654385e-05,0.5773502691896258,1.288117293654385e-05,0.5773502691896258,1.288117293654385e-05
2376600000000,0.6966652840896708,0.697,2.9327065717943415e-05,0.6721476315329478,0.6719999999999999,2.929567534502378e-05,0.6900623616008356,0.69,4.97573355533187e-14,0.7150623613059696,0.715,4.208603577477466e-12,0.7260623614581232,0.726,3.84176908225278e-13,0.003610072748804892,2.9327065717943415e-05,5.8622745705505024e-05,0.5773502691896258,3.3845858013708306e-05,0.5773502691896258,3.3845858013708306e-05,0.5773502691896258,3.3845858013708306e-05
2376900000000,0.6969351321635011,0.697,2.5486294032482074e-06,0.6713070127670742,0.6709999999999999,2.473239683386002e-05,0.6908870831545795,0.691,2.380579744234205e-05,0.7149354242598747,0.715,5.639554784954507e-07,0.7259353446395831,0.726,5.646645267217432e-07,0.003422559894184926,2.473239683386002e-05,5.221544368466748e-05,0.5773502691896258,3.0146600467198515e-05,0.5773502691896258,3.0146600467198515e-05,0.5773502691896258,3.0146600467198515e-05
2377200000000,0.695900252523071,0.6957999999999999,3.748415545618869e-05,0.6723992227722208,0.6727999999999998,4.175229433698082e-05,0.6909001741995335,0.6907999999999999,5.998141029623705e-09,0.714900174566565,0.7147999999999999,4.348893074498274e-08,0.7259001758776495,0.7257999999999999,4.32894635578455e-08,0.003097700391133393,4.175229433698082e-05,7.932922632850196e-05,0.5773502691896258,4.580075017536536e-05,0.5773502691896258,4.580075017536536e-05,0.5773502691896258,4.580075017536536e-05
2377500000000,0.6953502805059572,0.6951999999999999,1.058642268628854e-05,0.6729806748391084,0.6731999999999999,1.1833027713076978e-05,0.6903511678801217,0.6901999999999999,1.054927785639294e-05,0.7151584101877744,0.7152,2.3339972621493963e-06,0.7261590765837942,0.7262,2.3460351474769284e-06,0.0032041624340777017,1.1833027713076978e-05,3.764876066538479e-05,0.5773502691896258,2.1736522104815704e-05,0.5773502691896258,2.1736522104815704e-05,0.5773502691896258,2.1736522104815704e-05
2377800000000,0.6950468458101801,0.695,3.222541511046814e-06,0.6730454192819215,0.6729999999999999,1.4671450063137035e-07,0.6908223067811257,0.691,7.76901524137136e-06,0.7150452069607159,0.715,4.4852397157551595e-07,0.7260401915773163,0.726,4.946775667841135e-07,0.0034225208404600593,7.76901524137136e-06,1.2081472791409172e-05,0.5773502691896258,6.975241568327226e-06,0.5773502691896258,6.975241568327226e-06,0.5773502691896258,6.975241568327226e-06
2378100000000,0.6944908613047333,0.6943999999999999,1.0819156960392489e-05,0.6740378644915191,0.6743999999999999,3.447316229186462e-05,0.6914895215915622,0.6913999999999999,1.5581146114304574e-05,0.714490856505782,0.7143999999999999,1.0755654940989964e-05,0.7254908919636318,0.7253999999999999,1.0560552295785613e-05,0.003534482119904335,3.447316229186462e-05,8.218967260333725e-05,0.5773502691896258,4.745222960214398e-05,0.5773502691896258,4.745222960214398e-05,0.5773502691896258,4.745222960214398e-05
2378400000000,0.6953119102959059,0.6951999999999999,2.359425060669605e-05,0.6733131269596674,0.6731999999999999,1.8383557152610336e-05,0.691312680508528,0.6911999999999999,1.094546902704484e-06,0.715742031604029,0.7162,5.479036942656996e-05,0.7243202432000887,0.7242,4.796464846547575e-05,0.0035722313869209245,5.479036942656996e-05,0.00014582737255405657,0.5773502691896258,8.419347279930041e-05,0.5773502691896258,8.419347279930041e-05,0.5773502691896258,8.419347279930041e-05
2378700000000,0.694899541452413,0.6948,5.951682207929625e-06,0.6744041503427293,0.6748,4.166162078357297e-05,0.6908994279869178,0.6908,5.977217631600873e-06,0.7158969427232914,0.7158,8.399109204890729e-07,0.7238999267881522,0.7238,6.183306015011562e-06,0.0038416983570101963,4.166162078357297e-05,6.06137375586041e-05,0.5773502691896258,3.499535769604941e-05,0.5773502691896258,3.499535769604941e-05,0.5773502691896258,3.499535769604941e-05
2379000000000,0.6956361389717926,0.6958,1.8990156694466324e-05,0.6738479481899898,0.6738,1.0827629214919473e-05,0.6900913125571481,0.6898,2.2856769174119497e-05,0.7157888703453218,0.7158,4.0878736080025386e-07,0.7246353329479696,0.7248,1.8928777696406875e-05,0.0038416861877102427,2.2856769174119497e-05,7.201212014071243e-05,0.5773502691896258,4.1576216948155997e-05,0.5773502691896258,4.1576216948155997e-05,0.5773502691896258,4.1576216948155997e-05
2379300000000,0.6961387741159369,0.6961999999999999,8.842473084516885e-06,0.6741395727297246,0.6741999999999999,2.9765705261426107e-06,0.6894408465971489,0.6891999999999999,1.4808708779117928e-05,0.7161392168349864,0.7162,4.295993198710475e-06,0.7241415845104047,0.7242,8.532563185921927e-06,0.003763636459272684,1.4808708779117928e-05,3.9456308774409825e-05,0.5773502691896258,2.2780110492134507e-05,0.5773502691896258,2.2780110492134507e-05,0.5773502691896258,2.2780110492134507e-05
2379600000000,0.696063830977013,0.696,1.9657659251225027e-07,0.6740495572067269,0.6739999999999999,2.835978033192282e-07,0.6898230698884666,0.69,5.113312554902411e-06,0.7160097105789799,0.716,5.87015462068696e-07,0.7240535399701784,0.724,2.713144372278851e-07,0.003240030887330107,5.113312554902411e-06,6.451816850030471e-06,0.5773502691896258,3.724958195127256e-06,0.5773502691896258,3.724958195127256e-06,0.5773502691896258,3.724958195127256e-06
2379900000000,0.6960135514388923,0.6960000000000001,8.848111837689075e-08,0.6740143563852228,0.674,4.3368424209722755e-08,0.689966451196094,0.6900000000000001,7.195369781926677e-07,0.7159968810872899,0.7160000000000001,5.7608549958448554e-09,0.724008014206225,0.7240000000000001,7.254083142407334e-08,0.0027225254022594345,7.195369781926677e-07,9.296882071991995e-07,0.5773502691896258,5.367557366888785e-07,0.5773502691896258,5.367557366888785e-07,0.5773502691896258,5.367557366888785e-07
2380200000000,0.6957068206366656,0.6956,3.292932476213561e-06,0.6737068206373125,0.6736,3.310238268496482e-06,0.6897068206328109,0.6896,2.3592810286754565e-06,0.715706820635778,0.7156,2.944727293595458e-06,0.7251727174565439,0.7256,4.74786781456211e-05,0.0027890141065120685,4.74786781456211e-05,5.938585721260206e-05,0.5773502691896258,3.428644064775248e-05,0.5773502691896258,3.428644064775248e-05,0.5773502691896258,3.428644064775248e-05
2380500000000,0.6964577455676193,0.6965999999999999,1.9736088817476017e-05,0.6728810780020194,0.6725999999999999,2.386478149092859e-05,0.6895660884428052,0.6895999999999999,6.931942256325687e-07,0.7155609280292093,0.7155999999999999,7.449628427984076e-07,0.7255338696216412,0.7255999999999999,4.565081022407774e-06,0.0026244625524124107,2.386478149092859e-05,4.960410839924336e-05,0.5773502691896258,2.8638945337214534e-05,0.5773502691896258,2.8638945337214534e-05,0.5773502691896258,2.8638945337214534e-05
2380800000000,0.6958989456098401,0.696,1.0929008748490781e-05,0.6738927330540632,0.6739999999999999,3.5820608051402014e-05,0.689898169054736,0.69,3.859713648711622e-06,0.7158980861955598,0.716,3.978647019788935e-06,0.7244120575512473,0.724,4.4046181244856056e-05,0.002890106422963796,4.4046181244856056e-05,9.863415871324942e-05,0.5773502691896258,5.694645808438683e-05,0.5773502691896258,5.694645808438683e-05,0.5773502691896258,5.694645808438683e-05
2381100000000,0.6955006437760268,0.6954,5.552552278665927e-06,0.6745005253367433,0.6744,1.2929401060994283e-05,0.6909972920685533,0.6914,4.228249898260008e-05,0.715500648662658,0.7154,5.528480739569925e-06,0.7235008897217327,0.7234,2.9057938473983055e-05,0.0031685013740007156,4.228249898260008e-05,9.535087153581327e-05,0.5773502691896258,5.5050851348667226e-05,0.5773502691896258,5.5050851348667226e-05,0.5773502691896258,5.5050851348667226e-05
2381400000000,0.6951000221780136,0.6950000000000001,5.61741826781387e-06,0.6756022895446259,0.6759999999999999,4.248595294198717e-05,0.6910973079688345,0.6910000000000001,3.5011131081700546e-07,0.7150999388825092,0.7150000000000001,5.6198914767393126e-06,0.7231003961042914,0.7230000000000001,5.6138298163901486e-06,0.0032401004886027118,4.248595294198717e-05,5.968720381374751e-05,0.5773502691896258,3.446042318904319e-05,0.5773502691896258,3.446042318904319e-05,0.5773502691896258,3.446042318904319e-05
2381700000000,0.6956663224305212,0.6956000000000001,1.1224359159655605e-05,0.6763319475557974,0.6766000000000001,1.8634028464337744e-05,0.6906672465860118,0.6906000000000001,6.47334775483971e-06,0.7146672555273829,0.7146000000000001,6.552521003119193e-06,0.722667227124711,0.7226000000000001,6.567237770477075e-06,0.002624444932965266,1.8634028464337744e-05,4.945149415242933e-05,0.5773502691896258,2.855083346073428e-05,0.5773502691896258,2.855083346073428e-05,0.5773502691896258,2.855083346073428e-05
2382000000000,0.6956656586652707,0.6956,1.5420450768764327e-11,0.6772604292324491,0.6776,3.0172737835729338e-05,0.6906656588348422,0.6906,8.823338217321117e-11,0.7137425936484072,0.7136,2.992498566507815e-05,0.7226656594311235,0.7226,8.601821145019634e-11,0.0023104742929916547,3.0172737835729338e-05,6.0097913172851874e-05,0.5773502691896258,3.4697546348080794e-05,0.5773502691896258,3.4697546348080794e-05,0.5773502691896258,3.4697546348080794e-05
2382300000000,0.6948761178907493,0.6948,2.181811221211618e-05,0.6778760527377758,0.6778,1.3264730510877155e-05,0.6914956720597758,0.6918,2.4112268374763045e-05,0.713876058351118,0.7138,6.234489404389341e-07,0.7218760989219981,0.7218,2.1819202914961274e-05,0.0024336578858868444,2.4112268374763045e-05,8.163776295315659e-05,0.5773502691896258,4.713358441704382e-05,0.5773502691896258,4.713358441704382e-05,0.5773502691896258,4.713358441704382e-05
2382600000000,0.6940713184301048,0.694,2.2669576014878152e-05,0.6770981019590273,0.6769999999999999,2.1182259495440948e-05,0.6920660922584074,0.692,1.138827210524307e-05,0.7140661041337715,0.714,1.2641089826529433e-06,0.7226983831325642,0.723,2.3665296303119333e-05,0.0025600572132513317,2.3665296303119333e-05,8.016951290133445e-05,0.5773502691896258,4.628588985438663e-05,0.5773502691896258,4.628588985438663e-05,0.5773502691896258,4.628588985438663e-05
2382900000000,0.6937345662052573,0.6936,3.969072132891536e-06,0.6774652363877885,0.6776,4.7175691073644675e-06,0.6917126411323797,0.6916,4.3724694471585416e-06,0.7144459209377777,0.7146,5.0491281611926835e-06,0.7226412784044073,0.7226,1.141332492255633e-07,0.002624448765401196,5.0491281611926835e-06,1.8222372097832794e-05,0.5773502691896258,1.052069143595729e-05,0.5773502691896258,1.052069143595729e-05,0.5773502691896258,1.052069143595729e-05
2383200000000,0.6933728424154628,0.6934,4.579543503615044e-06,0.6766821156363967,0.6764,2.1464733894119497e-05,0.6913729873095759,0.6914,4.037765177085036e-06,0.7152203989131322,0.7154,2.099356470082e-05,0.7233516359218435,0.7234,1.766127309023423e-05,0.0033489585508546553,2.1464733894119497e-05,6.87368803658738e-05,0.5773502691896258,3.968525638249235e-05,0.5773502691896258,3.968525638249235e-05,0.5773502691896258,3.968525638249235e-05
2383500000000,0.6942721404246794,0.6946,2.8305791828334178e-05,0.6757842070846937,0.6756,2.8218391852749487e-05,0.6916478648298444,0.6916,2.644517790214687e-06,0.7146479286024172,0.7146,1.1470278982752312e-05,0.7236478586604144,0.7236,3.0711768796251955e-06,0.0036864741666790242,2.8305791828334178e-05,7.371015733367586e-05,0.5773502691896258,4.255657917860743e-05,0.5773502691896258,4.255657917860743e-05,0.5773502691896258,4.255657917860743e-05
2383800000000,0.6950989710261352,0.6954,2.3927709522626924e-05,0.6754766348342682,0.6754,3.3110241231118563e-06,0.6914747328651988,0.6914,1.0491137013719994e-06,0.714474434636537,0.7144,1.0535054668891352e-06,0.7234752107097132,0.7234,1.0432560208457918e-06,0.0037249572515805156,2.3927709522626924e-05,3.0384608834845707e-05,0.5773502691896258,1.7542562090019653e-05,0.5773502691896258,1.7542562090019653e-05,0.5773502691896258,1.7542562090019653e-05
2384100000000,0.6953496191106567,0.6954,2.1988561796017354e-06,0.6762627369805623,0.6764,2.1628480454283543e-05,0.691349792843172,0.6914,5.463503186418917e-07,0.7143497899420135,0.7144,5.437704955504782e-07,0.7226880591672308,0.7224,2.168626427913662e-05,0.003534454773190743,2.168626427913662e-05,4.660372172721426e-05,0.5773502691896258,2.6906671284445568e-05,0.5773502691896258,2.6906671284445568e-05,0.5773502691896258,2.6906671284445568e-05
2384400000000,0.6964862424716273,0.6968,4.5216943264638383e-05,0.6767668342393951,0.6768,8.893991622696891e-06,0.6902130948705659,0.6898,4.5222879832436326e-05,0.7147668369954947,0.7148,6.087488568607958e-06,0.7217669910448137,0.7218,2.9692827014653753e-05,0.0036482362046947278,4.5222879832436326e-05,0.00013511413030303332,0.5773502691896258,7.800817950177847e-05,0.5773502691896258,7.800817950177847e-05,0.5773502691896258,7.800817950177847e-05
2384700000000,0.6962958447332539,0.6961999999999999,1.2687954572193156e-06,0.6778164333428911,0.6781999999999999,3.8558039732086374e-05,0.6902957501025473,0.6901999999999999,2.3911605808626764e-07,0.714295955270892,0.7142,7.760535949769947e-06,0.7212960154286175,0.7212,7.763631086796492e-06,0.003385691993308182,3.8558039732086374e-05,5.5590118283958394e-05,0.5773502691896258,3.209496975552652e-05,0.5773502691896258,3.209496975552652e-05,0.5773502691896258,3.209496975552652e-05
2385000000000,0.6960468440504799,0.696,2.1700469007671923e-06,0.678046311584782,0.6779999999999999,1.8495402133199969e-06,0.6900478562481749,0.69,2.150797706246253e-06,0.7140472393468906,0.714,2.1650863798142435e-06,0.7218117455557712,0.722,9.309214741887868e-06,0.003422522269234402,9.309214741887868e-06,1.7644685942035556e-05,0.5773502691896258,1.0187164178400635e-05,0.5773502691896258,1.0187164178400635e-05,0.5773502691896258,1.0187164178400635e-05
2385300000000,0.6964993307427152,0.6966,7.166047232751471e-06,0.6769887587372567,0.6766,3.9144630885809675e-05,0.6895260315925966,0.6896,9.530533990928026e-06,0.7144993084100648,0.7146,7.152825325771563e-06,0.7224864325268893,0.7226,1.5932087814875918e-05,0.003497000048517693,3.9144630885809675e-05,7.892612525013665e-05,0.5773502691896258,4.5568019659260515e-05,0.5773502691896258,4.5568019659260515e-05,0.5773502691896258,4.5568019659260515e-05
2385600000000,0.6962653092477644,0.6961999999999999,1.9168121034648584e-06,0.6771900595389669,0.6771999999999999,1.4182704469211155e-06,0.6900096080504292,0.6901999999999999,8.18461666994704e-06,0.7142723448941524,0.7142,1.8029353144369067e-06,0.7222609424081498,0.7222,1.7796027777205897e-06,0.003204186924290179,8.18461666994704e-06,1.510223731249051e-05,0.5773502691896258,8.719280777732008e-06,0.5773502691896258,8.719280777732008e-06,0.5773502691896258,8.719280777732008e-06
2385900000000,0.696225087746722,0.6962,5.6621920113735816e-08,0.6772144234456253,0.6772,2.0775998168050334e-08,0.6901152119895775,0.6902,3.9032671872709423e-07,0.7142219279495721,0.7142000000000001,8.896539052845801e-08,0.722223308465597,0.7222000000000001,4.9570977122201235e-08,0.003204105971702573,3.9032671872709423e-07,6.062610046595396e-07,0.5773502691896258,3.500249542393582e-07,0.5773502691896258,3.500249542393582e-07,0.5773502691896258,3.500249542393582e-07
2386200000000,0.6950361342077233,0.6946,4.947636812641592e-05,0.6774909664506314,0.6776,2.676661176623611e-06,0.6904909664365008,0.6906,4.941699153391756e-06,0.7144909664528114,0.7146,2.533360067884221e-06,0.7224909664511864,0.7226,2.507427903741478e-06,0.003133018883195184,4.947636812641592e-05,6.213551642805698e-05,0.5773502691896258,3.587395713597511e-05,0.5773502691896258,3.587395713597511e-05,0.5773502691896258,3.587395713597511e-05
2386500000000,0.69559519423003,0.6958,1.0939183798957523e-05,0.6777584830712068,0.6778,2.5047799799417e-06,0.68995117744967,0.6898,1.0198025260630496e-05,0.713934652323668,0.7138,1.0831989359958915e-05,0.7227604313463507,0.7228,2.541396540407291e-06,0.003841645524203064,1.0939183798957523e-05,3.701537493989592e-05,0.5773502691896258,2.137083668570384e-05,0.5773502691896258,2.137083668570384e-05,0.5773502691896258,2.137083668570384e-05
2386800000000,0.6960833094722816,0.696,8.338977140140583e-06,0.6770833097927471,0.6769999999999999,1.5955063458109416e-05,0.6900833094750943,0.69,6.110605249952977e-07,0.7130833100143796,0.713,2.536743046545802e-05,0.723666761244012,0.724,2.8750185918813586e-05,0.0036100694050991257,2.8750185918813586e-05,7.90227175075169e-05,0.5773502691896258,4.5623787225060645e-05,0.5773502691896258,4.5623787225060645e-05,0.5773502691896258,4.5623787225060645e-05
2387100000000,0.6963049840519919,0.6964,1.719886675141461e-06,0.6773147198041578,0.6774,1.8742707683384e-06,0.6896313286101423,0.6894,7.150034579897083e-06,0.7133031625572986,0.7134,1.6917299219783976e-06,0.7234402606848609,0.7234,1.7955876153512708e-06,0.0029931322385281242,7.150034579897083e-06,1.4231509560706611e-05,0.5773502691896258,8.216565875848696e-06,0.5773502691896258,8.216565875848696e-06,0.5773502691896258,8.216565875848696e-06
2387400000000,0.6962600322982945,0.6962,7.072310561667703e-08,0.6772599959704939,0.6772,1.0481442898057552e-07,0.6892602520653979,0.6892,4.8194230720815835e-06,0.7139595954210217,0.7142000000000001,1.5081643660148823e-05,0.7232601221129584,0.7232000000000001,1.1357466780470994e-06,0.002856136193423353,1.5081643660148823e-05,2.1212350944874757e-05,0.5773502691896258,1.2246956528168254e-05,0.5773502691896258,1.2246956528168254e-05,0.5773502691896258,1.2246956528168254e-05
2387700000000,0.6957845318815274,0.6955999999999999,7.913522622096585e-06,0.6767860646053673,0.6765999999999999,7.861382859777825e-06,0.6895153727605975,0.6895999999999999,2.2780299191697677e-06,0.714414325541084,0.7145999999999999,7.237281873214061e-06,0.7234970493767808,0.7235999999999999,1.9647084919830232e-06,0.0026245465028713476,7.913522622096585e-06,2.7254925766241265e-05,0.5773502691896258,1.5735638727882665e-05,0.5773502691896258,1.5735638727882665e-05,0.5773502691896258,1.5735638727882665e-05
2388000000000,0.6941760802474407,0.694,9.054908307187046e-05,0.6784066449816029,0.6789999999999999,9.191982645439499e-05,0.6891391215087299,0.689,4.954775158617146e-06,0.7141391137898078,0.714,2.6509527814180567e-06,0.7241390381352905,0.724,1.4425234811845593e-05,0.0025602205995256862,9.191982645439499e-05,0.00020449987227814625,0.5773502691896258,0.00011806805630903184,0.5773502691896258,0.00011806805630903184,0.5773502691896258,0.00011806805630903184
2388300000000,0.6948178230301768,0.6948,1.4414182971785512e-05,0.6794288961546509,0.6798,3.657491112793002e-05,0.6888178234748155,0.6888,3.613134930905237e-06,0.713817823470596,0.7138,3.612961422672661e-06,0.7231176338656005,0.7228,3.65143338749334e-05,0.0024337197813044894,3.657491112793002e-05,9.472952432822683e-05,0.5773502691896258,5.469211637110697e-05,0.5773502691896258,5.469211637110697e-05,0.5773502691896258,5.469211637110697e-05
2388600000000,0.6946784993108776,0.6946,6.793884565782238e-07,0.6802860234560792,0.6806,2.5713352379887313e-05,0.6886784730808059,0.6886,6.79648630871933e-07,0.7136784939967913,0.7136,6.794445794741497e-07,0.7226785092927702,0.7226,6.749063666216946e-06,0.00231046163945181,2.5713352379887313e-05,3.4500897713028566e-05,0.5773502691896258,1.991910258190079e-05,0.5773502691896258,1.991910258190079e-05,0.5773502691896258,1.991910258190079e-05
2388900000000,0.6953224835666311,0.6954,1.4515050258044338e-05,0.6796408154396447,0.6794,1.4570268456498264e-05,0.688345118677894,0.6884,3.8893805279244295e-06,0.713371150589976,0.7134,3.306098939948442e-06,0.7233204309736554,0.7234,1.4422220553665529e-05,0.002190437110440751,1.4570268456498264e-05,5.0703018736081e-05,0.5773502691896258,2.9273401516003008e-05,0.5773502691896258,2.9273401516003008e-05,0.5773502691896258,2.9273401516003008e-05
2389200000000,0.694484573493445,0.6945999999999999,2.457326517613698e-05,0.6804845710920219,0.6805999999999999,2.4917326032143878e-05,0.689484566846002,0.6895999999999999,4.5441974473160457e-05,0.7134845721076564,0.7135999999999999,4.502554235519522e-07,0.7220617164459031,0.7215999999999999,5.545267918311263e-05,0.001877033239209723,5.545267918311263e-05,0.0001508355002881059,0.5773502691896258,8.708491669468984e-05,0.5773502691896258,8.708491669468984e-05,0.5773502691896258,8.708491669468984e-05
2389500000000,0.6955016568464452,0.6956,3.620604914325555e-05,0.68150094019787,0.6816,3.6155215576288105e-05,0.6895025199351793,0.6896,1.1280969385272541e-08,0.7125026764751046,0.7126,3.3744166162850414e-05,0.7209922065143772,0.7206,4.003480227713727e-05,0.0008464961427716865,4.003480227713727e-05,0.00014615151412891662,0.5773502691896258,8.438061602480142e-05,0.5773502691896258,8.438061602480142e-05,0.5773502691896258,8.438061602480142e-05
2389800000000,0.6943555573670178,0.6944,4.597404058602691e-05,0.6822731279375371,0.6824,2.086958668522867e-05,0.6902730902010723,0.6904,2.0782248713744317e-05,0.713273099736876,0.7134,2.0774320079750032e-05,0.7198250929674561,0.7194,4.767539109923766e-05,0.0006890160204510141,4.767539109923766e-05,0.00015607558716398758,0.5773502691896258,9.011028226305714e-05,0.5773502691896258,9.011028226305714e-05,0.5773502691896258,9.011028226305714e-05
2390100000000,0.6943063354615344,0.6943999999999999,8.47978592795821e-08,0.6832984857434973,0.6833999999999999,3.679755205851847e-05,0.6903063347401449,0.6903999999999999,3.868197823525494e-08,0.7133063350180445,0.7133999999999999,3.866043700221848e-08,0.718782508904865,0.7183999999999999,3.804435346491863e-05,0.0006084914708388992,3.804435346491863e-05,7.500404579795415e-05,0.5773502691896258,4.330360603175985e-05,0.5773502691896258,4.330360603175985e-05,0.5773502691896258,4.330360603175985e-05
2390400000000,0.6943428546460143,0.6943999999999999,4.667777922766437e-08,0.6833780544616498,0.6833999999999999,2.2159133179518495e-07,0.690356654280576,0.6903999999999999,8.862196522193273e-08,0.713373998777526,0.7133999999999999,1.602434521510963e-07,0.7185481579469472,0.7183999999999999,1.922213001694583e-06,0.0009604196122359873,1.922213001694583e-06,2.4393475300904613e-06,0.5773502691896258,1.4083579531447768e-06,0.5773502691896258,1.4083579531447768e-06,0.5773502691896258,1.4083579531447768e-06
2390700000000,0.693933249685778,0.6938,5.8721678207575575e-06,0.6829535097273015,0.6828,6.308338101199675e-06,0.6907229882133897,0.6908,4.697019261576634e-06,0.7136847496557885,0.7138,3.37981379193179e-06,0.7187054667935949,0.7188,8.661125631778568e-07,0.001464135604714046,6.308338101199675e-06,2.1123451538643513e-05,0.5773502691896258,1.2195630432049849e-05,0.5773502691896258,1.2195630432049849e-05,0.5773502691896258,1.2195630432049849e-05
2391000000000,0.6948690358355637,0.695,3.064935013457825e-05,0.6815238560577078,0.6809999999999999,7.153683652439453e-05,0.6898690366081172,0.69,2.55231670451662e-05,0.7138690361607742,0.714,1.1886530571945275e-06,0.7198690353305875,0.72,4.7386210909770175e-05,0.0019601715159346823,7.153683652439453e-05,0.00017628421767110368,0.5773502691896258,0.00010177774052629431,0.5773502691896258,0.00010177774052629431,0.5773502691896258,0.00010177774052629431
2391300000000,0.6942230541824991,0.6940000000000001,1.460523036336347e-05,0.6811726361801763,0.681,4.317439083063604e-06,0.6892255589400014,0.6890000000000001,1.4492222827730642e-05,0.7146909011239364,0.7150000000000001,2.364117061857423e-05,0.7206853286192493,0.7210000000000001,2.3321715658996337e-05,0.00182273056248546,2.364117061857423e-05,8.037777855172829e-05,0.5773502691896258,4.6406132083704464e-05,0.5773502691896258,4.6406132083704464e-05,0.5773502691896258,4.6406132083704464e-05
2391600000000,0.6946263601630484,0.6948,5.69294998813838e-06,0.6816411066090666,0.6818,7.68125899606351e-06,0.6896435034773516,0.6898,6.1137172705312275e-06,0.7140448592300312,0.7138,1.460795450381973e-05,0.7200433927370131,0.7198,1.442285869158089e-05,0.0015877191427095326,1.460795450381973e-05,4.851873945013374e-05,0.5773502691896258,2.8012307282276032e-05,0.5773502691896258,2.8012307282276032e-05,0.5773502691896258,2.8012307282276032e-05
2391900000000,0.6945299561953301,0.6946,3.2528037471382647e-07,0.6815299501205958,0.6816,4.324517725207277e-07,0.6888816242253583,0.6886,2.0316099811627377e-05,0.7145292117280898,0.7146,8.21090698314486e-06,0.7205292512821625,0.7206,8.26204840631338e-06,0.0012544497152880813,2.0316099811627377e-05,3.754678734832017e-05,0.5773502691896258,2.1677647782758287e-05,0.5773502691896258,2.1677647782758287e-05,0.5773502691896258,2.1677647782758287e-05
2392200000000,0.6948444452146234,0.6947999999999999,3.4616170139625545e-06,0.6809226939695588,0.6807999999999998,1.2906601154027861e-05,0.6888622622356873,0.6887999999999999,1.3121032540706808e-08,0.7139072144016827,0.7137999999999999,1.3540823592015701e-05,0.7214614370229876,0.7217999999999999,3.041395893891727e-05,0.0013457186868019706,3.041395893891727e-05,6.03361217314641e-05,0.5773502691896258,3.483507612351883e-05,0.5773502691896258,3.483507612351883e-05,0.5773502691896258,3.483507612351883e-05
2392500000000,0.6954628102638878,0.6954,1.3383136695310867e-05,0.6804629945596755,0.6804,7.396324160647851e-06,0.6884629157492076,0.6884,5.58171656922764e-06,0.7134629728316955,0.7134,6.907270037665349e-06,0.7221483063890587,0.7224,1.651263341164186e-05,0.0017689395990355392,1.651263341164186e-05,4.978108087449356e-05,0.5773502691896258,2.8741120443439393e-05,0.5773502691896258,2.8741120443439393e-05,0.5773502691896258,2.8741120443439393e-05
2392800000000,0.6954593071116301,0.6954,4.295226509274554e-10,0.6795542575646848,0.6794,2.8903102412266863e-05,0.6884593456927331,0.6884,4.460856130753151e-10,0.713459311540429,0.7134,4.691768808349792e-10,0.7230677706681813,0.7234,2.958950962038516e-05,0.0023409725915380284,2.958950962038516e-05,5.849395681779686e-05,0.5773502691896258,3.377150171472137e-05,0.5773502691896258,3.377150171472137e-05,0.5773502691896258,3.377150171472137e-05
2393100000000,0.6964344627158224,0.6964,3.3282495833572386e-05,0.6785810605086884,0.6784,3.314893784300285e-05,0.6884587428483258,0.6884,1.2719748283399011e-11,0.7124815657258907,0.7124,3.345954072464693e-05,0.7240441681783695,0.7244,3.336732342655919e-05,0.002822485346050418,3.345954072464693e-05,0.00013325831054752964,0.5773502691896258,7.6936721466371e-05,0.5773502691896258,7.6936721466371e-05,0.5773502691896258,7.6936721466371e-05
2393400000000,0.6960282993581359,0.696,5.773903559451195e-06,0.679000468244124,0.6789999999999999,6.156599699012171e-06,0.6895828436895701,0.69,4.4226094545020406e-05,0.7113725081309358,0.711,4.305030621245349e-05,0.7240156509035574,0.724,2.8463223694855438e-08,0.002890164722764336,4.4226094545020406e-05,9.923536723963212e-05,0.5773502691896258,5.729356598893298e-05,0.5773502691896258,5.729356598893298e-05,0.5773502691896258,5.729356598893298e-05
2393700000000,0.6964657998193012,0.6964,6.699232873194992e-06,0.6784704945893272,0.6784,9.83052261725332e-06,0.6894678566406931,0.6894,4.627707493306517e-07,0.7121258114408601,0.7124,1.9861305686001257e-05,0.7234700268730803,0.7234,1.0419695392192164e-05,0.003348947382682588,1.9861305686001257e-05,4.727352731797239e-05,0.5773502691896258,2.729338372257449e-05,0.5773502691896258,2.729338372257449e-05,0.5773502691896258,2.729338372257449e-05
2394000000000,0.6963383015837581,0.6961999999999999,5.689530023315278e-07,0.6773392694691625,0.6771999999999999,4.478845953720938e-05,0.6903377171087035,0.6901999999999999,2.6483003183255028e-05,0.7136453723814448,0.7142,8.081729082527267e-05,0.7223393313972832,0.7222,4.474652906457535e-05,0.003763792569888675,8.081729082527267e-05,0.00019740423561264396,0.5773502691896258,0.00011397138857013231,0.5773502691896258,0.00011397138857013231,0.5773502691896258,0.00011397138857013231
2394300000000,0.6955506242952023,0.6954,2.171524288173033e-05,0.677389620995707,0.6774,8.873466788777273e-08,0.6895535952274751,0.6894,2.1519649361743527e-05,0.7143884654541737,0.7144,1.9326556015819077e-05,0.7231176930471418,0.7234,2.120464002896894e-05,0.0033489631444576433,2.171524288173033e-05,8.385482295614964e-05,0.5773502691896258,4.841360460658141e-05,0.5773502691896258,4.841360460658141e-05,0.5773502691896258,4.841360460658141e-05
2394600000000,0.6952724784379904,0.6952,2.7077791259443013e-06,0.6772723485092983,0.6772,4.813492623966955e-07,0.689272445636283,0.6892,2.7665782419614977e-06,0.7142721754147698,0.7142000000000001,4.733180642590714e-07,0.7239105505233348,0.7242000000000001,2.200180421442713e-05,0.0033856524174478222,2.200180421442713e-05,2.8430828908988697e-05,0.5773502691896258,1.641454672388882e-05,0.5773502691896258,1.641454672388882e-05,0.5773502691896258,1.641454672388882e-05
2394900000000,0.6946134805493659,0.6946000000000001,1.5199737602406856e-05,0.6760354575742047,0.6756000000000001,5.3546471486085565e-05,0.6896018249872344,0.6896000000000001,3.7971764891620175e-06,0.7146004989119096,0.7146000000000001,3.772871157092353e-06,0.7251486680569301,0.7256000000000001,5.365272594487014e-05,0.003881099509425232,5.365272594487014e-05,0.00012996898267961693,0.5773502691896258,7.503762713637866e-05,0.5773502691896258,7.503762713637866e-05,0.5773502691896258,7.503762713637866e-05
2395200000000,0.6949154354134376,0.6950000000000001,3.1911858977794796e-06,0.6753003961235522,0.675,1.8911036768237346e-05,0.6890765240109693,0.6890000000000001,9.657939048278475e-06,0.7149115818020393,0.7150000000000001,3.387039758600868e-06,0.7257938338390789,0.7260000000000001,1.4568361025948247e-05,0.0034226592495982585,1.8911036768237346e-05,4.971556249884442e-05,0.5773502691896258,2.8703293391621493e-05,0.5773502691896258,2.8703293391621493e-05,0.5773502691896258,2.8703293391621493e-05
2395500000000,0.6946323621479746,0.6946,2.804566576695061e-06,0.6756280735587082,0.6756,3.7580375528656237e-06,0.6894376225602061,0.6896,4.5637256791329364e-06,0.7146596302182266,0.7146,2.2217860204993756e-06,0.7256422875056704,0.7256,8.038201909348781e-07,0.002464917526820483,4.5637256791329364e-06,1.4151936020127875e-05,0.5773502691896258,8.170624070775191e-06,0.5773502691896258,8.170624070775191e-06,0.5773502691896258,8.170624070775191e-06
2395800000000,0.6951591446879822,0.695,9.712494555989966e-06,0.6773634182082636,0.6779999999999999,0.00010539973684591714,0.688159146514603,0.688,5.720753497133833e-05,0.7141591452871432,0.714,8.766980818456405e-06,0.7251591452869385,0.725,8.169924123241862e-06,0.002102753273170597,0.00010539973684591714,0.00018925667131494372,0.5773502691896258,0.0001092673901296153,0.5773502691896258,0.0001092673901296153,0.5773502691896258,0.0001092673901296153
2396100000000,0.6976587424789342,0.6971999999999999,0.0002186796190786225,0.6823649600071636,0.6841999999999999,0.0008755397128150347,0.6856587649074591,0.6851999999999999,0.00021881678634701088,0.7116587658021114,0.7111999999999999,0.0002188164149208743,0.7226587663121886,0.7222,0.00021881632560799091,0.0026917046232762826,0.0008755397128150347,0.0017506688587695333,0.5773502691896258,0.0010107491368724852,0.5773502691896258,0.0010107491368724852,0.5773502691896258,0.0010107491368724852
2396400000000,0.6977377478456628,0.6974,2.1846467901698398e-07,0.6860490071058217,0.6874,0.00047502710587959214,0.6847377481695491,0.6844,2.9689514102863707e-05,0.7097377486729242,0.7094,0.00012916073837207766,0.7217377481683322,0.7214,2.968960474594196e-05,0.0033500407399925207,0.00047502710587959214,0.0006637854277794925,0.5773502691896258,0.0003832366954126409,0.5773502691896258,0.0003832366954126409,0.5773502691896258,0.0003832366954126409
2396700000000,0.6971311719060563,0.697,1.287770296783051e-05,0.687476295764278,0.688,7.130035200953106e-05,0.6841312292363578,0.6839999999999999,1.2875282571183042e-05,0.7101300099937371,0.71,5.385413033206836e-06,0.7211312841851604,0.721,1.287294970096453e-05,0.003610171754469426,7.130035200953106e-05,0.00011531170028271598,0.5773502691896258,6.657524119893953e-05,0.5773502691896258,6.657524119893953e-05,0.5773502691896258,6.657524119893953e-05
2397000000000,0.6982266902570899,0.6986,4.200561601079889e-05,0.6883485476677853,0.6886,2.662881841102132e-05,0.6830115751734711,0.6826,4.3876882718855975e-05,0.7104012027193818,0.7106,2.5740923054908005e-06,0.7200110247063207,0.7196,4.392434549755271e-05,0.0036867270659919882,4.392434549755271e-05,0.00015900975494371968,0.5773502691896258,9.1804324820533e-05,0.5773502691896258,9.1804324820533e-05,0.5773502691896258,9.1804324820533e-05
2397300000000,0.6972696451349747,0.6974,3.2057737801760924e-05,0.6869224205220748,0.6864,7.118435225063861e-05,0.6832694961499802,0.6834,2.328313054319602e-06,0.7112694041843628,0.7114,2.638208243283108e-05,0.7212690321520757,0.7214,5.5390395675125134e-05,0.003920570650864579,7.118435225063861e-05,0.00018734288121467535,0.5773502691896258,0.00010816246290005291,0.5773502691896258,0.00010816246290005291,0.5773502691896258,0.00010816246290005291
2397600000000,0.6964448072058933,0.6966000000000001,2.381251632379467e-05,0.685222446874312,0.6846000000000001,0.0001011468641080731,0.6834445500459176,0.6836000000000001,1.0725353269003676e-06,0.7124440902757794,0.7126000000000001,4.82960594678644e-05,0.7224440966974138,0.7226000000000001,4.832718399987319e-05,0.0038811425023293276,0.0001011468641080731,0.00022265515922650572,0.5773502691896258,0.00012855001611588207,0.5773502691896258,0.00012855001611588207,0.5773502691896258,0.00012855001611588207
2397900000000,0.6943690797424144,0.6948,0.00015080255759242632,0.6805237212193689,0.6788,0.000772730797314721,0.6863690634519598,0.6868,0.0002993472531742114,0.7143690674190504,0.7148,0.0001296937950740524,0.7243690678295368,0.7248,0.00012969298508273852,0.0030994570213078746,0.000772730797314721,0.0014822673882381495,0.5773502691896258,0.0008557874756102993,0.5773502691896258,0.0008557874756102993,0.5773502691896258,0.0008557874756102993
2398200000000,0.6950442524920456,0.6952,1.595503846456168e-05,0.6788228558565351,0.6782,0.00010125300438706649,0.6870442576832775,0.6872,1.595605375016342e-05,0.7150442373895243,0.7152000000000001,1.5954907116040394e-05,0.7240443941493274,0.7242000000000001,3.6894549517247406e-06,0.0030278425533118223,0.00010125300438706649,0.0001528084586695567,0.5773502691896258,8.822400474732038e-05,0.5773502691896258,8.822400474732038e-05,0.5773502691896258,8.822400474732038e-05
2398500000000,0.6960912050642889,0.6961999999999999,3.836383909844005e-05,0.6776351759592559,0.6772,4.9370423844038964e-05,0.6870912067791881,0.6872,7.714761623889739e-08,0.7140912080009776,0.7142,3.178927554017865e-05,0.7250912041932916,0.7252000000000001,3.835339438505378e-05,0.0023717183614148573,4.9370423844038964e-05,0.00015795408048395034,0.5773502691896258,9.119483088700855e-05,0.5773502691896258,9.119483088700855e-05,0.5773502691896258,9.119483088700855e-05
2398800000000,0.6965306116119071,0.6966,6.757733993141216e-06,0.6768775507448036,0.6766,2.00898587950878e-05,0.6865306144816363,0.6866,1.099923034260371e-05,0.7145306115824639,0.7146,6.757642759804821e-06,0.7255306115695425,0.7256,6.757759480626764e-06,0.0023104481468038903,2.00898587950878e-05,5.136222537126431e-05,0.5773502691896258,2.965399464427768e-05,0.5773502691896258,2.965399464427768e-05,0.5773502691896258,2.965399464427768e-05
2399100000000,0.6961539069895141,0.696,4.966723038629675e-06,0.6769384294560219,0.6769999999999999,1.2971761178601062e-07,0.6868785501975367,0.6869999999999999,4.237074183969723e-06,0.7141501430526074,0.714,5.0664705773912166e-06,0.7258784721538853,0.726,4.23524451487807e-06,0.00256005571096463,5.0664705773912166e-06,1.8635229926654695e-05,0.5773502691896258,1.0759055014564659e-05,0.5773502691896258,1.0759055014564659e-05,0.5773502691896258,1.0759055014564659e-05
2399400000000,0.6958578978437462,0.6958,3.066749503238128e-06,0.6775693511754044,0.6778,1.3932177559600152e-05,0.6868574979317327,0.6868,1.5511926341977853e-08,0.7138579099465633,0.7138,2.9890065893862345e-06,0.7258573423993321,0.7258,1.562632846183811e-08,0.0027556332727296587,1.3932177559600152e-05,2.001907190702833e-05,0.5773502691896258,1.1558016554449282e-05,0.5773502691896258,1.1558016554449282e-05,0.5773502691896258,1.1558016554449282e-05
2399700000000,0.6966934836404004,0.6970000000000001,2.443712682495905e-05,0.6780766261242095,0.678,9.006475578982308e-06,0.6860766331921558,0.686,2.134124095300402e-05,0.7130766310877865,0.7130000000000001,2.136388293100353e-05,0.7260766259494481,0.7260000000000001,1.682984637302021e-06,0.002722558720371735,2.443712682495905e-05,7.783171092525093e-05,0.5773502691896258,4.493615925418276e-05,0.5773502691896258,4.493615925418276e-05,0.5773502691896258,4.493615925418276e-05
2400000000000,0.6996659434748097,0.699,0.0003092431113511802,0.685336168233676,0.688,0.001844533307369134,0.6836659572391145,0.6829999999999999,0.00020339754927001228,0.7096659622692794,0.709,0.0004071431626337951,0.721665968174694,0.721,0.0006808865702099681,0.0034269350219063035,0.001844533307369134,0.0034452037008340895,0.5773502691896258,0.0019890892840896566,0.5773502691896258,0.0019890892840896566,0.5773502691896258,0.0019890892840896566
2400300000000,0.700670441791476,0.7003999999999999,3.531559038648789e-05,0.6883130387465146,0.6893999999999999,0.0003101615317572719,0.6816729185955297,0.6813999999999999,0.00013902710621878174,0.7086717258672802,0.7083999999999999,3.45977108071067e-05,0.720671853089508,0.7203999999999999,3.4589268090801976e-05,0.0033496392254637897,0.0003101615317572719,0.0005536912072604502,0.5773502691896258,0.00031967376755974984,0.5773502691896258,0.00031967376755974984,0.5773502691896258,0.00031967376755974984
2400600000000,0.6991379616780837,0.6993999999999999,8.219733542799454e-05,0.685449432218015,0.6843999999999999,0.00028700848225229273,0.6831375466403601,0.6833999999999999,7.507973583962867e-05,0.7101375288345286,0.7103999999999999,7.520024185779837e-05,0.7221375249941031,0.7223999999999999,7.518679461718231e-05,0.00299358851400275,0.00028700848225229273,0.0005946725899948966,0.5773502691896258,0.00034333437991324555,0.5773502691896258,0.00034333437991324555,0.5773502691896258,0.00034333437991324555
2400900000000,0.6971404325940495,0.6976,0.00013965428545469868,0.6804383982079644,0.6786,0.0008788661647459512,0.6851403924474913,0.6856,0.00014039869645000186,0.7131403803381478,0.7136,0.00031559910034756626,0.7241403949945144,0.7246,0.0001404020883491685,0.0024670123626542506,0.0008788661647459512,0.0016149203353473865,0.5773502691896258,0.0009323746903326145,0.5773502691896258,0.0009323746903326145,0.5773502691896258,0.0009323746903326145
2401200000000,0.697555994659414,0.6978000000000001,6.044214055951116e-06,0.6777760583357524,0.6768000000000001,0.0002480818758309401,0.6865559532866621,0.6868000000000001,7.01334371287905e-05,0.7135559929118603,0.7138000000000001,6.045683399980022e-06,0.724555999514549,0.7248000000000001,6.045449097559601e-06,0.0027561954743741445,0.0002480818758309401,0.0003363506595132213,0.5773502691896258,0.0001941921438120665,0.5773502691896258,0.0001941921438120665,0.5773502691896258,0.0001941921438120665
2401500000000,0.6971580315596556,0.6970000000000001,5.543112006925146e-06,0.6779162890039209,0.678,6.88262410324281e-07,0.686887730561924,0.687,3.852665613307415e-06,0.7131583600065133,0.7130000000000001,5.533917459514388e-06,0.7248785865086431,0.7250000000000001,3.6421829065545593e-06,0.002250072273309782,5.543112006925146e-06,1.926014039662579e-05,0.5773502691896258,1.1119847242621888e-05,0.5773502691896258,1.1119847242621888e-05,0.5773502691896258,1.1119847242621888e-05
2401800000000,0.6983060287492736,0.6982,4.612641415797889e-05,0.6795897668815551,0.6802,9.801848724259638e-05,0.6863066496125944,0.6862,1.1817927438583699e-05,0.7114908987498996,0.7112,9.731494648077869e-05,0.7243066494822922,0.7242000000000001,1.1448918673890604e-05,0.0007923456145786292,9.801848724259638e-05,0.0002647266939938283,0.5773502691896258,0.00015284002803901648,0.5773502691896258,0.00015284002803901648,0.5773502691896258,0.00015284002803901648
2402100000000,0.6998505494649894,0.6997999999999999,8.349404844462912e-05,0.6826788261294181,0.6838,0.00033398004628826814,0.6878505491994266,0.6877999999999999,8.342690769772332e-05,0.7084020183156173,0.7077999999999999,0.00033394138180520684,0.7212178917396508,0.7207999999999999,0.0003339148537454498,9.996334684076731e-07,0.00033398004628826814,0.0011687572379812773,0.5773502691896258,0.0006747823059658141,0.5773502691896258,0.0006747823059658141,0.5773502691896258,0.0006747823059658141
2402400000000,0.6930001228514348,0.693,0.001642492067569408,0.684999889396831,0.685,0.00018855671419666767,0.6780021253562707,0.678,0.003394700826805439,0.697842924896749,0.694,0.0039023058839935693,0.7106591295069896,0.708,0.0039020610960055144,1.0919523020730929e-05,0.0039023058839935693,0.013030116588570598,0.5773502691896258,0.007522941319983444,0.5773502691896258,0.007522941319983444,0.5773502691896258,0.007522941319983444
2402700000000,0.6900000018452309,0.69,0.00031502541181529343,0.6859999784250939,0.686,3.5006232255812276e-05,0.6750000060451958,0.675,0.00031544521252750024,0.6891876253712031,0.686,0.0026219973456920215,0.7040000610159232,0.704,0.001552011760904993,5.080477755683021e-06,0.0026219973456920215,0.00483948596319562,0.5773502691896258,0.002794078523590407,0.5773502691896258,0.002794078523590407,0.5773502691896258,0.002794078523590407
2403000000000,0.6899999362188631,0.69,1.507387052005737e-13,0.6849999728097595,0.685,3.500039307450529e-05,0.6739999843822456,0.674,3.5001516422939784e-05,0.6853967799753153,0.684,0.0005029678085433331,0.7010001480585708,0.701,0.0003149817213091699,9.754971632071864e-07,0.0005029678085433331,0.0008879514395006868,0.5773502691896258,0.0005126590026230373,0.5773502691896258,0.0005126590026230373,0.5773502691896258,0.0005126590026230373
2403300000000,0.6929997254029354,0.693,0.00031495573021069785,0.6859999649585039,0.686,3.4999450414262346e-05,0.6769997200198885,0.677,0.0003149444863510671,0.6890625153493825,0.69,0.0004703165541440437,0.7046659559823438,0.706,0.00047033517068989793,1.3292755331039182e-06,0.00047033517068989793,0.001605551391809969,0.5773502691896258,0.000926965528259264,0.5773502691896258,0.000926965528259264,0.5773502691896258,0.000926965528259264
2403600000000,0.6959995368732741,0.696,0.00031496041001514204,0.6879999806479659,0.688,0.0001400021965332891,0.6799995202280384,0.68,0.00031495804510857454,0.6919997557951311,0.692,0.0003019583502649527,0.7078332633659029,0.709,0.0003511142621681756,6.806374390110709e-07,0.0003511142621681756,0.0014229932640901339,0.5773502691896258,0.0008215655440774631,0.5773502691896258,0.0008215655440774631,0.5773502691896258,0.0008215655440774631
2403900000000,0.6979998031695387,0.698,0.00014003728395902307,0.6870000417233834,0.687,3.499572485133221e-05,0.6809999257254822,0.681,3.502839057604763e-05,0.6949264035582343,0.696,0.00029978434952470436,0.7107594771281426,0.711,0.0002996954443812298,6.052303088290648e-07,0.00029978434952470436,0.000809541193292337,0.5773502691896258,0.0004673888258674217,0.5773502691896258,0.0004673888258674217,0.5773502691896258,0.0004673888258674217
2404200000000,0.6940000014442859,0.694,0.0005599444844467423,0.6796924264134592,0.677,0.0018690434531243429,0.679999999846349,0.68,3.499481173161223e-05,0.6949999994140323,0.695,1.8957224967253127e-07,0.7099999996294949,0.71,2.0188212483325162e-05,3.624579995947481e-06,0.0018690434531243429,0.0024843605340356947,0.5773502691896258,0.001434346223089591,0.5773502691896258,0.001434346223089591,0.5773502691896258,0.001434346223089591
2404500000000,0.7000949212818889,0.702,0.0013001816739382384,0.6857874452399016,0.688,0.0013002239073140883,0.6839997694780744,0.684,0.0005599354987405561,0.6999994390061897,0.7,0.0008748038682470545,0.7149994172980689,0.715,0.0008747961958697586,4.262362098014658e-06,0.0013002239073140883,0.004909941144109696,0.5773502691896258,0.002834755841256952,0.5773502691896258,0.002834755841256952,0.5773502691896258,0.002834755841256952
2404800000000,0.7054718846071096,0.7048,0.001011910711026915,0.6931120877727607,0.6958,0.0018777635881958624,0.6854719929019722,0.6848,7.586046334557341e-05,0.7004720045264224,0.6998,7.816135981950785e-06,0.7154720059531993,0.7148,7.816901293526451e-06,3.0115606369104727e-05,0.0018777635881958624,0.002981167799843828,0.5773502691896258,0.0017211780317392788,0.5773502691896258,0.0017211780317392788,0.5773502691896258,0.0017211780317392788
2405100000000,0.7053401320710428,0.7051999999999999,6.075555766010509e-07,0.6946393730857402,0.6951999999999999,8.16410149535033e-05,0.6853401204506723,0.6852,6.086620194152471e-07,0.6993402115145287,0.6991999999999999,4.4833439761999476e-05,0.7153401524609649,0.7152,6.084870195035426e-07,1.796445961713095e-06,8.16410149535033e-05,0.00012829915933102262,0.5773502691896258,7.40735541765686e-05,0.5773502691896258,7.40735541765686e-05,0.5773502691896258,7.40735541765686e-05
2405400000000,0.7052576521153506,0.7051999999999999,2.381030081846483e-07,0.6942569946355025,0.6941999999999999,5.117464772216403e-06,0.6852581198254394,0.6851999999999999,2.3534358885048202e-07,0.6999693392792831,0.7001999999999999,1.3853061053466957e-05,0.7152578875310619,0.7152,2.3686315421833457e-07,3.613327783243865e-05,1.3853061053466957e-05,1.9680835576936823e-05,0.5773502691896258,1.136273571822124e-05,0.5773502691896258,1.136273571822124e-05,0.5773502691896258,1.136273571822124e-05
2405700000000,0.70419160516407,0.7038,3.977596358171709e-05,0.6947020978361552,0.6948,6.934090073095309e-06,0.6847021073387303,0.6848,1.082024598817577e-05,0.7007020912547907,0.7008,1.8792391016359915e-05,0.7157020979737876,0.7158,6.90630210992937e-06,9.619584935152335e-05,3.977596358171709e-05,8.322899276927745e-05,0.5773502691896258,4.805228137972376e-05,0.5773502691896258,4.805228137972376e-05,0.5773502691896258,4.805228137972376e-05
2406000000000,0.7045408383523748,0.7046,4.2687336934742584e-06,0.6938949874217814,0.6936,2.279995273467651e-05,0.6845413628584793,0.6846,9.043575775900758e-07,0.7005414452442235,0.7006,9.03249924890496e-07,0.7164813149254354,0.7166,2.12512670207375e-05,7.295601186774589e-05,2.279995273467651e-05,5.012756095136884e-05,0.5773502691896258,2.8941160809092177e-05,0.5773502691896258,2.8941160809092177e-05,0.5773502691896258,2.8941160809092177e-05
2406300000000,0.7033331982078163,0.7032,5.1043815156228134e-05,0.6933038744592236,0.6932,1.222950870763343e-05,0.6853038733878959,0.6852,2.03497807614893e-05,0.7017551797639091,0.7022,5.156030194967942e-05,0.7163038741447432,0.7162000000000001,1.101983072843777e-06,8.422398832465814e-05,5.156030194967942e-05,0.00013628538964787407,0.5773502691896258,7.868440639981314e-05,0.5773502691896258,7.868440639981314e-05,0.5773502691896258,7.868440639981314e-05
2406600000000,0.7040587685952973,0.7042,1.842583355162652e-05,0.6930595397147866,0.6932,2.0894813568677672e-06,0.6837641633590824,0.6832,8.297474404900816e-05,0.702059067139868,0.7022,3.232163804351032e-06,0.7170584368496346,0.7172000000000001,1.9927770646454943e-05,0.00024029916749191077,8.297474404900816e-05,0.00012664999340830844,0.5773502691896258,7.312140778715122e-05,0.5773502691896258,7.312140778715122e-05,0.5773502691896258,7.312140778715122e-05
2406900000000,0.7048942155839627,0.7052,2.442900848045559e-05,0.6932751761430207,0.6932,1.6274674213542791e-06,0.6832758252871569,0.6832,8.346592537216956e-06,0.7012795910674209,0.7012,2.126540316311476e-05,0.7172751829430117,0.7172000000000001,1.6442604147994952e-06,0.0002916585430589486,2.442900848045559e-05,5.731273201694108e-05,0.5773502691896258,3.308952125797382e-05,0.5773502691896258,3.308952125797382e-05,0.5773502691896258,3.308952125797382e-05
2407200000000,0.705557677247334,0.7058,1.5406348256718437e-05,0.6928610367050255,0.6928,6.0029015936036e-06,0.6828610512267794,0.6828,6.021313240670965e-06,0.7018591833336144,0.7018,1.1757451826097284e-05,0.7168610465355785,0.7168,6.002813738660542e-06,0.00043563676655931547,1.5406348256718437e-05,4.519082865575083e-05,0.5773502691896258,2.60909370893e-05,0.5773502691896258,2.60909370893e-05,0.5773502691896258,2.60909370893e-05
2407500000000,0.7057611078299632,0.7058000000000001,1.4484400682095471e-06,0.6927612565482142,0.6928000000000001,3.484627892653142e-07,0.6820832421425342,0.6818000000000001,2.117454400370164e-05,0.7017612731080741,0.7018000000000001,3.3552442928724883e-07,0.7176331145203949,0.7178000000000001,2.0863114061248046e-05,0.0006561563899346292,2.117454400370164e-05,4.4170085351711795e-05,0.5773502691896258,2.5501610667939554e-05,0.5773502691896258,2.5501610667939554e-05,0.5773502691896258,2.5501610667939554e-05
2407800000000,0.7044924958938059,0.7044,5.632816855962155e-05,0.6900931580607993,0.6894,0.00024915623384909753,0.6814924699550944,0.6814,1.221541221083664e-05,0.7044295300715671,0.7054,0.00024918583281299827,0.7194923431183405,0.7194,0.00012098558427966029,0.001513624028056518,0.00024918583281299827,0.0006878712317122144,0.5773502691896258,0.0003971426407968464,0.5773502691896258,0.0003971426407968464,0.5773502691896258,0.0003971426407968464
2408100000000,0.7031073868077992,0.7026,6.714845130484617e-05,0.6914575828107012,0.6916,6.515792143507487e-05,0.6804785025570868,0.6806,3.5984545947782824e-05,0.705478187431732,0.7056,3.848887906598105e-05,0.7194783385567382,0.7196,6.864471098627431e-09,0.001742561111201753,6.714845130484617e-05,0.00020678666222478356,0.5773502691896258,0.00011938833510030302,0.5773502691896258,0.00011938833510030302,0.5773502691896258,0.00011938833510030302
2408400000000,0.7022237798581137,0.702,2.7326643453636628e-05,0.6925940131381915,0.693,4.520158612338376e-05,0.679343910805891,0.6789999999999999,4.505544546585356e-05,0.705223075052807,0.705,2.277881405826132e-06,0.7206152174745982,0.721,4.5237278585614213e-05,0.0013227655831543196,4.5237278585614213e-05,0.0001650988350343143,0.5773502691896258,9.531985684995499e-05,0.5773502691896258,9.531985684995499e-05,0.5773502691896258,9.531985684995499e-05
2408700000000,0.702110798878101,0.702,4.467645645617921e-07,0.6931106736094391,0.693,9.342831489244681e-06,0.680555265599816,0.6809999999999999,5.1358315286785414e-05,0.7041123747319585,0.704,4.317793209565199e-05,0.7201108851641644,0.72,8.902287777161825e-06,0.0015626236690759864,5.1358315286785414e-05,0.0001132281312134057,0.5773502691896258,6.537229203589805e-05,0.5773502691896258,6.537229203589805e-05,0.5773502691896258,6.537229203589805e-05
2409000000000,0.702126607277594,0.7020000000000001,8.746692308560203e-09,0.6921269445807746,0.6920000000000001,3.38702980643023e-05,0.6801266833207267,0.68,6.428896948230455e-06,0.7054931603116386,0.7060000000000001,6.672990859683026e-05,0.7201266032669783,0.7200000000000001,8.647056462354652e-09,0.0021026605899513375,6.672990859683026e-05,0.00010704649735813393,0.5773502691896258,6.180332406552519e-05,0.5773502691896258,6.180332406552519e-05,0.5773502691896258,6.180332406552519e-05
2409300000000,0.7023144569907855,0.7022,1.2350630161148178e-06,0.6923144512927485,0.6922,1.23055684623385e-06,0.6793146306718849,0.6792,2.308003265718248e-05,0.7067418328131723,0.7072,5.457140556302583e-05,0.7193146276354832,0.7192000000000001,2.3075654914968412e-05,0.0019322312147457253,5.457140556302583e-05,0.00010319271299752538,0.5773502691896258,5.957834062752908e-05,0.5773502691896258,5.957834062752908e-05,0.5773502691896258,5.957834062752908e-05
2409600000000,0.7014866661965657,0.7016000000000001,2.398331596482642e-05,0.6910588251825135,0.6906000000000001,5.5180892504635454e-05,0.6794863306552371,0.6796000000000001,1.0318309499101328e-06,0.7074860255617986,0.7076000000000001,1.9383799648781982e-05,0.7204821465549122,0.7206000000000001,4.7708514952864026e-05,0.002016531748823892,5.5180892504635454e-05,0.000147288354021018,0.5773502691896258,8.503697084253164e-05,0.5773502691896258,8.503697084253164e-05,0.5773502691896258,8.503697084253164e-05
2409900000000,0.7011222852482542,0.701,4.647071642235964e-06,0.6910390377130637,0.691,1.370403815286789e-08,0.6798582411311458,0.6799999999999999,4.841109073171642e-06,0.7078575047145661,0.708,4.82988663292939e-06,0.7201225616857817,0.72,4.525544733764906e-06,0.0021025466654460007,4.841109073171642e-06,1.885731612025477e-05,0.5773502691896258,1.0887276538222962e-05,0.5773502691896258,1.0887276538222962e-05,0.5773502691896258,1.0887276538222962e-05
2410200000000,0.7013400873593872,0.7014,1.6603215864911099e-06,0.6913400790631404,0.6914,3.1719063059599047e-06,0.681119884897262,0.6814,5.571107474030075e-05,0.7073401693891259,0.7074,9.367254363190484e-06,0.7188597779767281,0.7184,5.581179435479427e-05,0.0020450503475925087,5.581179435479427e-05,0.00012572235135073652,0.5773502691896258,7.258583339550045e-05,0.5773502691896258,7.258583339550045e-05,0.5773502691896258,7.258583339550045e-05
2410500000000,0.700561945840025,0.7004,2.1192647845440606e-05,0.691440253806873,0.6914,3.5122427486611034e-07,0.6814402511919763,0.6814,3.5922096976120084e-06,0.7081172884469815,0.7084,2.1136991052883245e-05,0.718440260652493,0.7184,6.159817486667162e-06,0.0024964555088106137,2.1192647845440606e-05,5.243289035746914e-05,0.5773502691896258,3.0272143362274943e-05,0.5773502691896258,3.0272143362274943e-05,0.5773502691896258,3.0272143362274943e-05
2410800000000,0.6998581532775121,0.6996,1.733633898669416e-05,0.6915364750960077,0.6916,3.240487768958089e-07,0.6815354811577645,0.6816,3.17406123441142e-07,0.7085350365362337,0.7086,6.107971312585602e-06,0.7185348425683826,0.7186,3.131008584673194e-07,0.002958442044400834,1.733633898669416e-05,2.4398866058084032e-05,0.5773502691896258,1.4086691886556442e-05,0.5773502691896258,1.4086691886556442e-05,0.5773502691896258,1.4086691886556442e-05
2411100000000,0.6998849505067761,0.6998,2.513320236799482e-08,0.690884953873901,0.6908,1.4856796599937208e-05,0.6808849527398816,0.6808,1.4811552786564564e-05,0.7088849489990627,0.7088,4.285355607507097e-06,0.7194601938546016,0.7198,2.9969625101747678e-05,0.0030976721685404447,2.9969625101747678e-05,6.394846329812453e-05,0.5773502691896258,3.6920662499435105e-05,0.5773502691896258,3.6920662499435105e-05,0.5773502691896258,3.6920662499435105e-05
2411400000000,0.7002332581444455,0.7004,4.246137366058207e-06,0.6890669675706215,0.6884,0.00011567759696192305,0.6812332581711193,0.6814,4.246083570040291e-06,0.7092332581469466,0.7094,4.246174187485394e-06,0.7202332579573022,0.7204,2.0916983740950788e-05,0.003168678028929766,0.00011567759696192305,0.0001493329758264577,0.5773502691896258,8.621743379229324e-05,0.5773502691896258,8.621743379229324e-05,0.5773502691896258,8.621743379229324e-05
2411700000000,0.6999827841303957,0.7,2.195803109997011e-06,0.6882879925308351,0.688,2.123807394135845e-05,0.6818707997126947,0.6819999999999999,1.42260726032e-05,0.7098662383962059,0.71,1.4023239858332135e-05,0.719990742719526,0.72,2.0584774193774068e-06,0.003422612326213732,2.123807394135845e-05,5.3741666932265e-05,0.5773502691896258,3.102776587004241e-05,0.5773502691896258,3.102776587004241e-05,0.5773502691896258,3.102776587004241e-05
2412000000000,0.6989592791127779,0.6986,3.6664688238110735e-05,0.6885153955447048,0.6886,1.8099245750957733e-06,0.6824869586315243,0.6826,1.3287813463864211e-05,0.7095404550792132,0.7096,3.714716937077582e-06,0.7204970046482018,0.7206,8.970539914927342e-06,0.003497015506878722,3.6664688238110735e-05,6.444768312907565e-05,0.5773502691896258,3.7208887203219535e-05,0.5773502691896258,3.7208887203219535e-05,0.5773502691896258,3.7208887203219535e-05
2412300000000,0.6993320888694191,0.6994,4.864549012641093e-06,0.688332617993625,0.6884,1.1692671612550026e-06,0.6816927600917841,0.6814,2.2076296218389373e-05,0.7103099154482085,0.7104,2.072242408090823e-05,0.7203326122702848,0.7204,9.45869887102071e-07,0.003168453948159934,2.2076296218389373e-05,4.977840636029577e-05,0.5773502691896258,2.8739576311947346e-05,0.5773502691896258,2.8739576311947346e-05,0.5773502691896258,2.8739576311947346e-05
2412600000000,0.6999655624177047,0.7002,1.4045105773213268e-05,0.6882671296633467,0.6882,1.5010524909242237e-07,0.6812371006351986,0.6812,7.266893913154174e-06,0.7102636654308436,0.7102,7.486724371891556e-08,0.7202665390348946,0.7202000000000001,1.527985352225403e-07,0.0033856347659823706,1.4045105773213268e-05,2.1689770714401318e-05,0.5773502691896258,1.2522594960620865e-05,0.5773502691896258,1.2522594960620865e-05,0.5773502691896258,1.2522594960620865e-05
2412900000000,0.6998850870453738,0.6998,2.2666999431296558e-07,0.6886409880828297,0.6888,4.891954123641663e-06,0.680911889520752,0.6808,3.70167941358623e-06,0.71064714594533,0.7108,5.14700567467462e-06,0.7199147294736495,0.7198,4.331948858419747e-06,0.0034596467350098666,5.14700567467462e-06,1.8299258064635225e-05,0.5773502691896258,1.056508156958758e-05,0.5773502691896258,1.056508156958758e-05,0.5773502691896258,1.056508156958758e-05
2413200000000,0.7007147918468435,0.7008000000000001,2.4094352015366214e-05,0.6894918324610047,0.6898000000000001,2.5337765455517288e-05,0.6800660203867319,0.6798000000000001,2.504231071607532e-05,0.7098788912492902,0.7098000000000001,2.0657534729552465e-05,0.7198483324807478,0.7198000000000001,1.5429962332398865e-07,0.0030976954086362057,2.5337765455517288e-05,9.528626253983529e-05,0.5773502691896258,5.501354932744726e-05,0.5773502691896258,5.501354932744726e-05,0.5773502691896258,5.501354932744726e-05
2413500000000,0.700652811028442,0.7006,1.344567647400806e-07,0.6896401563644428,0.6896,7.699993115891001e-07,0.6796619461826502,0.6796,5.714658684149869e-06,0.709647782239318,0.7096,1.8693981071606166e-06,0.7203972843451659,0.7206,1.0547185230686391e-05,0.0029584264903188395,1.0547185230686391e-05,1.9035698098326057e-05,0.5773502691896258,1.0990265421280998e-05,0.5773502691896258,1.0990265421280998e-05,0.5773502691896258,1.0990265421280998e-05
2413800000000,0.7014922337078696,0.7018,2.4662065215809622e-05,0.6888769551055242,0.6888,2.0386665656522752e-05,0.6788770545736171,0.6788,2.1561919327567488e-05,0.7098768711949902,0.7098,1.8368612363842156e-06,0.7208768853687134,0.7208,8.050599962573118e-06,0.002924159201748908,2.4662065215809622e-05,7.649811139885719e-05,0.5773502691896258,4.4166205208628184e-05,0.5773502691896258,4.4166205208628184e-05,0.5773502691896258,4.4166205208628184e-05
2414100000000,0.701750202186945,0.7018,2.329170766875405e-06,0.6887568022095925,0.6888,5.052851440271061e-07,0.678092721145126,0.6778,2.1531262446704273e-05,0.710642865684704,0.7108,2.0536164539517588e-05,0.7207572957339317,0.7208,5.00558826153201e-07,0.002924162139151504,2.1531262446704273e-05,4.5402441723277574e-05,0.5773502691896258,2.6213111950800607e-05,0.5773502691896258,2.6213111950800607e-05,0.5773502691896258,2.6213111950800607e-05
2414400000000,0.7019494973227376,0.7020000000000001,1.3901492902712821e-06,0.6889495397974579,0.6890000000000001,1.3001722221663362e-06,0.677948707499849,0.678,7.258975509083446e-07,0.7109480594550653,0.7110000000000001,3.2600133113573567e-06,0.7202041908698739,0.7200000000000001,1.0707374672553765e-05,0.003062526236627854,1.0707374672553765e-05,1.7383607047257086e-05,0.5773502691896258,1.0036430208220556e-05,0.5773502691896258,1.0036430208220556e-05,0.5773502691896258,1.0036430208220556e-05
2414700000000,0.7014971921175607,0.7013999999999999,7.1602999520546604e-06,0.6894945117816352,0.6893999999999999,1.0394806223837149e-05,0.6790127462902571,0.6793999999999999,3.962624916225679e-05,0.7104971602462999,0.7103999999999999,7.115853376284183e-06,0.7194983812232221,0.7193999999999999,1.743585400573533e-05,0.0028224940118578555,3.962624916225679e-05,8.17330627201681e-05,0.5773502691896258,4.718860576318162e-05,0.5773502691896258,4.718860576318162e-05,0.5773502691896258,4.718860576318162e-05
2415000000000,0.7021632709621451,0.7022,1.5528135952104498e-05,0.6901632709630436,0.6902,1.5653359495131496e-05,0.680698041881316,0.6812,9.94077430234898e-05,0.7088121443955188,0.7082,9.93747446084338e-05,0.7181632717911277,0.7182000000000001,6.238810184835648e-05,0.0017959153650433347,9.94077430234898e-05,0.0002923520849275161,0.5773502691896258,0.00016878955493104976,0.5773502691896258,0.00016878955493104976,0.5773502691896258,0.00016878955493104976
2415300000000,0.7020808068762222,0.702,2.380113913487096e-07,0.69076716178949,0.691,1.2763944559314361e-05,0.6801641931544075,0.6799999999999999,9.974806212765292e-06,0.708215896050741,0.708,1.2442923102758624e-05,0.7187713282077194,0.719,1.2940641201540739e-05,0.0024026123338984065,1.2940641201540739e-05,4.836032646772772e-05,0.5773502691896258,2.7920847504240788e-05,0.5773502691896258,2.7920847504240788e-05,0.5773502691896258,2.7920847504240788e-05
2415600000000,0.7007599230105558,0.7006,6.106569653022549e-05,0.6897598828800726,0.6896,3.551137804750089e-05,0.6797598599217441,0.6796,5.7219877062587394e-06,0.7099605420225035,0.7106,0.00010653263483754826,0.7197597916832442,0.7196,3.419710148563238e-05,0.003133155583551663,0.00010653263483754826,0.00024302879860716575,0.5773502691896258,0.00014031274229667852,0.5773502691896258,0.00014031274229667852,0.5773502691896258,0.00014031274229667852
2415900000000,0.7009298601777074,0.7010000000000001,1.0107524272832927e-06,0.6899348514521269,0.6900000000000001,1.0714900422344294e-06,0.6799342447147383,0.68,1.0643519609663442e-06,0.7099496714350712,0.7100000000000001,4.1359384893308615e-09,0.7192480830914432,0.7190000000000001,9.164598902305555e-06,0.002890150613318148,9.164598902305555e-06,1.2315329271278952e-05,0.5773502691896258,7.110258669931781e-06,0.5773502691896258,7.110258669931781e-06,0.5773502691896258,7.110258669931781e-06
2416200000000,0.7008711495914768,0.7010000000000001,1.2064265274407706e-07,0.689871232619355,0.6900000000000001,1.4165745591379253e-07,0.6785169125979487,0.678,7.030906152491776e-05,0.7108701119239004,0.7110000000000001,2.965237427166618e-05,0.7198705842491069,0.7200000000000001,1.3562769195243199e-05,0.00306266731636188,7.030906152491776e-05,0.00011378650510048502,0.5773502691896258,6.569466934991176e-05,0.5773502691896258,6.569466934991176e-05,0.5773502691896258,6.569466934991176e-05
2416500000000,0.7015268069385445,0.7018,1.5046029486736721e-05,0.6868927899018792,0.6858,0.0003104892357449675,0.6805267736767561,0.6808,0.00014138395446367053,0.7105268201519012,0.7108,4.124723425282519e-06,0.7205268073920444,0.7208,1.5072008466439818e-05,0.002434346429629205,0.0003104892357449675,0.00048611595158709706,0.5773502691896258,0.00028065917550618163,0.5773502691896258,0.00028065917550618163,0.5773502691896258,0.00028065917550618163
2416800000000,0.700324073004272,0.7008000000000001,5.0629912082771566e-05,0.6817037527107064,0.6798000000000001,0.0009424137439981102,0.682324059222496,0.6828000000000001,0.00011305823665239237,0.7133240537434363,0.7138000000000001,0.000273858051796445,0.7223240604693891,0.7228000000000001,0.00011305415184087289,0.0019903651958557483,0.0009424137439981102,0.001493014096370592,0.5773502691896258,0.0008619920904434673,0.5773502691896258,0.0008619920904434673,0.5773502691896258,0.0008619920904434673
2417100000000,0.7010985674485819,0.7011999999999999,2.0994457549340503e-05,0.6806030432642587,0.6801999999999999,4.240464499247128e-05,0.6821002126519562,0.6821999999999999,1.7537550499843187e-06,0.7131000062018396,0.7132,1.7569055313445115e-06,0.7230981636748623,0.7232,2.0973252045336998e-05,0.0019322017175598186,4.240464499247128e-05,8.788301516847762e-05,0.5773502691896258,5.073928246471653e-05,0.5773502691896258,5.073928246471653e-05,0.5773502691896258,5.073928246471653e-05
2417400000000,0.7005328889021002,0.7006,1.1199727628237992e-05,0.6798684777504814,0.6796,1.8885527291079916e-05,0.6825328777680679,0.6826,6.55196859449919e-06,0.713532878269665,0.7136,6.55823794862323e-06,0.7235328772925987,0.7236,6.614157530591201e-06,0.0026244450507438635,1.8885527291079916e-05,4.9809618993031525e-05,0.5773502691896258,2.875759693385945e-05,0.5773502691896258,2.875759693385945e-05,0.5773502691896258,2.875759693385945e-05
2417700000000,0.6994074312467479,0.6990000000000001,4.43329226896903e-05,0.6789804434482818,0.679,2.7601172265911817e-05,0.6829788431168091,0.683,6.960978229724955e-06,0.714654493735934,0.7150000000000001,4.403074389608299e-05,0.7239787849468923,0.7240000000000001,6.959177265514584e-06,0.002722643443151167,4.43329226896903e-05,0.00012988499434692466,0.5773502691896258,7.498913644988998e-05,0.5773502691896258,7.498913644988998e-05,0.5773502691896258,7.498913644988998e-05
2418000000000,0.6987988992843036,0.6988,1.2960890226069122e-05,0.6781120356218756,0.6778,2.6394625353722783e-05,0.6827964998089397,0.6828,1.1637178673660395e-06,0.7155186272583256,0.7158,2.6135436058229784e-05,0.7247739277511283,0.7248,2.2128822769489145e-05,0.0029241889664566824,2.6394625353722783e-05,8.878349227487686e-05,0.5773502691896258,5.125917316449522e-05,0.5773502691896258,5.125917316449522e-05,0.5773502691896258,5.125917316449522e-05
2418300000000,0.6993038461521837,0.6994,8.923996878365604e-06,0.6776041665272958,0.6774,9.027585603025085e-06,0.6833025691381398,0.6834,8.96371580849474e-06,0.7153939673256307,0.7154,5.439034586828159e-07,0.7243954479061276,0.7244,5.013644757509059e-06,0.0031684303447525953,9.027585603025085e-06,3.247284650607731e-05,0.5773502691896258,1.8748206671637134e-05,0.5773502691896258,1.8748206671637134e-05,0.5773502691896258,1.8748206671637134e-05
2418600000000,0.6989143280583179,0.6987999999999999,5.3103520907091145e-06,0.6777280776372667,0.6777999999999998,5.373887110976977e-07,0.6836738761123939,0.6837999999999999,4.8254104195416956e-06,0.7149844942261365,0.7147999999999999,5.868387672326501e-06,0.7246986649914907,0.7247999999999999,3.2179210299626823e-06,0.0030976589048334903,5.868387672326501e-06,1.975945992363769e-05,0.5773502691896258,1.1408129505953845e-05,0.5773502691896258,1.1408129505953845e-05,0.5773502691896258,1.1408129505953845e-05
2418900000000,0.6986487204643776,0.6986,2.469158788555159e-06,0.6776478457211359,0.6776,2.2530061281082537e-07,0.6836313178876556,0.6836,6.339208725067574e-08,0.7154343265066974,0.7156,7.082217822209683e-06,0.7246377678381548,0.7246,1.2979621495457997e-07,0.002958418001331438,7.082217822209683e-06,9.969865525780925e-06,0.5773502691896258,5.756104545093987e-06,0.5773502691896258,5.756104545093987e-06,0.5773502691896258,5.756104545093987e-06
2419200000000,0.6986085317201238,0.6986,5.65297307644683e-08,0.6776161660433347,0.6776,3.512606949547523e-08,0.6836092938998971,0.6836,1.6976961287566165e-08,0.7155530090444239,0.7156,4.929940666421652e-07,0.7246121642371918,0.7246,2.294405337961445e-08,0.0033124317843162185,4.929940666421652e-07,6.245708815692893e-07,0.5773502691896258,3.605961666020311e-07,0.5773502691896258,3.605961666020311e-07,0.5773502691896258,3.605961666020311e-07
2419500000000,0.6984533786829916,0.6984,8.425362725971605e-07,0.6774535443237444,0.6774,9.256038288884124e-07,0.684188800353138,0.6844,1.1753970527174523e-05,0.7154515115557403,0.7154,3.6056090731770957e-07,0.7244527624663487,0.7244,8.89312359176614e-07,0.002992927970027812,1.1753970527174523e-05,1.477198389515442e-05,0.5773502691896258,8.528608878332223e-06,0.5773502691896258,8.528608878332223e-06,0.5773502691896258,8.528608878332223e-06
2419800000000,0.6970973648283988,0.6966000000000001,6.435707508466969e-05,0.6774756596187249,0.6776000000000001,1.7118019522653733e-08,0.6834756601766533,0.6836000000000001,1.779991189608285e-05,0.7164756577303873,0.7166000000000001,3.671063854654852e-05,0.7254756576316819,0.7256000000000001,3.6621008174168327e-05,0.002310554607789865,6.435707508466969e-05,0.00015550575172099205,0.5773502691896258,8.978128761664988e-05,0.5773502691896258,8.978128761664988e-05,0.5773502691896258,8.978128761664988e-05
2420100000000,0.6968893151990084,0.6968,1.514962690131331e-06,0.6784424881600338,0.6788,3.271650999013351e-05,0.6828896359016317,0.6828,1.2019855782012147e-05,0.7158896389666565,0.7158,1.2019629700563322e-05,0.7258889160842961,0.7258,5.977389202997783e-06,0.0024336800613421225,3.271650999013351e-05,6.424834736583809e-05,0.5773502691896258,3.709380064665521e-05,0.5773502691896258,3.709380064665521e-05,0.5773502691896258,3.709380064665521e-05
2420400000000,0.6972618538754416,0.6974000000000001,4.857477290350106e-06,0.6784140307574251,0.6784000000000001,2.8343831713189315e-08,0.6832646250589403,0.6834000000000001,4.921590383465563e-06,0.7155297329379283,0.7154000000000001,4.533632233020426e-06,0.7255291320892174,0.7254000000000002,4.530558309015964e-06,0.0028224565661032863,4.921590383465563e-06,1.887160204756525e-05,0.5773502691896258,1.089552452220129e-05,0.5773502691896258,1.089552452220129e-05,0.5773502691896258,1.089552452220129e-05
2420700000000,0.6980907833242204,0.6984,2.4049341086843655e-05,0.6776308147954452,0.6774,2.146995350850591e-05,0.683357876346539,0.6834,3.0435309235879584e-07,0.7147018033286575,0.7144,2.3991360326755803e-05,0.7262181364063506,0.7264,1.6615443215983957e-05,0.002993057680858261,2.4049341086843655e-05,8.64304512304481e-05,0.5773502691896258,4.990064428408004e-05,0.5773502691896258,4.990064428408004e-05,0.5773502691896258,4.990064428408004e-05
2421000000000,0.6977438991540122,0.6976,4.211501963934089e-06,0.677585225674662,0.6776,7.274287768257543e-08,0.6835663234441346,0.6836,1.5207567373610177e-06,0.714583339556855,0.7146,4.911782830383554e-07,0.7265209951085045,0.7266,3.2103187714634016e-06,0.0027889215392156116,4.211501963934089e-06,9.50649863347944e-06,0.5773502691896258,5.488579545090165e-06,0.5773502691896258,5.488579545090165e-06,0.5773502691896258,5.488579545090165e-06
2421300000000,0.697625877543417,0.6976,4.875185198625106e-07,0.6783094075548541,0.6786,1.8355378845954204e-05,0.6828640515334661,0.6826,1.726150427799034e-05,0.7146023542677404,0.7146,1.265457305192388e-08,0.7265970501801049,0.7266,2.024530870647351e-07,0.002624518214557908,1.8355378845954204e-05,3.631950930392372e-05,0.5773502691896258,2.0969078473455478e-05,0.5773502691896258,2.0969078473455478e-05,0.5773502691896258,2.0969078473455478e-05
2421600000000,0.6971639196445156,0.697,7.46917851250741e-06,0.6779957497708995,0.6779999999999999,3.443342190236882e-06,0.6829609382150472,0.6829999999999999,3.2854601737320353e-07,0.7149407419937428,0.715,4.007718858816805e-06,0.7269385045748753,0.727,4.08068862978075e-06,0.002560022518997406,7.46917851250741e-06,1.932947420871505e-05,0.5773502691896258,1.1159877137695565e-05,0.5773502691896258,1.1159877137695565e-05,0.5773502691896258,1.1159877137695565e-05
2421900000000,0.6968588288767027,0.6968000000000001,3.257813181163958e-06,0.6778585948578097,0.6778000000000001,6.584014564629248e-07,0.683573522507674,0.6838000000000001,1.3134083045056974e-05,0.7148502670051939,0.7148000000000001,2.8650032435207813e-07,0.7268587838075665,0.7268000000000001,2.224390259105082e-07,0.0025921321791089412,1.3134083045056974e-05,1.755923703294644e-05,0.5773502691896258,1.0137830227736075e-05,0.5773502691896258,1.0137830227736075e-05,0.5773502691896258,1.0137830227736075e-05
2422200000000,0.6974408021249151,0.6974,1.1854250157221557e-05,0.6774599288300116,0.6774,5.562711060212286e-06,0.6841792376717285,0.6844,1.2841180098794898e-05,0.7144599936392524,0.7144,5.330965505717183e-06,0.7264600336261806,0.7264,5.565059750435352e-06,0.0024964307275883455,1.2841180098794898e-05,4.1154166572381274e-05,0.5773502691896258,2.376036914883903e-05,0.5773502691896258,2.376036914883903e-05,0.5773502691896258,2.376036914883903e-05
2422500000000,0.6968539739330021,0.6966000000000001,1.205285643883684e-05,0.6775511169151844,0.6776000000000001,2.910343407120749e-07,0.6845172980110764,0.6846000000000001,3.99996775640089e-06,0.7145356438197596,0.7146000000000001,2.0030324337732763e-07,0.726539967407902,0.7266000000000001,2.236293311101888e-07,0.002789007535878538,1.205285643883684e-05,1.6767791110437322e-05,0.5773502691896258,9.680888711326403e-06,0.5773502691896258,9.680888711326403e-06,0.5773502691896258,9.680888711326403e-06
2422800000000,0.6972127685990097,0.6971999999999999,4.505676432443526e-06,0.6779930484890296,0.6781999999999999,6.835623058645344e-06,0.6842798843622833,0.6841999999999999,1.9727834221647007e-06,0.71422607498965,0.7142,3.3541501201417763e-06,0.7262879781819513,0.7262,2.2224499498333397e-06,0.0022201362090376324,6.835623058645344e-06,1.8890682983228685e-05,0.5773502691896258,1.0906540905542965e-05,0.5773502691896258,1.0906540905542965e-05,0.5773502691896258,1.0906540905542965e-05
2423100000000,0.6979066599970223,0.6978,1.685198452825433e-05,0.6793158101030379,0.6798,6.123944006227883e-05,0.6829638535044446,0.6828,6.061780265742941e-05,0.713906831001261,0.7138,3.5670853442882007e-06,0.7259068434387379,0.7258,5.084229236953131e-06,0.001849747799472218,6.123944006227883e-05,0.0001473605418292039,0.5773502691896258,8.507864849301999e-05,0.5773502691896258,8.507864849301999e-05,0.5773502691896258,8.507864849301999e-05
2423400000000,0.6982989391232625,0.6983999999999999,5.385901950931577e-06,0.680298832641887,0.6803999999999999,3.3821665915984945e-05,0.6832989427317336,0.6833999999999999,3.9299676585819115e-06,0.7128042695479359,0.7123999999999999,4.25474615425426e-05,0.7252990152867057,0.7253999999999999,1.293092718410065e-05,0.0017690021640246083,4.25474615425426e-05,9.861592425214169e-05,0.5773502691896258,5.693593041335776e-05,0.5773502691896258,5.693593041335776e-05,0.5773502691896258,5.693593041335776e-05
2423700000000,0.6976401198082823,0.6974,1.5191501142681082e-05,0.6803401487694513,0.6804,5.974578389184997e-08,0.6833402439149219,0.6834,5.970257064618782e-08,0.7133395454952476,0.7134,1.0028211891966476e-05,0.7253399409171736,0.7254,5.862175302174149e-08,0.002340936069665856,1.5191501142681082e-05,2.5397783142207338e-05,0.5773502691896258,1.4663416933973147e-05,0.5773502691896258,1.4663416933973147e-05,0.5773502691896258,1.4663416933973147e-05
2424000000000,0.6971246011124763,0.6971999999999999,9.301583400393766e-06,0.679505452118889,0.6791999999999999,2.438514744609371e-05,0.6841233259072801,0.6841999999999999,2.146260923644987e-05,0.7141221326582619,0.7142,2.1435493370015324e-05,0.7251244872204385,0.7252,1.624710340287737e-06,0.0025281583464526274,2.438514744609371e-05,7.820954379324041e-05,0.5773502691896258,4.5154301162225185e-05,0.5773502691896258,4.5154301162225185e-05,0.5773502691896258,4.5154301162225185e-05
2424300000000,0.6973511601179764,0.6974,1.7965144040611664e-06,0.6793518877044914,0.6794,8.253710279249628e-07,0.6843511604582005,0.6844,1.8168003907594407e-06,0.7143511603085313,0.7144,1.835878260577967e-06,0.7245946314086599,0.7244,9.826151344647086e-06,0.0024964236761319367,9.826151344647086e-06,1.6100715427970624e-05,0.5773502691896258,9.295752386484402e-06,0.5773502691896258,9.295752386484402e-06,0.5773502691896258,9.295752386484402e-06
2424600000000,0.6983223064612009,0.6982,3.300938269853997e-05,0.6807048761888561,0.6812,6.407022435882345e-05,0.6843226519567753,0.6842,2.844571287290664e-08,0.7133229989395743,0.7132000000000001,3.699905302154388e-05,0.723327163668653,0.7232000000000001,5.622660651853302e-05,0.001664253296500997,6.407022435882345e-05,0.0001903337123103132,0.5773502691896258,0.00010988922003822014,0.5773502691896258,0.00010988922003822014,0.5773502691896258,0.00010988922003822014
2424900000000,0.6983397147848073,0.6984,1.0606740577499492e-08,0.6813359386522777,0.6814,1.3938394145890592e-05,0.6836476075770384,0.6834,1.594897201150683e-05,0.7133383483316211,0.7134,8.246134267262898e-09,0.7233383884003307,0.7234,4.409811043268561e-09,0.0015129383777430865,1.594897201150683e-05,2.991062884328545e-05,0.5773502691896258,1.726890961430184e-05,0.5773502691896258,1.726890961430184e-05,0.5773502691896258,1.726890961430184e-05
2425200000000,0.6975683590690799,0.6973999999999999,2.082463740648628e-05,0.6806054694127481,0.6803999999999999,1.8675485846462006e-05,0.6835936308658469,0.6833999999999999,1.0197198728658288e-07,0.7141100710547809,0.7143999999999999,2.084445865043737e-05,0.7241224530784878,0.7243999999999999,2.1516509683673652e-05,0.0016385349961152635,2.1516509683673652e-05,8.19630635743459e-05,0.5773502691896258,4.732139681825502e-05,0.5773502691896258,4.732139681825502e-05,0.5773502691896258,4.732139681825502e-05
2425500000000,0.6968938846211744,0.697,1.5922052330708646e-05,0.6794294503571134,0.6789999999999999,4.840572867255692e-05,0.6838929895229553,0.6839999999999999,3.1365461955009572e-06,0.7148918642338111,0.715,2.1392020117238717e-05,0.7248918042083073,0.725,2.071654063341288e-05,0.001822615460028391,4.840572867255692e-05,0.00010957288794941812,0.5773502691896258,6.326193635348126e-05,0.5773502691896258,6.326193635348126e-05,0.5773502691896258,6.326193635348126e-05
2425800000000,0.6974100810783431,0.6975999999999999,9.326057383773696e-06,0.6796401156867853,0.6795999999999999,1.553295839401137e-06,0.6836508774385617,0.6835999999999999,2.051639149329814e-06,0.7146515512361926,0.7145999999999999,2.021261788853758e-06,0.7246473308989619,0.7245999999999999,2.091851964380301e-06,0.0016129236913547604,9.326057383773696e-06,1.7044106125738705e-05,0.5773502691896258,9.840419259791792e-06,0.5773502691896258,9.840419259791792e-06,0.5773502691896258,9.840419259791792e-06
2426100000000,0.6966712024599209,0.6963999999999999,1.9107956446655374e-05,0.67933290859492,0.6793999999999999,3.303166905231058e-06,0.6843318567458158,0.6843999999999999,1.6230648591788704e-05,0.7153312357969047,0.7153999999999999,1.6168988572464088e-05,0.7243327945031578,0.7243999999999999,3.462660049991131e-06,0.0015129460170365194,1.9107956446655374e-05,5.827342056613036e-05,0.5773502691896258,3.364417505045564e-05,0.5773502691896258,3.364417505045564e-05,0.5773502691896258,3.364417505045564e-05
2426400000000,0.6955947966066071,0.6952,4.055273463668817e-05,0.6791013083551357,0.6792,1.8773534873851164e-06,0.6851012972897115,0.6852,2.0721356270668756e-05,0.7161012928721725,0.7162,2.0754576470949e-05,0.7241013048188739,0.7242,1.8755615875447807e-06,0.0012996974165420993,4.055273463668817e-05,8.578158245323583e-05,0.5773502691896258,4.952601972088779e-05,0.5773502691896258,4.952601972088779e-05,0.5773502691896258,4.952601972088779e-05
2426700000000,0.6947205630679101,0.6944000000000001,2.6749949806392415e-05,0.6793198127112854,0.6794000000000001,1.6710453779734185e-06,0.6853198478519653,0.6854000000000001,1.6717521891514145e-06,0.716320051433787,0.7164000000000001,1.6749357897870039e-06,0.7243197182138577,0.7244000000000002,1.6696543887913249e-06,0.0013924643846137097,2.6749949806392415e-05,3.3437337552095574e-05,0.5773502691896258,1.9305055836686764e-05,0.5773502691896258,1.9305055836686764e-05,0.5773502691896258,1.9305055836686764e-05
2427000000000,0.6953382765964209,0.6954,1.3354950115684651e-05,0.6793383279909332,0.6794,1.1998545315270419e-08,0.6853383246657812,0.6854,1.1948742707479381e-08,0.7156467625388568,0.7154,1.586612776126797e-05,0.7243383080493142,0.7244,1.209536938055687e-08,0.0013924380610999018,1.586612776126797e-05,2.9257120534355928e-05,0.5773502691896258,1.6891606416223726e-05,0.5773502691896258,1.6891606416223726e-05,0.5773502691896258,1.6891606416223726e-05
2427300000000,0.6956903502653842,0.6958,4.338455393204333e-06,0.6789612147774675,0.6788,4.9775031519642465e-06,0.6849530867515071,0.6848,5.19428877079712e-06,0.7157211622511714,0.7158,1.937361017373281e-07,0.7246726844584925,0.7248,3.913265405524729e-06,0.0013456767714366746,5.19428877079712e-06,1.8617248823227757e-05,0.5773502691896258,1.074867361966079e-05,0.5773502691896258,1.074867361966079e-05,0.5773502691896258,1.074867361966079e-05
2427600000000,0.6959520897071728,0.6960000000000001,2.397763738574089e-06,0.6789514320280564,0.679,3.349576511414897e-09,0.6849515714311243,0.685,8.036685519264166e-11,0.7151935462348916,0.7150000000000001,9.743253122224532e-06,0.7249513601725359,0.7250000000000001,2.7181053759156862e-06,0.0014400234230033506,9.743253122224532e-06,1.4862552180080915e-05,0.5773502691896258,8.580898502014577e-06,0.5773502691896258,8.580898502014577e-06,0.5773502691896258,8.580898502014577e-06
2427900000000,0.6954015689998111,0.6952,1.0607556723191836e-05,0.6791496144254758,0.6792,1.374669192641839e-06,0.6851496097940872,0.6852,1.372671762176565e-06,0.7151496007854803,0.7152000000000001,6.759208833873532e-08,0.7251496057302566,0.7252000000000001,1.3755455404587723e-06,0.0017956254009009742,1.0607556723191836e-05,1.4798035306807748e-05,0.5773502691896258,8.54364966786304e-06,0.5773502691896258,8.54364966786304e-06,0.5773502691896258,8.54364966786304e-06
2428200000000,0.6958092212049837,0.6958,5.816311213372403e-06,0.6788623248073751,0.6788,2.8887363633968416e-06,0.684849620095005,0.6848,3.149783684439624e-06,0.7156210328008221,0.7158,7.77868507812417e-06,0.7248577590855377,0.7248,2.981106241177127e-06,0.0021316221250514706,7.77868507812417e-06,2.2614622580510167e-05,0.5773502691896258,1.3056558434479336e-05,0.5773502691896258,1.3056558434479336e-05,0.5773502691896258,1.3056558434479336e-05
2428500000000,0.6965791490850022,0.6968000000000001,2.074761291504269e-05,0.6787805634842552,0.6788000000000001,2.3397198854095675e-07,0.6840804215290373,0.6838000000000001,2.0708325186042152e-05,0.7157795273980365,0.7158000000000001,8.792188071153998e-07,0.7247803311106781,0.7248000000000001,2.0982819518036459e-07,0.0019881645060480296,2.074761291504269e-05,4.277895709192156e-05,0.5773502691896258,2.4698442392672367e-05,0.5773502691896258,2.4698442392672367e-05,0.5773502691896258,2.4698442392672367e-05
2428800000000,0.6969463712951242,0.697,4.719825306240398e-06,0.6782099279370377,0.6779999999999999,1.1396872471186733e-05,0.6839444873642214,0.6839999999999999,6.46733400746221e-07,0.7159496364080257,0.716,1.012797634782106e-06,0.7249495731338691,0.725,1.002500184482624e-06,0.0018225276576613351,1.1396872471186733e-05,1.8778728997438084e-05,0.5773502691896258,1.0841904241709911e-05,0.5773502691896258,1.0841904241709911e-05,0.5773502691896258,1.0841904241709911e-05
2429100000000,0.6976937651641322,0.6980000000000002,1.9550915840077066e-05,0.6780436838035642,0.6780000000000002,9.672989170029748e-07,0.6832570622050842,0.683,1.6539367229519257e-05,0.716000895572806,0.7160000000000002,9.196256908918223e-08,0.7250005367788253,0.7250000000000001,9.090525875261012e-08,0.001960194466374896,1.9550915840077066e-05,3.7240449814441096e-05,0.5773502691896258,2.150078372511032e-05,0.5773502691896258,2.150078372511032e-05,0.5773502691896258,2.150078372511032e-05
2429400000000,0.6967819549841702,0.6968,2.9098923149881887e-05,0.6771317067135721,0.6768,2.9109577443461088e-05,0.683695708867667,0.6838,6.734381310824577e-06,0.7166953283173261,0.7168,1.687828928315914e-05,0.7256952995236977,0.7258,1.6894334508194874e-05,0.0021316716215109524,2.9109577443461088e-05,9.871550569552156e-05,0.5773502691896258,5.699342378649941e-05,0.5773502691896258,5.699342378649941e-05,0.5773502691896258,5.699342378649941e-05
2429700000000,0.696478350032473,0.6963999999999999,3.226158834325431e-06,0.6766073616299163,0.6763999999999999,9.622821836391806e-06,0.6842032253466963,0.6843999999999999,9.015054177022465e-06,0.7165117045049549,0.7163999999999999,1.1801196564398613e-06,0.7261991735404904,0.7263999999999999,8.886115867956171e-06,0.0021904758078861806,9.622821836391806e-06,3.193027037213573e-05,0.5773502691896258,1.84349501946501e-05,0.5773502691896258,1.84349501946501e-05,0.5773502691896258,1.84349501946501e-05
2430000000000,0.6962471328945369,0.6962,1.8711477706387573e-06,0.6762431354511909,0.6762,4.643124824412928e-06,0.6842480167584214,0.6842,7.021946975141894e-08,0.7170146660508393,0.7172000000000001,8.85396108234354e-06,0.7262470404185583,0.7262000000000001,8.019333055886456e-08,0.002220121725738144,8.85396108234354e-06,1.5518646477705508e-05,0.5773502691896258,8.959694721361913e-06,0.5773502691896258,8.959694721361913e-06,0.5773502691896258,8.959694721361913e-06
2430300000000,0.6961698277653989,0.6962,2.0916290468622978e-07,0.6754784685946333,0.6752,2.0465039053114375e-05,0.6850120492121978,0.6852,2.043109566482719e-05,0.7171698268496293,0.7172000000000001,8.426205718399125e-07,0.7261698275630571,0.7262000000000001,2.086638769122221e-07,0.0025281578011874164,2.0465039053114375e-05,4.215658207137992e-05,0.5773502691896258,2.4339114007025752e-05,0.5773502691896258,2.4339114007025752e-05,0.5773502691896258,2.4339114007025752e-05
2430600000000,0.6962180238651929,0.6961999999999999,8.130024123738497e-08,0.6752617779680012,0.6751999999999999,1.6434189684574096e-06,0.6858543340884786,0.6861999999999999,2.4830533448397493e-05,0.716445387096953,0.7162,1.8368453434015413e-05,0.7262163310464133,0.7262,7.56900887488149e-08,0.002689828040581646,2.4830533448397493e-05,4.499939618085652e-05,0.5773502691896258,2.5980413498388133e-05,0.5773502691896258,2.5980413498388133e-05,0.5773502691896258,2.5980413498388133e-05
2430900000000,0.6965324501565067,0.6966,3.460236243425724e-06,0.6755318574426467,0.6756,2.553002291865974e-06,0.6864556023435601,0.6866,1.2653323009903959e-05,0.7158179880008141,0.7156,1.3777036904259378e-05,0.7256618708238765,0.7256,1.0759914843144568e-05,0.0031329488875539036,1.3777036904259378e-05,4.3203513292599606e-05,0.5773502691896258,2.494356002941996e-05,0.5773502691896258,2.494356002941996e-05,0.5773502691896258,2.494356002941996e-05
2431200000000,0.6958676418927947,0.6958000000000001,1.5468950962489786e-05,0.6748654862694548,0.6748000000000001,1.5541768916140417e-05,0.686865609653519,0.6868000000000001,5.883709797690153e-06,0.7165362565155913,0.7168000000000001,1.8056838076207924e-05,0.7258650009687168,0.7258000000000001,1.4441649509994758e-06,0.0032761436472648737,1.8056838076207924e-05,5.639543270352776e-05,0.5773502691896258,3.255991825244718e-05,0.5773502691896258,3.255991825244718e-05,0.5773502691896258,3.255991825244718e-05
2431500000000,0.6962893582225246,0.6962,6.224563196629164e-06,0.6758408526851982,0.6762,3.329688757360941e-05,0.6862900157673681,0.6862,1.1595791262096496e-05,0.7162897428661017,0.7162000000000001,2.1269142784634505e-06,0.725290025433,0.7252000000000001,1.1570890333545775e-05,0.0028561807863146053,3.329688757360941e-05,6.481504664434429e-05,0.5773502691896258,3.742098462765033e-05,0.5773502691896258,3.742098462765033e-05,0.5773502691896258,3.742098462765033e-05
2431800000000,0.6967000399764371,0.6968,5.903082604884588e-06,0.6767000291979096,0.6768,2.583644979982171e-05,0.6857000490487783,0.6858,1.2182125516526409e-05,0.715199842824085,0.7148,4.157587355558019e-05,0.7257000388854965,0.7258,5.883886092982673e-06,0.002592199923601153,4.157587355558019e-05,9.138141756979557e-05,0.5773502691896258,5.275908603285107e-05,0.5773502691896258,5.275908603285107e-05,0.5773502691896258,5.275908603285107e-05
2432100000000,0.6970994484487761,0.6971999999999999,5.583449472165836e-06,0.6770994486749816,0.6771999999999999,5.583757153256587e-06,0.6846022043613175,0.6841999999999999,4.218420352251275e-05,0.7150994503767056,0.7152,3.5275252217861825e-07,0.7260994481004504,0.7262,5.583470234651768e-06,0.0025282011064225083,4.218420352251275e-05,5.928763290476556e-05,0.5773502691896258,3.4229730817182114e-05,0.5773502691896258,3.4229730817182114e-05,0.5773502691896258,3.4229730817182114e-05
2432400000000,0.6973372006664784,0.6974,1.978414095782342e-06,0.6773842313247985,0.6774,2.8385405172858464e-06,0.6843541166832294,0.6844,2.154162360668991e-06,0.7145948436959132,0.7144,8.911976580512754e-06,0.7263295013450024,0.7264,1.8523573365124364e-06,0.002656928080783421,8.911976580512754e-06,1.773545089076237e-05,0.5773502691896258,1.0239567345981045e-05,0.5773502691896258,1.0239567345981045e-05,0.5773502691896258,1.0239567345981045e-05
2432700000000,0.6979105619319025,0.698,1.1506009924104022e-05,0.6779107537450391,0.6779999999999999,9.702905065558392e-06,0.6849107041007951,0.6849999999999999,1.084263436873598e-05,0.7139134923525704,0.714,1.6248387857626114e-05,0.7253544787740295,0.725,3.327341548673302e-05,0.002560078829358211,3.327341548673302e-05,8.157335270275753e-05,0.5773502691896258,4.709639714163735e-05,0.5773502691896258,4.709639714163735e-05,0.5773502691896258,4.709639714163735e-05
2433000000000,0.6982982344154748,0.6984,5.260148408169003e-06,0.676805638537947,0.6764,4.2744786733118386e-05,0.6852984232286302,0.6854,5.26141427312195e-06,0.71429821304198,0.7144,5.180350310094154e-06,0.725299452175815,0.7254,1.0597742788685401e-07,0.0029930041791392473,4.2744786733118386e-05,5.855267715239034e-05,0.5773502691896258,3.380540391570581e-05,0.5773502691896258,3.380540391570581e-05,0.5773502691896258,3.380540391570581e-05
2433300000000,0.6976320000565925,0.6976,1.5535387733433264e-05,0.67585127232426,0.6756,3.18785204439502e-05,0.685631999504654,0.6856,3.894559617407122e-06,0.7152527286165041,0.7156,3.188849937031648e-05,0.7256319994958779,0.7256,3.870570202833866e-06,0.0034969934036461602,3.188849937031648e-05,8.706753736794094e-05,0.5773502691896258,5.026846613705851e-05,0.5773502691896258,5.026846613705851e-05,0.5773502691896258,5.026846613705851e-05
2433600000000,0.696727847612523,0.6964,2.8612207474089432e-05,0.6753740942141929,0.6754,7.969463205451964e-06,0.6863699733614587,0.6864,1.9061189466448525e-05,0.7161545931100534,0.7164,2.846758476536841e-05,0.7253734824704425,0.7254,2.3390868353976625e-06,0.003348985330110059,2.8612207474089432e-05,8.644953174675599e-05,0.5773502691896258,4.991166042530668e-05,0.5773502691896258,4.991166042530668e-05,0.5773502691896258,4.991166042530668e-05
2433900000000,0.6965497607808399,0.6966,1.1100221866634711e-06,0.6748057858131085,0.6746,1.1304105356011173e-05,0.6865495244334474,0.6866,1.1283505608308037e-06,0.7165469627929238,0.7166,5.3883888812559985e-06,0.7255479592873996,0.7256,1.0654755879410732e-06,0.0033124267212509906,1.1304105356011173e-05,1.9996342572702518e-05,0.5773502691896258,1.1544893767157774e-05,0.5773502691896258,1.1544893767157774e-05,0.5773502691896258,1.1544893767157774e-05
2434200000000,0.6963056588792942,0.6964000000000001,2.085500841837385e-06,0.6737775092964574,0.6734000000000001,3.700734081436059e-05,0.6863056571381687,0.6864000000000001,2.0814940197291877e-06,0.7173055866407844,0.7174000000000001,2.0142854988994433e-05,0.7263055877908551,0.7264000000000002,2.0090033223688234e-05,0.003920489080895422,3.700734081436059e-05,8.140722388860984e-05,0.5773502691896258,4.700048262606903e-05,0.5773502691896258,4.700048262606903e-05,0.5773502691896258,4.700048262606903e-05
2434500000000,0.6968469494456434,0.697,1.0254841702652977e-05,0.6732333199239566,0.6729999999999999,1.0364972559997771e-05,0.6860485838524661,0.6859999999999999,2.3130335977670183e-06,0.7178183871451274,0.718,9.203752503904934e-06,0.7260525775896335,0.726,2.2404956672766825e-06,0.004410065631154169,1.0364972559997771e-05,3.4377096031599386e-05,0.5773502691896258,1.9847625647801523e-05,0.5773502691896258,1.9847625647801523e-05,0.5773502691896258,1.9847625647801523e-05
2434800000000,0.6972349105560235,0.6971999999999999,5.26798381085723e-06,0.6739416256681788,0.6741999999999999,1.7559395955435963e-05,0.6853481426384429,0.6851999999999999,1.7171626300582243e-05,0.7172396348919481,0.7172,1.1723395969602906e-05,0.7262356785431918,0.7262,1.1734085717890043e-06,0.004161646697333712,1.7559395955435963e-05,5.289581060826734e-05,0.5773502691896258,3.0539410493686616e-05,0.5773502691896258,3.0539410493686616e-05,0.5773502691896258,3.0539410493686616e-05
2435100000000,0.6964757651335056,0.6962,2.017056203854427e-05,0.6741766178498996,0.6742,1.9327463914455486e-06,0.6851769297924738,0.6852,1.0259843518694076e-06,0.7171768290641644,0.7172000000000001,1.3806002012598236e-07,0.7269938565315796,0.7272000000000001,2.011918517264835e-05,0.003960160143504464,2.017056203854427e-05,4.338653797463356e-05,0.5773502691896258,2.504922937886061e-05,0.5773502691896258,2.504922937886061e-05,0.5773502691896258,2.504922937886061e-05
2435400000000,0.6969210424848449,0.697,6.9395171865496495e-06,0.674921039738646,0.6749999999999999,1.9395738195569664e-05,0.6849210432163473,0.6849999999999999,2.291727894461336e-06,0.7163158313951552,0.716,2.5946094511371997e-05,0.7269210431577946,0.727,1.8556255906815147e-07,0.0034225623436862688,2.5946094511371997e-05,5.475864034702079e-05,0.5773502691896258,3.161491574481036e-05,0.5773502691896258,3.161491574481036e-05,0.5773502691896258,3.161491574481036e-05
2435700000000,0.6972756298593703,0.6974,4.400627216049265e-06,0.6752759027421528,0.6754,4.407471294023698e-06,0.6845426932880048,0.6844,5.010203389687493e-06,0.716363687479723,0.7164,8.015716905564834e-08,0.7265399657775429,0.7264,5.082698940883162e-06,0.002822507329894598,5.082698940883162e-06,1.8981158009699265e-05,0.5773502691896258,1.0958776686430693e-05,0.5773502691896258,1.0958776686430693e-05,0.5773502691896258,1.0958776686430693e-05
2436000000000,0.6964884136198255,0.6961999999999999,2.1689829273107393e-05,0.6751279220238662,0.6751999999999999,7.664402544615172e-07,0.6851278760263461,0.6851999999999999,1.1985359303841553e-05,0.7161279239276944,0.7162,1.945455836279809e-06,0.7271278642368484,0.7272,1.2096860945882883e-05,0.002689651994449178,2.1689829273107393e-05,4.848394561357316e-05,0.5773502691896258,2.799221905137164e-05,0.5773502691896258,2.799221905137164e-05,0.5773502691896258,2.799221905137164e-05
2436300000000,0.6960589578439893,0.6960000000000001,6.4551292189674185e-06,0.6750584584462584,0.675,1.688816014922856e-07,0.6857653340285286,0.686,1.4222344659128163e-05,0.7160586163954668,0.7160000000000001,1.6812369082212953e-07,0.7270586314521775,0.7270000000000001,1.6776124656485094e-07,0.002722534478040355,1.4222344659128163e-05,2.118224041697485e-05,0.5773502691896258,1.2229572206779801e-05,0.5773502691896258,1.2229572206779801e-05,0.5773502691896258,1.2229572206779801e-05
2436600000000,0.6958492409612049,0.6958,1.5393409823677917e-06,0.674852746442969,0.6748,1.4811099904075373e-06,0.6858442185841424,0.6858,2.1779705900341593e-07,0.7158513051209952,0.7158,1.5042287583063664e-06,0.7276024742970937,0.7278,1.0351776398827343e-05,0.0027556248898880672,1.0351776398827343e-05,1.5094253188912454e-05,0.5773502691896258,8.714671141834973e-06,0.5773502691896258,8.714671141834973e-06,0.5773502691896258,8.714671141834973e-06
2436900000000,0.695767290596207,0.6958000000000001,2.350551813152199e-07,0.6756192927980155,0.6758000000000001,2.0565766005226077e-05,0.6850788390605843,0.6848000000000001,2.050320352786767e-05,0.7157672902733573,0.7158000000000001,2.4704731182650745e-07,0.7277672872239074,0.7278000000000001,9.507155295713795e-07,0.0027556568097270202,2.0565766005226077e-05,4.2501787555806857e-05,0.5773502691896258,2.4538418486385378e-05,0.5773502691896258,2.4538418486385378e-05,0.5773502691896258,2.4538418486385378e-05
2437200000000,0.6957854405943854,0.6958,1.15297851856524e-08,0.6757420928251759,0.6758,5.277946334714652e-07,0.6849115118658617,0.6848,9.799436532803266e-07,0.7157817256955528,0.7158,7.293349488661591e-09,0.7277790389654287,0.7278,4.833620007460616e-09,0.0030976150766008513,9.799436532803266e-07,1.5313950414335665e-06,0.5773502691896258,8.841513394073278e-07,0.5773502691896258,8.841513394073278e-07,0.5773502691896258,8.841513394073278e-07
2437500000000,0.6950755339906064,0.6950000000000001,1.763885851311665e-05,0.6760702784917234,0.676,3.7697041104521296e-06,0.6857096047941335,0.686,2.2293331275505933e-05,0.7160701985900173,0.7160000000000001,2.912581379426279e-06,0.7270743792384133,0.7270000000000001,1.7379086580709074e-05,0.003240052893193254,2.2293331275505933e-05,6.399356185921006e-05,0.5773502691896258,3.6946700165817904e-05,0.5773502691896258,3.6946700165817904e-05,0.5773502691896258,3.6946700165817904e-05
2437800000000,0.695603759087255,0.6958000000000001,9.76576134553079e-06,0.6758456539976331,0.6758000000000001,1.7659657170867971e-06,0.6858416514869222,0.6858000000000001,6.102715176757906e-07,0.7158545031672658,0.7158000000000001,1.6283580388575971e-06,0.7268544314164966,0.7268000000000001,1.6931965528065053e-06,0.0036481241637591377,9.76576134553079e-06,1.546355317195748e-05,0.5773502691896258,8.927886586457743e-06,0.5773502691896258,8.927886586457743e-06,0.5773502691896258,8.927886586457743e-06
2438100000000,0.6955168305978447,0.6956,2.644796794903376e-07,0.6749335709052355,0.6746,2.9116344860311213e-05,0.6865163427448687,0.6866,1.5932290274230192e-05,0.7165163485951915,0.7166,1.5331377966314848e-05,0.7265169059408502,0.7266,3.987320634863197e-06,0.0034969695891861473,2.9116344860311213e-05,6.463181341520978e-05,0.5773502691896258,3.7315194873485036e-05,0.5773502691896258,3.7315194873485036e-05,0.5773502691896258,3.7315194873485036e-05
2438400000000,0.6957505885542502,0.6958,1.9124973763999263e-06,0.6747523529594521,0.6748,1.1493980355885286e-06,0.6867528114081166,0.6868,1.9571100044385523e-06,0.7167506150222507,0.7168,1.920826559647082e-06,0.7259936219552874,0.7258,9.583914534126501e-06,0.003459623809160039,9.583914534126501e-06,1.652374651020059e-05,0.5773502691896258,9.539989495685451e-06,0.5773502691896258,9.539989495685451e-06,0.5773502691896258,9.539989495685451e-06
2438700000000,0.6957820080714239,0.6958,3.45515120799285e-08,0.6747829146219408,0.6748,3.269053249259466e-08,0.6867816156518096,0.6868,2.9038955915407834e-08,0.7167803527962276,0.7168,3.0951732038682716e-08,0.7258729941774296,0.7258,5.092871276820278e-07,0.0034596076000226895,5.092871276820278e-07,6.365198602086415e-07,0.5773502691896258,3.6749491263600215e-07,0.5773502691896258,3.6749491263600215e-07,0.5773502691896258,3.6749491263600215e-07
2439000000000,0.6959470506256628,0.696,9.533665648392909e-07,0.6749470703485095,0.6749999999999999,9.431485897853455e-07,0.6869492564484617,0.6869999999999999,9.836202845753004e-07,0.7162095481626218,0.716,1.1403627541105397e-05,0.7259470742852419,0.726,1.9207518307182313e-07,0.003240027450490087,1.1403627541105397e-05,1.4475838163377158e-05,0.5773502691896258,8.35762906037126e-06,0.5773502691896258,8.35762906037126e-06,0.5773502691896258,8.35762906037126e-06
2439300000000,0.6949609871692206,0.6946000000000001,3.4031239904571936e-05,0.674510190143664,0.6746000000000001,6.6802509685063786e-06,0.687509631431578,0.6876000000000001,1.0990704259588014e-05,0.7165096754785847,0.7166000000000001,3.1526742025472613e-06,0.7265095142962187,0.7266000000000001,1.1071856808166503e-05,0.0033124814990019955,3.4031239904571936e-05,6.592672614338009e-05,0.5773502691896258,3.8062813085671236e-05,0.5773502691896258,3.8062813085671236e-05,0.5773502691896258,3.8062813085671236e-05
2439600000000,0.694660466586875,0.6946,3.160941714467743e-06,0.6746604709368421,0.6746,7.904510879387487e-07,0.6883079249398725,0.6886,2.230453838848122e-05,0.7166604684051344,0.7166,7.958477344101982e-07,0.7257106691122639,0.7256,2.2335376977471583e-05,0.003686454263161818,2.2335376977471583e-05,4.938715590276949e-05,0.5773502691896258,2.8513687754973983e-05,0.5773502691896258,2.8513687754973983e-05,0.5773502691896258,2.8513687754973983e-05
2439900000000,0.6943201727584887,0.6942,4.052996137323054e-06,0.6743191273872035,0.6742,4.078039660797257e-06,0.6882522708982531,0.6882,1.0840803219983423e-07,0.717035698293832,0.7172000000000001,4.927911428018809e-06,0.7260719449018568,0.7262000000000001,4.568206865108696e-06,0.003572167080857772,4.927911428018809e-06,1.773556212344765e-05,0.5773502691896258,1.0239631566201832e-05,0.5773502691896258,1.0239631566201832e-05,0.5773502691896258,1.0239631566201832e-05
2440200000000,0.6951016858032171,0.6953999999999999,2.1376692367822844e-05,0.6751070185341662,0.6753999999999999,2.1727036081180287e-05,0.6876147172768385,0.6873999999999999,1.4226611706260461e-05,0.7165899978619373,0.7163999999999999,6.952710624686917e-06,0.7255858170182814,0.7253999999999999,8.27121117163182e-06,0.0029930721973724147,2.1727036081180287e-05,7.255426195158233e-05,0.5773502691896258,4.1889222668600685e-05,0.5773502691896258,4.1889222668600685e-05,0.5773502691896258,4.1889222668600685e-05
2440500000000,0.6953239329780341,0.6953999999999999,1.7287832349948817e-06,0.6753270153413825,0.6753999999999999,1.6939508314877112e-06,0.6874574196062436,0.6873999999999999,8.659895011105083e-07,0.7164433736679685,0.7163999999999999,7.524528989952675e-07,0.7254470191105659,0.7253999999999999,6.74270071517382e-07,0.0029929521306524833,1.7287832349948817e-06,5.715446538105752e-06,0.5773502691896258,3.299814597314271e-06,0.5773502691896258,3.299814597314271e-06,0.5773502691896258,3.299814597314271e-06
2440800000000,0.6941827974646482,0.694,4.557665909686793e-05,0.6741859626482168,0.6739999999999999,4.557004370032178e-05,0.6880229559491073,0.688,1.119409742848829e-05,0.7175853426594861,0.718,4.564326121557347e-05,0.7260229407330807,0.726,1.1609000034804897e-05,0.00306262051458237,4.564326121557347e-05,0.00015959306147605634,0.5773502691896258,9.214109700399763e-05,0.5773502691896258,9.214109700399763e-05,0.5773502691896258,9.214109700399763e-05
2441100000000,0.6942641968657545,0.6942,2.31905187516233e-07,0.6733227712511567,0.6732,2.6078478578552747e-05,0.6888846487932656,0.6892,2.5988009518574797e-05,0.7182641821217911,0.7182000000000001,1.6128805545386992e-05,0.725264200958297,0.7252000000000001,2.0149011604358157e-05,0.003204163441103053,2.6078478578552747e-05,8.857621043438892e-05,0.5773502691896258,5.113949893809139e-05,0.5773502691896258,5.113949893809139e-05,0.5773502691896258,5.113949893809139e-05
2441400000000,0.6940493642943034,0.6940000000000001,1.6153561814694869e-06,0.6730493685989684,0.673,2.616215357826588e-06,0.6890493516583699,0.6890000000000001,9.494461820745825e-07,0.7180493645313679,0.7180000000000001,1.6151309004328684e-06,0.7258025509002664,0.7260000000000001,1.0143723100643312e-05,0.0036100243669766343,1.0143723100643312e-05,1.693987172244684e-05,0.5773502691896258,9.780239498992413e-06,0.5773502691896258,9.780239498992413e-06,0.5773502691896258,9.780239498992413e-06
2441700000000,0.6948916341271181,0.6952,2.4829646494437068e-05,0.6732763813885512,0.6732,1.8037182321959918e-06,0.6892763042883017,0.6892,1.8027623681532367e-06,0.7172788244107869,0.7172000000000001,2.0780622709873067e-05,0.7252768542448736,0.7252000000000001,9.672494072187657e-06,0.003763659492683886,2.4829646494437068e-05,5.888924387684702e-05,0.5773502691896258,3.399972080467115e-05,0.5773502691896258,3.399972080467115e-05,0.5773502691896258,3.399972080467115e-05
2442000000000,0.6949144375538835,0.695,1.8199869528599926e-08,0.6723423025478226,0.6719999999999999,3.053761482439116e-05,0.6889144554434607,0.689,4.58271052794472e-06,0.7179143991181041,0.718,1.4138432300343559e-05,0.7259144051371601,0.726,1.4226489908933863e-05,0.0040000732398973145,3.053761482439116e-05,6.35034474311419e-05,0.5773502691896258,3.666373246883903e-05,0.5773502691896258,3.666373246883903e-05,0.5773502691896258,3.666373246883903e-05
2442300000000,0.6957100749018971,0.696,2.2156357634392786e-05,0.6720602380510273,0.6719999999999999,2.7846133123323656e-06,0.6881553355316028,0.688,2.0169206420272913e-05,0.7180345418667237,0.718,5.051998016055382e-07,0.726039410010281,0.726,5.469176406394556e-07,0.004202573665478264,2.2156357634392786e-05,4.616229480924306e-05,0.5773502691896258,2.6651813334527348e-05,0.5773502691896258,2.6651813334527348e-05,0.5773502691896258,2.6651813334527348e-05
2442600000000,0.695032721739893,0.6948,1.6058255712694476e-05,0.6726860905036001,0.6728,1.3709195233695954e-05,0.6878125094424279,0.6878,4.113540459663669e-06,0.718663522938393,0.7188,1.3846601598139581e-05,0.7258049431971847,0.7258,1.924114025524666e-06,0.0038416512882428954,1.6058255712694476e-05,4.9651707029718344e-05,0.5773502691896258,2.8666426419332322e-05,0.5773502691896258,2.8666426419332322e-05,0.5773502691896258,2.8666426419332322e-05
2442900000000,0.694574421800861,0.6944,7.351359194082614e-06,0.6724708246059017,0.6724,1.6218792349161309e-06,0.6882577858922746,0.6884,6.939489087583134e-06,0.7184416083585069,0.7184,1.7236128268104348e-06,0.7262551827057466,0.7264,7.0950465274532056e-06,0.003348945648526585,7.351359194082614e-06,2.473138687084552e-05,0.5773502691896258,1.4278672867315439e-05,0.5773502691896258,1.4278672867315439e-05,0.5773502691896258,1.4278672867315439e-05
2443200000000,0.6944943820065612,0.6944,2.2422290350453668e-07,0.6733115134944027,0.6734,2.4736523253715068e-05,0.6890976544939742,0.6894,2.4688274384229474e-05,0.7176010884331351,0.7174,2.472658107314667e-05,0.7254953611360901,0.7254,2.020650862003343e-05,0.003348978856418654,2.4736523253715068e-05,9.458211023462916e-05,0.5773502691896258,5.460700680448601e-05,0.5773502691896258,5.460700680448601e-05,0.5773502691896258,5.460700680448601e-05
2443500000000,0.6935475051557873,0.6932000000000001,3.1380151968601204e-05,0.6731136243844864,0.6732000000000001,1.3706034938205906e-06,0.6891137305738677,0.6892000000000001,9.045412065990587e-09,0.7181128274558993,0.7182000000000002,9.165688959689691e-06,0.7261123090033351,0.7262000000000002,1.3321863481434395e-05,0.0033856756019785047,3.1380151968601204e-05,5.5247353315611876e-05,0.5773502691896258,3.1897074308782885e-05,0.5773502691896258,3.1897074308782885e-05,0.5773502691896258,3.1897074308782885e-05
2443800000000,0.6930384968586772,0.6928000000000001,9.06813062844204e-06,0.6736318210578062,0.6738000000000001,9.398472728388299e-06,0.6896306871508406,0.6898000000000001,9.353543586644794e-06,0.7178484671271265,0.7178000000000001,2.4460234200113365e-06,0.7258492623350118,0.7258000000000001,2.421774240060142e-06,0.003097703848357499,9.398472728388299e-06,3.2687944603546614e-05,0.5773502691896258,1.8872393616113216e-05,0.5773502691896258,1.8872393616113216e-05,0.5773502691896258,1.8872393616113216e-05
2444100000000,0.6933830475620488,0.6934000000000001,4.155031551784822e-06,0.6741667377491941,0.6744000000000001,1.0014755335389846e-05,0.689459051422526,0.6894000000000001,1.0310588131939885e-06,0.717492405269118,0.7174000000000001,4.437301635496686e-06,0.7254975336221405,0.7254000000000002,4.329958061032506e-06,0.0031684817063862805,1.0014755335389846e-05,2.3968105396897845e-05,0.5773502691896258,1.3837992102864294e-05,0.5773502691896258,1.3837992102864294e-05,0.5773502691896258,1.3837992102864294e-05
2444400000000,0.6923698547972558,0.692,3.592958525201505e-05,0.6739079681630762,0.6739999999999999,2.343659454487459e-06,0.6899074352238064,0.69,7.036681163774008e-06,0.717907360952661,0.718,6.026587675662186e-06,0.7259073775002665,0.726,5.879020155305465e-06,0.0030625856134968974,3.592958525201505e-05,5.7215533701244176e-05,0.5773502691896258,3.3033403784241435e-05,0.5773502691896258,3.3033403784241435e-05,0.5773502691896258,3.3033403784241435e-05
2444700000000,0.6931851411661119,0.6932,2.3264215213488794e-05,0.6748639432479521,0.6752,3.1986092701620734e-05,0.6893177767313877,0.6892,1.2169399818850407e-05,0.717314228663604,0.7172000000000001,1.2313206931269746e-05,0.725318589317377,0.7252000000000001,1.2133503350858396e-05,0.003204188556222601,3.1986092701620734e-05,9.186641801608807e-05,0.5773502691896258,5.3039101171075144e-05,0.5773502691896258,5.3039101171075144e-05,0.5773502691896258,5.3039101171075144e-05
2445000000000,0.6937824366713509,0.6940000000000001,1.2486667220255556e-05,0.6750540944660556,0.675,1.265512001118662e-06,0.6890545258451785,0.6890000000000001,2.425536018148724e-06,0.7170545576922341,0.7170000000000001,2.360015468024879e-06,0.7250543843183704,0.7250000000000001,2.443149852502524e-06,0.0036100296218972427,1.2486667220255556e-05,2.0980880560050348e-05,0.5773502691896258,1.2113317039180456e-05,0.5773502691896258,1.2113317039180456e-05,0.5773502691896258,1.2113317039180456e-05
2445300000000,0.6941257055770726,0.6941999999999999,4.124173957240062e-06,0.6744218866287154,0.6741999999999999,1.3989036235802734e-05,0.6891503359589118,0.6891999999999999,3.212852262761496e-07,0.7171498071592809,0.7172,3.175361340441742e-07,0.7251517813620838,0.7252,3.320164443436119e-07,0.003572149301373037,1.3989036235802734e-05,1.908404799770673e-05,0.5773502691896258,1.1018180248703721e-05,0.5773502691896258,1.1018180248703721e-05,0.5773502691896258,1.1018180248703721e-05
2445600000000,0.694557127170823,0.6948,6.514360704392136e-06,0.6717715387962566,0.6708,0.00024585202715566077,0.6895571292115709,0.6898,5.79182626431172e-06,0.7185570701404843,0.7188,6.931361843929347e-05,0.725557133336681,0.7258,5.750857815845696e-06,0.0032766899787576922,0.00024585202715566077,0.0003332226903795038,0.5773502691896258,0.00019238620999069788,0.5773502691896258,0.00019238620999069788,0.5773502691896258,0.00019238620999069788
2445900000000,0.6947363941527456,0.6948,1.1247827782674488e-06,0.6710616973765601,0.6708,1.7635619439088185e-05,0.6897382433058641,0.6898,1.1480810303078953e-06,0.7187302558474357,0.7188,1.0497651182283721e-06,0.7257321795168286,0.7258,1.0724407814483315e-06,0.003097686193467287,1.7635619439088185e-05,2.203068914734023e-05,0.5773502691896258,1.2719424309649851e-05,0.5773502691896258,1.2719424309649851e-05,0.5773502691896258,1.2719424309649851e-05
2446200000000,0.6950939244392319,0.6952,4.473976701424889e-06,0.6711262500921537,0.6712,1.4584685816769644e-07,0.689353729929344,0.6892,5.174768785301722e-06,0.7183548493683974,0.7182000000000001,4.932550857635587e-06,0.7260709949660882,0.7262000000000001,4.017856802994977e-06,0.0030276492142216824,5.174768785301722e-06,1.874500000552487e-05,0.5773502691896258,1.0822430799149323e-05,0.5773502691896258,1.0822430799149323e-05,0.5773502691896258,1.0822430799149323e-05
2446500000000,0.6956330718272818,0.6958,1.0173796711437658e-05,0.6726328388963009,0.6728,7.94433438673617e-05,0.69063303888411,0.6908,5.7282099061058704e-05,0.716692735056576,0.7168,9.669183949465275e-05,0.7244083148535695,0.7238,9.675768047978055e-05,0.0018498326314112055,9.675768047978055e-05,0.00034034875961429136,0.5773502691896258,0.00019650044798166636,0.5773502691896258,0.00019650044798166636,0.5773502691896258,0.00019650044798166636
2446800000000,0.6943723633409009,0.6941999999999999,5.562850606715176e-05,0.6745110929012613,0.6751999999999999,0.00012347433375024824,0.6923718210686538,0.6921999999999999,0.00010581772198504413,0.7153723662016145,0.7152,6.101808696033774e-05,0.7233723560776141,0.7232,3.756237049176642e-05,0.0007923966279554846,0.00012347433375024824,0.0003835010192545483,0.5773502691896258,0.00022141441670110932,0.5773502691896258,0.00022141441670110932,0.5773502691896258,0.00022141441670110932
2447100000000,0.6943721836086885,0.6944,1.1306283866804965e-12,0.6781608218207406,0.6794,0.00046621824149890693,0.694372170239584,0.6944,0.0001400488881974358,0.7133721963306006,0.7134,0.00014002378295191497,0.7197226257564058,0.7184,0.0004662185996141534,0.0001865436306695737,0.0004662185996141534,0.0012125095133930395,0.5773502691896258,0.0007000426939524536,0.5773502691896258,0.0007000426939524536,0.5773502691896258,0.0007000426939524536
2447400000000,0.6923966856948387,0.6926,0.00013659072026686727,0.6803750860378596,0.6806000000000001,0.0001716038108124783,0.6963951163321198,0.6966,0.00014323088126571052,0.7133955108893868,0.7136,1.902490279888991e-08,0.7174375668642733,0.7166,0.00018275229491798096,8.386308540591707e-07,0.00018275229491798096,0.0006341967321658359,0.5773502691896258,0.00036615365403512643,0.5773502691896258,0.00036615365403512643,0.5773502691896258,0.00036615365403512643
2447700000000,0.6931169789137763,0.6931999999999999,1.815878124366358e-05,0.6801169802784526,0.6802,2.3316504063670693e-06,0.6961169801670559,0.6961999999999999,2.7075904210756883e-06,0.714116978596645,0.7142,1.8218047841575527e-05,0.7165320819601094,0.7162,2.8696601908402648e-05,8.168924175744517e-06,2.8696601908402648e-05,7.011267182108452e-05,0.5773502691896258,4.047956994950704e-05,0.5773502691896258,4.047956994950704e-05,0.5773502691896258,4.047956994950704e-05
2448000000000,0.6934747269521101,0.6936,4.479428062608161e-06,0.6797450266177644,0.6796000000000001,4.842233399477518e-06,0.6957455050611453,0.6956,4.829781400895816e-06,0.7144744157554174,0.7146,4.4716462864936195e-06,0.7165406368501006,0.7166,2.56151499664519e-09,7.304491590532573e-05,4.842233399477518e-06,1.862565066447176e-05,0.5773502691896258,1.0753524424964704e-05,0.5773502691896258,1.0753524424964704e-05,0.5773502691896258,1.0753524424964704e-05
2448300000000,0.6933097812362498,0.6934,9.522481213238342e-07,0.6787608779691626,0.6784,3.3899199689062495e-05,0.6953097818650776,0.6954,6.64491462569961e-06,0.7153097790788809,0.7154,2.4424115876583372e-05,0.7173097798285751,0.7174,2.0705332246783175e-05,0.00023048139578159984,3.3899199689062495e-05,8.662581055945249e-05,0.5773502691896258,5.0013435045269425e-05,0.5773502691896258,5.0013435045269425e-05,0.5773502691896258,5.0013435045269425e-05
2448600000000,0.6926431255901054,0.6926,1.5555041268763562e-05,0.6770811487201507,0.6766,9.875216224951766e-05,0.6946431252351455,0.6946,1.5555087178137192e-05,0.7166428745081012,0.7166,6.220001981927462e-05,0.7189897245242165,0.7196,9.877749631447474e-05,0.0008467047752065223,9.877749631447474e-05,0.00029083980683016777,0.5773502691896258,0.00016791644076445615,0.5773502691896258,0.00016791644076445615,0.5773502691896258,0.00016791644076445615
2448900000000,0.6931954125284016,0.6934,1.0675730177437594e-05,0.6765633913974642,0.6764,9.382542581840088e-06,0.6951881275912132,0.6954,1.0395964884176736e-05,0.7164967402255424,0.7164,7.474329988632996e-07,0.7185559045817107,0.7184,6.5869909880506734e-06,0.0006889805868209553,1.0675730177437594e-05,3.778866163036839e-05,0.5773502691896258,2.1817293964608875e-05,0.5773502691896258,2.1817293964608875e-05,0.5773502691896258,2.1817293964608875e-05
2449200000000,0.6927860319156626,0.6928,5.8657370130291506e-06,0.6767728642356777,0.6768,1.5357604482224786e-06,0.6956802030881997,0.6958,8.474840315707479e-06,0.7159885245816613,0.7158,9.039909923993584e-06,0.7187723392052142,0.7188,1.6395381187887775e-06,0.0003721262457750397,9.039909923993584e-06,2.655578581974147e-05,0.5773502691896258,1.533199009156979e-05,0.5773502691896258,1.533199009156979e-05,0.5773502691896258,1.533199009156979e-05
2449500000000,0.693293404238253,0.6934,9.009933580579333e-06,0.6772934035598047,0.6774000000000001,9.483641578690408e-06,0.6962934034583412,0.6964,1.3160514287961309e-05,0.7148263764943218,0.7144,4.727058619173991e-05,0.7182934120999366,0.7184,8.027991025936615e-06,0.00023051362452145298,4.727058619173991e-05,8.695266666490757e-05,0.5773502691896258,5.020214550574019e-05,0.5773502691896258,5.020214550574019e-05,0.5773502691896258,5.020214550574019e-05
2449800000000,0.6939887794455267,0.694,1.6924133761182763e-05,0.6789887384056104,0.679,0.00010059560837909922,0.6987091584177622,0.699,0.0002042555208388376,0.7124109947958586,0.712,0.0002041924062244884,0.7158776369786098,0.715,0.0002042589302887421,5.120024693778962e-07,0.0002042589302887421,0.0007302265994923501,0.5773502691896258,0.0004215965237863334,0.5773502691896258,0.0004215965237863334,0.5773502691896258,0.0004215965237863334
2450100000000,0.6890000216395801,0.689,0.0008710696556237783,0.6760000051211021,0.676,0.0003126384326074544,0.693000048320539,0.693,0.0011407878335775528,0.7055080092797714,0.703,0.001667792316235812,0.7089746693653093,0.707,0.0016677836654596745,5.0947148262701306e-06,0.001667792316235812,0.005660071903504271,0.5773502691896258,0.003267844037120829,0.5773502691896258,0.003267844037120829,0.5773502691896258,0.003267844037120829
2450400000000,0.68700000392408,0.687,0.00014000248018099397,0.675999998160457,0.676,1.695770342055731e-15,0.6900000108388175,0.69,0.00031500787121068727,0.7007489773737101,0.699,0.0007926934639018329,0.7042170499086629,0.704,0.0007922230012991248,1.5530162583684582e-06,0.0007926934639018329,0.0020399268165943348,0.5773502691896258,0.0011777522966878757,0.5773502691896258,0.0011777522966878757,0.5773502691896258,0.0011777522966878757
2450700000000,0.6906686946123299,0.692,0.00047107519781181147,0.6779998875757507,0.678,0.0001399845185691351,0.6929995783702793,0.693,0.0003149091881529942,0.7019999438817526,0.702,5.477210214853824e-05,0.7078855510760023,0.709,0.0004710265285169717,1.5071853164994636e-06,0.00047107519781181147,0.0014517675351994508,0.5773502691896258,0.0008381783772481626,0.5773502691896258,0.0008381783772481626,0.5773502691896258,0.0008381783772481626
2451000000000,0.6958659757887791,0.696,0.0009454106069475363,0.6819999444542858,0.682,0.0005600159261030611,0.6969999455131499,0.697,0.0005601028047215721,0.7069984884200567,0.707,0.0008744906625493666,0.7130862755448213,0.715,0.000946663725020054,1.8401530352351882e-06,0.000946663725020054,0.00388668372534159,0.5773502691896258,0.0022439778950809047,0.5773502691896258,0.0022439778950809047,0.5773502691896258,0.0022439778950809047
2451300000000,0.6969988543886662,0.6968,4.491948727287454e-05,0.6819988553647801,0.6818000000000001,4.151405829916677e-11,0.6959988558175523,0.6958,3.5076320252112536e-05,0.7089988501459519,0.7088,0.0001400506462049147,0.7158029450871488,0.7168,0.0002583102690773508,7.164728591570078e-07,0.0002583102690773508,0.00047835676432131087,0.5773502691896258,0.00027617940664958725,0.5773502691896258,0.00027617940664958725,0.5773502691896258,0.00027617940664958725
2451600000000,0.6981738154333056,0.6983999999999999,4.831867097470658e-05,0.6808167313387417,0.6804,4.890960245280787e-05,0.694817818641464,0.6943999999999999,4.881970839559245e-05,0.7092073108059628,0.7093999999999999,1.5209546370263114e-06,0.7169843208715236,0.7173999999999999,4.8847706036753356e-05,3.270466804611043e-05,4.890960245280787e-05,0.00019641664249688657,0.5773502691896258,0.00011340120141889996,0.5773502691896258,0.00011340120141889996,0.5773502691896258,0.00011340120141889996
2451900000000,0.6976013791776295,0.6974,1.1468914338434379e-05,0.6813186495944383,0.6814000000000001,8.817267739055788e-06,0.6943988170935155,0.6944,6.144680401413204e-06,0.7093469460773995,0.7094,6.824303160218136e-07,0.7173274212643547,0.7174,4.120125784628262e-06,6.438486494513252e-06,1.1468914338434379e-05,3.123341857955344e-05,0.5773502691896258,1.803262262461744e-05,0.5773502691896258,1.803262262461744e-05,0.5773502691896258,1.803262262461744e-05
2452200000000,0.6979112103530896,0.698,3.359837505042777e-06,0.680911249090024,0.681,5.80913098489722e-06,0.6949111870244894,0.695,9.18830311581774e-06,0.7099111694359256,0.71,1.1142179940727626e-05,0.7163551804931603,0.716,3.308382410104381e-05,1.0078853267559435e-05,3.308382410104381e-05,6.258327564752917e-05,0.5773502691896258,3.6132471041869524e-05,0.5773502691896258,3.6132471041869524e-05,0.5773502691896258,3.6132471041869524e-05
2452500000000,0.6966577080467377,0.6962,5.499438112103415e-05,0.6810871388048283,0.6812,1.082801712087971e-06,0.6940874801598935,0.6942,2.374725495738282e-05,0.7110807676185381,0.7112,4.787859680696866e-05,0.7170868628430721,0.7172000000000001,1.873756714103757e-05,0.00011573124488157901,5.499438112103415e-05,0.00014644060173851117,0.5773502691896258,8.454752083402022e-05,0.5773502691896258,8.454752083402022e-05,0.5773502691896258,8.454752083402022e-05
2452800000000,0.6971901706446644,0.6974,9.923074636680496e-06,0.6805810206573614,0.6804000000000001,8.965445271837407e-06,0.6942775327474501,0.6944,1.2641995112929713e-06,0.7112919244055655,0.7114,1.5605516047712094e-06,0.7165833535981514,0.7164,8.87325459022175e-06,5.331813752569619e-05,9.923074636680496e-06,3.058652561480383e-05,0.5773502691896258,1.7659138797282378e-05,0.5773502691896258,1.7659138797282378e-05,0.5773502691896258,1.7659138797282378e-05
2453100000000,0.6985148147859128,0.6989999999999998,6.14138735330339e-05,0.6811198579464972,0.6809999999999999,1.0162096845714152e-05,0.6941200443300025,0.6939999999999998,8.680910570547914e-07,0.7101251445143834,0.7099999999999999,4.764813600634933e-05,0.7161201166280176,0.7159999999999999,7.510597167457311e-06,2.2647200592699154e-05,6.14138735330339e-05,0.0001276027946096095,0.5773502691896258,7.367150781720657e-05,0.5773502691896258,7.367150781720657e-05,0.5773502691896258,7.367150781720657e-05
2453400000000,0.6989999999833933,0.699,8.239163654897765e-06,0.6829999998981268,0.683,0.0001237226815397087,0.6920000002729462,0.692,0.00015731053813509779,0.7078415051909293,0.707,0.0001825252995869066,0.7150000000110786,0.715,4.391314324400079e-05,3.5406549318051516e-07,0.0001825252995869066,0.0005157108261606117,0.5773502691896258,0.0002977457843078335,0.5773502691896258,0.0002977457843078335,0.5773502691896258,0.0002977457843078335
2453700000000,0.7011915180389833,0.702,0.00016809629857918258,0.6842021179151804,0.684,5.057807044237166e-05,0.6902021262686225,0.69,0.0001131322827397939,0.7082021194111948,0.708,4.5514915550209475e-06,0.7162021178779128,0.716,5.0578057801671784e-05,1.0408527803385862e-05,0.00016809629857918258,0.0003869362011180409,0.5773502691896258,0.0002233977198747121,0.5773502691896258,0.0002233977198747121,0.5773502691896258,0.0002233977198747121
2454000000000,0.7011462856327768,0.7010000000000001,7.160896999292816e-08,0.6811110394181603,0.68,0.000334416819615893,0.6871561082213221,0.687,0.0003247379080567963,0.7112931974056466,0.7120000000000001,0.00033441671087243284,0.7192933670621064,0.7200000000000001,0.0003344537531572329,0.0008111395796138411,0.0003344537531572329,0.001328096800672348,0.5773502691896258,0.000766777045378061,0.5773502691896258,0.000766777045378061,0.5773502691896258,0.000766777045378061
2454300000000,0.6990838221997758,0.6994,0.000148881439436317,0.6776651341172346,0.6764,0.0004155992170031744,0.6870837681745953,0.6874,1.8315788261549279e-07,0.7140836365719232,0.7144,0.00027252927592417287,0.7220836359600769,0.7224,0.00027249601830433423,0.0021914004417651297,0.0004155992170031744,0.0011096891085506139,0.5773502691896258,0.0006406793055384928,0.5773502691896258,0.0006406793055384928,0.5773502691896258,0.0006406793055384928
2454600000000,0.6971145284788024,0.6974,0.00013573412158128832,0.6745430867322363,0.6734,0.00034115129559612135,0.6881142274159684,0.6884,3.716461868459483e-05,0.7161140751798234,0.7164,0.00014429383291580928,0.7241140778455796,0.7244,0.00014429429876413452,0.002823216801937918,0.00034115129559612135,0.0008026381675419484,0.5773502691896258,0.0004634033620922119,0.5773502691896258,0.0004634033620922119,0.5773502691896258,0.0004634033620922119
2454900000000,0.6970427340033151,0.6972,1.8040563486752945e-07,0.6728290667193195,0.6722,0.00010282526116377114,0.6880427340103504,0.6882,1.7889574663990387e-07,0.7170427326381261,0.7172000000000001,3.018416362014494e-05,0.7250427326104567,0.7252000000000001,3.0183988531515233e-05,0.0032043473287486158,0.00010282526116377114,0.00016355271469693875,0.5773502691896258,9.442720385697166e-05,0.5773502691896258,9.442720385697166e-05,0.5773502691896258,9.442720385697166e-05
2455200000000,0.697038715647473,0.6969999999999998,5.651514285731513e-10,0.6721398588280443,0.6719999999999998,1.662526310886246e-05,0.6880396385307666,0.6879999999999998,3.353697848978696e-10,0.7170382807639941,0.7169999999999999,6.936714150526682e-10,0.7257434958673223,0.7259999999999999,1.7187419976052517e-05,0.0032400453182430053,1.7187419976052517e-05,3.38142772775435e-05,0.5773502691896258,1.952268208864239e-05,0.5773502691896258,1.952268208864239e-05,0.5773502691896258,1.952268208864239e-05
2455500000000,0.6968448410453849,0.6968000000000001,1.3155576467184568e-06,0.6726228497048269,0.6728000000000001,8.164806546933116e-06,0.6878446678243917,0.6878000000000001,1.3304751720509706e-06,0.7168446007595604,0.7168000000000001,1.3129180441111527e-06,0.7258430381247031,0.7258000000000001,3.4680313515584316e-07,0.0034596197093645976,8.164806546933116e-06,1.2470560544969539e-05,0.5773502691896258,7.19988148758369e-06,0.5773502691896258,7.19988148758369e-06,0.5773502691896258,7.19988148758369e-06
2455800000000,0.6965023539074544,0.6964,4.105410387673953e-06,0.671510180443679,0.6714,4.333115096461451e-05,0.6885023531262949,0.6884,1.5139248471884623e-05,0.7179827586657741,0.7184,4.533911968168985e-05,0.7255023538515585,0.7254,4.062302088882208e-06,0.003534508829625445,4.533911968168985e-05,0.00011197723159474513,0.5773502691896258,6.465008480433518e-05,0.5773502691896258,6.465008480433518e-05,0.5773502691896258,6.465008480433518e-05
2456100000000,0.6966851671456622,0.6968000000000001,1.1697238022406452e-06,0.6702589798312324,0.6698000000000001,5.4792604040541117e-05,0.6886851717831182,0.6888000000000001,1.169793144892824e-06,0.7186854993007935,0.7188000000000001,1.7284554003761702e-05,0.7256851812498611,0.7258000000000001,1.1699050149542478e-06,0.0032762316891262414,5.4792604040541117e-05,7.558658000639052e-05,0.5773502691896258,4.363993231381276e-05,0.5773502691896258,4.363993231381276e-05,0.5773502691896258,4.363993231381276e-05
2456400000000,0.6970619053668937,0.6972,4.967609056784158e-06,0.6702152154143262,0.6701999999999999,6.703634654999143e-08,0.6883324769201848,0.6881999999999999,4.353778321884433e-06,0.7190587699421388,0.7192000000000001,4.876584009161378e-06,0.7253298760214313,0.7252000000000001,4.418463187235789e-06,0.0030276979531994215,4.967609056784158e-06,1.868347092161575e-05,0.5773502691896258,1.07869069659914e-05,0.5773502691896258,1.07869069659914e-05,0.5773502691896258,1.07869069659914e-05
2456700000000,0.6970430249091539,0.6970000000000001,1.2476508956239089e-08,0.6700471617071544,0.67,9.884716972960895e-07,0.6888187107819458,0.6890000000000001,8.274817891303592e-06,0.719044964100993,0.7190000000000001,6.671043741058505e-09,0.7250461275185711,0.7250000000000001,2.8179624506385865e-06,0.0034225209516749056,8.274817891303592e-06,1.2100399591935566e-05,0.5773502691896258,6.986168961706037e-06,0.5773502691896258,6.986168961706037e-06,0.5773502691896258,6.986168961706037e-06
2457000000000,0.6962786547482065,0.6962,2.0449161003138336e-05,0.6692788441221259,0.6692,2.06609169012403e-05,0.6892754603458054,0.6892,7.3017057430096275e-06,0.7192756434234385,0.7192000000000001,1.862453243138342e-06,0.7258913937227084,0.7262000000000001,2.500662345498224e-05,0.00357215966600098,2.500662345498224e-05,7.528086034550885e-05,0.5773502691896258,4.346342498530616e-05,0.5773502691896258,4.346342498530616e-05,0.5773502691896258,4.346342498530616e-05
2457300000000,0.69603996679216,0.696,1.9940179126585406e-06,0.6690579126532201,0.6689999999999999,1.7083749883503414e-06,0.6890409851465189,0.689,1.9242516678162497e-06,0.7198009565785606,0.72,9.658386883050034e-06,0.7260601545023528,0.726,9.968070261170928e-07,0.004000025907012445,9.658386883050034e-06,1.6281838477992257e-05,0.5773502691896258,9.400323828170838e-06,0.5773502691896258,9.400323828170838e-06,0.5773502691896258,9.400323828170838e-06
2457600000000,0.6957211873184495,0.6956,3.556712350070163e-06,0.6687188150935701,0.6686,4.0245504236205675e-06,0.6894334620819252,0.6896,5.3913350689082905e-06,0.7196687416991405,0.7196,6.118271019020997e-07,0.7264568883320676,0.7266,5.5089206074039015e-06,0.004080477453504556,5.5089206074039015e-06,1.9093345551905024e-05,0.5773502691896258,1.1023548194122911e-05,0.5773502691896258,1.1023548194122911e-05,0.5773502691896258,1.1023548194122911e-05
2457900000000,0.6956232726052833,0.6955999999999999,3.3555518690408324e-07,0.6686389776364027,0.6685999999999999,2.230906848437101e-07,0.6895669045708943,0.6895999999999999,6.232414251791228e-07,0.7196125847392273,0.7195999999999999,1.103761451343795e-07,0.7265579260418662,0.7265999999999999,3.5730165804736003e-07,0.0034969150491822665,6.232414251791228e-07,1.6495651001086558e-06,0.5773502691896258,9.523768545935446e-07,0.5773502691896258,9.523768545935446e-07,0.5773502691896258,9.523768545935446e-07
2458200000000,0.6953217594109344,0.6951999999999999,3.1818572228267423e-06,0.6690643238798185,0.6691999999999999,6.332179937578731e-06,0.6893088407194883,0.6891999999999999,2.330893299088007e-06,0.7193078781140563,0.7192,3.2496144598088087e-06,0.7269962138143681,0.7272,6.723366003363012e-06,0.002689681400293219,6.723366003363012e-06,2.1817910922665302e-05,0.5773502691896258,1.2596576744356091e-05,0.5773502691896258,1.2596576744356091e-05,0.5773502691896258,1.2596576744356091e-05
2458500000000,0.6953392480695613,0.6953999999999999,1.0704861319802458e-08,0.6693391848538225,0.6693999999999999,2.6441994260645116e-06,0.6893393140151751,0.6893999999999999,3.250176125061366e-08,0.7186430950739585,0.7183999999999999,1.5467777164056728e-05,0.7273391559313597,0.7273999999999999,4.116325346233709e-06,0.0023409369975591005,1.5467777164056728e-05,2.2271508558925363e-05,0.5773502691896258,1.2858461461754615e-05,0.5773502691896258,1.2858461461754615e-05,0.5773502691896258,1.2858461461754615e-05
2458800000000,0.6952578887977857,0.6951999999999999,2.3167658863467083e-07,0.6699695047266946,0.6701999999999999,1.3905609974812432e-05,0.689256489029842,0.6891999999999999,2.400992368398388e-07,0.7182591752393656,0.7182,5.158805378786019e-06,0.7272569345227854,0.7272,2.3661260097784796e-07,0.002073633428007195,1.3905609974812432e-05,1.9772803780050808e-05,0.5773502691896258,1.1415833585045986e-05,0.5773502691896258,1.1415833585045986e-05,0.5773502691896258,1.1415833585045986e-05
2459100000000,0.6953425039307931,0.6954,2.505902256850582e-07,0.6703425033594285,0.6704,4.869479300746999e-06,0.6893425039401281,0.6894,2.589497677030209e-07,0.7183425041362539,0.7184,2.4302967698193683e-07,0.7266299846301688,0.7264,1.375731587481792e-05,0.0019044330581705871,1.375731587481792e-05,1.9379364845934936e-05,0.5773502691896258,1.1188681510524508e-05,0.5773502691896258,1.1188681510524508e-05,0.5773502691896258,1.1188681510524508e-05
2459400000000,0.694806235304611,0.6946,1.0065441379951681e-05,0.6705576795283825,0.6706,1.6205274290010641e-06,0.6895422178326647,0.6896,1.3959973605240879e-06,0.7185444936469024,0.7186,1.4279916844212403e-06,0.7265493693287026,0.7266,2.274589390669725e-07,0.002310426786116672,1.0065441379951681e-05,1.4737416792965046e-05,0.5773502691896258,8.508651552578082e-06,0.5773502691896258,8.508651552578082e-06,0.5773502691896258,8.508651552578082e-06
2459700000000,0.694163810433653,0.694,1.4444840018889226e-05,0.6723448307703669,0.6729999999999999,0.0001117868346604189,0.6891637847489518,0.689,5.012405959695422e-06,0.7181637846227685,0.718,5.072877636994424e-06,0.7261637879596746,0.726,5.203554724952696e-06,0.0024027683243621418,0.0001117868346604189,0.00014152051300095065,0.5773502691896258,8.170690627695281e-05,0.5773502691896258,8.170690627695281e-05,0.5773502691896258,8.170690627695281e-05
2460000000000,0.6950275150705825,0.6948,2.610949949486827e-05,0.6748775815342082,0.6758,0.0002245189251108534,0.6890286445083605,0.6888,6.392009619471061e-07,0.7160356082416759,0.7158,0.00015851971481641966,0.7250305668560173,0.7248,4.4946652442101206e-05,0.0019886341476357946,0.0002245189251108534,0.0004547339928261896,0.5773502691896258,0.00026254079316787395,0.5773502691896258,0.00026254079316787395,0.5773502691896258,0.00026254079316787395
2460300000000,0.6942886737332344,0.6942,1.910602826209781e-05,0.675845783584172,0.6762,3.280953233439637e-05,0.6892884208884166,0.6892,2.361931867225551e-06,0.7162884234215076,0.7162000000000001,2.2370430303661325e-06,0.7242886973738155,0.7242000000000001,1.9262961501782042e-05,0.0020736784470066437,3.280953233439637e-05,7.57774969958679e-05,0.5773502691896258,4.37501582890804e-05,0.5773502691896258,4.37501582890804e-05,0.5773502691896258,4.37501582890804e-05
2460600000000,0.694913527022526,0.695,1.3665457159844943e-05,0.6759136353575687,0.6759999999999999,1.6113521035737724e-07,0.6883456218930459,0.688,3.11104480985162e-05,0.716913510150559,0.717,1.3675669659269865e-05,0.7239137040400945,0.724,4.9217000117326996e-06,0.0018225747006810579,3.11104480985162e-05,6.353441013972109e-05,0.5773502691896258,3.668160879697206e-05,0.5773502691896258,3.668160879697206e-05,0.5773502691896258,3.668160879697206e-05
2460900000000,0.6949392390636179,0.695,2.3138816998938076e-08,0.6752445951192773,0.6749999999999999,1.566651941585529e-05,0.6889376947956598,0.689,1.2269261270336528e-05,0.7169392492353228,0.717,2.3187516956689922e-08,0.7239392213130724,0.724,2.2789592708089888e-08,0.0021025374063716653,1.566651941585529e-05,2.8004896612855536e-05,0.5773502691896258,1.6168634598059785e-05,0.5773502691896258,1.6168634598059785e-05,0.5773502691896258,1.6168634598059785e-05
2461200000000,0.6944981181208724,0.6944,6.8105690145040576e-06,0.6744981265865367,0.6744,1.9502534463012388e-05,0.6884981191486311,0.6884,6.7629362311238395e-06,0.717498106574124,0.7174,1.0931253379619865e-05,0.725007529525507,0.7254,3.99448852864273e-05,0.0023409962720230535,3.99448852864273e-05,8.395217837468746e-05,0.5773502691896258,4.846981278368129e-05,0.5773502691896258,4.846981278368129e-05,0.5773502691896258,4.846981278368129e-05
2461500000000,0.6948999265714864,0.6950000000000001,5.650751084468647e-06,0.6734016839296166,0.673,4.207652749699064e-05,0.6889000294885129,0.6890000000000001,5.65361724563649e-06,0.7169008807449124,0.7170000000000001,1.2483754187712865e-05,0.7258974740612028,0.7260000000000001,2.7720044681518263e-05,0.00210260099840801,4.207652749699064e-05,9.35846946963269e-05,0.5773502691896258,5.403114867495329e-05,0.5773502691896258,5.403114867495329e-05,0.5773502691896258,5.403114867495329e-05
2461800000000,0.694834128352369,0.6948,1.515291973654775e-07,0.6736684564498813,0.6738,2.4908652148920853e-06,0.6888361316502272,0.6888,1.4290268081573103e-07,0.7168303466944966,0.7168,1.7412682938202014e-07,0.7258304092573825,0.7258,1.5741907690064608e-07,0.0021316262155882657,2.4908652148920853e-06,3.1168429993559603e-06,0.5773502691896258,1.7995101446999646e-06,0.5773502691896258,1.7995101446999646e-06,0.5773502691896258,1.7995101446999646e-06
2462100000000,0.6943692782386531,0.6942,7.562996987758547e-06,0.6755218756533178,0.6762,0.0001202306960283533,0.6883692821827864,0.6882,7.62819488374154e-06,0.7173689019665591,0.7172000000000001,1.0151462337320207e-05,0.7243706522055182,0.7242000000000001,7.4581172766364e-05,0.002220387697773631,0.0001202306960283533,0.00022015452300353758,0.5773502691896258,0.0001271062731194061,0.5773502691896258,0.0001271062731194061,0.5773502691896258,0.0001271062731194061
2462400000000,0.6948864323152667,0.6948,9.360691863531144e-06,0.6764542683247962,0.6768,3.0427463283930464e-05,0.6878864331034121,0.6878,8.160013170839182e-06,0.7168864331249074,0.7168,8.147166410765877e-06,0.7238864331286662,0.7238,8.206384003560216e-06,0.0022801747065833997,3.0427463283930464e-05,6.430171873262689e-05,0.5773502691896258,3.712461461963774e-05,0.5773502691896258,3.712461461963774e-05,0.5773502691896258,3.712461461963774e-05
2462700000000,0.6940798100182499,0.6938000000000001,2.2772383551561878e-05,0.6767558996809475,0.6768000000000001,3.184351625479696e-06,0.6877772705628268,0.6878000000000001,4.170761093466884e-07,0.7167616595662695,0.7168000000000001,5.448954327311073e-07,0.7246247242887486,0.7248000000000001,1.907758429695324e-05,0.0021316750411201537,2.2772383551561878e-05,4.599629101607261e-05,0.5773502691896258,2.655597099985389e-05,0.5773502691896258,2.655597099985389e-05,0.5773502691896258,2.655597099985389e-05
2463000000000,0.6947534335346502,0.6950000000000001,1.5881902464663793e-05,0.6760880742627935,0.6759999999999999,1.560967761964081e-05,0.6880527879399685,0.688,2.6568438787466475e-06,0.7170527894221183,0.7170000000000001,2.966480753828637e-06,0.7240529146305204,0.724,1.1443819983507918e-05,0.0022500384689711815,1.5881902464663793e-05,4.855872470038781e-05,0.5773502691896258,2.803539277727384e-05,0.5773502691896258,2.803539277727384e-05,0.5773502691896258,2.803539277727384e-05
2463300000000,0.6946970820809569,0.6946,1.1114202166724458e-07,0.6764601046426851,0.6766,4.8442311246811635e-06,0.6877219508336255,0.6876,3.830861682668469e-06,0.7166939041843532,0.7166,4.507951485998949e-06,0.7244269486188222,0.7246,4.896549854173944e-06,0.002310441609254346,4.896549854173944e-06,1.819073616918977e-05,0.5773502691896258,1.0502426424039177e-05,0.5773502691896258,1.0502426424039177e-05,0.5773502691896258,1.0502426424039177e-05
2463600000000,0.6949455418736167,0.6950000000000001,2.1606293998984056e-06,0.6769083597312671,0.677,7.032641855385726e-06,0.6879662873197082,0.6880000000000001,2.0895111450932072e-06,0.7161851808482866,0.7160000000000001,9.057980143053876e-06,0.7239945632924981,0.7240000000000001,6.543497464712689e-06,0.002402525485811097,9.057980143053876e-06,2.6884260008143903e-05,0.5773502691896258,1.5521634752665776e-05,0.5773502691896258,1.5521634752665776e-05,0.5773502691896258,1.5521634752665776e-05
2463900000000,0.6952795083236257,0.6951999999999999,3.903675640607629e-06,0.6762810473061142,0.6761999999999999,1.3773230756292616e-05,0.6872815409704743,0.6871999999999999,1.6410714697619334e-05,0.7162796472930372,0.7162,3.123368214331692e-07,0.7248782520264944,0.7252,2.7331702250716098e-05,0.002220164823901055,2.7331702250716098e-05,6.173166016666884e-05,0.5773502691896258,3.564079061474876e-05,0.5773502691896258,3.564079061474876e-05,0.5773502691896258,3.564079061474876e-05
2464200000000,0.6955524714238782,0.6956,2.607809893480742e-06,0.6765547614910495,0.6766,2.6221809262193944e-06,0.6867828071882675,0.6866,8.705738493003419e-06,0.7165482653782089,0.7166,2.5254486488469413e-06,0.7245616752271471,0.7246,3.5077304459736115e-06,0.0021609215017764057,8.705738493003419e-06,1.9968908407524105e-05,0.5773502691896258,1.1529054644507024e-05,0.5773502691896258,1.1529054644507024e-05,0.5773502691896258,1.1529054644507024e-05
2464500000000,0.6960089466104213,0.6962,7.29293585753536e-06,0.6763449430811902,0.6762,1.5408317790565904e-06,0.6863457754191014,0.6862,6.684886854115684e-06,0.716281610091116,0.7162000000000001,2.48867647471107e-06,0.7250185150780456,0.7252000000000001,7.30459272791389e-06,0.0020736652186151804,7.30459272791389e-06,2.5311923693332592e-05,0.5773502691896258,1.4613845958052841e-05,0.5773502691896258,1.4613845958052841e-05,0.5773502691896258,1.4613845958052841e-05
2464800000000,0.6956155527984337,0.6956,5.416554195856478e-06,0.6765524700676546,0.6766,1.5073607538851765e-06,0.6865562344744339,0.6866,1.5502554890016928e-06,0.7157864669020145,0.7156,8.580837219975714e-06,0.7254890353749899,0.7256,7.748627244278564e-06,0.0021609328169741077,8.580837219975714e-06,2.4803634902997628e-05,0.5773502691896258,1.432038528812688e-05,0.5773502691896258,1.432038528812688e-05,0.5773502691896258,1.432038528812688e-05
2465100000000,0.695182251269178,0.695,6.5712575339362425e-06,0.676136409128068,0.6759999999999999,6.0587346907381125e-06,0.6868938620640748,0.6869999999999999,3.989733625033995e-06,0.7159183449593088,0.716,6.08713769850247e-07,0.7258685302177124,0.726,5.040571747853677e-06,0.00225006159089279,6.5712575339362425e-06,2.2269011367412274e-05,0.5773502691896258,1.2857019707562314e-05,0.5773502691896258,1.2857019707562314e-05,0.5773502691896258,1.2857019707562314e-05
2465400000000,0.6943518266424429,0.6942,2.413617712408482e-05,0.6770976115138143,0.6772,3.233685092275074e-05,0.6878553128150614,0.6882,3.235356413004686e-05,0.7153478402035094,0.7152000000000001,1.1391648673642663e-05,0.7253474003624496,0.7252000000000001,9.505171411616429e-06,0.002220198215978897,3.235356413004686e-05,0.0001097234122621415,0.5773502691896258,6.33488416059517e-05,0.5773502691896258,6.33488416059517e-05,0.5773502691896258,6.33488416059517e-05
2465700000000,0.6943364205883554,0.6944,8.307127589092727e-09,0.677336355650629,0.6774,1.9949567002185934e-06,0.688335993275452,0.6884,8.086879675047034e-06,0.7153364998713593,0.7154,4.5011096646198725e-09,0.7246547276796876,0.7244,1.6792840590562944e-05,0.001904440635124014,1.6792840590562944e-05,2.6887485203082284e-05,0.5773502691896258,1.5523496819831637e-05,0.5773502691896258,1.5523496819831637e-05,0.5773502691896258,1.5523496819831637e-05
2466000000000,0.6947418367175204,0.6948,5.752678322549727e-06,0.6777417363336808,0.6778,5.751672436705401e-06,0.6877459527712294,0.6878,1.218517288181501e-05,0.7157417183527629,0.7158,5.747070618487076e-06,0.7240287517284002,0.7238,1.3714606205657477e-05,0.001587632814643849,1.3714606205657477e-05,4.3151200465214694e-05,0.5773502691896258,2.491335720444721e-05,0.5773502691896258,2.491335720444721e-05,0.5773502691896258,2.491335720444721e-05
2466300000000,0.6956722802336633,0.6960000000000001,3.0300379785633306e-05,0.6786699676504953,0.679,3.0156468213025453e-05,0.6872192024311726,0.687,9.711307226247696e-06,0.7152180131232851,0.7150000000000001,9.599350858382201e-06,0.7232205358344423,0.7230000000000001,2.2862452593613214e-05,0.0014401802859860865,3.0300379785633306e-05,0.00010262995867690186,0.5773502691896258,5.9253434269029465e-05,0.5773502691896258,5.9253434269029465e-05,0.5773502691896258,5.9253434269029465e-05
2466600000000,0.6951434576769958,0.695,9.787865375413395e-06,0.6790059777895701,0.6789999999999999,3.951598474637441e-06,0.6870526877343063,0.6869999999999999,9.704500495372222e-07,0.7157505099371574,0.716,9.924349987443075e-06,0.7230465256486974,0.723,1.059784066004375e-06,0.00169006577242702,9.924349987443075e-06,2.5694047953035506e-05,0.5773502691896258,1.4834465502256203e-05,0.5773502691896258,1.4834465502256203e-05,0.5773502691896258,1.4834465502256203e-05
2466900000000,0.6949833698242252,0.695,8.969842211652498e-07,0.6782688959414247,0.6779999999999999,1.9015137780288284e-05,0.6869831661551498,0.6869999999999999,1.691637488945568e-07,0.7159826103016341,0.716,1.8854702716582348e-06,0.7237819510039928,0.724,1.892976586239575e-05,0.001960060546027386,1.9015137780288284e-05,4.089652188440208e-05,0.5773502691896258,2.3611617918878962e-05,0.5773502691896258,2.3611617918878962e-05,0.5773502691896258,2.3611617918878962e-05
2467200000000,0.6953427394772642,0.6954,4.520129163389643e-06,0.6783576568033914,0.6784,2.7574717159776134e-07,0.6873192844637052,0.6874,3.954143107115003e-06,0.7155668234038691,0.7154,6.050756052356564e-06,0.7234132136447232,0.7234,4.7588534042382655e-06,0.002044927866801561,6.050756052356564e-06,1.9559628898697235e-05,0.5773502691896258,1.1292757009912034e-05,0.5773502691896258,1.1292757009912034e-05,0.5773502691896258,1.1292757009912034e-05
2467500000000,0.6951231674016699,0.6952,1.6874163733277655e-06,0.677512212890221,0.6772,2.5017139361092505e-05,0.6881190363577309,0.6882,2.238610821991942e-05,0.7161223519570878,0.7162000000000001,1.0801419070444965e-05,0.7231232258306003,0.7232000000000001,2.94325263189277e-06,0.0022201610951381673,2.5017139361092505e-05,6.283533565667742e-05,0.5773502691896258,3.6277997956003206e-05,0.5773502691896258,3.6277997956003206e-05,0.5773502691896258,3.6277997956003206e-05
2467800000000,0.6954771514685635,0.6956,4.38566518650804e-06,0.6775433857075016,0.6776,3.4011058802339205e-08,0.6877442821948169,0.6876,4.91542389174786e-06,0.7157551630334458,0.7156,4.718969697589767e-06,0.7234797172958364,0.7236,4.448015767516008e-06,0.0024649482583085454,4.91542389174786e-06,1.8502085602164016e-05,0.5773502691896258,1.0682184102978895e-05,0.5773502691896258,1.0682184102978895e-05,0.5773502691896258,1.0682184102978895e-05
2468100000000,0.6947377916363603,0.6946,1.9132853651643537e-05,0.678323300903025,0.6786,2.128936992728732e-05,0.6876479630445306,0.6876,3.2470825491558446e-07,0.7156465144595239,0.7156,4.131579415341821e-07,0.7236443960525307,0.7236,9.491682517238635e-07,0.002464952056578218,2.128936992728732e-05,4.2109258027104484e-05,0.5773502691896258,2.4311791457324186e-05,0.5773502691896258,2.4311791457324186e-05,0.5773502691896258,2.4311791457324186e-05
2468400000000,0.6947475201974952,0.6948000000000001,3.3125715614440437e-09,0.6779704532038363,0.6778000000000001,4.357552458795116e-06,0.6877645940756029,0.6878000000000001,4.7609790931448805e-07,0.715768930505025,0.7158000000000001,5.244990868646038e-07,0.7237484692436806,0.7238000000000001,3.7909301906441085e-07,0.0025921193967024976,4.357552458795116e-06,5.7405550456000636e-06,0.5773502691896258,3.3143110008750615e-06,0.5773502691896258,3.3143110008750615e-06,0.5773502691896258,3.3143110008750615e-06
2468700000000,0.6945023966563156,0.6944,2.10299426541425e-06,0.6775522121799786,0.6774,6.1223943913132e-06,0.6875026633929884,0.6874,2.401268887321176e-06,0.7162351122815102,0.7164,7.606390705440216e-06,0.7242065313278591,0.7244,7.343730553665834e-06,0.0026569897494009603,7.606390705440216e-06,2.5576778803154677e-05,0.5773502691896258,1.476676012700487e-05,0.5773502691896258,1.476676012700487e-05,0.5773502691896258,1.476676012700487e-05
2469000000000,0.6947493681555282,0.6948,2.134822249816182e-06,0.677001650354811,0.6768,1.060914131661813e-05,0.6877492624119921,0.6878,2.128387666075578e-06,0.7157556094200781,0.7158,8.047304794253577e-06,0.7247441073887864,0.7248,1.0114580744874031e-05,0.002433625518416531,1.060914131661813e-05,3.3034236771637496e-05,0.5773502691896258,1.9072325492578745e-05,0.5773502691896258,1.9072325492578745e-05,0.5773502691896258,1.9072325492578745e-05
2469300000000,0.694381116111769,0.6941999999999999,4.7463348706497914e-06,0.6770662341736852,0.6771999999999999,1.4598743811313078e-07,0.6880727323952209,0.6881999999999999,3.6621490517525907e-06,0.7161117072646617,0.7162,4.438198622097238e-06,0.7243681863111713,0.7242,4.946082980834966e-06,0.002371652219113468,4.946082980834966e-06,1.7938752963447716e-05,0.5773502691896258,1.0356943852372738e-05,0.5773502691896258,1.0356943852372738e-05,0.5773502691896258,1.0356943852372738e-05
2469600000000,0.6942691540720999,0.6943999999999999,4.3874244144045426e-07,0.6782662145160262,0.6783999999999999,5.0398348770171666e-05,0.6882689324617283,0.6883999999999999,1.3473063134118924e-06,0.7162688821084878,0.7163999999999999,8.646376036121979e-07,0.7229268078739882,0.7223999999999999,7.271501297116988e-05,0.002045073714650213,7.271501297116988e-05,0.0001257640480998061,0.5773502691896258,7.26099070248001e-05,0.5773502691896258,7.26099070248001e-05,0.5773502691896258,7.26099070248001e-05
2469900000000,0.6945639959532478,0.6945999999999999,3.0426107207595986e-06,0.6785515648287065,0.6785999999999999,2.849868033135837e-06,0.687779297512701,0.6875999999999999,8.39098341581444e-06,0.7165518847663128,0.7165999999999999,2.8031676517603592e-06,0.7225532541065393,0.7225999999999999,4.883984601136018e-06,0.0018769202226650615,8.39098341581444e-06,2.1970614422606253e-05,0.5773502691896258,1.2684740151153196e-05,0.5773502691896258,1.2684740151153196e-05,0.5773502691896258,1.2684740151153196e-05
2470200000000,0.6946314275764294,0.6946,1.5914583317153705e-07,0.6777947491930508,0.6776,2.004694672305088e-05,0.6876314288198225,0.6876,7.652802616750038e-07,0.7173109677186387,0.7176,2.016724249791057e-05,0.7226314266367465,0.7226,2.1388305676514387e-07,0.0021609622166284905,2.016724249791057e-05,4.135249837257313e-05,0.5773502691896258,2.387487606706866e-05,0.5773502691896258,2.387487606706866e-05,0.5773502691896258,2.387487606706866e-05
2470500000000,0.6946625795377697,0.6945999999999999,3.3965564337147066e-08,0.6776635159909675,0.6775999999999999,6.027753665162957e-07,0.6876630295976266,0.6875999999999999,3.4951320523763606e-08,0.7166699598420192,0.7165999999999999,1.4381188426087079e-05,0.7233409087726441,0.7235999999999999,1.7617771540524216e-05,0.0021609421569405113,1.7617771540524216e-05,3.2670652217988504e-05,0.5773502691896258,1.886240985265631e-05,0.5773502691896258,1.886240985265631e-05,0.5773502691896258,1.886240985265631e-05
2470800000000,0.6938841875881183,0.6936,2.1206290954870877e-05,0.6775552591392757,0.6776,4.101841078377242e-07,0.6875552614209574,0.6876,4.064892965914601e-07,0.7174500345172723,0.7176,2.1298077463992765e-05,0.7235552573049838,0.7236,1.6080852660664673e-06,0.002160954629576677,2.1298077463992765e-05,4.492912708935929e-05,0.5773502691896258,2.5939843619496495e-05,0.5773502691896258,2.5939843619496495e-05,0.5773502691896258,2.5939843619496495e-05
2471100000000,0.6936823631541993,0.6938,1.4256585744357767e-06,0.6762709159165543,0.6758,5.773381298126532e-05,0.6876823542323374,0.6878,5.653403946566539e-07,0.7176823450910008,0.7178,1.8888870933126347e-06,0.7246820213337447,0.7248,4.4435901177831107e-05,0.0022802386094182884,5.773381298126532e-05,0.00010604960022150149,0.5773502691896258,6.122776523533609e-05,0.5773502691896258,6.122776523533609e-05,0.5773502691896258,6.122776523533609e-05
2471400000000,0.6936374075307464,0.6935999999999999,7.073528280123073e-08,0.6764734296189993,0.6765999999999999,1.4354129887286727e-06,0.6876407529353887,0.6875999999999999,6.057337677329652e-08,0.7176140569297663,0.7175999999999999,1.632145537676062e-07,0.7246329988868058,0.7245999999999999,8.411201063584151e-08,0.002464952702041539,1.4354129887286727e-06,1.8140482127066477e-06,0.5773502691896258,1.0473412239291427e-06,0.5773502691896258,1.0473412239291427e-06,0.5773502691896258,1.0473412239291427e-06
2471700000000,0.6942947174440561,0.6942,1.5121971274732207e-05,0.6777369748413103,0.6782,5.587912850888146e-05,0.6872947241657705,0.6872,4.190756829122004e-06,0.7172947240863805,0.7172000000000001,3.5690712702703446e-06,0.7233788593637127,0.7232000000000001,5.505030801844275e-05,0.002220236652785285,5.587912850888146e-05,0.00013381123590144878,0.5773502691896258,7.725595306829798e-05,0.5773502691896258,7.725595306829798e-05,0.5773502691896258,7.725595306829798e-05
2472000000000,0.6945452063648451,0.6946,2.1960644803302445e-06,0.677565298764873,0.6776,1.0315436327318238e-06,0.6875437352006388,0.6876,2.1702273420162925e-06,0.7167976522049395,0.7166,8.647815936175043e-06,0.7235478655021096,0.7236,9.997076185538474e-07,0.0024649321759483513,8.647815936175043e-06,1.5045359009807252e-05,0.5773502691896258,8.686442074366779e-06,0.5773502691896258,8.686442074366779e-06,0.5773502691896258,8.686442074366779e-06
2472300000000,0.6944577950894085,0.6944,2.674255875705185e-07,0.6774579435667024,0.6774,4.033798500988749e-07,0.6881679930788536,0.6884,1.3639426447960926e-05,0.71645840452194,0.7164,4.0281146647193015e-06,0.7234578559209488,0.7234,2.835603645259179e-07,0.00249643388884809,1.3639426447960926e-05,1.8621906914875538e-05,0.5773502691896258,1.0751362970127547e-05,0.5773502691896258,1.0751362970127547e-05,0.5773502691896258,1.0751362970127547e-05
2472600000000,0.6933283195638197,0.6931999999999999,4.465002370164661e-05,0.6763291081062145,0.6761999999999999,4.459943238992413e-05,0.6883076112596445,0.6881999999999999,6.822632742575202e-07,0.7177319280652866,0.7182,5.6765177541036705e-05,0.7243030152394236,0.7242,2.500029957617007e-05,0.0022202377386513934,5.6765177541036705e-05,0.00017169719648303503,0.5773502691896258,9.912942260858436e-05,0.5773502691896258,9.912942260858436e-05,0.5773502691896258,9.912942260858436e-05
2472900000000,0.6935451986941107,0.6936,1.6462795004523704e-06,0.6765649792937183,0.6766,1.9472325983056638e-06,0.6877901631948438,0.6876,9.371337491809495e-06,0.7175529418615607,0.7176,1.1212621393475429e-06,0.7245467084775613,0.7246,2.078523800990734e-06,0.00231042298080165,9.371337491809495e-06,1.6164635530905808e-05,0.5773502691896258,9.332656675120659e-06,0.5773502691896258,9.332656675120659e-06,0.5773502691896258,9.332656675120659e-06
2473200000000,0.694315792993644,0.6944000000000001,2.0783545106562628e-05,0.6773186027458042,0.6774000000000001,1.9878190763688617e-05,0.6873304335964611,0.6874000000000001,7.397295627019041e-06,0.717329759438495,0.7174000000000001,1.743363788792285e-06,0.7237053960729114,0.7234000000000002,2.477322967762335e-05,0.002190458826677074,2.477322967762335e-05,7.457562496368593e-05,0.5773502691896258,4.305625714776865e-05,0.5773502691896258,4.305625714776865e-05,0.5773502691896258,4.305625714776865e-05
2473500000000,0.6945512151581529,0.6946,1.9398258439718076e-06,0.6775481733133379,0.6776,1.8445925917210624e-06,0.686796691465525,0.6866,9.9708231817652e-06,0.7175485064294969,0.7176,1.6747586125332344e-06,0.7235554049284888,0.7236,7.87407019182054e-07,0.0020164244441254853,9.9708231817652e-06,1.621740724917336e-05,0.5773502691896258,9.363124440868029e-06,0.5773502691896258,9.363124440868029e-06,0.5773502691896258,9.363124440868029e-06
2473800000000,0.694384623943893,0.6944,9.71342143400359e-07,0.6767404913858018,0.6764,2.2832253362395497e-05,0.6873008974593756,0.6874,8.897828948220238e-06,0.7173706466526433,0.7174,1.1071935077842329e-06,0.7241998302900379,0.7244,1.4534941631267847e-05,0.0023410908750345245,2.2832253362395497e-05,4.8343559593068174e-05,0.5773502691896258,2.791116714464263e-05,0.5773502691896258,2.791116714464263e-05,0.5773502691896258,2.791116714464263e-05
2474100000000,0.6937877287289765,0.6936,1.246993641565583e-05,0.6757900775085971,0.6756,3.16150288294169e-05,0.6867876217048536,0.6866,9.220820006303781e-06,0.7184031981850862,0.7186,3.7315693350261487e-05,0.7252313696462218,0.7256,3.724257051747332e-05,0.0027890407375228223,3.7315693350261487e-05,0.00012786404911911133,0.5773502691896258,7.382234317859447e-05,0.5773502691896258,7.382234317859447e-05,0.5773502691896258,7.382234317859447e-05
2474400000000,0.6936016351430467,0.6936,1.2120787953474536e-06,0.6763838112378244,0.6766,1.233819094277675e-05,0.6866016184281674,0.6866,1.210902662831086e-06,0.7178115783005472,0.7176,1.2250493072369578e-05,0.725601356295069,0.7256,4.791154211382446e-06,0.002788945774929874,1.233819094277675e-05,3.1802819684707315e-05,0.5773502691896258,1.83613665059549e-05,0.5773502691896258,1.83613665059549e-05,0.5773502691896258,1.83613665059549e-05
2474700000000,0.6938052778207061,0.6938,1.4514619057498314e-06,0.6767878479076651,0.6768,5.713597070158117e-06,0.6874918211898299,0.6878,2.773613349050505e-05,0.7170031674886465,0.7168,2.287348142793107e-05,0.724911397775557,0.7248,1.6661496552653374e-05,0.0025921901258268796,2.773613349050505e-05,7.443617044699745e-05,0.5773502691896258,4.2975743045018846e-05,0.5773502691896258,4.2975743045018846e-05,0.5773502691896258,4.2975743045018846e-05
2475000000000,0.6940211564536722,0.694,1.6311254459963268e-06,0.6776833414840983,0.6779999999999999,2.8066806090156086e-05,0.6870726072620242,0.6869999999999999,6.150911104318117e-06,0.7161966003226228,0.716,2.276927076576119e-05,0.7250257486669011,0.725,4.5766442229117084e-07,0.002402589573484335,2.8066806090156086e-05,5.907577782852289e-05,0.5773502691896258,3.410741623188422e-05,0.5773502691896258,3.410741623188422e-05,0.5773502691896258,3.410741623188422e-05
2475300000000,0.6942573045361639,0.6942,1.9518070902563513e-06,0.6772572817882039,0.6772,6.353440256296295e-06,0.6872573102744584,0.6872,1.1940320980783227e-06,0.7169314391993877,0.7172000000000001,1.8899586118181265e-05,0.7242966640197793,0.7242000000000001,1.860475479340192e-05,0.002371645664764323,1.8899586118181265e-05,4.7003620356214156e-05,0.5773502691896258,2.713755286554722e-05,0.5773502691896258,2.713755286554722e-05,0.5773502691896258,2.713755286554722e-05
2475600000000,0.6941489562078136,0.6942,4.108776089704405e-07,0.6764829879090727,0.6762,2.098358539410111e-05,0.6871489562088476,0.6872,4.109211237029991e-07,0.7171489562407786,0.7172000000000001,1.6559782153397872e-06,0.7250701434331225,0.7252000000000001,2.09394641002987e-05,0.002528152380655273,2.098358539410111e-05,4.4400826442413035e-05,0.5773502691896258,2.5634829098769022e-05,0.5773502691896258,2.5634829098769022e-05,0.5773502691896258,2.5634829098769022e-05
2475900000000,0.6937544225595282,0.6936,5.447987987027039e-06,0.6765362022351783,0.6766,9.911175760059948e-08,0.6874884488865817,0.6876,4.033934738225824e-06,0.7167673371923804,0.7166,5.097158433511478e-06,0.7254528352000588,0.7256,5.125854596828497e-06,0.002464968682958402,5.447987987027039e-06,1.9804047513193438e-05,0.5773502691896258,1.1433872162786372e-05,0.5773502691896258,1.1433872162786372e-05,0.5773502691896258,1.1433872162786372e-05
2476200000000,0.6936645576238917,0.6936000000000001,2.826497329937282e-07,0.6773149271506772,0.6776000000000001,2.1224437290657314e-05,0.687664375872765,0.6876000000000001,1.0832606563637997e-06,0.7166643772567889,0.7166000000000001,3.710261917952525e-07,0.7246917569043038,0.7246000000000001,2.027340602942685e-05,0.002160951223747207,2.1224437290657314e-05,4.323477990123695e-05,0.5773502691896258,2.4961611814333378e-05,0.5773502691896258,2.4961611814333378e-05,0.5773502691896258,2.4961611814333378e-05
2476500000000,0.6944434812528787,0.6946,2.123527069280059e-05,0.677557273387426,0.6776,2.0556094463205478e-06,0.6868846920336413,0.6866,2.127674111466996e-05,0.7165572764980586,0.7166,4.0147003822141323e-07,0.7245572767692282,0.7246,6.329717355478758e-07,0.0020164555135728395,2.127674111466996e-05,4.560206302756038e-05,0.5773502691896258,2.632836336456427e-05,0.5773502691896258,2.632836336456427e-05,0.5773502691896258,2.632836336456427e-05
2476800000000,0.694288314435364,0.6942,8.426859440174829e-07,0.6787594950113109,0.6792,5.058678915277956e-05,0.6872878226685738,0.6872,5.6880008087369525e-06,0.7162884483226883,0.7162000000000001,2.529400575550807e-06,0.7233759074266727,0.7232000000000001,4.884717332355275e-05,0.001416224450539392,5.058678915277956e-05,0.00010849404980463755,0.5773502691896258,6.263906886018017e-05,0.5773502691896258,6.263906886018017e-05,0.5773502691896258,6.263906886018017e-05
2477100000000,0.6936788208335106,0.6936,1.3001885774506436e-05,0.6793760435051686,0.6796,1.3304621584733315e-05,0.6866833769381219,0.6866,1.278741243715486e-05,0.716630911017514,0.7166,4.1048244071531234e-06,0.723630847182449,0.7236,2.274799767634505e-06,0.0013689326262381458,1.3304621584733315e-05,4.547354397118224e-05,0.5773502691896258,2.6254162852768356e-05,0.5773502691896258,2.6254162852768356e-05,0.5773502691896258,2.6254162852768356e-05
2477400000000,0.694498570701745,0.6948,2.3519644626461612e-05,0.6788742938311771,0.6788,8.811345737267158e-06,0.6868740783691686,0.6868,1.272846253114257e-06,0.7158790467644491,0.7158,1.978549492628613e-05,0.7238740075895871,0.7238,2.0694444259851876e-06,0.0015876568653027286,2.3519644626461612e-05,5.5458775969114346e-05,0.5773502691896258,3.201913923469532e-05,0.5773502691896258,3.201913923469532e-05,0.5773502691896258,3.201913923469532e-05
2477700000000,0.6947506421072762,0.6948,2.2238997720263415e-06,0.6787505750234534,0.6788,5.357220184607052e-07,0.6860874573758761,0.6858,2.1657040548097848e-05,0.7157509750135854,0.7158,5.740830679253843e-07,0.7246603467616068,0.7248,2.164152527084507e-05,0.0014641547986050441,2.1657040548097848e-05,4.663227067735535e-05,0.5773502691896258,2.6923154028494606e-05,0.5773502691896258,2.6923154028494606e-05,0.5773502691896258,2.6923154028494606e-05
2478000000000,0.6951234591521489,0.6952000000000002,4.864739213166093e-06,0.6791291051119124,0.6792000000000001,5.0149759754074e-06,0.6854377253747391,0.6852000000000001,1.4775308565549344e-05,0.7152145170654614,0.7152000000000002,1.0072549553692037e-05,0.7250944579891434,0.7252000000000002,6.595839525565462e-06,0.0015376576095043424,1.4775308565549344e-05,4.132341283338033e-05,0.5773502691896258,2.3858083523186174e-05,0.5773502691896258,2.3858083523186174e-05,0.5773502691896258,2.3858083523186174e-05
2478300000000,0.6944891844280374,0.6944,1.4080654897634436e-05,0.6784892289860407,0.6784,1.4330450976119504e-05,0.6854872338451492,0.6854,8.578810248208682e-08,0.7154866729534806,0.7154,2.592408958423365e-06,0.7260476707720549,0.7264,3.180151133270565e-05,0.0020449778445875933,3.180151133270565e-05,6.289081426736504e-05,0.5773502691896258,3.631002854681797e-05,0.5773502691896258,3.631002854681797e-05,0.5773502691896258,3.631002854681797e-05
2478600000000,0.6936910835287925,0.6933999999999999,2.22937765881445e-05,0.6783412987829768,0.6783999999999999,7.659170742486139e-07,0.6862851317487993,0.6863999999999999,2.228243726272545e-05,0.715341437555651,0.7153999999999999,7.382662273943908e-07,0.7263410470077057,0.7263999999999999,3.012436547563085e-06,0.0026569541824519975,2.22937765881445e-05,4.909283370007604e-05,0.5773502691896258,2.8343760752020437e-05,0.5773502691896258,2.8343760752020437e-05,0.5773502691896258,2.8343760752020437e-05
2478900000000,0.6940169108939952,0.6941999999999999,3.7157215170227266e-06,0.6775174451845484,0.6771999999999999,2.3755716307520015e-05,0.6869773484493755,0.6871999999999999,1.6770738619479852e-05,0.7159730834880506,0.7162,1.39641804370894e-05,0.7255144463691308,0.7252,2.391440154923984e-05,0.003204294526214093,2.391440154923984e-05,8.212075843035184e-05,0.5773502691896258,4.741244198581987e-05,0.5773502691896258,4.741244198581987e-05,0.5773502691896258,4.741244198581987e-05
2479200000000,0.6947361548244525,0.695,1.810591410248843e-05,0.67706597472891,0.6769999999999999,7.133895031002855e-06,0.6870659442288544,0.6869999999999999,2.747224249512103e-07,0.7160659473865848,0.716,3.0182962778425316e-07,0.7250659787272323,0.725,7.039312904047885e-06,0.0038025435129712135,1.810591410248843e-05,3.285567409027463e-05,0.5773502691896258,1.896923228042667e-05,0.5773502691896258,1.896923228042667e-05,0.5773502691896258,1.896923228042667e-05
2479500000000,0.6949563201242901,0.6950000000000001,1.696546573840212e-06,0.6778459189567253,0.678,2.129095494758714e-05,0.6869563279887418,0.687,4.2055020337419754e-07,0.7159563267897647,0.7160000000000001,4.2058363365159425e-07,0.7242851060370017,0.7240000000000001,2.1341675542181213e-05,0.003422555378301439,2.1341675542181213e-05,4.5170310900634355e-05,0.5773502691896258,2.6079091157860335e-05,0.5773502691896258,2.6079091157860335e-05,0.5773502691896258,2.6079091157860335e-05
2479800000000,0.695867342838978,0.6962,2.9048683533706104e-05,0.6782528839333251,0.6782,5.7967172262593745e-06,0.6862528845236062,0.6862,1.731914480247041e-05,0.7162528842078452,0.7162000000000001,3.078120577648671e-06,0.7233740044939091,0.7232000000000001,2.9053710763899845e-05,0.0028561746643656506,2.9053710763899845e-05,8.42963769039844e-05,0.5773502691896258,4.866853589722555e-05,0.5773502691896258,4.866853589722555e-05,0.5773502691896258,4.866853589722555e-05
2480100000000,0.6968623424555601,0.697,3.465084829494946e-05,0.6789232532207311,0.6789999999999999,1.572882435240521e-05,0.6859234575121984,0.6859999999999999,3.7982754545779033e-06,0.7159234917187403,0.716,3.797479415755423e-06,0.7223674533799744,0.722,3.546008007370879e-05,0.0022500858383457,3.546008007370879e-05,9.343550759139679e-05,0.5773502691896258,5.394501545976226e-05,0.5773502691896258,5.394501545976226e-05,0.5773502691896258,5.394501545976226e-05
2480400000000,0.6976808118045865,0.6977999999999999,2.344622263534988e-05,0.6797327578470667,0.6797999999999998,2.2935420902053353e-05,0.6851008017175291,0.6847999999999999,2.3686689477606274e-05,0.7157428141757303,0.7157999999999999,1.142553109184416e-06,0.7217428144531933,0.7217999999999999,1.365608260975886e-05,0.0018496578747573115,2.3686689477606274e-05,8.486696873395278e-05,0.5773502691896258,4.89979672438552e-05,0.5773502691896258,4.89979672438552e-05,0.5773502691896258,4.89979672438552e-05
2480700000000,0.6968871908837785,0.6966,2.2044195808046814e-05,0.6795495804115634,0.6796,1.174389050713815e-06,0.6845528846313779,0.6846,1.050745966537499e-05,0.7165069680611889,0.7166,2.0437590623150828e-05,0.7225033524025576,0.7226,2.0244629034811748e-05,0.0018769532650493798,2.2044195808046814e-05,7.44082641820982e-05,0.5773502691896258,4.2959631355467194e-05,0.5773502691896258,4.2959631355467194e-05,0.5773502691896258,4.2959631355467194e-05
2481000000000,0.6971125685128526,0.6972,1.7778276490480227e-06,0.679112866560885,0.6792,6.67516455810397e-06,0.6851123618053392,0.6852,1.0955514786431088e-05,0.7155500384371595,0.7152000000000001,3.20500006870753e-05,0.7231121623003557,0.7232000000000001,1.2972732207992721e-05,0.0020736766483037926,3.20500006870753e-05,6.44312398886511e-05,0.5773502691896258,3.7199393693934076e-05,0.5773502691896258,3.7199393693934076e-05,0.5773502691896258,3.7199393693934076e-05
2481300000000,0.6963969221396067,0.6961999999999999,1.7925240603902774e-05,0.6799158857779877,0.6801999999999999,2.2569395206267326e-05,0.6859174764036698,0.6861999999999999,2.2687333075579814e-05,0.7153726895316508,0.7152,1.1008421999795546e-06,0.7223970179205352,0.7222,1.790010193960735e-05,0.0023717342316467577,2.2687333075579814e-05,8.218291302533682e-05,0.5773502691896258,4.744832695796582e-05,0.5773502691896258,4.744832695796582e-05,0.5773502691896258,4.744832695796582e-05
2481600000000,0.6958592333801551,0.6958,1.011882207142077e-05,0.6798592928145953,0.6798,1.1209672269340535e-07,0.6865629837347215,0.6868,1.4583790005448509e-05,0.7148599618169491,0.7148,9.201139829812162e-06,0.7228585278072058,0.7228,7.454698142314752e-06,0.002280135124412918,1.4583790005448509e-05,4.14705467716896e-05,0.5773502691896258,2.394303134207596e-05,0.5773502691896258,2.394303134207596e-05,0.5773502691896258,2.394303134207596e-05
2481900000000,0.6972817204466979,0.6978,7.082143090685382e-05,0.6798591081595378,0.6798,1.193412160118679e-12,0.6851409534333057,0.6848,7.077595623505934e-05,0.7148591104574487,0.7148,2.5368454965425707e-11,0.7228591057405012,0.7228,1.1690241284845921e-11,0.002280297725351922,7.082143090685382e-05,0.00014159742539402158,0.5773502691896258,8.175131166779632e-05,0.5773502691896258,8.175131166779632e-05,0.5773502691896258,8.175131166779632e-05
2482200000000,0.6966252717300732,0.6964000000000001,1.5082372114539188e-05,0.6793964309482254,0.6794000000000001,7.492457065371193e-06,0.6853492710128554,0.6854000000000001,1.5188674882297778e-06,0.7153159180744384,0.7154000000000001,7.3035619628945936e-06,0.723312800307925,0.7234000000000002,7.204356617846514e-06,0.0024964437340154197,1.5082372114539188e-05,3.8601615248881266e-05,0.5773502691896258,2.2286652955095964e-05,0.5773502691896258,2.2286652955095964e-05,0.5773502691896258,2.2286652955095964e-05
2482500000000,0.6960194122216409,0.6958,1.284730103852325e-05,0.6787949826657198,0.6788,1.2660901278514212e-05,0.6857289937641059,0.6858,5.046627873604596e-06,0.7157281471886374,0.7158,5.947649490765957e-06,0.7237284588562456,0.7238,6.0470210077195e-06,0.0027556319209531585,1.284730103852325e-05,4.254950068912752e-05,0.5773502691896258,2.456596567675194e-05,0.5773502691896258,2.456596567675194e-05,0.5773502691896258,2.456596567675194e-05
2482800000000,0.695511957181697,0.6953999999999999,9.012871614755268e-06,0.678511860704243,0.6783999999999999,2.805531577467262e-06,0.6869525742082901,0.6873999999999999,5.240021861865416e-05,0.7155117925914194,0.7153999999999999,1.638325910808114e-06,0.7235118141402087,0.7233999999999999,1.6427226545345813e-06,0.002822525157977272,5.240021861865416e-05,6.749967037621939e-05,0.5773502691896258,3.897095286192128e-05,0.5773502691896258,3.897095286192128e-05,0.5773502691896258,3.897095286192128e-05
2483100000000,0.6958986472849508,0.696,5.233523258404172e-06,0.6778988685882587,0.6779999999999999,1.3151576699062352e-05,0.6878981264076112,0.688,3.129241365742865e-05,0.7158986294339703,0.716,5.237495996416769e-06,0.7224057267504237,0.722,4.2820025984450004e-05,0.0028901029363585925,4.2820025984450004e-05,9.773503559576193e-05,0.5773502691896258,5.642734911047082e-05,0.5773502691896258,5.642734911047082e-05,0.5773502691896258,5.642734911047082e-05
2483400000000,0.6955324836042412,0.6953999999999999,4.692654437475996e-06,0.6775351329684856,0.6773999999999999,4.630626038210187e-06,0.6882641415334585,0.6883999999999999,4.688847532216286e-06,0.7162711718325779,0.7163999999999999,4.857574356611228e-06,0.7223970316261951,0.7223999999999999,2.6461814872960337e-09,0.0028224367293451288,4.857574356611228e-06,1.8872348546000992e-05,0.5773502691896258,1.0895955513274116e-05,0.5773502691896258,1.0895955513274116e-05,0.5773502691896258,1.0895955513274116e-05
2483700000000,0.6950912540978005,0.6950000000000001,6.813921707388658e-06,0.6770779357256164,0.677,7.316026161051603e-06,0.6880917803013133,0.6880000000000001,1.0397938021307543e-06,0.7168075828567795,0.7170000000000001,1.0070787540973233e-05,0.7229314360200059,0.7230000000000001,9.995581964350312e-06,0.0030625326600908337,1.0070787540973233e-05,3.523611117589456e-05,0.5773502691896258,2.034357827259831e-05,0.5773502691896258,2.034357827259831e-05,0.5773502691896258,2.034357827259831e-05
2484000000000,0.6953540374090114,0.6954,2.41692740278338e-06,0.6773415792528845,0.6774,2.4327768314637786e-06,0.6883342501334572,0.6884,2.0577066824948495e-06,0.7164287973256316,0.7164,5.021746751244779e-06,0.7225412449292048,0.7224,5.328718056918594e-06,0.0029929184608656454,5.328718056918594e-06,1.725787572490538e-05,0.5773502691896258,9.96383919541523e-06,0.5773502691896258,9.96383919541523e-06,0.5773502691896258,9.96383919541523e-06
2484300000000,0.6955497853134593,0.6956,1.3411034733522092e-06,0.6775537080215572,0.6776,1.5749515074510735e-06,0.687797323073382,0.6876,1.0090173374432352e-05,0.716547936230976,0.7166,4.967927568334098e-07,0.7225512431139139,0.7226,3.4987294117383805e-09,0.002788924486203803,1.0090173374432352e-05,1.3506519841480782e-05,0.5773502691896258,7.797992866293952e-06,0.5773502691896258,7.797992866293952e-06,0.5773502691896258,7.797992866293952e-06
2484600000000,0.6963158142664551,0.6965999999999999,2.0538012488969737e-05,0.6783227041186857,0.6785999999999999,2.0697424908956963e-05,0.687696415196998,0.6875999999999999,3.563839830719246e-07,0.7158295644574612,0.7155999999999999,1.806203017440092e-05,0.7218349597823206,0.7215999999999999,1.795716338914632e-05,0.0023105539103969123,2.0697424908956963e-05,7.761101494454586e-05,0.5773502691896258,4.480874037031362e-05,0.5773502691896258,4.480874037031362e-05,0.5773502691896258,4.480874037031362e-05
2484900000000,0.6961121680502852,0.6960000000000001,1.4515123476105695e-06,0.679551087928393,0.68,5.281243743829054e-05,0.687112373202233,0.687,1.1938676807718942e-05,0.7161118438377981,0.7160000000000001,2.78885769972004e-06,0.7211125233392864,0.7210000000000001,1.8267004497834613e-05,0.002250126060261153,5.281243743829054e-05,8.725848879117471e-05,0.5773502691896258,5.037871199266467e-05,0.5773502691896258,5.037871199266467e-05,0.5773502691896258,5.037871199266467e-05
2485200000000,0.6972156617296363,0.6976,4.261944051287722e-05,0.6795923454233379,0.6796,5.957633111943687e-08,0.6860072971404434,0.6856,4.2741758581911014e-05,0.7155923822793275,0.7156,9.44441087550473e-06,0.7215923129895725,0.7216,8.056933798256539e-06,0.002310556904595051,4.2741758581911014e-05,0.00010292212009966895,0.5773502691896258,5.942211374511087e-05,0.5773502691896258,5.942211374511087e-05,0.5773502691896258,5.942211374511087e-05
2485500000000,0.6974445664992056,0.6974000000000001,1.8339087736046435e-06,0.6801857435085055,0.6804000000000001,1.232424506181854e-05,0.6854706842980954,0.6854000000000001,1.0078366990046519e-05,0.7154505835626609,0.7154000000000001,7.03740661690724e-07,0.7214483823674871,0.7214000000000002,7.250608390861334e-07,0.0020449300311703444,1.232424506181854e-05,2.566532232624656e-05,0.5773502691896258,1.4817880753896966e-05,0.5773502691896258,1.4817880753896966e-05,0.5773502691896258,1.4817880753896966e-05
2485800000000,0.6974331537725753,0.6974,4.5587615198284835e-09,0.6803145895230485,0.6804,5.810453412264671e-07,0.6854216787043198,0.6854,8.405418774557446e-08,0.7154214889836049,0.7154,2.962730856555759e-08,0.7214089185695799,0.7214,5.450869708411715e-08,0.0021904097479302624,5.810453412264671e-07,7.537942961415449e-07,0.5773502691896258,4.3520333979092545e-07,0.5773502691896258,4.3520333979092545e-07,0.5773502691896258,4.3520333979092545e-07
2486100000000,0.697911895872678,0.6980000000000001,8.02178994437537e-06,0.679352023679147,0.679,3.242865513459782e-05,0.6859118874381831,0.686,8.410661096454932e-06,0.7159118610968418,0.7160000000000001,8.416268330414156e-06,0.7209123298299145,0.7210000000000001,8.631013172686621e-06,0.0024025775152585276,3.242865513459782e-05,6.59083876785289e-05,0.5773502691896258,3.8052225368052875e-05,0.5773502691896258,3.8052225368052875e-05,0.5773502691896258,3.8052225368052875e-05
2486400000000,0.6974997608092108,0.6973999999999999,5.944935868867688e-06,0.6785000719099764,0.6783999999999999,2.5403763594754034e-05,0.685499771363226,0.6853999999999999,5.944388073330415e-06,0.7164995655149949,0.7163999999999999,1.2088876909085452e-05,0.7220008295174737,0.7223999999999999,4.146910494357641e-05,0.0024964996136182475,4.146910494357641e-05,9.085106938961401e-05,0.5773502691896258,5.245288936825902e-05,0.5773502691896258,5.245288936825902e-05,0.5773502691896258,5.245288936825902e-05
2486700000000,0.6974881135588068,0.6974,4.748045469099749e-09,0.677510823956411,0.6774,3.425140297716414e-05,0.6854881350618169,0.6854,4.739122866920961e-09,0.7164880906012889,0.7164,4.608577559614015e-09,0.7230248343621091,0.7234,3.6700507264285824e-05,0.002822488244115242,3.6700507264285824e-05,7.09660059873456e-05,0.5773502691896258,4.097224266010658e-05,0.5773502691896258,4.097224266010658e-05,0.5773502691896258,4.097224266010658e-05
2487000000000,0.6970774096394604,0.6970000000000001,5.903719827826984e-06,0.6785850496775692,0.679,4.038863149991871e-05,0.6850809166655238,0.685,5.803938779783247e-06,0.7154105482878489,0.7150000000000001,4.063841030387987e-05,0.7238436830866133,0.7240000000000001,2.346796317677644e-05,0.0027227678114200796,4.063841030387987e-05,0.00011620266358818524,0.5773502691896258,6.708963910319029e-05,0.5773502691896258,6.708963910319029e-05,0.5773502691896258,6.708963910319029e-05
2487300000000,0.6981855929642021,0.6982000000000002,4.298245984324631e-05,0.6797925547726511,0.6802000000000001,5.1032399412709567e-05,0.6851856036069611,0.6852000000000001,3.835774497622517e-07,0.7141993923519369,0.7142000000000002,5.134145453832341e-05,0.7226368562778676,0.7222000000000002,5.09750831207592e-05,0.0022202786358905833,5.134145453832341e-05,0.00019671497436480074,0.5773502691896258,0.00011357344340314805,0.5773502691896258,0.00011357344340314805,0.5773502691896258,0.00011357344340314805
2487600000000,0.6978568145581705,0.6978000000000001,3.7833334095444035e-06,0.6812645814491313,0.6818000000000001,7.58401887694234e-05,0.6848568150902321,0.6848000000000001,3.783566105650353e-06,0.71485675738811,0.7148000000000001,1.5124507677404574e-05,0.72116503017047,0.7208000000000001,7.581952316460102e-05,0.0013458148298279406,7.58401887694234e-05,0.00017435111912662377,0.5773502691896258,0.00010066166556126875,0.5773502691896258,0.00010066166556126875,0.5773502691896258,0.00010066166556126875
2487900000000,0.6979218050735013,0.698,1.478318479037968e-07,0.6819217875393254,0.6819999999999999,1.5117194574589899e-05,0.6849218028297025,0.6849999999999999,1.4781921985149573e-07,0.7149218098170043,0.715,1.4811364767625873e-07,0.7203127946466245,0.72,2.5420688583647574e-05,0.001440061152566532,2.5420688583647574e-05,4.0981647873669026e-05,0.5773502691896258,2.366076543169727e-05,0.5773502691896258,2.366076543169727e-05,0.5773502691896258,2.366076543169727e-05
2488200000000,0.6976684672261346,0.6976,2.2463022717937146e-06,0.6816677734994164,0.6816,2.2583096364810023e-06,0.6854281330034301,0.6856,8.9729585689453e-06,0.7154274153389014,0.7156,8.947293032051367e-06,0.7198076767137865,0.7196,8.930044412605779e-06,0.001612969436323344,8.9729585689453e-06,3.1354907921877164e-05,0.5773502691896258,1.810276452911171e-05,0.5773502691896258,1.810276452911171e-05,0.5773502691896258,1.810276452911171e-05
2488500000000,0.6961997203226354,0.696,7.550261132884556e-05,0.6802021198325199,0.6799999999999999,7.518492349505554e-05,0.6860923503274903,0.6859999999999999,1.5441462875358787e-05,0.7160883784361141,0.716,1.529052755569246e-05,0.7214170876104694,0.722,9.065712020265485e-05,0.001960228050590982,9.065712020265485e-05,0.0002720766454576072,0.5773502691896258,0.0001570835244951599,0.5773502691896258,0.0001570835244951599,0.5773502691896258,0.0001570835244951599
2488800000000,0.6954809630143493,0.6954,1.8081422387518254e-05,0.6794834197799883,0.6794,1.80785417928127e-05,0.6864492222842383,0.6864,4.457515772961385e-06,0.7164492079428681,0.7164,4.556927653053998e-06,0.7221371869421264,0.7224,1.8149006660847697e-05,0.002340943715528585,1.8149006660847697e-05,6.332341426719404e-05,0.5773502691896258,3.6559790273170675e-05,0.5773502691896258,3.6559790273170675e-05,0.5773502691896258,3.6559790273170675e-05
2489100000000,0.6949004816598325,0.6950000000000001,1.1793551102954621e-05,0.6783980734966857,0.678,4.122917941375615e-05,0.6869004816234507,0.687,7.1272246929249705e-06,0.7169004816230801,0.7170000000000001,7.127677705820251e-06,0.7229004815966034,0.7230000000000001,2.0391655534360594e-05,0.0022500990390784373,4.122917941375615e-05,8.76692884498166e-05,0.5773502691896258,5.061588728616457e-05,0.5773502691896258,5.061588728616457e-05,0.5773502691896258,5.061588728616457e-05
2489400000000,0.6954116855604497,0.6955999999999999,9.146529980218674e-06,0.6786408476619681,0.6785999999999999,2.062875336499813e-06,0.6866463882957284,0.6865999999999999,2.259719671754806e-06,0.7166505936230358,0.7165999999999999,2.1855404398134734e-06,0.7226504825266589,0.7225999999999999,2.1874837240589447e-06,0.0021609222640323737,9.146529980218674e-06,1.784214915234571e-05,0.5773502691896258,1.030116961602825e-05,0.5773502691896258,1.030116961602825e-05,0.5773502691896258,1.030116961602825e-05
2489700000000,0.6958701899584419,0.696,7.357919904233751e-06,0.6781693510658973,0.6779999999999999,7.780816403722934e-06,0.6861744249146293,0.6859999999999999,7.796230158447842e-06,0.7169029027909188,0.717,2.228097066923264e-06,0.7228830027386499,0.723,1.8922977144526936e-06,0.0024025535198295583,7.796230158447842e-06,2.7055361247780487e-05,0.5773502691896258,1.5620420099428636e-05,0.5773502691896258,1.5620420099428636e-05,0.5773502691896258,1.5620420099428636e-05
2490000000000,0.6963194032428475,0.6964,7.062740121026768e-06,0.6792445911122437,0.6794,4.04649405043456e-05,0.6863197462958783,0.6864,7.391406346841877e-07,0.7163205820896333,0.7164,1.1868408970097244e-05,0.7217956693718287,0.7214,4.138028477109604e-05,0.002190500208408511,4.138028477109604e-05,0.00010151551500124984,0.5773502691896258,5.861000991289509e-05,0.5773502691896258,5.861000991289509e-05,0.5773502691896258,5.861000991289509e-05
2490300000000,0.6978918728937118,0.6975999999999999,8.654312810112833e-05,0.6824316686169996,0.6835999999999999,0.00035551120574623524,0.6868919152346095,0.6865999999999999,1.1458205305704862e-05,0.7138920772857337,0.7135999999999999,0.00020641724538973162,0.7188924594556397,0.7185999999999999,0.00029500197361102994,0.0005192532158840105,0.00035551120574623524,0.00095493175815383,0.5773502691896258,0.0005513301076278364,0.5773502691896258,0.0005513301076278364,0.5773502691896258,0.0005513301076278364
2490600000000,0.6840008913554116,0.684,0.006753577883408847,0.6750000081512143,0.675,0.0019330352047550404,0.6770000198300216,0.677,0.0034247358143357546,0.699325632814824,0.694,0.007426345658343363,0.7043260301057743,0.702,0.007426330240161712,1.688639086313659e-05,0.007426345658343363,0.026964024801004717,0.5773502691896258,0.015567686977295821,0.5773502691896258,0.015567686977295821,0.5773502691896258,0.015567686977295821
2490900000000,0.6590082386667238,0.659,0.021862144094608228,0.6560000054681067,0.656,0.012635003568533417,0.660000003835606,0.66,0.010115019033363499,0.6741751556952179,0.665,0.022139127477033966,0.6791755555238503,0.674,0.022139123009360162,5.548496244381014e-05,0.022139127477033966,0.08889041718289926,0.5773502691896258,0.051320906288925036,0.5773502691896258,0.051320906288925036,0.5773502691896258,0.051320906288925036
2491200000000,0.650000008961889,0.65,0.002840187084527335,0.6490000057593431,0.649,0.0017149998572941311,0.6540000048645359,0.654,0.001259999567849464,0.6594008477154285,0.654,0.0076398061698584084,0.6644012767314871,0.662,0.007639775984206617,1.7467642993283645e-05,0.0076398061698584084,0.021094768663735955,0.5773502691896258,0.012179070366500837,0.5773502691896258,0.012179070366500837,0.5773502691896258,0.012179070366500837
2491500000000,0.6510000087497362,0.651,3.4999985149302075e-05,0.6509999965225456,0.651,0.0001399987068513295,0.6583850951474592,0.66,0.0006730155876286019,0.6629999359793723,0.663,0.00045337027160803975,0.6679999358062091,0.668,0.00045326214976276763,1.3039588455339596e-06,0.0006730155876286019,0.001754646701000041,0.5773502691896258,0.0010130457451550626,0.5773502691896258,0.0010130457451550626,0.5773502691896258,0.0010130457451550626
2491800000000,0.6488074900329284,0.648,0.0001682498413243401,0.6490010087828133,0.649,0.00013985831942599935,0.6580000408178824,0.658,5.189339285404526e-06,0.6610009862591448,0.661,0.00013985299943991832,0.6660009803397227,0.666,0.00013985380349485927,3.260215531802809e-07,0.0001682498413243401,0.0005930043029705216,0.5773502691896258,0.0003423711939506371,0.5773502691896258,0.0003423711939506371,0.5773502691896258,0.0003423711939506371
2492100000000,0.6414714016373618,0.64,0.001883636753164813,0.6430000492864757,0.643,0.001260403020683959,0.6520000494032324,0.652,0.0012599963941555877,0.6536649081411674,0.651,0.0018836314753573542,0.6586649460525936,0.658,0.0018836089671676478,4.854455718510415e-06,0.001883636753164813,0.008171276610529361,0.5773502691896258,0.004717688750712021,0.5773502691896258,0.004717688750712021,0.5773502691896258,0.004717688750712021
2492400000000,0.6455395585051574,0.647,0.0005792465105347385,0.6470681521425227,0.648,0.000579231129658214,0.654999882016093,0.655,0.00031496484968137847,0.6577330260489564,0.659,0.000579235415908588,0.6619997015108083,0.662,0.00038922078881324824,2.303226442491088e-06,0.0005792465105347385,0.002441898694596167,0.5773502691896258,0.001409830868658893,0.5773502691896258,0.001409830868658893,0.5773502691896258,0.001409830868658893
2492700000000,0.6380012237095724,0.638,0.001988927202161505,0.6410001560704327,0.641,0.0012887201715814736,0.6480003679168262,0.648,0.001714761916904216,0.6498605202808103,0.647,0.0021691721474322943,0.6541273314314088,0.652,0.0021690973733458903,6.35405847658626e-06,0.0021691721474322943,0.009330678811425379,0.5773502691896258,0.005387069923498381,0.5773502691896258,0.005387069923498381,0.5773502691896258,0.005387069923498381
2493000000000,0.6310000053572153,0.631,0.0017155970446083204,0.6330000080749885,0.633,0.002240082878215367,0.6400000077601089,0.64,0.0022402016923016637,0.638997346724905,0.635,0.004130298889700184,0.6432649438286451,0.643,0.004129701255143609,8.02448803580013e-06,0.004130298889700184,0.014455881759969145,0.5773502691896258,0.008346107225491587,0.5773502691896258,0.008346107225491587,0.5773502691896258,0.008346107225491587
2493300000000,0.6310000282535742,0.631,1.8348513634740685e-14,0.6320000720201794,0.632,3.499552397975021e-05,0.6390000724919783,0.639,3.499546891579817e-05,0.6353459057027429,0.634,0.0004666557538415111,0.6430000367508142,0.643,2.456151595971529e-06,9.057310866332951e-07,0.0004666557538415111,0.0005391028983513795,0.5773502691896258,0.00031125120348407645,0.5773502691896258,0.00031125120348407645,0.5773502691896258,0.00031125120348407645
2493600000000,0.6310001376268511,0.631,4.1868798018962236e-13,0.6320001637489217,0.632,2.94495675536229e-13,0.6382651032611505,0.638,1.8906291959227876e-05,0.6350003064055806,0.635,4.180360596966901e-06,0.6437347062820075,0.644,1.8890876202231237e-05,7.033031775908555e-08,1.8906291959227876e-05,4.197752947160967e-05,0.5773502691896258,2.4235737940349297e-05,0.5773502691896258,2.4235737940349297e-05,0.5773502691896258,2.4235737940349297e-05
2493900000000,0.6319256296195358,0.632,2.9978739998319616e-05,0.6320000000391448,0.632,9.380311862224428e-13,0.637338628811584,0.637,3.0042421699484585e-05,0.6340752971888244,0.634,2.9947471787937198e-05,0.6430000012691932,0.643,1.889270095490365e-05,6.293504608581568e-08,3.0042421699484585e-05,0.00010886133537867623,0.5773502691896258,6.285112128522087e-05,0.5773502691896258,6.285112128522087e-05,0.5773502691896258,6.285112128522087e-05
2494200000000,0.6519988107292524,0.652,0.014102640995221866,0.6479999676322261,0.648,0.008959963704287826,0.6549999344782051,0.655,0.01091726012474387,0.6552730129399392,0.663,0.01572701035727718,0.6641976897492478,0.669,0.0157269698914103,4.138425709526666e-05,0.01572701035727718,0.06543384507294105,0.5773502691896258,0.03777824806697479,0.5773502691896258,0.03777824806697479,0.5773502691896258,0.03777824806697479
2494500000000,0.653000008255731,0.653,3.508387704594368e-05,0.6490000082668247,0.649,3.5002844479691275e-05,0.6560000082063239,0.656,3.500516115856479e-05,0.6631118987194582,0.666,0.002150684559252064,0.6719880792030538,0.672,0.0021241558744690423,4.170635556135557e-06,0.002150684559252064,0.004379932316405306,0.5773502691896258,0.002528755101908945,0.5773502691896258,0.002528755101908945,0.5773502691896258,0.002528755101908945
2494800000000,0.6579999901250981,0.658,0.0008749936542899974,0.6549999813644395,0.655,0.0012599887010235457,0.6646910977779035,0.665,0.00264372632794269,0.6718032477413388,0.675,0.002643884173705084,0.6799998114894725,0.68,0.002246574898023542,5.157322811026439e-06,0.002643884173705084,0.009669167754984859,0.5773502691896258,0.005582496606180158,0.5773502691896258,0.005582496606180158,0.5773502691896258,0.005582496606180158
2495100000000,0.6550796414645689,0.655,0.0002984952704669264,0.6550000108900363,0.655,3.0511630440261136e-14,0.6676195821805699,0.668,0.0003001607313831266,0.6720000090670567,0.672,1.3550256754391127e-06,0.6770708400969483,0.676,0.000300260569637888,6.488794968257771e-07,0.000300260569637888,0.0009002715971938918,0.5773502691896258,0.0005197720489836679,0.5773502691896258,0.0005197720489836679,0.5773502691896258,0.0005197720489836679
2495400000000,0.6629985308703344,0.663,0.0021948083297261174,0.6609999949638102,0.661,0.0012599933109939112,0.6756621778160874,0.676,0.002263917059475556,0.68004266253335,0.683,0.0022639496172607828,0.6849984987195086,0.685,0.0021996719932549052,4.429986565903068e-06,0.0022639496172607828,0.010182340310711274,0.5773502691896258,0.005878776919369532,0.5773502691896258,0.005878776919369532,0.5773502691896258,0.005878776919369532
2495700000000,0.6600750410105096,0.659,0.00029913775361744985,0.6580771920937445,0.658,0.0002989971816042592,0.6730000103113286,0.673,0.00024804975381877625,0.6829652555972545,0.683,0.0002989542576013987,0.6840000004915466,0.684,3.4894954893509806e-05,5.814394836214237e-07,0.00029913775361744985,0.001180033901535394,0.5773502691896258,0.0006812928907043441,0.5773502691896258,0.0006812928907043441,0.5773502691896258,0.0006812928907043441
2496000000000,0.6510000938856404,0.651,0.002882413286171028,0.6510000252231649,0.651,0.001753020181991019,0.6640000876646022,0.664,0.002834951267647083,0.6727236338259331,0.669,0.0036711785777381388,0.6737584020629431,0.671,0.0036711618430470823,1.0737115413808846e-05,0.0036711785777381388,0.014812725156594351,0.5773502691896258,0.008552130856591691,0.5773502691896258,0.008552130856591691,0.5773502691896258,0.008552130856591691
2496300000000,0.6500000141245268,0.65,3.5005583500616485e-05,0.6490000204000193,0.649,0.00014000067524120693,0.6590004696126256,0.659,0.0008748663232977508,0.6670787637959104,0.665,0.0011152595179547307,0.6681278421687703,0.668,0.0011096121652653629,2.168801380227527e-06,0.0011152595179547307,0.0032747442652596675,0.5773502691896258,0.0018906744830748526,0.5773502691896258,0.0018906744830748526,0.5773502691896258,0.0018906744830748526
2496600000000,0.6440000698293853,0.644,0.0012599766040680368,0.6450000207646952,0.645,0.0005599998978907379,0.6530000702114449,0.653,0.0012601677540791353,0.659713897916571,0.657,0.0018984437297230082,0.6610028481009198,0.661,0.001776793916341668,3.6826250117419796e-06,0.0018984437297230082,0.006755381902102587,0.5773502691896258,0.003900221559657655,0.5773502691896258,0.003900221559657655,0.5773502691896258,0.003900221559657655
2496900000000,0.6420000183101869,0.642,0.00014000721278066748,0.6509996201467563,0.651,0.0012598317460829657,0.6466244313894274,0.646,0.001422706963608596,0.6533379900954218,0.651,0.001422827019032687,0.6560000752232975,0.656,0.0008759707762775647,2.9280561983374424e-06,0.001422827019032687,0.0051213437177824814,0.5773502691896258,0.0029568091740743148,0.5773502691896258,0.0029568091740743148,0.5773502691896258,0.0029568091740743148
2497200000000,0.6478959695147405,0.649,0.0012166784212266765,0.6568955808426494,0.658,0.001216682338463091,0.6509997958991731,0.651,0.0006700335107599899,0.6592341895258046,0.661,0.0012167808702996158,0.6618963422848657,0.664,0.0012168087841466957,4.991043721192518e-06,0.0012168087841466957,0.005536983924896068,0.5773502691896258,0.0031967791595373762,0.5773502691896258,0.0031967791595373762,0.5773502691896258,0.0031967791595373762
2497500000000,0.6463521638330981,0.646,8.341675939349342e-05,0.6560000943683295,0.656,2.8066360899147073e-05,0.6510000146884182,0.651,1.6754056813027293e-12,0.6607778233049033,0.661,8.339818353911071e-05,0.6634404756205551,0.664,8.345217154355113e-05,2.4322469475042197e-07,8.345217154355113e-05,0.00027833347705070804,0.5773502691896258,0.00016069590789971082,0.5773502691896258,0.00016069590789971082,0.5773502691896258,0.00016069590789971082
2497800000000,0.6380009049074263,0.638,0.0024410233975264454,0.648000313308422,0.648,0.0022398773952259205,0.6460000360110946,0.646,0.0008749925370791737,0.6521339862293118,0.649,0.0026150571786279363,0.6547966340542972,0.652,0.0026150598957898493,8.821516318743674e-06,0.0026150598957898493,0.010786010404249325,0.5773502691896258,0.006227306010375453,0.5773502691896258,0.006227306010375453,0.5773502691896258,0.006227306010375453
2498100000000,0.639568154775333,0.64,8.596952519587312e-05,0.6480010123687376,0.648,1.7103986371313985e-11,0.646999886207797,0.647,3.498951455460793e-05,0.6505609761431214,0.65,8.66026255939949e-05,0.6532331303018153,0.653,8.555903944087786e-05,2.7776765334129106e-07,8.66026255939949e-05,0.0002931207218893402,0.5773502691896258,0.00016923332768786802,0.5773502691896258,0.00016923332768786802,0.5773502691896258,0.00016923332768786802
2498400000000,0.6516457437359879,0.653,0.005105385428588674,0.6559999978833114,0.656,0.002239431924182644,0.6579999840805161,0.658,0.004235075362328936,0.6626385718728341,0.667,0.005105391151363179,0.6653107193375482,0.669,0.005105385492061912,1.7233428571824546e-05,0.005105391151363179,0.021790669358525347,0.5773502691896258,0.01258084881996674,0.5773502691896258,0.01258084881996674,0.5773502691896258,0.01258084881996674
2498700000000,0.6490000342183453,0.649,0.00024499225981107107,0.6520002612053791,0.652,0.0005599262722478911,0.6590000029339174,0.659,3.500131975053076e-05,0.6673003264584306,0.669,0.0007606184535715428,0.6699724719298215,0.671,0.0007606178031048407,1.9723520761618957e-06,0.0007606184535715428,0.002361156108485876,0.5773502691896258,0.00136321411483305,0.5773502691896258,0.00136321411483305,0.5773502691896258,0.00136321411483305
2499000000000,0.6583225481502543,0.659,0.00304182431037229,0.659999827035626,0.66,0.002239756871535858,0.6669998291699964,0.667,0.0022399026932610764,0.6766234694736056,0.68,0.003042234848849228,0.6792954834115121,0.682,0.0030421490080707685,9.5871547204516e-06,0.003042234848849228,0.013605867732089221,0.5773502691896258,0.007855351397680156,0.5773502691896258,0.007855351397680156,0.5773502691896258,0.007855351397680156
2499300000000,0.6639999595072411,0.664,0.0011281549900755143,0.6629999885062146,0.663,0.00031503390973614584,0.6719999706196252,0.672,0.0008750495080703572,0.6849420536685005,0.688,0.0024219595052643985,0.6876125965778384,0.688,0.002421102999751692,4.750558590234286e-06,0.0024219595052643985,0.0071613009128981085,0.5773502691896258,0.004134579009809636,0.5773502691896258,0.004134579009809636,0.5773502691896258,0.004134579009809636
2499600000000,0.6809334655986197,0.683,0.010036026999136416,0.6779998206724848,0.678,0.007874823775569606,0.6859999216164994,0.686,0.006859951977020685,0.7018756152029034,0.708,0.010036092718379394,0.7045461391548501,0.709,0.010036070247261428,3.080776502062861e-05,0.010036092718379394,0.044842965717367525,0.5773502691896258,0.025890098328183304,0.5773502691896258,0.025890098328183304,0.5773502691896258,0.025890098328183304
2499900000000,0.6898907411743984,0.6873999999999999,0.0028081475009154853,0.6858908574166556,0.6834,0.0021793961314248785,0.6948907583237739,0.6923999999999999,0.0027666442074397073,0.713328464700133,0.7173999999999999,0.004590871656216714,0.7159989759548042,0.7193999999999999,0.00459086147682342,5.5778930523576995e-05,0.004590871656216714,0.016935920972820203,0.5773502691896258,0.009777958532631975,0.5773502691896258,0.009777958532631975,0.5773502691896258,0.009777958532631975
2500200000000,0.6865602301019649,0.6858000000000001,0.0003882306401260842,0.6825602295574096,0.6818000000000001,0.0003882578677874917,0.691560230816814,0.6908000000000001,0.0003882344716115892,0.7183243458268931,0.7188000000000001,0.0008735589881451156,0.7209949613852324,0.7228000000000001,0.0008735954647367899,0.0002627091540671573,0.0008735954647367899,0.0029118774324070704,0.5773502691896258,0.0016811732194474186,0.5773502691896258,0.0016811732194474186,0.5773502691896258,0.0016811732194474186
2500500000000,0.6874144337680376,0.6872,2.5538236609621116e-05,0.6814145665557882,0.6812,4.5939029964940104e-05,0.6894156470445701,0.6892,0.00016097338446600097,0.7184144348702112,0.7182000000000001,2.840612504088839e-07,0.7233409040537252,0.7242000000000001,0.00019262064513492113,0.0005480614791004981,0.00019262064513492113,0.0004253553574258922,0.5773502691896258,0.0002455790301110884,0.5773502691896258,0.0002455790301110884,0.5773502691896258,0.0002455790301110884
2500800000000,0.6893063381916472,0.6900000000000001,0.0001252755821825813,0.6801798731574922,0.68,5.335637257285657e-05,0.6881798740617512,0.6880000000000001,5.3449720277284535e-05,0.7171798731315061,0.7170000000000001,5.3344994033606515e-05,0.725154030506671,0.7250000000000001,0.00011505996370301944,0.00042280112009995114,0.0001252755821825813,0.00040048663276934834,0.5773502691896258,0.0002312210652362301,0.5773502691896258,0.0002312210652362301,0.5773502691896258,0.0002312210652362301
2501100000000,0.6901936877507935,0.6904,2.7558623404097576e-05,0.6810753415165245,0.6814,2.80652253709809e-05,0.6875779098250218,0.6874,1.2682632980543341e-05,0.7165773983822422,0.7164,1.270415382252066e-05,0.7245755586231369,0.7244,1.1712040201382292e-05,0.0003365221606650011,2.80652253709809e-05,9.272267577952477e-05,0.5773502691896258,5.3533461821291025e-05,0.5773502691896258,5.3533461821291025e-05,0.5773502691896258,5.3533461821291025e-05
2501400000000,0.690680635003776,0.6908,8.299116951551543e-06,0.681680594905237,0.6818,1.2821608259180221e-05,0.6876807788219129,0.6878,3.703710682487642e-07,0.7166807530302653,0.7168,3.73876414379515e-07,0.7232772184745878,0.7228,5.899904994670986e-05,0.0003137425596495535,5.899904994670986e-05,8.08640226400699e-05,0.5773502691896258,4.6686865239000354e-05,0.5773502691896258,4.6686865239000354e-05,0.5773502691896258,4.6686865239000354e-05
2501700000000,0.6913014750273714,0.6912,1.3490481721428431e-05,0.6813017028685951,0.6812,5.024571140071999e-06,0.6887926555726542,0.6892,4.326944680936718e-05,0.7163016895413842,0.7162000000000001,5.029119501096787e-06,0.72230247507945,0.7222000000000001,3.3254364022767574e-05,0.00034820372856537226,4.326944680936718e-05,0.00010006798319473197,0.5773502691896258,5.777427703474146e-05,0.5773502691896258,5.777427703474146e-05,0.5773502691896258,5.777427703474146e-05
2502000000000,0.6913227001385662,0.6914,1.5767687083173284e-08,0.681374111668563,0.6814,1.8350620094738315e-07,0.6893242548488149,0.6894,9.890922664508208e-06,0.7156404860016761,0.7154,1.5301654232288727e-05,0.7223377482895792,0.7224,4.354697734863998e-08,0.00014444235859861486,1.5301654232288727e-05,2.5435397762176132e-05,0.5773502691896258,1.4685133744937596e-05,0.5773502691896258,1.4685133744937596e-05,0.5773502691896258,1.4685133744937596e-05
2502300000000,0.6912414801141842,0.6911999999999999,2.3088423262169885e-07,0.6812460637559519,0.6811999999999999,5.738693773422562e-07,0.6892458240021478,0.6891999999999999,2.1529891981176464e-07,0.716043674538575,0.7162,5.6896348700340145e-06,0.7222227312088194,0.7222,4.6301251032758387e-07,0.00011561698771938738,5.6896348700340145e-06,7.1726999101373174e-06,0.5773502691896258,4.1411602239341855e-06,0.5773502691896258,4.1411602239341855e-06,0.5773502691896258,4.1411602239341855e-06
2502600000000,0.6913461638287578,0.6913999999999999,3.835538033925665e-07,0.6813475635554199,0.6814,3.605773252219184e-07,0.6886358445025512,0.6883999999999999,1.3022624647485197e-05,0.7163293966538632,0.7163999999999999,2.857299450766954e-06,0.7223391224311329,0.7223999999999999,4.741420821065725e-07,7.844567128549698e-05,1.3022624647485197e-05,1.709819730897321e-05,0.5773502691896258,9.87164881899302e-06,0.5773502691896258,9.87164881899302e-06,0.5773502691896258,9.87164881899302e-06
2502900000000,0.6922519991761966,0.6924,2.8718818683436363e-05,0.6822533137904576,0.6824000000000001,2.871342208947936e-05,0.6877282738676365,0.6874,2.8828956007585073e-05,0.7163337928904299,0.7164,6.76441358255275e-10,0.7214325781352996,0.7214,2.8763789610773483e-05,6.478382192140905e-06,2.8828956007585073e-05,0.00011502566283263252,0.5773502691896258,6.641009740013552e-05,0.5773502691896258,6.641009740013552e-05,0.5773502691896258,6.641009740013552e-05
2503200000000,0.6830000018075063,0.683,0.0029959809358588363,0.6750000006761355,0.675,0.001841369289703889,0.6790000013202397,0.679,0.002666395958157373,0.7051126219106114,0.701,0.004407013735541193,0.7102114045536494,0.709,0.004407015779233354,9.190579986124743e-06,0.004407015779233354,0.016317775698494647,0.5773502691896258,0.00942107219210182,0.5773502691896258,0.00942107219210182,0.5773502691896258,0.00942107219210182
2503500000000,0.6857772062684273,0.686,0.0002699502616215828,0.6777774081308621,0.678,0.0002699897259349702,0.6817773439154735,0.682,0.00026997711619549433,0.7059999997136326,0.706,2.7560377785313873e-05,0.7129885520601734,0.714,0.0002699391895547413,5.858934269952944e-07,0.0002699897259349702,0.0011074166710921026,0.5773502691896258,0.0006393673131601048,0.5773502691896258,0.0006393673131601048,0.5773502691896258,0.0006393673131601048
2503800000000,0.686999945001409,0.687,5.2328150319681986e-05,0.6799999231895524,0.68,0.00017288506151368185,0.6859998340177207,0.686,0.0006240297932251386,0.7118813156750307,0.714,0.0012106457103228498,0.7188699274860304,0.721,0.0012106701914956044,4.513016110057062e-06,0.0012106701914956044,0.003270558906876957,0.5773502691896258,0.0018882580652859395,0.5773502691896258,0.0018882580652859395,0.5773502691896258,0.0018882580652859395
2504100000000,0.6854338367295734,0.685,8.584432916892443e-05,0.6799990804030923,0.68,2.4860115604389887e-11,0.6850017600462283,0.685,3.4865307839973536e-05,0.7134505969095484,0.714,8.619252575533069e-05,0.7204366893854918,0.721,8.59159997361326e-05,4.0369042778172e-07,8.619252575533069e-05,0.0002928181873604769,0.5773502691896258,0.00016905865929618962,0.5773502691896258,0.00016905865929618962,0.5773502691896258,0.00016905865929618962
2504400000000,0.6850000370025874,0.685,6.586377109658996e-06,0.6790002247289965,0.679,3.4919943018572e-05,0.6849999232197207,0.685,1.18087606660871e-10,0.7120008830476098,0.712,7.355845985239208e-05,0.7186551939855349,0.718,0.00011108040510236174,2.1463999811087578e-07,0.00011108040510236174,0.00022614530317059147,0.5773502691896258,0.00013056505166151054,0.5773502691896258,0.00013056505166151054,0.5773502691896258,0.00013056505166151054
2504700000000,0.682000061429023,0.682,0.00031499487046939646,0.6770000294144649,0.677,0.0001400273453695888,0.6830000292503904,0.683,0.00013998515609973142,0.7063880190365176,0.705,0.0011026484842454822,0.713042108218425,0.711,0.0011027356140126297,3.0484014134942774e-06,0.0011027356140126297,0.0028003914701968287,0.5773502691896258,0.0016168067691544712,0.5773502691896258,0.0016168067691544712,0.5773502691896258,0.0016168067691544712
2505000000000,0.6834701831591,0.684,7.564402654355966e-05,0.6779997413075127,0.678,3.4979835418543715e-05,0.6844706035823489,0.685,7.56906103035335e-05,0.7078560589899787,0.708,7.542994567353445e-05,0.7130000146725943,0.713,6.201533102081876e-08,2.90842766713093e-07,7.56906103035335e-05,0.00026180643327019214,0.5773502691896258,0.00015115401472412125,0.5773502691896258,0.00015115401472412125,0.5773502691896258,0.00015115401472412125
2505300000000,0.6813779286533522,0.681,0.0001532135120887679,0.6770000005551687,0.677,3.498185501640657e-05,0.6859999983513575,0.686,8.186669258148002e-05,0.7057639359478867,0.705,0.00015319425881383776,0.711000030435611,0.711,0.00013999779318636302,3.6321410021375224e-07,0.0001532135120887679,0.0005632541116868553,0.5773502691896258,0.00032519491300456947,0.5773502691896258,0.00032519491300456947,0.5773502691896258,0.00032519491300456947
2505600000000,0.6770002066018247,0.677,0.000670755762615065,0.6730001010534433,0.673,0.0005599718608366121,0.683000031886156,0.683,0.0003149929577316773,0.700807716217621,0.699,0.0008597439905136325,0.7060439951133461,0.705,0.0008596800140437904,2.1788818870267494e-06,0.0008597439905136325,0.0032651445857407773,0.5773502691896258,0.0018851321055204872,0.5773502691896258,0.0018851321055204872,0.5773502691896258,0.0018851321055204872
2505900000000,0.6779996003414465,0.678,3.495757463783136e-05,0.673999599655,0.674,3.4964910907981625e-05,0.6802132885214823,0.68,0.0002718078503193436,0.6980183469658476,0.697,0.0002723203287958439,0.7032563304611704,0.703,0.00027198759745465027,5.741140807871096e-07,0.0002723203287958439,0.0008860382621156508,0.5773502691896258,0.0005115544291447793,0.5773502691896258,0.0005115544291447793,0.5773502691896258,0.0005115544291447793
2506200000000,0.6794617446087997,0.68,7.482530504938895e-05,0.673000100790504,0.673,3.4964929304509016e-05,0.6790003075303406,0.679,5.149630097049315e-05,0.6970000744236973,0.697,3.629076395340798e-05,0.7029999700710428,0.703,2.3002227369242725e-06,1.4485948866224674e-07,7.482530504938895e-05,0.00019987752201472338,0.5773502691896258,0.00011539934114015592,0.5773502691896258,0.00011539934114015592,0.5773502691896258,0.00011539934114015592
2506500000000,0.6780673270036811,0.678,6.805401601126451e-05,0.6715319571024702,0.671,7.54406061049751e-05,0.6780024110450248,0.678,3.485290883919593e-05,0.6955319475421433,0.695,7.543887891194692e-05,0.7020021939865257,0.702,3.4844499019193366e-05,2.852450493002109e-07,7.54406061049751e-05,0.0002886309088865758,0.5773502691896258,0.0001666411329421109,0.5773502691896258,0.0001666411329421109,0.5773502691896258,0.0001666411329421109
2506800000000,0.6883923240375462,0.691,0.003731194731226335,0.6809986665708923,0.681,0.00313665058558294,0.6883273752428655,0.69,0.0037311709990342145,0.705856929792366,0.709,0.0037311840463594933,0.712327231193134,0.716,0.0037312237661245766,1.6482885160087408e-05,0.0037312237661245766,0.01806142412832756,0.5773502691896258,0.01042776808243792,0.5773502691896258,0.01042776808243792,0.5773502691896258,0.01042776808243792
2507100000000,0.6929735778520772,0.6938,0.0007345760279604211,0.6851618563907689,0.6838,0.0006066252316713521,0.6929086246108542,0.6928,0.0007345746020094094,0.7104381965294772,0.7118,0.0007345801720796278,0.7169084828434678,0.7178,0.0007345753339289965,7.856752983867256e-05,0.0007345801720796278,0.0035449313676498067,0.5773502691896258,0.0020466670793713644,0.5773502691896258,0.0020466670793713644,0.5773502691896258,0.0020466670793713644
2507400000000,0.6935254892750091,0.6934000000000001,1.0661217656693938e-05,0.6837218068233093,0.6834000000000001,7.258099648591813e-05,0.6943486851980086,0.6944000000000001,7.258210731364178e-05,0.7118784734616349,0.7124000000000001,7.260391744570171e-05,0.7165255427064489,0.7164000000000001,5.13251019890174e-06,0.0002306048699916223,7.260391744570171e-05,0.0002335607491008573,0.5773502691896258,0.00013484636136551064,0.5773502691896258,0.00013484636136551064,0.5773502691896258,0.00013484636136551064
2507700000000,0.6929113610634621,0.6928,1.3200371107629203e-05,0.6829183943211599,0.6828,2.259150770135064e-05,0.6939087997558258,0.6938,6.77247207855481e-06,0.7127984706841427,0.7128,2.962382112977205e-05,0.7174628533661866,0.7178,3.074929455003312e-05,0.00026017719529412473,3.074929455003312e-05,0.00010293746656733982,0.5773502691896258,5.9430974032351756e-05,0.5773502691896258,5.9430974032351756e-05,0.5773502691896258,5.9430974032351756e-05
2508000000000,0.69237549297871,0.6922,1.0050411148953444e-05,0.6831238192621507,0.6832,1.4769792233383028e-06,0.6933736381749016,0.6932,1.0023927119403183e-05,0.7131236158117132,0.7132000000000001,3.700177389400113e-06,0.7180034173265385,0.7182000000000001,1.022732883309458e-05,0.00011565572723165508,1.022732883309458e-05,3.5478823714189625e-05,0.5773502691896258,2.048370842191866e-05,0.5773502691896258,2.048370842191866e-05,0.5773502691896258,2.048370842191866e-05
2508300000000,0.6916118408192904,0.6914,2.041076172052019e-05,0.6824211664961193,0.6824000000000001,1.728023183640672e-05,0.6941261080532729,0.6944,1.981738212496406e-05,0.7134203922634318,0.7134,3.08266918031285e-06,0.7184204608593799,0.7184,6.087385789970525e-06,5.296073286059176e-05,2.041076172052019e-05,6.667843065217435e-05,0.5773502691896258,3.8496809886174657e-05,0.5773502691896258,3.8496809886174657e-05,0.5773502691896258,3.8496809886174657e-05
2508600000000,0.6904294198911484,0.69,4.8934173795788676e-05,0.682000162587247,0.682,6.203550194999411e-06,0.6940000403036849,0.694,5.562577120164842e-07,0.7130000022450904,0.713,6.185471863237206e-06,0.7172384989563698,0.717,4.889618790585567e-05,1.2064161158373365e-07,4.8934173795788676e-05,0.00011077564147189745,0.5773502691896258,6.395634642345348e-05,0.5773502691896258,6.395634642345348e-05,0.5773502691896258,6.395634642345348e-05
2508900000000,0.6890035270076741,0.689,7.116096802999067e-05,0.681000570080337,0.681,3.4971481295476056e-05,0.6930005187416587,0.693,3.496651735343578e-05,0.7113589038727526,0.711,9.426213536914618e-05,0.7155970029917292,0.715,9.430781506759607e-05,2.426187979390764e-07,9.430781506759607e-05,0.00032966891711564474,0.5773502691896258,0.00019033443804016993,0.5773502691896258,0.00019033443804016993,0.5773502691896258,0.00019033443804016993
2509200000000,0.6899999045947901,0.69,3.4746890363749636e-05,0.6829276568428735,0.683,0.0001299782186620194,0.6939999033161308,0.694,3.4956933469249315e-05,0.7132903084013396,0.714,0.00013056132085661996,0.7169998186396015,0.717,6.887621096703416e-05,2.5444787446686394e-07,0.00013056132085661996,0.00039911957431867245,0.5773502691896258,0.00023043179367173442,0.5773502691896258,0.00023043179367173442,0.5773502691896258,0.00023043179367173442
2509500000000,0.6906876689248092,0.6906,1.6555692077629214e-05,0.6826878750802579,0.6826000000000001,2.0123352789070715e-06,0.6946876566663228,0.6946,1.6555163474511177e-05,0.7142491735564915,0.7146,3.217978350176192e-05,0.7176876077083482,0.7176,1.655688310805937e-05,4.76930158150725e-07,3.217978350176192e-05,8.385985744086875e-05,0.5773502691896258,4.841651126768922e-05,0.5773502691896258,4.841651126768922e-05,0.5773502691896258,4.841651126768922e-05
2509800000000,0.6913887343212433,0.6916,1.720224415270598e-05,0.6818995224104084,0.6816,2.1752497622056227e-05,0.6938992082882174,0.6936,2.175777957279807e-05,0.7144181427191642,0.7146,9.99270227699979e-07,0.7183535301250434,0.7186,1.5520843277004632e-05,0.00010282036363538302,2.175777957279807e-05,7.72326348522649e-05,0.5773502691896258,4.459028252217922e-05,0.5773502691896258,4.459028252217922e-05,0.5773502691896258,4.459028252217922e-05
2510100000000,0.6930783326296894,0.6936,9.991598553664578e-05,0.683492185918742,0.6836,8.878019677720507e-05,0.6922093121923605,0.6916,9.9951208517734e-05,0.7127279752132115,0.7126,9.998331693623506e-05,0.7184921940043473,0.7186,6.729684998256009e-07,0.00010274151119506391,9.998331693623506e-05,0.0003893036762676455,0.5773502691896258,0.00022476458228963607,0.5773502691896258,0.00022476458228963607,0.5773502691896258,0.00022476458228963607
2510400000000,0.6943389611514087,0.6948,5.562144944202346e-05,0.6839149669902592,0.6838,6.256034205165341e-06,0.691915188536149,0.6918,3.0278053800129084e-06,0.7119155478191183,0.7118,2.3101339473560924e-05,0.7179153146479291,0.7178,1.1647642715149555e-05,6.773295414377966e-05,5.562144944202346e-05,9.965427121591219e-05,0.5773502691896258,5.753542031240288e-05,0.5773502691896258,5.753542031240288e-05,0.5773502691896258,5.753542031240288e-05
2510700000000,0.6940849387636661,0.6942,2.258458071606457e-06,0.6826602455374794,0.6822,5.5101407342307264e-05,0.6910849387824666,0.6912,2.4126012872138972e-05,0.7130849386850903,0.7132000000000001,4.786162490965676e-05,0.7190849382306131,0.7192000000000001,4.7880676380971145e-05,0.0002402323912285169,5.5101407342307264e-05,0.0001772281795766806,0.5773502691896258,0.00010232273718658389,0.5773502691896258,0.00010232273718658389,0.5773502691896258,0.00010232273718658389
2511000000000,0.6938474867366611,0.6938,1.9734212795070926e-06,0.6828469584990271,0.6828,1.2201605503470576e-06,0.6916068812568568,0.6918,9.53483813003944e-06,0.7128491739592068,0.7128,1.945475208982128e-06,0.718849463378375,0.7188,1.940694211280781e-06,0.0001296235702449901,9.53483813003944e-06,1.66145893801565e-05,0.5773502691896258,9.592437651108454e-06,0.5773502691896258,9.592437651108454e-06,0.5773502691896258,9.592437651108454e-06
2511300000000,0.6936506567218043,0.6936,1.355971916198748e-06,0.6833982402547497,0.6836,1.0636905096741129e-05,0.6916501059248366,0.6916,6.539301726871083e-08,0.7126501686309341,0.7126,1.386109223831837e-06,0.7186507955019634,0.7186,1.381412379125485e-06,0.00010242565136881549,1.0636905096741129e-05,1.482579163316591e-05,0.5773502691896258,8.55967479035764e-06,0.5773502691896258,8.55967479035764e-06,0.5773502691896258,8.55967479035764e-06
2511600000000,0.6935159366126984,0.6934,6.352327729123949e-07,0.682516469278659,0.6824,2.7213201899655433e-05,0.6905216944153137,0.6904,4.456593871882403e-05,0.7139310173489892,0.7144,5.742007034902023e-05,0.7195148667003802,0.7194,2.6131666257670864e-05,0.0003970376746176653,5.742007034902023e-05,0.00015596610999808297,0.5773502691896258,9.004707559185199e-05,0.5773502691896258,9.004707559185199e-05,0.5773502691896258,9.004707559185199e-05
2511900000000,0.6935173765175261,0.6936000000000001,7.256640694965858e-11,0.6811125060684525,0.6806000000000001,6.898894434646958e-05,0.6895173807603314,0.6896000000000001,3.530260711543848e-05,0.7153353642483851,0.7156000000000001,6.902665748449447e-05,0.7205173723376364,0.7206000000000001,3.517561434556073e-05,0.0010405765886106557,6.902665748449447e-05,0.0002084938958583702,0.5773502691896258,0.00012037400689822385,0.5773502691896258,0.00012037400689822385,0.5773502691896258,0.00012037400689822385
2512200000000,0.6944262386131625,0.6946,2.8911060810964006e-05,0.680012339208414,0.6796,4.2362849197448185e-05,0.6886728013609018,0.6886,2.496600266793097e-05,0.7154995006912307,0.7156,9.429270154505918e-07,0.7213872716026498,0.7216,2.6485365594483704e-05,0.0016130773875817838,4.2362849197448185e-05,0.00012366820528627746,0.5773502691896258,7.13998716122302e-05,0.5773502691896258,7.13998716122302e-05,0.5773502691896258,7.13998716122302e-05
2512500000000,0.694427255277732,0.6944,3.617623963497736e-11,0.679527071775826,0.6794,8.241956839566548e-06,0.6891940468654175,0.6894,9.509390659224315e-06,0.7154283676919154,0.7154,1.770966257055218e-07,0.7214228231484235,0.7214,4.423693424154808e-08,0.0015129410231218949,9.509390659224315e-06,1.797271723497757e-05,0.5773502691896258,1.0376553133683327e-05,0.5773502691896258,1.0376553133683327e-05,0.5773502691896258,1.0376553133683327e-05
2512800000000,0.6933188156907504,0.6932,4.30023411295772e-05,0.6783188392126624,0.6782,5.1093907434111116e-05,0.6893188103815497,0.6892,5.448077235186174e-07,0.7167247271863392,0.7172000000000001,5.881917785739092e-05,0.722318807487703,0.7222000000000001,2.8097577768194882e-05,0.0014162411786257522,5.881917785739092e-05,0.00018155781191279274,0.5773502691896258,0.00010482245158133035,0.5773502691896258,0.00010482245158133035,0.5773502691896258,0.00010482245158133035
2513100000000,0.6931256921229222,0.6932,1.305384935774141e-06,0.6774997534533863,0.6772,2.348155183671393e-05,0.6891256906259576,0.6892,1.3053333999984468e-06,0.7171256802581062,0.7172000000000001,5.626717801579274e-06,0.7231231834359777,0.7232000000000001,2.2645723315695944e-05,0.00193215616282398,2.348155183671393e-05,5.436471128976174e-05,0.5773502691896258,3.138748069756023e-05,0.5773502691896258,3.138748069756023e-05,0.5773502691896258,3.138748069756023e-05
2513400000000,0.6935396183459236,0.6936,5.996722133087282e-06,0.6768415060506423,0.6766,1.5165137512673015e-05,0.6885396448060673,0.6886,1.2020739605381363e-05,0.7175396157999422,0.7176,5.996992147827112e-06,0.7235396149814466,0.7236,6.0695331221562045e-06,0.002464936453735788,1.5165137512673015e-05,4.524912452112497e-05,0.5773502691896258,2.61245942228664e-05,0.5773502691896258,2.61245942228664e-05,0.5773502691896258,2.61245942228664e-05
2513700000000,0.69465623446613,0.6950000000000001,4.363910459666895e-05,0.6760215948662017,0.676,2.3528902262976445e-05,0.6874036388051576,0.687,4.5167837193598446e-05,0.717959296733503,0.7180000000000001,6.164623009806779e-06,0.7239589735803119,0.7240000000000001,6.155157205480158e-06,0.002402650560653848,4.5167837193598446e-05,0.0001246556242685308,0.5773502691896258,7.196995822743711e-05,0.5773502691896258,7.196995822743711e-05,0.5773502691896258,7.196995822743711e-05
2514000000000,0.6952783514134213,0.6954,1.3546032363746913e-05,0.6762982110723852,0.6764,2.6780783933166918e-06,0.688255641435444,0.6884,2.540679687052286e-05,0.716815658678679,0.7164,4.5776780015455265e-05,0.7233509319409561,0.7234,1.2940012231666858e-05,0.0017690426544980085,4.5776780015455265e-05,0.00010034769987470858,0.5773502691896258,5.793577153522278e-05,0.5773502691896258,5.793577153522278e-05,0.5773502691896258,5.793577153522278e-05
2514300000000,0.6943345611455377,0.694,3.117590244131318e-05,0.6769091734086131,0.6769999999999999,1.306462417011803e-05,0.6879626106801165,0.688,3.0053458248730716e-06,0.7169179363483337,0.717,3.661252598494929e-07,0.7238748286319888,0.724,9.606371000625402e-06,0.0013225924555171015,3.117590244131318e-05,5.721836869677918e-05,0.5773502691896258,3.303504056967672e-05,0.5773502691896258,3.303504056967672e-05,0.5773502691896258,3.303504056967672e-05
2514600000000,0.6935671162083914,0.6934,2.0614010604302683e-05,0.678731616245865,0.6794,0.00011624542632677116,0.689567012999166,0.6894,9.009373804799478e-05,0.7155671281143744,0.7154,6.386390097262637e-05,0.7225671261421018,0.7224,5.9853003071981794e-05,0.0007746792155886705,0.00011624542632677116,0.0003506700790236768,0.5773502691896258,0.00020245946452106717,0.5773502691896258,0.00020245946452106717,0.5773502691896258,0.00020245946452106717
2514900000000,0.6932333934092086,0.6931999999999999,3.8979817343030995e-06,0.6798080920268316,0.6801999999999999,4.055800374526707e-05,0.690232897615816,0.6901999999999999,1.551908129418719e-05,0.7152333886853305,0.7152,3.898370227449451e-06,0.7214922225892355,0.7212,4.0439617678762634e-05,0.0005477212330081023,4.055800374526707e-05,0.00010431305467996946,0.5773502691896258,6.0225170199472524e-05,0.5773502691896258,6.0225170199472524e-05,0.5773502691896258,6.0225170199472524e-05
2515200000000,0.6931140437223109,0.6931999999999999,4.985521716906979e-07,0.6801139741181548,0.6801999999999999,3.2747348827290415e-06,0.6901140092874305,0.6901999999999999,4.947052119201902e-07,0.7161116254959559,0.7162,2.699549634381019e-05,0.7205463372117729,0.7202,3.131447015541822e-05,0.0006241751320240712,3.131447015541822e-05,6.257795876556834e-05,0.5773502691896258,3.612940133863819e-05,0.5773502691896258,3.612940133863819e-05,0.5773502691896258,3.612940133863819e-05
2515500000000,0.692677556001714,0.6926,6.668253558115737e-06,0.6790182601445321,0.6786,4.2020618919715894e-05,0.6896802196505332,0.6896,6.586070717783122e-06,0.7171880921796961,0.7176,4.055731824209821e-05,0.7214290290027666,0.7216,2.7270067926072104e-05,0.001040732743027739,4.2020618919715894e-05,0.00012310232936378507,0.5773502691896258,7.10731629960513e-05,0.5773502691896258,7.10731629960513e-05,0.5773502691896258,7.10731629960513e-05
2515800000000,0.6914378079120269,0.6916000000000001,5.3794136405896405e-05,0.6772487715639076,0.6766000000000001,0.000109588144293622,0.6904378071091982,0.6906000000000001,2.0087856513430143e-05,0.7184378065936114,0.7186000000000001,5.4662514072168493e-05,0.7224378068063895,0.7226000000000001,3.561714299787503e-05,0.0010406630656445166,0.000109588144293622,0.0002737497942829921,0.5773502691896258,0.00015804951741989017,0.5773502691896258,0.00015804951741989017,0.5773502691896258,0.00015804951741989017
2516100000000,0.6898823741904837,0.6895999999999999,8.46780921739815e-05,0.6757521523772643,0.6755999999999999,7.839541464401449e-05,0.6906764948963169,0.6905999999999999,1.9940150901861505e-06,0.719663556966864,0.7195999999999999,5.258623921350812e-05,0.7240252876642149,0.7245999999999999,8.820334158867813e-05,0.0011451244009416507,8.820334158867813e-05,0.0003058571027103684,0.5773502691896258,0.00017658668058339024,0.5773502691896258,0.00017658668058339024,0.5773502691896258,0.00017658668058339024
2516400000000,0.6894559072874612,0.6896,6.3655906780762134e-06,0.6741771323917994,0.6736,8.682407841147735e-05,0.6904559006786686,0.6906,1.7031633100953972e-06,0.7204558067488308,0.7206,2.1968090095925018e-05,0.7254552514951915,0.7256,7.156787952654455e-05,0.001369108209186934,8.682407841147735e-05,0.0001884288020221185,0.5773502691896258,0.00010878941957054884,0.5773502691896258,0.00010878941957054884,0.5773502691896258,0.00010878941957054884
2516700000000,0.6894943932671964,0.6896,5.184097226627665e-08,0.6730231336027129,0.6726,4.660996218245942e-05,0.6904943939093174,0.6906,5.186050820252623e-08,0.7204943748169331,0.7206,5.206235570007681e-08,0.7264937038840591,0.7266,3.774341773806687e-05,0.0017425119152310704,4.660996218245942e-05,8.450914375669516e-05,0.5773502691896258,4.879137689691274e-05,0.5773502691896258,4.879137689691274e-05,0.5773502691896258,4.879137689691274e-05
2517000000000,0.6910376068602746,0.6916,8.335278678514491e-05,0.672669988289289,0.6726,4.364906433764188e-06,0.6889526458491865,0.6886,8.31945478321158e-05,0.7206698745583957,0.7206,1.078005573870152e-06,0.72666988129514,0.7266,1.0863468061307855e-06,0.0026246277566601963,8.335278678514491e-05,0.00017307659343102584,0.5773502691896258,9.99258178078262e-05,0.5773502691896258,9.99258178078262e-05,0.5773502691896258,9.99258178078262e-05
2517300000000,0.6924736010818446,0.693,7.217277915338869e-05,0.6721316450569619,0.6719999999999999,1.0143470252735692e-05,0.6881317442712496,0.688,2.358577902307555e-05,0.720131639784813,0.72,1.0139383502277624e-05,0.7271313685536361,0.727,7.453967141400284e-06,0.003422673231067753,7.217277915338869e-05,0.00012349537907287785,0.5773502691896258,7.13000903514009e-05,0.5773502691896258,7.13000903514009e-05,0.5773502691896258,7.13000903514009e-05
2517600000000,0.6931374821468222,0.6932,1.5425832395253276e-05,0.672137523894644,0.6722,1.2096256372388458e-09,0.6881375286435639,0.6882,1.1710637074875566e-09,0.7201375248561568,0.7202000000000001,1.212192265257796e-09,0.7264499404572771,0.7262000000000001,1.6252048767764173e-05,0.003204139043950918,1.6252048767764173e-05,3.168147404462743e-05,0.5773502691896258,1.829130756798979e-05,0.5773502691896258,1.829130756798979e-05,0.5773502691896258,1.829130756798979e-05
2517900000000,0.692241488800107,0.6921999999999999,2.8098142707526407e-05,0.6736493763863267,0.6741999999999999,7.99994284812548e-05,0.6892389472545382,0.6891999999999999,4.2459303481014564e-05,0.7186294696124521,0.7182,7.959807163228091e-05,0.7262407064063833,0.7262,1.5322610818699046e-06,0.0023718466183042554,7.99994284812548e-05,0.00023168720738394658,0.5773502691896258,0.00013376467155091422,0.5773502691896258,0.00013376467155091422,0.5773502691896258,0.00013376467155091422
2518200000000,0.6917309180994315,0.6915999999999999,9.123885413589684e-06,0.675076476055517,0.6755999999999999,7.128147130310738e-05,0.6897304327380872,0.6895999999999999,8.454529318880448e-06,0.7177312481039352,0.7175999999999999,2.8238065742684876e-05,0.7257309189994391,0.7255999999999999,9.09591200976064e-06,0.001877071462207148,7.128147130310738e-05,0.00012619386378802302,0.5773502691896258,7.285806122809406e-05,0.5773502691896258,7.285806122809406e-05,0.5773502691896258,7.285806122809406e-05
2518500000000,0.6909025542847756,0.6905999999999999,2.4016531330094422e-05,0.6755245847799074,0.6755999999999999,7.028050010617187e-06,0.690521935020841,0.6905999999999999,2.192665522615777e-05,0.717525617663453,0.7175999999999999,1.4799357318510925e-06,0.7255253043029715,0.7255999999999999,1.4797091191215951e-06,0.0016129573167158904,2.4016531330094422e-05,5.593088141784207e-05,0.5773502691896258,3.2291709442604164e-05,0.5773502691896258,3.2291709442604164e-05,0.5773502691896258,3.2291709442604164e-05
2518800000000,0.6911109947720571,0.6911999999999999,1.5206602858339636e-06,0.6745562617830444,0.6741999999999999,3.281772991888112e-05,0.6901111427286699,0.6901999999999999,5.90626075575192e-06,0.7181108047555806,0.7182,1.1985537647747527e-05,0.7261107939765592,0.7262,1.1997935525725566e-05,0.0020736793838965406,3.281772991888112e-05,6.42281241339401e-05,0.5773502691896258,3.708212475827502e-05,0.5773502691896258,3.708212475827502e-05,0.5773502691896258,3.708212475827502e-05
2519100000000,0.6920557978463511,0.6923999999999999,3.12428497218394e-05,0.673611770185287,0.6733999999999999,3.122225323820449e-05,0.6894441785929595,0.6893999999999999,1.5569440541338865e-05,0.7184441274022848,0.7183999999999999,3.888639538205307e-06,0.7264441257270924,0.7263999999999999,3.888851956973075e-06,0.002822484592161174,3.12428497218394e-05,8.581203499656113e-05,0.5773502691896258,4.954360150497416e-05,0.5773502691896258,4.954360150497416e-05,0.5773502691896258,4.954360150497416e-05
2519400000000,0.6929027162762813,0.6930000000000001,2.510447894344215e-05,0.6729037795303582,0.673,1.754377686132638e-05,0.6883870775762566,0.6880000000000001,3.911118958299816e-05,0.7189032022657991,0.7190000000000001,7.376240560872399e-06,0.7269032224974032,0.7270000000000001,7.37694455784528e-06,0.0030625937085055907,3.911118958299816e-05,9.651263050648437e-05,0.5773502691896258,5.5721593203117646e-05,0.5773502691896258,5.5721593203117646e-05,0.5773502691896258,5.5721593203117646e-05
2519700000000,0.6935113443498933,0.6936,1.2964984619600755e-05,0.6719491590181814,0.6716,3.189551127940186e-05,0.6875168989970474,0.6876,2.650237659001112e-05,0.7195113117401476,0.7196,1.2942899647735517e-05,0.7275112842162887,0.7276,1.2940866889089599e-05,0.0033124762679546125,3.189551127940186e-05,9.724663902583885e-05,0.5773502691896258,5.6145373219354434e-05,0.5773502691896258,5.6145373219354434e-05,0.5773502691896258,5.6145373219354434e-05
2520000000000,0.6932452661326101,0.6931999999999999,2.477916619941098e-06,0.6713981771918783,0.6711999999999999,1.0625334052069996e-05,0.688064137255574,0.6881999999999999,1.048143990583482e-05,0.7200462177644013,0.7202,1.0014355917399859e-05,0.7272461099046534,0.7272,2.461109544294077e-06,0.0028561458796832182,1.0625334052069996e-05,3.606015603953985e-05,0.5773502691896258,2.0819340796448243e-05,0.5773502691896258,2.0819340796448243e-05,0.5773502691896258,2.0819340796448243e-05
2520300000000,0.6921869533427093,0.6918000000000001,3.920090864436367e-05,0.6724563519053388,0.6728000000000001,3.919068034725093e-05,0.6877856111146526,0.6878000000000001,2.7151883911796085e-06,0.7197855930704385,0.7198000000000001,2.377383088610427e-06,0.727785489832538,0.7278000000000001,1.0182574731166113e-05,0.0024337342489343656,3.920090864436367e-05,9.366673520257076e-05,0.5773502691896258,5.407851478331763e-05,0.5773502691896258,5.407851478331763e-05,0.5773502691896258,5.407851478331763e-05
2520600000000,0.6927784433822095,0.6930000000000001,1.2245116338978546e-05,0.6729275161474872,0.673,7.769851007775862e-06,0.6871962460437513,0.687,1.2157291537949314e-05,0.7191919807319331,0.7190000000000001,1.2333146294905215e-05,0.7279057796868524,0.7280000000000001,5.064377167846907e-07,0.0025600703821596683,1.2333146294905215e-05,4.5011842896393626e-05,0.5773502691896258,2.598759961295401e-05,0.5773502691896258,2.598759961295401e-05,0.5773502691896258,2.598759961295401e-05
2520900000000,0.6931073284724831,0.6932,3.785789091150118e-06,0.6731273622608419,0.6732,1.3978464158037615e-06,0.6865025088784747,0.6862,1.684449390700764e-05,0.7191439512526195,0.7192000000000001,8.073908090972273e-08,0.7281153277305384,0.7282000000000001,1.5368633914420874e-06,0.0033857874310705602,1.684449390700764e-05,2.364573188631333e-05,0.5773502691896258,1.365186966974872e-05,0.5773502691896258,1.365186966974872e-05,0.5773502691896258,1.365186966974872e-05
2521200000000,0.6927404990364855,0.6925999999999999,4.709734229002129e-06,0.6737404565333188,0.6735999999999999,1.3155960543039732e-05,0.6880373162276207,0.6885999999999999,8.244717596472988e-05,0.7187405031915406,0.7185999999999999,5.696961829592694e-06,0.7267412244758877,0.7265999999999999,6.60855914054581e-05,0.003133097902216255,8.244717596472988e-05,0.00017209542397182253,0.5773502691896258,9.935933935643452e-05,0.5773502691896258,9.935933935643452e-05,0.5773502691896258,9.935933935643452e-05
2521500000000,0.6921316594208743,0.692,1.2973998713815816e-05,0.674131649920729,0.6739999999999999,5.356129322372075e-06,0.6894733715573261,0.69,7.21789218491427e-05,0.718131659278356,0.718,1.2974181871768173e-05,0.7261316597818813,0.726,1.3004919066269693e-05,0.0028901733373308813,7.21789218491427e-05,0.00011648815082336846,0.5773502691896258,6.725446523527351e-05,0.5773502691896258,6.725446523527351e-05,0.5773502691896258,6.725446523527351e-05
2521800000000,0.6916985506832916,0.6916,6.565411249967789e-06,0.6736985509341424,0.6736,6.565115626382226e-06,0.6896985486675695,0.6896,1.7746655842147464e-06,0.719205797934071,0.7196,4.038208480954597e-05,0.7256985517410312,0.7256,6.565390126717598e-06,0.002624497123331633,4.038208480954597e-05,6.185266739682833e-05,0.5773502691896258,3.571065417165523e-05,0.5773502691896258,3.571065417165523e-05,0.5773502691896258,3.571065417165523e-05
2522100000000,0.6926726799783762,0.6928000000000001,3.321247592397541e-05,0.6726728115675554,0.6728000000000001,3.682494368582111e-05,0.6883091390862165,0.6878000000000001,6.756606446644601e-05,0.7196727041193218,0.7198000000000001,7.63004850389103e-06,0.7266726646413939,0.7268000000000001,3.32113579928599e-05,0.002924262034978631,6.756606446644601e-05,0.00017844489057299348,0.5773502691896258,0.00010302520560783112,0.5773502691896258,0.00010302520560783112,0.5773502691896258,0.00010302520560783112
2522400000000,0.6928748291248924,0.6927999999999999,1.4302497103025995e-06,0.671878273985094,0.6717999999999998,2.2095148948026016e-05,0.6878749363066934,0.6877999999999999,6.5986218810957265e-06,0.7198748211197339,0.7197999999999999,1.4297948649449163e-06,0.7274971388157659,0.7277999999999999,2.3791518247225783e-05,0.0038416573577753606,2.3791518247225783e-05,5.534533365159504e-05,0.5773502691896258,3.195364328213805e-05,0.5773502691896258,3.195364328213805e-05,0.5773502691896258,3.195364328213805e-05
2522700000000,0.6932596988293317,0.6933999999999999,5.1843641288316485e-06,0.6722598551113107,0.6723999999999999,5.096145455967323e-06,0.6875277870691001,0.6873999999999999,4.217940760655588e-06,0.7195248205780929,0.7193999999999999,4.287513270215424e-06,0.7274260252936853,0.7273999999999999,1.76999655795118e-07,0.003920507755509767,5.1843641288316485e-06,1.8962963271465105e-05,0.5773502691896258,1.0948271949413366e-05,0.5773502691896258,1.0948271949413366e-05,0.5773502691896258,1.0948271949413366e-05
2523000000000,0.6936694362498648,0.6938,5.875966382478398e-06,0.6718677111372047,0.6718,5.382191374968463e-06,0.6877555449233281,0.6878,1.8155774056892685e-06,0.7197464432174058,0.7198,1.7190807989607507e-06,0.7269604802376781,0.7268,7.585626971044678e-06,0.003648140792848826,7.585626971044678e-06,2.237844293314156e-05,0.5773502691896258,1.2920200051493959e-05,0.5773502691896258,1.2920200051493959e-05,0.5773502691896258,1.2920200051493959e-05
2523300000000,0.6934816227026691,0.6934,1.2345874978575583e-06,0.6714722207296405,0.6714,5.474443186633941e-06,0.6882462694606712,0.6884,8.42837000427141e-06,0.7194385005372304,0.7194,3.319004299576767e-06,0.7273603338419851,0.7274,5.595901670703878e-06,0.003920460971457806,8.42837000427141e-06,2.4052306659043553e-05,0.5773502691896258,1.3886605724230225e-05,0.5773502691896258,1.3886605724230225e-05,0.5773502691896258,1.3886605724230225e-05
2523600000000,0.6934176314764633,0.6934,1.4332069609634285e-07,0.6714226399773779,0.6714,8.60387848223134e-08,0.6883571073304953,0.6884,4.2997616854943095e-07,0.7194064968620872,0.7194,3.584823279330178e-08,0.7273955606210365,0.7274,4.34324086818487e-08,0.004326424813841621,4.2997616854943095e-07,7.386162909432377e-07,0.5773502691896258,4.264403144039213e-07,0.5773502691896258,4.264403144039213e-07,0.5773502691896258,4.264403144039213e-07
2523900000000,0.6934027963239944,0.6934,7.702861207160704e-09,0.6714074327491811,0.6714,8.09409263004684e-09,0.688386743206541,0.6884,3.073998021499565e-08,0.7193993181237328,0.7194,1.8036999526476141e-09,0.7274034981890206,0.7274,2.2051744925871055e-09,0.004326408920308269,3.073998021499565e-08,5.054580849743792e-08,0.5773502691896258,2.918263614240306e-08,0.5773502691896258,2.918263614240306e-08,0.5773502691896258,2.918263614240306e-08
2524200000000,0.6930652023077853,0.6930000000000001,3.988940192305016e-06,0.672574985329628,0.673,4.771126598378534e-05,0.6890649641769067,0.6890000000000001,1.609942896252931e-05,0.7182296368991952,0.7180000000000001,4.78853958462559e-05,0.7270652095327402,0.7270000000000001,4.005372523879556e-06,0.0032401231104067455,4.78853958462559e-05,0.00011969040350875512,0.5773502691896258,6.910328668519471e-05,0.5773502691896258,6.910328668519471e-05,0.5773502691896258,6.910328668519471e-05
2524500000000,0.6927990547494406,0.6928,2.4792082984505925e-06,0.6735057247715048,0.6738,3.0319656803281537e-05,0.6897548019893853,0.6898,1.665566726338731e-05,0.7178038123400797,0.7178,6.346429430105051e-06,0.7261363876878021,0.7258,3.019485068720039e-05,0.002280207503983083,3.0319656803281537e-05,8.599581248242488e-05,0.5773502691896258,4.964970548590859e-05,0.5773502691896258,4.964970548590859e-05,0.5773502691896258,4.964970548590859e-05
2524800000000,0.6921886167440829,0.692,1.3042209543475909e-05,0.6745916641651047,0.6749999999999999,4.127425283002496e-05,0.6891824111844655,0.689,1.1467093174484804e-05,0.718769427281683,0.719,3.263442754066398e-05,0.7252648111943354,0.725,2.6587595438729615e-05,0.0021027684519882715,4.127425283002496e-05,0.00012500557852737927,0.5773502691896258,7.217200441298734e-05,0.5773502691896258,7.217200441298734e-05,0.5773502691896258,7.217200441298734e-05
2525100000000,0.6912883438765436,0.691,2.836719326096356e-05,0.6740184162786664,0.6739999999999999,1.1501459875709659e-05,0.6890163698926397,0.689,9.64939870691862e-07,0.7196697838448372,0.72,2.837246792851481e-05,0.7260070728966528,0.726,1.928333521544898e-05,0.0024025968305598894,2.837246792851481e-05,8.848939615132888e-05,0.5773502691896258,5.108937668839717e-05,0.5773502691896258,5.108937668839717e-05,0.5773502691896258,5.108937668839717e-05
2525400000000,0.6909935827259756,0.691,3.040944755946708e-06,0.6739932913582153,0.6739999999999999,2.2094156968676665e-08,0.6897494768330626,0.69,1.8810602513370204e-05,0.7199923347499382,0.72,3.641368023352203e-06,0.725271312321452,0.725,1.8947026840690854e-05,0.002560068322951541,1.8947026840690854e-05,4.446203629032865e-05,0.5773502691896258,2.5670168620940158e-05,0.5773502691896258,2.5670168620940158e-05,0.5773502691896258,2.5670168620940158e-05
2525700000000,0.6905834158891132,0.6905999999999999,5.888289192158205e-06,0.6729723536540524,0.6725999999999999,3.648098285234905e-05,0.6895834076039026,0.6895999999999999,9.65264610583703e-07,0.7205833715587148,0.7205999999999999,1.2226357826508559e-05,0.7262774510467731,0.7265999999999999,3.543102971067482e-05,0.00349702176521256,3.648098285234905e-05,9.099192419227434e-05,0.5773502691896258,5.2534211926491617e-05,0.5773502691896258,5.2534211926491617e-05,0.5773502691896258,5.2534211926491617e-05
2526000000000,0.6914765818065304,0.6918,2.7921087461248007e-05,0.6720794397425429,0.6718,2.7905333867850217e-05,0.6898142259676457,0.6898,1.864699096437573e-06,0.7198157688947341,0.7198,2.06224847412584e-05,0.7268139819701407,0.7268,1.0075290110538536e-05,0.0036481917280377467,2.7921087461248007e-05,8.838889527733275e-05,0.5773502691896258,5.103135248174171e-05,0.5773502691896258,5.103135248174171e-05,0.5773502691896258,5.103135248174171e-05
2526300000000,0.6920075717875253,0.6922,9.868262597092936e-06,0.6722049067362543,0.6722,5.509688278842601e-07,0.6901825966764443,0.6902,4.749394268526943e-06,0.7193026973888516,0.7192000000000001,9.213482955199995e-06,0.726302089060344,0.7262000000000001,9.1712022885045e-06,0.0037636345302518265,9.868262597092936e-06,3.3553310937208634e-05,0.5773502691896258,1.9372013101800623e-05,0.5773502691896258,1.9372013101800623e-05,0.5773502691896258,1.9372013101800623e-05
2526600000000,0.6915645830197878,0.6914,6.868366691952712e-06,0.6723566769490494,0.6724,8.061969122155581e-07,0.6903593195979538,0.6904,1.093084684539825e-06,0.719355850059309,0.7194,9.888222318660698e-08,0.7263630927573369,0.7264,1.3025078663810466e-07,0.003348934446123243,6.868366691952712e-06,8.996781298532808e-06,0.5773502691896258,5.1942941045481084e-06,0.5773502691896258,5.1942941045481084e-06,0.5773502691896258,5.1942941045481084e-06
2526900000000,0.6912572221785376,0.6911999999999999,3.3064740356925875e-06,0.6729747640768785,0.6731999999999999,1.3371109415579622e-05,0.6902561437170935,0.6901999999999999,3.725841836953468e-07,0.7192558189683788,0.7192,3.5021767034445425e-07,0.7262560473797851,0.7262,4.010549499322251e-07,0.002689631828072788,1.3371109415579622e-05,1.7801440255244236e-05,0.5773502691896258,1.02776663233283e-05,0.5773502691896258,1.02776663233283e-05,0.5773502691896258,1.02776663233283e-05
2527200000000,0.6900394065145942,0.6895999999999999,5.1907624697107604e-05,0.6717569707079574,0.6715999999999999,5.190572412859036e-05,0.6914007011764521,0.6915999999999999,4.585041222206924e-05,0.7203997997799131,0.7205999999999999,4.580422340055594e-05,0.7264031204640543,0.7265999999999999,7.570672240759352e-07,0.0029585681864763374,5.1907624697107604e-05,0.00019622505167239907,0.5773502691896258,0.00011329058640480784,0.5773502691896258,0.00011329058640480784,0.5773502691896258,0.00011329058640480784
2527500000000,0.6905091567686817,0.6904,7.723285542536954e-06,0.6729605757473908,0.6734,5.070327818323146e-05,0.6905103989785268,0.6904,2.77423301270715e-05,0.7205093913561017,0.7204,4.203609750026891e-07,0.7255104732227321,0.7254,2.788866841040523e-05,0.002993020819664271,5.070327818323146e-05,0.00011447792323824782,0.5773502691896258,6.60938597978717e-05,0.5773502691896258,6.60938597978717e-05,0.5773502691896258,6.60938597978717e-05
2527800000000,0.6907091149921977,0.6906,1.3994151903076046e-06,0.6741618854968067,0.6746,5.05100789914594e-05,0.6907090727773828,0.6906,1.3814947423151005e-06,0.7197099504879576,0.7196,2.2368699558064546e-05,0.724709971708462,0.7246,2.2428093602207297e-05,0.0026245201120833903,5.05100789914594e-05,9.808778208435394e-05,0.5773502691896258,5.6631007390615105e-05,0.5773502691896258,5.6631007390615105e-05,0.5773502691896258,5.6631007390615105e-05
2528100000000,0.6897472099492302,0.6894,3.2384145909017284e-05,0.6751197831685578,0.6754,3.211487823411892e-05,0.6903789675857568,0.6904,3.8139303138457478e-06,0.7193789439015128,0.7194,3.834787609444457e-06,0.7253750852794559,0.7254,1.5483162181212244e-05,0.0026570006211081056,3.2384145909017284e-05,8.763090424763864e-05,0.5773502691896258,5.05937261567045e-05,0.5773502691896258,5.05937261567045e-05,0.5773502691896258,5.05937261567045e-05
2528400000000,0.6894131864845987,0.6893999999999999,3.905008622355469e-06,0.6754126596350178,0.6753999999999999,3.002181861214055e-06,0.6911285357717593,0.6913999999999999,1.966483629134614e-05,0.7186327437548393,0.7183999999999999,1.9488513061343377e-05,0.7254128682226716,0.7253999999999999,4.996427793131848e-08,0.002190464362592711,1.966483629134614e-05,4.6110504114190364e-05,0.5773502691896258,2.6621911962797157e-05,0.5773502691896258,2.6621911962797157e-05,0.5773502691896258,2.6621911962797157e-05
2528700000000,0.6886730591740359,0.6884,1.9172595254434003e-05,0.6753417305519426,0.6754,1.7608271890643072e-07,0.6913401113254515,0.6914,1.5667475222059696e-06,0.7193039429485916,0.7194,1.5767792519278356e-05,0.725341142785615,0.7254,1.8005884123351006e-07,0.0021904475083567828,1.9172595254434003e-05,3.6863276856058264e-05,0.5773502691896258,2.1283022816056942e-05,0.5773502691896258,2.1283022816056942e-05,0.5773502691896258,2.1283022816056942e-05
2529000000000,0.6884393329785782,0.6884,1.9119777055095064e-06,0.6754168956125307,0.6754,1.9774252166262372e-07,0.6921239066682628,0.6924,2.150172987944756e-05,0.7194108620812257,0.7194,4.0010953231347233e-07,0.7246084622127138,0.7244,1.8788728766739687e-05,0.002190476814497831,2.150172987944756e-05,4.280028840567285e-05,0.5773502691896258,2.471075803240884e-05,0.5773502691896258,2.471075803240884e-05,0.5773502691896258,2.471075803240884e-05
2529300000000,0.6876797823272282,0.6876,2.0192101718818768e-05,0.6746797823216765,0.6746,1.9016760124388914e-05,0.6926797822472909,0.6926,1.0814918077591214e-05,0.7202808708341998,0.7206,2.6492033058801136e-05,0.7246797822694061,0.7246,1.7802926703076773e-07,0.0023104636521463096,2.6492033058801136e-05,7.66938422466308e-05,0.5773502691896258,4.4279210466278995e-05,0.5773502691896258,4.4279210466278995e-05,0.5773502691896258,4.4279210466278995e-05
2529600000000,0.6880879104775101,0.688,5.829900546838541e-06,0.674088591225271,0.6739999999999999,1.2232741936419207e-05,0.6936466750281529,0.694,3.272085773890942e-05,0.7200882416925394,0.72,1.2987095175888578e-06,0.7240885787801086,0.724,1.2233254801515177e-05,0.0016900780967016526,3.272085773890942e-05,6.431546454127121e-05,0.5773502691896258,3.713255076595877e-05,0.5773502691896258,3.713255076595877e-05,0.5773502691896258,3.713255076595877e-05
2529900000000,0.6875001102073105,0.6876,1.2092820517633511e-05,0.6729995611933012,0.6726,4.150952436862552e-05,0.6945001091086189,0.6946,2.549224053953018e-05,0.7205001097393078,0.7206,5.937235078208718e-06,0.724500109745483,0.7246,5.927520741169059e-06,0.0014884997808634695,4.150952436862552e-05,9.095934124516699e-05,0.5773502691896258,5.25154001532082e-05,0.5773502691896258,5.25154001532082e-05,0.5773502691896258,5.25154001532082e-05
2530200000000,0.6873131406419459,0.6872,1.2235166430415645e-06,0.6733131117449732,0.6732,3.44098819588436e-06,0.6957439872706098,0.6962,5.41531508657248e-05,0.7203131392429516,0.7202000000000001,1.2235288277687615e-06,0.7233166199495508,0.7232000000000001,4.902268339764667e-05,0.0008837299933104112,5.41531508657248e-05,0.00010906386793006615,0.5773502691896258,6.296805350828549e-05,0.5773502691896258,6.296805350828549e-05,0.5773502691896258,6.296805350828549e-05
2530500000000,0.688110225068943,0.6883999999999999,2.223702543164577e-05,0.673424600325277,0.6733999999999999,4.3503962383504083e-07,0.6964235523161841,0.6963999999999999,1.616330279082474e-05,0.7195184417216474,0.7193999999999999,2.210404526284821e-05,0.7225231794227274,0.7223999999999999,2.203417543620263e-05,0.0007744571856608299,2.223702543164577e-05,8.297358854535639e-05,0.5773502691896258,4.790482368229077e-05,0.5773502691896258,4.790482368229077e-05,0.5773502691896258,4.790482368229077e-05
2530800000000,0.6895608646648449,0.6900000000000001,7.365243330194083e-05,0.6745604582410263,0.6750000000000002,4.5156062166964237e-05,0.6975604875029957,0.6980000000000001,4.5241756665359224e-05,0.7176570996415129,0.7170000000000001,0.00012126080187477249,0.7206610839920534,0.7200000000000001,0.00012135897875278799,0.0003607240815002567,0.00012135897875278799,0.00040667003276182476,0.5773502691896258,0.0002347910528863935,0.5773502691896258,0.0002347910528863935,0.5773502691896258,0.0002347910528863935
2531100000000,0.6903171900589986,0.6905999999999999,2.0020983564461865e-05,0.6746149950927389,0.6745999999999999,1.040993868154223e-07,0.6968304256211575,0.6965999999999999,1.865466229596059e-05,0.7176184319002006,0.7175999999999999,5.2331797636923685e-08,0.7206188653260347,0.7205999999999999,6.238455161401646e-08,0.0004489682317705981,2.0020983564461865e-05,3.889446159648882e-05,0.5773502691896258,2.2455727872718384e-05,0.5773502691896258,2.2455727872718384e-05,0.5773502691896258,2.2455727872718384e-05
2531400000000,0.6887669183699897,0.6881999999999998,8.41169808409875e-05,0.6750584120243749,0.6751999999999999,6.881650134150887e-06,0.6970584107030261,0.6971999999999998,1.8192019144122739e-06,0.7180581334997798,0.7181999999999998,6.7668123835370925e-06,0.7210581081576899,0.7211999999999998,6.752699280616605e-06,0.0002918010615079525,8.41169808409875e-05,0.00010633734455370436,0.5773502691896258,6.139389450299121e-05,0.5773502691896258,6.139389450299121e-05,0.5773502691896258,6.139389450299121e-05
2531700000000,0.6883881189712037,0.6881999999999999,5.02211445822342e-06,0.6759023124861219,0.6762,2.492587962678696e-05,0.6979038977421439,0.6981999999999999,2.5019691666066343e-05,0.7174018429876423,0.7172,1.5075103271257154e-05,0.7204025740242262,0.7202,1.5040375004757488e-05,0.00024025901711753937,2.5019691666066343e-05,8.508316402709137e-05,0.5773502691896258,4.91227876545463e-05,0.5773502691896258,4.91227876545463e-05,0.5773502691896258,4.91227876545463e-05
2532000000000,0.6898388373246463,0.6900000000000001,7.366043093554058e-05,0.676838839737033,0.6770000000000002,3.069791520946793e-05,0.6988388397348022,0.6990000000000001,3.059407853725629e-05,0.7156446366922926,0.7150000000000001,0.00010807208875458164,0.7188388464296452,0.7190000000000001,8.558353965189393e-05,0.00020275972353805177,0.00010807208875458164,0.00032860805308874036,0.5773502691896258,0.0001897219479086631,0.5773502691896258,0.0001897219479086631,0.5773502691896258,0.0001897219479086631
2532300000000,0.6906879536546409,0.6909999999999998,2.523494896521738e-05,0.6770779969662594,0.6769999999999998,2.001866310193801e-06,0.6980780307123547,0.6979999999999998,2.025906290231118e-05,0.7150780223148524,0.7149999999999999,1.1236814845268527e-05,0.7190779961828896,0.7189999999999999,2.0017411566891693e-06,0.00036006086009134867,2.523494896521738e-05,6.073443417968006e-05,0.5773502691896258,3.50650419227179e-05,0.5773502691896258,3.50650419227179e-05,0.5773502691896258,3.50650419227179e-05
2532600000000,0.6906368846438996,0.6906000000000001,9.128153503316792e-08,0.6767201025296823,0.6766000000000001,4.483094970648832e-06,0.6984576428702072,0.6986000000000001,5.043688663628158e-06,0.7154611915843742,0.7156000000000001,5.13865411870423e-06,0.7187165298899347,0.7186000000000001,4.5730258329884915e-06,0.00044903693847673083,5.13865411870423e-06,1.932974512100288e-05,0.5773502691896258,1.1160033548977869e-05,0.5773502691896258,1.1160033548977869e-05,0.5773502691896258,1.1160033548977869e-05
2532900000000,0.6916878789281453,0.6918,3.866061449310032e-05,0.6766893094736515,0.6768000000000001,3.3187430490102815e-08,0.6986890912685815,0.6988,1.8748926388510195e-06,0.7142444605712526,0.7138,5.1815202540215825e-05,0.7186892393797799,0.7188,2.6067018057862485e-08,0.0002602236765558456,5.1815202540215825e-05,9.240996412071514e-05,0.5773502691896258,5.335291766089855e-05,0.5773502691896258,5.335291766089855e-05,0.5773502691896258,5.335291766089855e-05
2533200000000,0.6909999984488747,0.691,1.656128438165413e-05,0.6769999852691203,0.677,3.3781807461568764e-06,0.6979999985670571,0.698,1.661970629529668e-05,0.7104021138306752,0.709,0.0005167269966188948,0.7148470609316276,0.714,0.0005166817329606017,1.3417177081410895e-06,0.0005167269966188948,0.0010699679010026043,0.5773502691896258,0.0006177462556681125,0.5773502691896258,0.0006177462556681125,0.5773502691896258,0.0006177462556681125
2533500000000,0.693077932355665,0.6938,0.00015112332623459782,0.6790793416230563,0.6788000000000001,0.00015133029963288594,0.69843731029058,0.6978,6.69345402357005e-06,0.7124801828692233,0.7128,0.00015114298251403148,0.7169252322280405,0.7168,0.0001511578578032002,2.616177399695389e-05,0.00015133029963288594,0.0006114479202082854,0.5773502691896258,0.00035301962132769046,0.5773502691896258,0.00035301962132769046,0.5773502691896258,0.00035301962132769046
2533800000000,0.6939249548201004,0.6942,2.5110646934041505e-05,0.6774339844674915,0.6772000000000001,9.475200592788982e-05,0.6967917354870001,0.6962,9.477707519619042e-05,0.7139244434257563,0.7142000000000001,7.300609943049709e-05,0.7179248750298055,0.7182000000000001,3.4975000589221004e-05,0.00019391614689635628,9.477707519619042e-05,0.0003226208280778399,0.5773502691896258,0.00018626522193692085,0.5773502691896258,0.00018626522193692085,0.5773502691896258,0.00018626522193692085
2534100000000,0.6934366879140748,0.6934,8.344160003195418e-06,0.6774186113775515,0.6774000000000001,8.271616300540747e-09,0.6957226891477205,0.6954,4.000010264345065e-05,0.7144108423610271,0.7144,8.28043734814002e-06,0.7190101045973217,0.7194,4.1220312497400585e-05,0.00023053919850926695,4.1220312497400585e-05,9.785328410848721e-05,0.5773502691896258,5.649561992112403e-05,0.5773502691896258,5.649561992112403e-05,0.5773502691896258,5.649561992112403e-05
2534400000000,0.6935247786429202,0.6936,2.7159917779806635e-07,0.6775247615750501,0.6776,3.943752550147133e-07,0.6949010236669171,0.6946,2.362969568203727e-05,0.7145247433921152,0.7146,4.5407057090266236e-07,0.7195246912952951,0.7196,9.267981440588307e-06,0.0003249566509154185,2.362969568203727e-05,3.401772212634102e-05,0.5773502691896258,1.964014102686088e-05,0.5773502691896258,1.964014102686088e-05,0.5773502691896258,1.964014102686088e-05
2534700000000,0.6939833695234291,0.6940000000000001,7.360695849008273e-06,0.6764090297728403,0.676,4.3570010906182056e-05,0.6939880875087346,0.6940000000000001,2.9170835012092115e-05,0.7156361073750819,0.7160000000000001,4.322954659224072e-05,0.7199833901089653,0.7200000000000001,7.364161058186414e-06,0.000722650475869236,4.3570010906182056e-05,0.00013069524941770958,0.5773502691896258,7.545693743311992e-05,0.5773502691896258,7.545693743311992e-05,0.5773502691896258,7.545693743311992e-05
2535000000000,0.6932355647471171,0.693,1.9572419421625247e-05,0.6760141298227615,0.6759999999999999,5.458108970028287e-06,0.694722361390048,0.695,1.8870534647261827e-05,0.7160139237656813,0.716,4.996082875194992e-06,0.7200140183806635,0.72,3.283318595264903e-08,0.000810066616080092,1.9572419421625247e-05,4.8929979100063e-05,0.5773502691896258,2.824973660486414e-05,0.5773502691896258,2.824973660486414e-05,0.5773502691896258,2.824973660486414e-05
2535300000000,0.6932990661243568,0.6931999999999999,1.4113487189663084e-07,0.6762990670249027,0.6761999999999999,2.8416223207414843e-06,0.695803708852369,0.6961999999999999,4.092593169938422e-05,0.7152990792934798,0.7152,1.7885091680296055e-05,0.7192990786054265,0.7192,1.7889860877555407e-05,0.0003481981553349668,4.092593169938422e-05,7.96836414498738e-05,0.5773502691896258,4.600537184109426e-05,0.5773502691896258,4.600537184109426e-05,0.5773502691896258,4.600537184109426e-05
2535600000000,0.6935654798402214,0.6938,2.484169380028669e-06,0.6785648760066744,0.6788000000000001,0.00017968616196569696,0.6975654294510055,0.6978,0.00010862808136811153,0.7135655023853805,0.7138,0.00010518511137032671,0.7167386284353403,0.7158,0.0002294566775723084,6.506761817391293e-07,0.0002294566775723084,0.0006254402016564723,0.5773502691896258,0.00036109806878837817,0.5773502691896258,0.00036109806878837817,0.5773502691896258,0.00036109806878837817
2535900000000,0.6850000457140396,0.685,0.0025678331619486076,0.6720000200941318,0.672,0.0015084066603355578,0.6890000443551314,0.689,0.0025678037644217898,0.7020259168703089,0.699,0.004660671185087772,0.7051990261782345,0.701,0.0046606847088270596,1.339399687799008e-05,0.0046606847088270596,0.015965399480620784,0.5773502691896258,0.009217627687856323,0.5773502691896258,0.009217627687856323,0.5773502691896258,0.009217627687856323
2536200000000,0.6760002614974364,0.676,0.0028348640580896966,0.6650000898022197,0.665,0.0017149658432070256,0.6810001335918908,0.681,0.002239950027693437,0.6916046287914188,0.688,0.0038011135828125843,0.6947777104393468,0.691,0.0038011337605356084,1.363222249088401e-05,0.0038011337605356084,0.014392027272338351,0.5773502691896258,0.008309240819868984,0.5773502691896258,0.008309240819868984,0.5773502691896258,0.008309240819868984
2536500000000,0.6740002017386266,0.674,0.0001400083663583598,0.6640001269946275,0.664,3.4997396579867284e-05,0.6780003520872411,0.678,0.0003149541176473542,0.6867654248965849,0.685,0.0008196263017521602,0.6899386573416033,0.689,0.0008195752208973208,1.998901425609481e-06,0.0008196263017521602,0.002129161403235062,0.5773502691896258,0.0012292719093059247,0.5773502691896258,0.0012292719093059247,0.5773502691896258,0.0012292719093059247
2536800000000,0.6769999983533873,0.677,0.00031495729054753843,0.666999998424888,0.667,0.00031497300093325724,0.6809999983236419,0.681,0.0003149257140243741,0.6906063747444079,0.692,0.0005163513506722078,0.6937796946082162,0.695,0.0005163748549228158,1.715668301124259e-06,0.0005163748549228158,0.001977582211100193,0.5773502691896258,0.001141757621923312,0.5773502691896258,0.001141757621923312,0.5773502691896258,0.001141757621923312
2537100000000,0.679999678012981,0.68,0.00031493273210630415,0.6689998414156524,0.669,0.00013997801956983094,0.6839996729275232,0.684,0.0003149316705209623,0.6951606666505713,0.696,0.0007259551168290943,0.6983348076268053,0.7,0.000726216911424206,1.7386731735048507e-06,0.000726216911424206,0.0022220144504503975,0.5773502691896258,0.0012828806411107755,0.5773502691896258,0.0012828806411107755,0.5773502691896258,0.0012828806411107755
2537400000000,0.6819997091688045,0.682,0.00014000436184926097,0.670999711248286,0.671,0.00013998177716172252,0.6859997096779018,0.686,0.00014000514510027897,0.6979765866357114,0.699,0.0002775291876948959,0.701150488818688,0.702,0.00027748212010126754,8.845222068128553e-07,0.0002775291876948959,0.0009750025919074258,0.5773502691896258,0.0005629180088983352,0.5773502691896258,0.0005629180088983352,0.5773502691896258,0.0005629180088983352
2537700000000,0.6893645635593364,0.69,0.0018984378067808036,0.6759999990926545,0.676,0.0008751007484289018,0.6929999926857168,0.693,0.0017151386766326034,0.7053415182073581,0.708,0.0018984775969263668,0.7085153421365291,0.711,0.0018984372537660225,6.822414805246573e-06,0.0018984775969263668,0.0082855920825347,0.5773502691896258,0.004783688819246841,0.5773502691896258,0.004783688819246841,0.5773502691896258,0.004783688819246841
2538000000000,0.6929999098447884,0.693,0.00046255099153024674,0.6789999273260297,0.679,0.0003149849291890446,0.696999891535972,0.697,0.0005599716784295509,0.7109494776165275,0.713,0.0011007223057211907,0.7141232235165972,0.715,0.0011006916750519952,2.4866895360718542e-06,0.0011007223057211907,0.0035389215799220284,0.5773502691896258,0.002043197326808959,0.5773502691896258,0.002043197326808959,0.5773502691896258,0.002043197326808959
2538300000000,0.6906909992619038,0.69,0.00018658738279148194,0.6766911027704643,0.676,0.00018657347899335514,0.6946909941407899,0.694,0.00018658525135174274,0.7090001002518114,0.709,0.00013300252385236485,0.7118143160653588,0.711,0.00018658687664343927,1.0478432931265516e-06,0.00018658738279148194,0.0008793355136323839,0.5773502691896258,0.0005076845955036547,0.5773502691896258,0.0005076845955036547,0.5773502691896258,0.0005076845955036547
2538600000000,0.685000198939397,0.685,0.0011334822908725204,0.6730000233755986,0.673,0.00047684234847207026,0.69000004730594,0.69,0.0007701743772586037,0.702551621026076,0.702,0.0014554009513659026,0.7053654848232794,0.703,0.001455559853608677,2.949902123967956e-06,0.001455559853608677,0.005291459821577774,0.5773502691896258,0.003055025752394017,0.5773502691896258,0.003055025752394017,0.5773502691896258,0.003055025752394017
2538900000000,0.6859999578069863,0.686,3.4983122766320066e-05,0.672999986512236,0.673,4.756176253674217e-14,0.689000011466563,0.689,3.5002508801347715e-05,0.7010000414865157,0.701,8.425896736537647e-05,0.7029056956115481,0.702,0.0002117697038152373,4.1014227229621216e-07,0.0002117697038152373,0.0003660143027958433,0.5773502691896258,0.00021131845624643335,0.5773502691896258,0.00021131845624643335,0.5773502691896258,0.00021131845624643335
2539200000000,0.6882162872614814,0.689,0.00017192406878019305,0.6752163938119878,0.676,0.00017193614614375888,0.6908706733549256,0.691,0.00012247815652003167,0.7032162261244818,0.704,0.00017190160223448076,0.7048410297283109,0.705,0.000131093135022701,9.422713653795676e-07,0.00017193614614375888,0.0007693331087011653,0.5773502691896258,0.00044417467740510947,0.5773502691896258,0.00044417467740510947,0.5773502691896258,0.00044417467740510947
2539500000000,0.6850018277493451,0.685,0.00036164624843071955,0.6720020079490503,0.672,0.0003616296766548452,0.6870941125713332,0.687,0.0004991843973258662,0.6993901110203065,0.698,0.0005123704876639424,0.7010152009570948,0.7,0.0005122938025332623,1.4859530903369388e-06,0.0005123704876639424,0.0022471246126086353,0.5773502691896258,0.0012973779999922294,0.5773502691896258,0.0012973779999922294,0.5773502691896258,0.0012973779999922294
2539800000000,0.6830000000809646,0.683,0.0001402559904862839,0.6700000000862361,0.67,0.00014028124189695098,0.6850000000866767,0.685,0.00015348574844380042,0.6947034683390824,0.693,0.0007687616867514984,0.6963285500141342,0.695,0.000768764397140376,2.3334247611561466e-06,0.000768764397140376,0.00197154906471891,0.5773502691896258,0.0011382743832360177,0.5773502691896258,0.0011382743832360177,0.5773502691896258,0.0011382743832360177
2540100000000,0.67810637732911,0.678,0.0008381640273114026,0.6660001277974993,0.666,0.000559964241417152,0.6820000358025611,0.682,0.00031499249970893156,0.6897984291189523,0.688,0.000842079341285501,0.6914235948299424,0.691,0.0008420504875625373,1.7125480148061408e-06,0.000842079341285501,0.0033972505972855245,0.5773502691896258,0.0019614035468474146,0.5773502691896258,0.0019614035468474146,0.5773502691896258,0.0019614035468474146
2540400000000,0.6869998804699672,0.687,0.002768303934075246,0.6749998705704533,0.675,0.0028348379492768284,0.6919996663312168,0.692,0.003499741374836816,0.7012165958182219,0.704,0.004563108577030863,0.7028417946291831,0.707,0.004563135032938261,1.251900544370212e-05,0.004563135032938261,0.018229126868158016,0.5773502691896258,0.010524591304422872,0.5773502691896258,0.010524591304422872,0.5773502691896258,0.010524591304422872
2540700000000,0.6940813168112062,0.6916,0.0017551359229257305,0.6800813235751447,0.6776,0.0009037407623610638,0.699081315338809,0.6966,0.0017552413433356193,0.7125654329229792,0.7166,0.004507863627061073,0.7141906088029281,0.7176,0.004507845410256842,0.0004075862843299659,0.004507863627061073,0.013429827065940328,0.5773502691896258,0.0077537142716907715,0.5773502691896258,0.0077537142716907715,0.5773502691896258,0.0077537142716907715
2541000000000,0.6929314168406009,0.6924,4.6279447983934706e-05,0.6747818515881563,0.6734,0.0009829541169306304,0.6949315268000348,0.6944,0.0006027260720789701,0.7178649231521119,0.7184,0.0009829608841035442,0.7194902770456694,0.7214,0.0009830269219092255,0.0016416040107821036,0.0009830269219092255,0.003597947443006305,0.5773502691896258,0.002077275924749816,0.5773502691896258,0.002077275924749816,0.5773502691896258,0.002077275924749816
2541300000000,0.6923696737306044,0.6920000000000001,1.1044436256997317e-05,0.6713697269939427,0.671,0.00040749079862530244,0.6933696782727263,0.6930000000000001,8.537797877894526e-05,0.7193696655890517,0.7190000000000001,7.924874305345984e-05,0.7235212549452514,0.7250000000000001,0.0005687073989421667,0.0022513666932162733,0.0005687073989421667,0.0011518693556568716,0.5773502691896258,0.0006650320825597757,0.5773502691896258,0.0006650320825597757,0.5773502691896258,0.0006650320825597757
2541600000000,0.6923102185867082,0.6922,1.237219947504153e-07,0.6723068949117383,0.6722,3.0739929715089134e-05,0.6923160571777615,0.6922,3.8854109411424295e-05,0.7183157165821956,0.7182000000000001,3.8878297816851356e-05,0.7247510980509788,0.7252000000000001,5.293799226468083e-05,0.003027726484840866,5.293799226468083e-05,0.00016153405120279603,0.5773502691896258,9.32617279452251e-05,0.5773502691896258,9.32617279452251e-05,0.5773502691896258,9.32617279452251e-05
2541900000000,0.6934140794857305,0.6937999999999999,4.264781095366652e-05,0.6718315783937905,0.6717999999999998,7.907402728192565e-06,0.6912038649079185,0.6907999999999999,4.3294007578443504e-05,0.7178299939025162,0.7177999999999999,8.25742825442246e-06,0.7257202743581604,0.7257999999999999,3.287559500407771e-05,0.003459767920267221,4.3294007578443504e-05,0.00013498224451880274,0.5773502691896258,7.793203520875065e-05,0.5773502691896258,7.793203520875065e-05,0.5773502691896258,7.793203520875065e-05
2542200000000,0.6944280270442519,0.6948,3.59831378000996e-05,0.6708929963897146,0.6708,3.0832766243131444e-05,0.6908929923712684,0.6908,3.3824606915138344e-06,0.7178929921211347,0.7178,1.389071442183754e-07,0.725892992069584,0.7258,1.044099274378914e-06,0.0034596864775750355,3.59831378000996e-05,7.138137115334218e-05,0.5773502691896258,4.12120538505067e-05,0.5773502691896258,4.12120538505067e-05,0.5773502691896258,4.12120538505067e-05
2542500000000,0.6960168989175113,0.6966,8.835798403721933e-05,0.6697458074968863,0.6696,4.606148245399987e-05,0.6907457639607436,0.6906,7.586671702984333e-07,0.7177457633359791,0.7176,7.586710312438502e-07,0.7257457660275378,0.7256,7.586427609806324e-07,0.0034971125140320363,8.835798403721933e-05,0.0001366954474537421,0.5773502691896258,7.892115338441435e-05,0.5773502691896258,7.892115338441435e-05,0.5773502691896258,7.892115338441435e-05
2542800000000,0.6959493561387858,0.6960000000000001,1.596709435284238e-07,0.6699513298323063,0.67,1.4783800624777401e-06,0.6902010078116952,0.6900000000000001,1.038657416741013e-05,0.7179491270160471,0.7180000000000001,1.4474875229781924e-06,0.7259491762854458,0.7260000000000001,1.4481506557760025e-06,0.0038025253681314305,1.038657416741013e-05,1.4920263352170488e-05,0.5773502691896258,8.61421806275574e-06,0.5773502691896258,8.61421806275574e-06,0.5773502691896258,8.61421806275574e-06
2543100000000,0.6956896862636145,0.6956,2.3599955425025154e-06,0.6696923128099523,0.6696,2.3481436254192773e-06,0.6897709409125903,0.6896,6.473513819701571e-06,0.7184298702253937,0.7186,8.088991166652322e-06,0.7264168478313833,0.7266,7.655083620785654e-06,0.00349696692666098,8.088991166652322e-06,2.692572777506134e-05,0.5773502691896258,1.554557617905825e-05,0.5773502691896258,1.554557617905825e-05,0.5773502691896258,1.554557617905825e-05
2543400000000,0.6956019589897635,0.6956000000000001,2.693626102063653e-07,0.6696171780824962,0.6696000000000001,1.9758295444673007e-07,0.6889279196824913,0.6886000000000001,2.4873967803913504e-05,0.7185813483310709,0.7186000000000001,8.030965774840561e-07,0.7272699844667756,0.7276000000000001,2.5474474152698875e-05,0.003497068774922473,2.5474474152698875e-05,5.161848409874953e-05,0.5773502691896258,2.9801945689573463e-05,0.5773502691896258,2.9801945689573463e-05,0.5773502691896258,2.9801945689573463e-05
2543700000000,0.695265355646359,0.6951999999999999,3.965563377687185e-06,0.6692653610753129,0.6691999999999999,4.332132229020518e-06,0.6882657831649986,0.6881999999999999,1.5344866872907398e-05,0.7192528920681822,0.7192,1.5783984679869992e-05,0.7279506080143066,0.7282,1.621369447087684e-05,0.003960138933621896,1.621369447087684e-05,5.5640241630361935e-05,0.5773502691896258,3.212390848306529e-05,0.5773502691896258,3.212390848306529e-05,0.5773502691896258,3.212390848306529e-05
2544000000000,0.6950545717539479,0.6950000000000001,1.5550447254996445e-06,0.6690559232784461,0.669,1.5352466764742798e-06,0.6887919421719552,0.6890000000000001,9.689515521051383e-06,0.7190551570218313,0.7190000000000001,1.368470199438737e-06,0.7280422322953664,0.7280000000000001,2.9382531079037593e-07,0.0038025338753661917,9.689515521051383e-06,1.4442102433254419e-05,0.5773502691896258,8.33815172750359e-06,0.5773502691896258,8.33815172750359e-06,0.5773502691896258,8.33815172750359e-06
2544300000000,0.6952389215557653,0.6951999999999999,1.1894697300535332e-06,0.6699003164981234,0.6701999999999999,2.495499683029671e-05,0.6882885692160448,0.6881999999999999,8.868451645969365e-06,0.7192369218708823,0.7192,1.1563461122682585e-06,0.7273348836710835,0.7272,1.7511972669621877e-05,0.0037636743861103623,2.495499683029671e-05,5.368123698820975e-05,0.5773502691896258,3.0992876625575e-05,0.5773502691896258,3.0992876625575e-05,0.5773502691896258,3.0992876625575e-05
2544600000000,0.6950736111813035,0.695,9.5646319666416e-07,0.6707057236205085,0.6709999999999999,2.2703822147601662e-05,0.6880736167024352,0.688,1.6171604087478307e-06,0.7190733736027372,0.719,9.361812604645036e-07,0.727073671612112,0.727,2.3881108913236406e-06,0.003240054242014743,2.2703822147601662e-05,2.8601737904801796e-05,0.5773502691896258,1.6513221078628443e-05,0.5773502691896258,1.6513221078628443e-05,0.5773502691896258,1.6513221078628443e-05
2544900000000,0.6948734572874946,0.6948000000000001,1.4021553422402053e-06,0.6715062085018126,0.6718000000000001,2.2427161581877104e-05,0.6878734619484071,0.6878000000000001,1.4021673946005264e-06,0.7188734214900621,0.7188000000000001,1.399329657713182e-06,0.7268734475118829,0.7268000000000001,1.4031391609397559e-06,0.002924154057167429,2.2427161581877104e-05,2.8033953137370774e-05,0.5773502691896258,1.6185410390310373e-05,0.5773502691896258,1.6185410390310373e-05,0.5773502691896258,1.6185410390310373e-05
2545200000000,0.6940755843827063,0.694,2.228104102683491e-05,0.6720755753218722,0.6719999999999999,1.134625015246699e-05,0.6886976817260605,0.689,2.3776838465622562e-05,0.7190755759645225,0.719,1.4303251040537621e-06,0.7260755826000194,0.726,2.2280594615403865e-05,0.002560057122865598,2.3776838465622562e-05,8.111504936438209e-05,0.5773502691896258,4.683179558585579e-05,0.5773502691896258,4.683179558585579e-05,0.5773502691896258,4.683179558585579e-05
2545500000000,0.6933082873640785,0.6932,2.0606065017833008e-05,0.6713097485516921,0.6712,2.052717246735754e-05,0.6892327703689382,0.6892,1.0021194950782842e-05,0.7198984439216448,0.7202000000000001,2.3698908620050533e-05,0.7262507019336248,0.7262000000000001,1.0733373350849337e-06,0.0026896607455833884,2.3698908620050533e-05,7.592667839110885e-05,0.5773502691896258,4.383628820778084e-05,0.5773502691896258,4.383628820778084e-05,0.5773502691896258,4.383628820778084e-05
2545800000000,0.6930580911084877,0.6930000000000001,2.1909358209071354e-06,0.6710536343775809,0.671,2.2958064563231615e-06,0.6897948704287874,0.6900000000000001,1.1058476704888427e-05,0.7200456381023026,0.7200000000000001,7.583144386830689e-07,0.726047750529433,0.7260000000000001,1.4416245362197883e-06,0.002722526856119359,1.1058476704888427e-05,1.7745157957021585e-05,0.5773502691896258,1.0245171723298842e-05,0.5773502691896258,1.0245171723298842e-05,0.5773502691896258,1.0245171723298842e-05
2546100000000,0.6933476437150066,0.6933999999999999,2.93442491796533e-06,0.6713449976306207,0.6713999999999999,2.9712390827677135e-06,0.6893946219590653,0.6893999999999999,5.60695931302052e-06,0.7195716699862359,0.7193999999999999,7.862602126673691e-06,0.7263410257094124,0.7263999999999999,3.0103615917171325e-06,0.0031684208315456946,7.862602126673691e-06,2.2385587032144388e-05,0.5773502691896258,1.292432469897636e-05,0.5773502691896258,1.292432469897636e-05,0.5773502691896258,1.292432469897636e-05
2546400000000,0.6931780246933605,0.693,1.0069714376454504e-06,0.6732877538550999,0.6739999999999999,0.00013210056117133652,0.689178028896849,0.689,1.6419394110086501e-06,0.7191780443659788,0.719,5.422939512298416e-06,0.7251781468269789,0.725,4.7330055332341976e-05,0.0030628171065300025,0.00013210056117133652,0.000187502466864631,0.5773502691896258,0.00010825459971801361,0.5773502691896258,0.00010825459971801361,0.5773502691896258,0.00010825459971801361
2546700000000,0.6920203617933568,0.6916,4.6906418651577585e-05,0.674424006572734,0.6746,4.5187458341586974e-05,0.6895175411027267,0.6896,4.0343988278977244e-06,0.7195172157622535,0.7196,4.026303261782695e-06,0.7245208603821949,0.7246,1.5120891467388675e-05,0.0023105142341080256,4.6906418651577585e-05,0.00011527547055023365,0.5773502691896258,6.655432395313819e-05,0.5773502691896258,6.655432395313819e-05,0.5773502691896258,6.655432395313819e-05
2547000000000,0.6931774394009442,0.6936,4.685900064930887e-05,0.6737059047532694,0.6736,1.8048457809144612e-05,0.6887060376912819,0.6886,2.3048822537526826e-05,0.7197053048710771,0.7196,1.2382129500322142e-06,0.7247053102734501,0.7246,1.1907616834420802e-06,0.0023105116898223957,4.685900064930887e-05,9.038525562945458e-05,0.5773502691896258,5.218395166843875e-05,0.5773502691896258,5.218395166843875e-05,0.5773502691896258,5.218395166843875e-05
2547300000000,0.6937813954613306,0.694,1.2766702300707902e-05,0.6731008224432514,0.6729999999999999,1.2814361066384756e-05,0.6890086828366515,0.689,3.205792940552426e-06,0.7200088082250251,0.72,3.2240000050194054e-06,0.7241002889286334,0.724,1.2811778968931534e-05,0.002402534147235883,1.2814361066384756e-05,4.482263528159602e-05,0.5773502691896258,2.5878360545617882e-05,0.5773502691896258,2.5878360545617882e-05,0.5773502691896258,2.5878360545617882e-05
2547600000000,0.6939875294002955,0.6940000000000001,1.4871920277623245e-06,0.67300035236443,0.673,3.5329828584333305e-07,0.6897450118348994,0.6900000000000001,1.8976313778128368e-05,0.7192690953233304,0.7190000000000001,1.9151131192676907e-05,0.7239979521150955,0.7240000000000001,3.6654881917807e-07,0.0027225707412899328,1.9151131192676907e-05,4.0334484103589e-05,0.5773502691896258,2.3287125254831795e-05,0.5773502691896258,2.3287125254831795e-05,0.5773502691896258,2.3287125254831795e-05
2547900000000,0.6946124171590056,0.6946,1.3666964884498774e-05,0.6726714427444106,0.6726,3.7863538349460137e-06,0.6903715688788506,0.6906,1.3740080526370467e-05,0.7186729917075887,0.7186,1.2436883224511256e-05,0.7236715790135702,0.7236,3.7281790489755913e-06,0.0027889339617721983,1.3740080526370467e-05,4.73584615193021e-05,0.5773502691896258,2.7342420506575605e-05,0.5773502691896258,2.7342420506575605e-05,0.5773502691896258,2.7342420506575605e-05
2548200000000,0.693818499123834,0.6936,2.2060704629975264e-05,0.6718812045437447,0.6716,2.1856674482710266e-05,0.690434211427814,0.6906,1.3734311292201532e-07,0.7194333466538314,0.7196,2.0234887549651615e-05,0.7244327367304617,0.7246,2.0277637449424943e-05,0.0023105050732437154,2.2060704629975264e-05,8.45672472246841e-05,0.5773502691896258,4.8824922949797005e-05,0.5773502691896258,4.8824922949797005e-05,0.5773502691896258,4.8824922949797005e-05
2548500000000,0.6936530806747558,0.6936,9.57714215339559e-07,0.6716900441616853,0.6716,1.2789802084177121e-06,0.6905640283925613,0.6906,5.89835551766437e-07,0.7195480744260719,0.7196,4.6068616031462586e-07,0.7245445896879268,0.7246,4.3788794327893617e-07,0.001876913997818536,1.2789802084177121e-06,3.7251040791172702e-06,0.5773502691896258,2.1506898428377294e-06,0.5773502691896258,2.1506898428377294e-06,0.5773502691896258,2.1506898428377294e-06
2548800000000,0.6928621628900448,0.6926,2.1894282976029657e-05,0.6745513286463783,0.6756,0.0002865432115820765,0.6908621231458971,0.6906,3.1101168688229496e-06,0.7178622162742222,0.7176,9.947411978553768e-05,0.723862166860561,0.7236,1.629953203584512e-05,0.002161587383361996,0.0002865432115820765,0.0004273212632483119,0.5773502691896258,0.00024671404636686384,0.5773502691896258,0.00024671404636686384,0.5773502691896258,0.00024671404636686384
2549100000000,0.6923872108037169,0.6922,7.895281950751618e-06,0.6750245680125183,0.6752,7.838442418259483e-06,0.6911062580880302,0.6912,2.086065448960687e-06,0.7180988816680897,0.7182000000000001,1.960367802905456e-06,0.7233827077203615,0.7232000000000001,8.045837349230676e-06,0.002220170245897768,8.045837349230676e-06,2.7825994970107923e-05,0.5773502691896258,1.6065345686460983e-05,0.5773502691896258,1.6065345686460983e-05,0.5773502691896258,1.6065345686460983e-05
2549400000000,0.6918073833255588,0.6916000000000001,1.1766996654951425e-05,0.6755032235590145,0.6756000000000001,8.018889626704355e-06,0.6915197888562625,0.6916000000000001,5.98526936961966e-06,0.717625274831478,0.7176000000000001,7.850620248986426e-06,0.7235440328297207,0.7236000000000001,9.109026818412795e-07,0.0023104403058241915,1.1766996654951425e-05,3.453267858210315e-05,0.5773502691896258,1.9937451275216078e-05,0.5773502691896258,1.9937451275216078e-05,0.5773502691896258,1.9937451275216078e-05
2549700000000,0.6909181932044045,0.6906,2.7673067504543517e-05,0.6763927142398841,0.6766,2.7691778497387208e-05,0.691522276921753,0.6916,2.1666644597988045e-10,0.7167355521469501,0.7166,2.7706225937724654e-05,0.7244312623691106,0.7246,2.755116894481118e-05,0.0020164985827238855,2.7706225937724654e-05,0.00011062245755091254,0.5773502691896258,6.386790564543731e-05,0.5773502691896258,6.386790564543731e-05,0.5773502691896258,6.386790564543731e-05
2550000000000,0.6893670612237893,0.6888,8.421036474505138e-05,0.6766583909167674,0.6768,2.4704433823907017e-06,0.6916584200528505,0.6918,6.487233250755509e-07,0.7176578611272598,0.7178,2.9772884930601066e-05,0.7246582603191705,0.7248,1.8034824265984239e-06,0.0017163011416570948,8.421036474505138e-05,0.00011890589880971711,0.5773502691896258,6.865035268602458e-05,0.5773502691896258,6.865035268602458e-05,0.5773502691896258,6.865035268602458e-05
2550300000000,0.689875533986619,0.6898,9.049059268889312e-06,0.6768756470169239,0.6768,1.6520074569331315e-06,0.6908777309213437,0.6908,2.133164320184678e-05,0.7184937567088225,0.7188,2.44552498146626e-05,0.7238773305232435,0.7238,2.13447971158262e-05,0.00171615863954466,2.44552498146626e-05,7.783275685815802e-05,0.5773502691896258,4.493676312382823e-05,0.5773502691896258,4.493676312382823e-05,0.5773502691896258,4.493676312382823e-05
2550600000000,0.6901511507638501,0.6902,2.658761276193856e-06,0.6771592506181877,0.6772,2.815085092742522e-06,0.6903876301221361,0.6902,8.406957768438786e-06,0.7181580592657008,0.7182000000000001,3.944247066147647e-06,0.72414388810024,0.7242000000000001,2.486852964897666e-06,0.0019321226671074139,8.406957768438786e-06,2.031190416842048e-05,0.5773502691896258,1.1727083339391447e-05,0.5773502691896258,1.1727083339391447e-05,0.5773502691896258,1.1727083339391447e-05
2550900000000,0.6919433369616583,0.6926,0.0001124175978664959,0.6767641446469737,0.6766,5.463805497115205e-06,0.6897642408506933,0.6896,1.3601496431248903e-05,0.7177641323536333,0.7176,5.431244421783787e-06,0.7237641354299764,0.7236,5.0474231700311184e-06,0.002161169789226193,0.0001124175978664959,0.0001419615673866749,0.5773502691896258,8.196154914527797e-05,0.5773502691896258,8.196154914527797e-05,0.5773502691896258,8.196154914527797e-05
2551200000000,0.6928785040586457,0.6932,3.060881247507294e-05,0.6772253121348478,0.6772,7.443640815526048e-06,0.6893007229369305,0.6892,7.519709973267839e-06,0.7172966833966099,0.7172000000000001,7.647798459780628e-06,0.7232977798133003,0.7232000000000001,7.612064642186211e-06,0.0022201962572708225,3.060881247507294e-05,6.0832026365833666e-05,0.5773502691896258,3.5121386797664486e-05,0.5773502691896258,3.5121386797664486e-05,0.5773502691896258,3.5121386797664486e-05
2551500000000,0.6935525381154035,0.6938,1.5901266838428705e-05,0.6768626505131721,0.6768,4.603320814277039e-06,0.6888626525056141,0.6888,6.716699597780298e-06,0.7178595074896347,0.7178,1.1086983589120498e-05,0.7228626513679308,0.7228,6.626786738939517e-06,0.002433638277328644,1.5901266838428705e-05,4.493505757854606e-05,0.5773502691896258,2.5943267589024905e-05,0.5773502691896258,2.5943267589024905e-05,0.5773502691896258,2.5943267589024905e-05
2551800000000,0.6927165375477826,0.6926,2.4461393217186234e-05,0.6781340083638469,0.6786,5.657227745653399e-05,0.6887164849491767,0.6886,7.477734094205213e-07,0.7177164838504922,0.7176,7.159516473739966e-07,0.722716484902303,0.7226,7.477622485944754e-07,0.002624535730103453,5.657227745653399e-05,8.32451579791092e-05,0.5773502691896258,4.806161436797162e-05,0.5773502691896258,4.806161436797162e-05,0.5773502691896258,4.806161436797162e-05
2552100000000,0.6920455904463214,0.6918,1.5755950453571767e-05,0.6787305613053183,0.6788,1.2455639419237488e-05,0.6887416164783301,0.6888,2.2105781515585622e-08,0.7177410228685596,0.7178,2.1075719269781297e-08,0.722741202020271,0.7228,2.138275722259578e-08,0.0027556379687256743,1.5755950453571767e-05,2.8276154130817218e-05,0.5773502691896258,1.632524519907467e-05,0.5773502691896258,1.632524519907467e-05,0.5773502691896258,1.632524519907467e-05
2552400000000,0.6927499714615432,0.693,1.7365341511168537e-05,0.6781350911094943,0.6779999999999999,1.2410466394011676e-05,0.6889919068674161,0.689,2.192584760408254e-06,0.7171350494421724,0.717,1.2852132772057534e-05,0.7229874477231205,0.723,2.1222931160141887e-06,0.002722567214720457,1.7365341511168537e-05,4.6942818553660196e-05,0.5773502691896258,2.7102448928475478e-05,0.5773502691896258,2.7102448928475478e-05,0.5773502691896258,2.7102448928475478e-05
2552700000000,0.6928540954514457,0.6928,3.79463184562997e-07,0.6778542578665853,0.6778,2.7603558612987093e-06,0.6895828578578392,0.6898,1.2222807557874266e-05,0.716854259458592,0.7168,2.759505520767596e-06,0.722854526863929,0.7228,6.183784182870119e-07,0.0025921295496575936,1.2222807557874266e-05,1.874051054279058e-05,0.5773502691896258,1.0819838806631163e-05,0.5773502691896258,1.0819838806631163e-05,0.5773502691896258,1.0819838806631163e-05
2553000000000,0.6922287653679386,0.692,1.3686319966863556e-05,0.6779427930690192,0.6779999999999999,2.743468724504306e-07,0.689942802460233,0.69,4.5346040877337405e-06,0.7169428320700648,0.717,2.7457876260872115e-07,0.7229428061986648,0.723,2.727634329486146e-07,0.0025600327352346443,1.3686319966863556e-05,1.904261312260506e-05,0.5773502691896258,1.0994257812409933e-05,0.5773502691896258,1.0994257812409933e-05,0.5773502691896258,1.0994257812409933e-05
2553300000000,0.6929394466020964,0.6931999999999999,1.7677373580438872e-05,0.6782644210062446,0.6781999999999999,3.6205585501365408e-06,0.6892659759499813,0.6891999999999999,1.6033294374282e-05,0.7162657151180819,0.7162,1.604705783319214e-05,0.7232644412533108,0.7232,3.6207187931996658e-06,0.0026896424333638725,1.7677373580438872e-05,5.699900313124922e-05,0.5773502691896258,3.2908389801367065e-05,0.5773502691896258,3.2908389801367065e-05,0.5773502691896258,3.2908389801367065e-05
2553600000000,0.6933401369869631,0.6934,5.619347458361156e-06,0.6783418454156439,0.6784,2.0980887097898242e-07,0.6893416165628413,0.6894,2.0025258098442444e-07,0.7163419022914796,0.7164,2.0315698866183725e-07,0.7226344882607966,0.7224,1.3889427047217025e-05,0.002992934729811696,1.3889427047217025e-05,2.0121992946203425e-05,0.5773502691896258,1.16174380441223e-05,0.5773502691896258,1.16174380441223e-05,0.5773502691896258,1.16174380441223e-05
2553900000000,0.6928978462764057,0.6928,6.846737542586303e-06,0.6778978440718441,0.6778,6.899801765362514e-06,0.689897666332952,0.6898,1.0821697139405694e-05,0.7174086968082241,0.7178,3.983176893345765e-05,0.7218979461875111,0.7218,1.8987297900186506e-05,0.003276195710551047,3.983176893345765e-05,8.338730328099867e-05,0.5773502691896258,4.8143681996281554e-05,0.5773502691896258,4.8143681996281554e-05,0.5773502691896258,4.8143681996281554e-05
2554200000000,0.6928929818668653,0.6928,8.281868061839755e-10,0.6778929818700019,0.6778,8.274352363827199e-10,0.6888944295223872,0.6888,3.522694343252816e-05,0.7184266248626097,0.7188,3.6266213336684454e-05,0.7218929818766433,0.7218,8.625533837351171e-10,0.003648187131463524,3.6266213336684454e-05,7.149567494463892e-05,0.5773502691896258,4.127804717518127e-05,0.5773502691896258,4.127804717518127e-05,0.5773502691896258,4.127804717518127e-05
2554500000000,0.6931342109271846,0.6931999999999999,2.0367010839888827e-06,0.6781276631679523,0.6781999999999999,1.927635906268058e-06,0.6884215478031674,0.6881999999999999,7.826599213028767e-06,0.7181863045258757,0.7182,2.0213852486769103e-06,0.7221291597392467,0.7222,1.952299397437482e-06,0.003572174028100973,7.826599213028767e-06,1.5764620849400102e-05,0.5773502691896258,9.101708091073536e-06,0.5773502691896258,9.101708091073536e-06,0.5773502691896258,9.101708091073536e-06
2554800000000,0.693533754927732,0.6936,5.587239293067318e-06,0.6775881972227794,0.6776,1.0185822710043108e-05,0.687817319430506,0.6876,1.277821742152064e-05,0.7185328953629702,0.7186,4.204382292523602e-06,0.7225277999847298,0.7226,5.561991586158471e-06,0.003132931906385677,1.277821742152064e-05,3.831765330331314e-05,0.5773502691896258,2.2122707449382597e-05,0.5773502691896258,2.2122707449382597e-05,0.5773502691896258,2.2122707449382597e-05
2555100000000,0.6932977781630777,0.6931999999999999,1.9489761709841448e-06,0.678047940483142,0.6781999999999999,7.397735290708438e-06,0.6873560722323244,0.6871999999999999,7.4462142240607355e-06,0.7182930691534897,0.7182,2.013081376382246e-06,0.7230051023283741,0.7232,7.973613453691699e-06,0.003204153191586036,7.973613453691699e-06,2.677962051582726e-05,0.5773502691896258,1.5461221113608895e-05,0.5773502691896258,1.5461221113608895e-05,0.5773502691896258,1.5461221113608895e-05
2555400000000,0.6939575685560666,0.6941999999999999,1.523631769381623e-05,0.6773930448159868,0.6771999999999999,1.5011091720050758e-05,0.6872178863653333,0.6871999999999999,6.683366842628975e-07,0.7182163857178193,0.7182,2.0581222571733138e-07,0.7232150992939991,0.7232,1.5434553950091569e-06,0.0032041489738326933,1.523631769381623e-05,3.266501371885637e-05,0.5773502691896258,1.885915446366455e-05,0.5773502691896258,1.885915446366455e-05,0.5773502691896258,1.885915446366455e-05
2555700000000,0.6946927418193316,0.6948,1.891679044568975e-05,0.6762263147988179,0.6758,4.7644062653706035e-05,0.6876932549686245,0.6878,7.909135814826796e-06,0.7186931652110219,0.7188,7.95615397984757e-06,0.7226945173264243,0.7228,9.485195473740388e-06,0.0030977137985240925,4.7644062653706035e-05,9.191133836781054e-05,0.5773502691896258,5.3065035948234204e-05,0.5773502691896258,5.3065035948234204e-05,0.5773502691896258,5.3065035948234204e-05
2556000000000,0.69505553356162,0.6952,4.60662468954211e-06,0.6762120784399229,0.6762,7.0935870105238024e-09,0.6880549059420161,0.6882,4.577699929427724e-06,0.7183374533602832,0.7182000000000001,4.428582226457856e-06,0.7223399631742958,0.7222000000000001,4.3998026377041715e-06,0.0032041426216039568,4.60662468954211e-06,1.8019803070142386e-05,0.5773502691896258,1.0403738153290753e-05,0.5773502691896258,1.0403738153290753e-05,0.5773502691896258,1.0403738153290753e-05
2556300000000,0.6945467046215652,0.6944,9.061741158304231e-06,0.6778131983249874,0.6784,8.972547102221418e-05,0.6885465579999628,0.6884,8.46026111291139e-06,0.7175467653295649,0.7174,2.1881564667244525e-05,0.7215467720822162,0.7214,2.202032379940767e-05,0.00299311526670555,8.972547102221418e-05,0.000151149361760082,0.5773502691896258,8.726612470002349e-05,0.5773502691896258,8.726612470002349e-05,0.5773502691896258,8.726612470002349e-05
2556600000000,0.6940034323795895,0.6938,1.0330065511545654e-05,0.6777562094854125,0.6778,1.1367047426345925e-07,0.688752597396945,0.6888,1.4858281588086337e-06,0.7177467522920458,0.7178,1.3998174806819825e-06,0.7217409063887696,0.7218,1.3190845143347713e-06,0.0027556293266614348,1.0330065511545654e-05,1.46484661396345e-05,0.5773502691896258,8.457295868933098e-06,0.5773502691896258,8.457295868933098e-06,0.5773502691896258,8.457295868933098e-06
2556900000000,0.6937238114455495,0.6936,2.7365753363689227e-06,0.6791045403572311,0.6796,6.362986489647116e-05,0.6887237843567571,0.6886,2.905669497059623e-08,0.7167240822442775,0.7166,3.6604890931080095e-05,0.7217237802694861,0.7216,1.0265638659950586e-08,0.0020165534627067877,6.362986489647116e-05,0.00010301065349755073,0.5773502691896258,5.947322852621019e-05,0.5773502691896258,5.947322852621019e-05,0.5773502691896258,5.947322852621019e-05
2557200000000,0.6940571575059068,0.6942,3.889185858450338e-06,0.6769769490997756,0.6762,0.00015843255955804377,0.6880572088347321,0.6882,1.5551302429700675e-05,0.7188515290070517,0.7192000000000001,0.0001584110404953463,0.72205715311602,0.7222000000000001,3.889810918213963e-06,0.002073993210403508,0.00015843255955804377,0.000340173899259755,0.5773502691896258,0.00019639949230890422,0.5773502691896258,0.00019639949230890422,0.5773502691896258,0.00019639949230890422
2557500000000,0.6952135878357885,0.6953999999999999,4.6806588775457464e-05,0.6758228271661361,0.6753999999999999,4.661991031977281e-05,0.6873211951205065,0.6873999999999999,1.896006656348586e-05,0.7193211949151416,0.7193999999999999,7.72051228276468e-06,0.7223211949608325,0.7223999999999999,2.440133353418388e-06,0.0024965160815464066,4.6806588775457464e-05,0.00012254721129489922,0.5773502691896258,7.075266542954803e-05,0.5773502691896258,7.075266542954803e-05,0.5773502691896258,7.075266542954803e-05
2557800000000,0.694898732938561,0.6948000000000001,3.469676220784666e-06,0.674900108772729,0.6748000000000001,2.9799323173610598e-05,0.6878982648662403,0.6878000000000001,1.1655332200444283e-05,0.7188987742444475,0.7188000000000001,6.245372806037577e-06,0.7234041149110174,0.7238000000000001,4.104504664779983e-05,0.002592198091046812,4.104504664779983e-05,9.221475104867697e-05,0.5773502691896258,5.324021134120798e-05,0.5773502691896258,5.324021134120798e-05,0.5773502691896258,5.324021134120798e-05
2558100000000,0.6940943240424776,0.6938,2.264757852343134e-05,0.6747349411520236,0.6748,9.548120025318728e-07,0.6887010365926761,0.6888,2.2555485566767035e-05,0.7187349076853521,0.7188,9.398287216417443e-07,0.7237347897718076,0.7238,3.827105224551454e-06,0.0021316545932828345,2.264757852343134e-05,5.0924810038923446e-05,0.5773502691896258,2.940145278440301e-05,0.5773502691896258,2.940145278440301e-05,0.5773502691896258,2.940145278440301e-05
2558400000000,0.6930004409668993,0.6926,4.1880306406285414e-05,0.6754997954408964,0.6756,2.047507291225184e-05,0.6885000285661365,0.6886,1.4141479356679294e-06,0.7185000172728829,0.7186,1.9310727054475837e-06,0.7244997165237419,0.7246,2.047895275386609e-05,0.002016500255681457,4.1880306406285414e-05,8.617955271351886e-05,0.5773502691896258,4.975578795779167e-05,0.5773502691896258,4.975578795779167e-05,0.5773502691896258,4.975578795779167e-05
2558700000000,0.6927518473426537,0.6928000000000001,2.162957650544051e-06,0.67575011284709,0.6758000000000001,2.1930581345208645e-06,0.688749851809648,0.6888000000000001,2.184407854951684e-06,0.717988446459537,0.7178000000000001,9.15966439736075e-06,0.7247597400996713,0.7248000000000001,2.366429101368169e-06,0.001988122268235039,9.15966439736075e-06,1.8066517138745522e-05,0.5773502691896258,1.0430708533373716e-05,0.5773502691896258,1.0430708533373716e-05,0.5773502691896258,1.0430708533373716e-05
2559000000000,0.6934966313961844,0.6933999999999999,1.941461502377848e-05,0.676957820252463,0.6773999999999999,5.104950119474872e-05,0.688496632255498,0.6883999999999999,2.2442049911379063e-06,0.717496632440805,0.7173999999999999,8.465836015746039e-06,0.7235522836428355,0.7233999999999999,5.102828833040046e-05,0.0012770233635186132,5.104950119474872e-05,0.0001322024455558116,0.5773502691896258,7.632711752917468e-05,0.5773502691896258,7.632711752917468e-05,0.5773502691896258,7.632711752917468e-05
2559300000000,0.6936079108233583,0.6935999999999999,4.334088819246417e-07,0.6776079088456671,0.6775999999999999,1.4791531265495078e-05,0.6877304916103318,0.6875999999999999,2.05440020861442e-05,0.7167324696302436,0.7165999999999999,2.0438068036575915e-05,0.7243212190826035,0.7245999999999999,2.069415986859067e-05,0.001254456210271707,2.069415986859067e-05,7.690117013873051e-05,0.5773502691896258,4.439891128059328e-05,0.5773502691896258,4.439891128059328e-05,0.5773502691896258,4.439891128059328e-05
2559600000000,0.6933381544258741,0.6934,2.5468979894272484e-06,0.6773380009320413,0.6774,2.549759864324127e-06,0.6883379521496793,0.6884,1.2915290740250732e-05,0.7173379360647805,0.7174,1.2830636117276794e-05,0.7236479563367794,0.7234,1.5864895372012765e-05,0.0016384384288117405,1.5864895372012765e-05,4.670748008329167e-05,0.5773502691896258,2.6966576199257533e-05,0.5773502691896258,2.6966576199257533e-05,0.5773502691896258,2.6966576199257533e-05
2559900000000,0.693441407159936,0.6934,3.731394481937574e-07,0.6765597231188594,0.6764,2.1200072407195288e-05,0.688441407168083,0.6884,3.746029291518288e-07,0.7181160553617043,0.7184,2.1191437408583808e-05,0.7234414071909724,0.7234,1.493189237175728e-06,0.002044955639859844,2.1200072407195288e-05,4.463244143030041e-05,0.5773502691896258,2.576855207437415e-05,0.5773502691896258,2.576855207437415e-05,0.5773502691896258,2.576855207437415e-05
2560200000000,0.6937200920811509,0.6938,2.7182849859407266e-06,0.6760063101838799,0.6758,1.0719305681090226e-05,0.688712189491349,0.6888,2.5663073307675864e-06,0.7186389031762994,0.7188,9.567944302940762e-06,0.7229219431180693,0.7228,9.444502306295592e-06,0.001849664026101408,1.0719305681090226e-05,3.5016344607034895e-05,0.5773502691896258,2.02166959849083e-05,0.5773502691896258,2.02166959849083e-05,0.5773502691896258,2.02166959849083e-05
2560500000000,0.6934767856455935,0.6934,2.0719307554289763e-06,0.675557861484516,0.6754,7.03871825864077e-06,0.6891979280843222,0.6894,8.257969324624894e-06,0.7184566571137438,0.7184,1.162476956095291e-06,0.7233067615275373,0.7234,5.182982289289503e-06,0.0017690483398300632,8.257969324624894e-06,2.3714077584079434e-05,0.5773502691896258,1.3691329076751934e-05,0.5773502691896258,1.3691329076751934e-05,0.5773502691896258,1.3691329076751934e-05
2560800000000,0.6929913282242967,0.6928000000000001,8.248411776224778e-06,0.6757457210319934,0.6758000000000001,1.2351923352438634e-06,0.688767483150496,0.6888000000000001,6.4848994369845195e-06,0.7187294741491294,0.7188000000000001,2.605019717878825e-06,0.7237659487101336,0.7238000000000001,7.379850403125439e-06,0.0014641244542752461,8.248411776224778e-06,2.5953373669457424e-05,0.5773502691896258,1.4984187274440192e-05,0.5773502691896258,1.4984187274440192e-05,0.5773502691896258,1.4984187274440192e-05
2561100000000,0.6921184190554585,0.6918,2.6668964596462807e-05,0.675747741765774,0.6758,1.429177754275212e-10,0.6887477757902859,0.6888,1.3593301625722369e-08,0.7187477083034334,0.7188,1.163695341139822e-08,0.7246383540361531,0.7248,2.6638186850352246e-05,0.001587667882844737,2.6668964596462807e-05,5.33325246196276e-05,0.5773502691896258,3.0791547445704346e-05,0.5773502691896258,3.0791547445704346e-05,0.5773502691896258,3.0791547445704346e-05
2561400000000,0.691952464937553,0.692,9.639269237419434e-07,0.6752002485014251,0.6749999999999999,1.0491210607758977e-05,0.6889499850187695,0.689,1.43110002293728e-06,0.718949012155418,0.719,1.4183134288340393e-06,0.724948287361543,0.725,3.362053316555132e-06,0.0021025251259834993,1.0491210607758977e-05,1.766660429982737e-05,0.5773502691896258,1.0199818748171935e-05,0.5773502691896258,1.0199818748171935e-05,0.5773502691896258,1.0199818748171935e-05
2561700000000,0.6923396133759218,0.6924,5.245936966597231e-06,0.6746133255932243,0.6744,1.205674750598251e-05,0.6883676480740056,0.6884,1.1869071103290901e-05,0.719339817749077,0.7194,5.3455154212308536e-06,0.7253395947661291,0.7254,5.359251970935163e-06,0.0020449287484788727,1.205674750598251e-05,3.987652296803666e-05,0.5773502691896258,2.3022721269942265e-05,0.5773502691896258,2.3022721269942265e-05,0.5773502691896258,2.3022721269942265e-05
2562000000000,0.6926849217167015,0.6928,4.173324757421668e-06,0.6747442781498596,0.6748,6.002000231263509e-07,0.688693893502103,0.6888,3.72526277740454e-06,0.7189365748901867,0.7188,5.691168113609727e-06,0.7249359716023995,0.7248,5.701908040466776e-06,0.0021317596898025163,5.701908040466776e-06,1.989186371202906e-05,0.5773502691896258,1.1484572868823327e-05,0.5773502691896258,1.1484572868823327e-05,0.5773502691896258,1.1484572868823327e-05
2562300000000,0.6925110403616147,0.6926,1.0582153976385224e-06,0.6755095931284569,0.6756,2.0499745576290175e-05,0.6885110695654079,0.6886,1.1698607140044027e-06,0.7195102093767861,0.7196,1.1516978347566183e-05,0.7239580765908704,0.7236,3.346975287507364e-05,0.0018769804392874837,3.346975287507364e-05,6.771455291057293e-05,0.5773502691896258,3.909501535097444e-05,0.5773502691896258,3.909501535097444e-05,0.5773502691896258,3.909501535097444e-05
2562600000000,0.6930669534961097,0.6931999999999999,1.0816379458641557e-05,0.67523670245453,0.6751999999999999,2.6064261970694196e-06,0.6890595980772193,0.6891999999999999,1.0530923489451757e-05,0.7192367018530514,0.7192,2.6182227938815434e-06,0.7234000441019488,0.7232,1.0899009054221696e-05,0.0020736400633991642,1.0899009054221696e-05,3.747096099326597e-05,0.5773502691896258,2.1633869416256075e-05,0.5773502691896258,2.1633869416256075e-05,0.5773502691896258,2.1633869416256075e-05
2562900000000,0.6936090450527755,0.6938000000000001,1.0285213953294037e-05,0.6757791824743433,0.6758000000000001,1.0299960016381355e-05,0.688863246741268,0.6888000000000001,1.3493846495451896e-06,0.7188687945432394,0.7188000000000001,4.737452601460291e-06,0.7228797270420999,0.7228000000000001,9.475544496942985e-06,0.001988126110125894,1.0299960016381355e-05,3.614755571762385e-05,0.5773502691896258,2.086980102411713e-05,0.5773502691896258,2.086980102411713e-05,0.5773502691896258,2.086980102411713e-05
2563200000000,0.6939409730707138,0.6940000000000001,3.856167318234377e-06,0.6759409731542464,0.676,9.161678436224551e-07,0.688940973318445,0.6890000000000001,2.1144972798767826e-07,0.7189409735083636,0.7190000000000001,1.8234310522420175e-07,0.7222361069468136,0.7220000000000001,1.4498638946971669e-05,0.0018225348415948158,1.4498638946971669e-05,1.966476694204038e-05,0.5773502691896258,1.1353458487538269e-05,0.5773502691896258,1.1353458487538269e-05,0.5773502691896258,1.1353458487538269e-05
2563500000000,0.6936735901284063,0.6936,2.502277324294376e-06,0.6764086848942055,0.6766,7.656399509344114e-06,0.6886788553478373,0.6886,2.404704068040641e-06,0.7186608844676428,0.7186,2.745745475617497e-06,0.7225772301151696,0.7226,4.072775559623127e-06,0.0017424461634982138,7.656399509344114e-06,1.9381901936919753e-05,0.5773502691896258,1.1190146300687549e-05,0.5773502691896258,1.1190146300687549e-05,0.5773502691896258,1.1190146300687549e-05
2563800000000,0.693664355603284,0.6935999999999999,2.984675898241858e-09,0.6756808936674837,0.6755999999999999,1.853880243925923e-05,0.6886643549849872,0.6885999999999999,7.359118297471475e-09,0.7186643553587823,0.7185999999999999,4.216479855793152e-10,0.7233260403680187,0.7235999999999999,1.9625087817018664e-05,0.0018769470117206465,1.9625087817018664e-05,3.817465569845918e-05,0.5773502691896258,2.2040147743726693e-05,0.5773502691896258,2.2040147743726693e-05,0.5773502691896258,2.2040147743726693e-05
2564100000000,0.6934546766805396,0.6933999999999999,1.538783772513409e-06,0.6762056876180041,0.6763999999999999,9.639304167598576e-06,0.6884564471223407,0.6883999999999999,1.5128987772593116e-06,0.7184581673199685,0.7183999999999999,1.4879727572455722e-06,0.7234236684448441,0.7233999999999999,3.3359344846150804e-07,0.0017689599232360606,9.639304167598576e-06,1.4512552923078377e-05,0.5773502691896258,8.378826336767992e-06,0.5773502691896258,8.378826336767992e-06,0.5773502691896258,8.378826336767992e-06
2564400000000,0.6936888190343224,0.6938000000000001,1.9187924642237225e-06,0.6766887978693583,0.6768000000000001,8.168843023722076e-06,0.6886888184838716,0.6888000000000001,1.8898757380916625e-06,0.7172447658117763,0.7168000000000001,5.1532012702905114e-05,0.7236887979219062,0.7238000000000001,2.460277386253582e-06,0.001716223658513649,5.1532012702905114e-05,6.596980131519617e-05,0.5773502691896258,3.808768254771464e-05,0.5773502691896258,3.808768254771464e-05,0.5773502691896258,3.808768254771464e-05
2564700000000,0.6923064245515701,0.6918000000000001,6.688550770804452e-05,0.6756892564666248,0.6758000000000001,3.496790555224626e-05,0.6886892558813212,0.6888000000000001,6.696078511867221e-12,0.7186258078269858,0.7188000000000001,6.675469667208702e-05,0.724689255266718,0.7248000000000001,3.503202145757572e-05,0.001716261800940398,6.688550770804452e-05,0.00020364013808603202,0.5773502691896258,0.00011757168854178316,0.5773502691896258,0.00011757168854178316,0.5773502691896258,0.00011757168854178316
2565000000000,0.6922532964726529,0.6921999999999999,9.879074693020056e-08,0.6752788677266615,0.6751999999999999,5.894662126104775e-06,0.6883287221331349,0.6881999999999999,4.549460425345253e-06,0.7190401849768188,0.7192,6.009794780628628e-06,0.7250988690183825,0.7252,5.872419894342869e-06,0.002073632417732134,6.009794780628628e-06,2.2425127973351727e-05,0.5773502691896258,1.2947153672026428e-05,0.5773502691896258,1.2947153672026428e-05,0.5773502691896258,1.2947153672026428e-05
2565300000000,0.6921953517686308,0.6921999999999999,1.1751560534728608e-07,0.6751968952307379,0.6751999999999999,2.3518215307786485e-07,0.688986613416133,0.6891999999999999,1.5148732908570598e-05,0.7191809995355133,0.7192,6.940058979116759e-07,0.7244400318391997,0.7242,1.5192325003574347e-05,0.002371655103552037,1.5192325003574347e-05,3.138776156848177e-05,0.5773502691896258,1.8121732590822744e-05,0.5773502691896258,1.8121732590822744e-05,0.5773502691896258,1.8121732590822744e-05
2565600000000,0.6929164853544831,0.6930000000000001,1.820117770254948e-05,0.675915804473322,0.676,1.808906746755002e-05,0.6882639813254221,0.6880000000000001,1.827689984838142e-05,0.7189518635763887,0.7190000000000001,1.8376150717374444e-06,0.7239518652568596,0.7240000000000001,8.340731423975695e-06,0.0025600441923286157,1.827689984838142e-05,6.474549151419406e-05,0.5773502691896258,3.738082695453457e-05,0.5773502691896258,3.738082695453457e-05,0.5773502691896258,3.738082695453457e-05
2565900000000,0.693863834310389,0.6941999999999999,3.14114515489579e-05,0.6753118070820133,0.6751999999999999,1.276844970476896e-05,0.6882633823599459,0.6881999999999999,1.2556587459507372e-11,0.7183162126577829,0.7182,1.414182316135594e-05,0.7242441831473714,0.7242,2.990741218963623e-06,0.0028561921104815896,3.14114515489579e-05,6.131247819063387e-05,0.5773502691896258,3.539877578804553e-05,0.5773502691896258,3.539877578804553e-05,0.5773502691896258,3.539877578804553e-05
2566200000000,0.69482731093768,0.6950000000000001,3.249005239676247e-05,0.6759401831198018,0.676,1.3819975570333809e-05,0.6879401844109335,0.6880000000000001,3.655991998602997e-06,0.7173521371265562,0.7170000000000001,3.2530457046850346e-05,0.7239401843978924,0.7240000000000001,3.234533388966808e-06,0.0027225822782046137,3.2530457046850346e-05,8.573101040151644e-05,0.5773502691896258,4.9496821933214126e-05,0.5773502691896258,4.9496821933214126e-05,0.5773502691896258,4.9496821933214126e-05
2566500000000,0.6953346458064379,0.6954,9.00860341701476e-06,0.6763351236260087,0.6764,5.459230120504238e-06,0.6873413405655505,0.6874,1.2551488290358504e-05,0.7166541080920983,0.7164,1.705355865311923e-05,0.7243347753335659,0.7244,5.449570228049394e-06,0.0023409405743476364,1.705355865311923e-05,4.952245070904612e-05,0.5773502691896258,2.8591800247797754e-05,0.5773502691896258,2.8591800247797754e-05,0.5773502691896258,2.8591800247797754e-05
2566800000000,0.6943574671454726,0.694,3.3420734740604365e-05,0.6759110067204327,0.6759999999999999,6.2956302358369905e-06,0.6879105391563827,0.688,1.1339546253185844e-05,0.716910613390635,0.717,2.3028238862092953e-06,0.724910371381648,0.725,1.1595878369870807e-05,0.0021025799284882384,3.3420734740604365e-05,6.49546134857073e-05,0.5773502691896258,3.7501563581081216e-05,0.5773502691896258,3.7501563581081216e-05,0.5773502691896258,3.7501563581081216e-05
2567100000000,0.6938035020252508,0.6935999999999999,1.0740707404785376e-05,0.6756544816765158,0.6755999999999999,2.3031784354804558e-06,0.6884478171533533,0.6885999999999999,1.0103367611008736e-05,0.717442904099244,0.7175999999999999,9.916668946503403e-06,0.7246511837260186,0.7245999999999999,2.351238429074874e-06,0.0018769504700785246,1.0740707404785376e-05,3.5415160826852845e-05,0.5773502691896258,2.0446952636777382e-05,0.5773502691896258,2.0446952636777382e-05,0.5773502691896258,2.0446952636777382e-05
2567400000000,0.6928973712257327,0.6928,2.8737555904233852e-05,0.6748894321675297,0.6748,2.0485526291992206e-05,0.6888887021155582,0.6888,6.8032842464428995e-06,0.7184356642056169,0.7188,3.449504200818919e-05,0.7248888282193247,0.7248,1.9766216819549467e-06,0.00198818304744646,3.449504200818919e-05,9.249803013281311e-05,0.5773502691896258,5.340376259668977e-05,0.5773502691896258,5.340376259668977e-05,0.5773502691896258,5.340376259668977e-05
2567700000000,0.6928278542154683,0.6928000000000001,1.6914151506334844e-07,0.6748439072138688,0.6748000000000001,7.2538249204098e-08,0.6888321322803699,0.6888000000000001,1.1200511886315418e-07,0.7186677989523783,0.7188000000000001,1.8860289228896888e-06,0.7248277077284044,0.7248000000000001,1.307500043615e-07,0.002280129098716906,1.8860289228896888e-06,2.3704638103817893e-06,0.5773502691896258,1.3685879190281922e-06,0.5773502691896258,1.3685879190281922e-06,0.5773502691896258,1.3685879190281922e-06
2568000000000,0.6927169565113274,0.6926,4.3044052743080645e-07,0.6761299868016039,0.6766,5.7890024709609016e-05,0.6887169682135061,0.6886,4.641966803808407e-07,0.7187168780194643,0.7186,8.430641891096964e-08,0.7237192058357026,0.7236,4.300717561432473e-05,0.0018770381981929808,5.7890024709609016e-05,0.00010187614395065637,0.5773502691896258,5.8818219133912525e-05,0.5773502691896258,5.8818219133912525e-05,0.5773502691896258,5.8818219133912525e-05
2568300000000,0.6927178844185895,0.6925999999999999,3.013541604950872e-11,0.67793862719499,0.6785999999999999,0.00011449130254057766,0.689717883045174,0.6895999999999999,3.506406750884488e-05,0.7169077195122964,0.7165999999999999,0.00011455690764202898,0.7227178857944764,0.7225999999999999,3.509246387364454e-05,0.0011451868984849757,0.00011455690764202898,0.0002992047717005121,0.5773502691896258,0.0001727459554841112,0.5773502691896258,0.0001727459554841112,0.5773502691896258,0.0001727459554841112
2568600000000,0.6929524210535281,0.6930000000000001,1.9252601594905126e-06,0.6779535085427738,0.678,7.750907915209201e-09,0.6891915791064002,0.6890000000000001,9.694854258910106e-06,0.7169527229134093,0.7170000000000001,7.088571391052692e-08,0.7229497489948006,0.7230000000000001,1.8816190282603115e-06,0.001690023448142384,9.694854258910106e-06,1.3580370068486667e-05,0.5773502691896258,7.840630314735515e-06,0.5773502691896258,7.840630314735515e-06,0.5773502691896258,7.840630314735515e-06
2568900000000,0.6932286769621607,0.6934,2.671106446906215e-06,0.6760852923667466,0.6754,0.00012215810881293547,0.6892286769914958,0.6894,4.8168857749950144e-08,0.7172286769625146,0.7174,2.6652723026163243e-06,0.7242286767119706,0.7244,5.7247963701096154e-05,0.0017691935161542945,0.00012215810881293547,0.00018479062012130413,0.5773502691896258,0.00010668891427075283,0.5773502691896258,0.00010668891427075283,0.5773502691896258,0.00010668891427075283
2569200000000,0.6935621338312274,0.6936,3.891771923472223e-06,0.6749959328908745,0.6746,4.15346423685384e-05,0.6885621397865871,0.6886,1.554951459346369e-05,0.7175621339188422,0.7176,3.891773960313933e-06,0.7253176595161873,0.7256,4.1505924175793303e-05,0.0020165203916411305,4.15346423685384e-05,0.00010637362702158154,0.5773502691896258,6.141484219558696e-05,0.5773502691896258,6.141484219558696e-05,0.5773502691896258,6.141484219558696e-05
2569500000000,0.6941751126519417,0.6944,1.3151006212546214e-05,0.6744562231272485,0.6744,1.0195032013360865e-05,0.6884562211748675,0.6884,3.9265633080127363e-07,0.7174562213888988,0.7174,3.926112399654674e-07,0.7254562216548088,0.7254,6.719813190778477e-07,0.0024964316090200643,1.3151006212546214e-05,2.4803287115751668e-05,0.5773502691896258,1.4320184493066805e-05,0.5773502691896258,1.4320184493066805e-05,0.5773502691896258,1.4320184493066805e-05
2569800000000,0.6942499293450968,0.6941999999999999,1.9591381511336856e-07,0.6742499282758188,0.6741999999999999,1.4895148004248753e-06,0.6882499322296197,0.6881999999999999,1.4894295126002797e-06,0.7180002965160246,0.7182,1.0360621038495063e-05,0.725249913606788,0.7252,1.4897053737353155e-06,0.0026896249267989057,1.0360621038495063e-05,1.5025184540368903e-05,0.5773502691896258,8.674794339005791e-06,0.5773502691896258,8.674794339005791e-06,0.5773502691896258,8.674794339005791e-06
2570100000000,0.6948426374294103,0.6948000000000001,1.2295600562372485e-05,0.6738585724948091,0.6738000000000001,5.360577156539477e-06,0.6878563010791037,0.6878000000000001,5.423091892980608e-06,0.718585407946077,0.7188000000000001,1.198243849522688e-05,0.7248570791398532,0.7248000000000001,5.401162144419097e-06,0.002755628926575219,1.2295600562372485e-05,4.046287025153855e-05,0.5773502691896258,2.3361249031910685e-05,0.5773502691896258,2.3361249031910685e-05,0.5773502691896258,2.3361249031910685e-05
2570400000000,0.6943773763565229,0.6942,7.576375308053937e-06,0.6741553021653404,0.6742,3.0816974080763333e-06,0.6881546241676428,0.6882,3.1148832804441315e-06,0.7181787264171704,0.7182000000000001,5.788645308381903e-06,0.7251339352569988,0.7252000000000001,2.6827258360321198e-06,0.0028561213726827914,7.576375308053937e-06,2.2244327140988424e-05,0.5773502691896258,1.2842768262791768e-05,0.5773502691896258,1.2842768262791768e-05,0.5773502691896258,1.2842768262791768e-05
2570700000000,0.6942212921920081,0.6942,8.526793244292105e-07,0.6749202525627818,0.6752,2.0480218869101432e-05,0.6882203252068024,0.6882,1.510819291327657e-07,0.7174181719021221,0.7172000000000001,2.0245510962612746e-05,0.7252199477350917,0.7252000000000001,2.589351235689933e-07,0.0022201638709511322,2.0480218869101432e-05,4.198842620884515e-05,0.5773502691896258,2.424202917452549e-05,0.5773502691896258,2.424202917452549e-05,0.5773502691896258,2.424202917452549e-05
2571000000000,0.6944914158478711,0.6946,2.5538376309874718e-06,0.675491307073112,0.6756,1.141361388189777e-05,0.6870347228202706,0.6866,4.9197855663252286e-05,0.7174913574385633,0.7176,1.8746429604651953e-07,0.7254911928109998,0.7256,2.5750861921545213e-06,0.0017425182212481571,4.9197855663252286e-05,6.592785766433856e-05,0.5773502691896258,3.8063466369601206e-05,0.5773502691896258,3.8063466369601206e-05,0.5773502691896258,3.8063466369601206e-05
2571300000000,0.6944282807366101,0.6944,1.3951147958782594e-07,0.6754250822533587,0.6754,1.5350043629735334e-07,0.6872904532542738,0.6874,2.288931920642839e-06,0.7174165129918437,0.7174,1.960591921665419e-07,0.7254389296590608,0.7254,9.560029677121841e-08,0.0015129258399825016,2.288931920642839e-06,2.8736033254657783e-06,0.5773502691896258,1.659075653501871e-06,0.5773502691896258,1.659075653501871e-06,0.5773502691896258,1.659075653501871e-06
2571600000000,0.694993091063996,0.6951999999999999,1.1165374707260572e-05,0.67525185750203,0.6751999999999999,1.0502385065517402e-06,0.6872513552151872,0.6871999999999999,5.350298311470956e-08,0.7172518564435854,0.7172,9.48912260952614e-07,0.7252518397434963,0.7252,1.225092277707437e-06,0.0016641267579760857,1.1165374707260572e-05,1.4443120735587073e-05,0.5773502691896258,8.338739644629463e-06,0.5773502691896258,8.338739644629463e-06,0.5773502691896258,8.338739644629463e-06
2571900000000,0.6954770373625883,0.6954,8.197140697240716e-06,0.6744770382786272,0.6744,2.101206901340997e-05,0.6864770380265426,0.6864,2.0984848802068014e-05,0.7180918489274465,0.7184,2.4695558053011645e-05,0.7254770374036991,0.7254,1.7749895156284202e-06,0.0020449593482084693,2.4695558053011645e-05,7.666460608135878e-05,0.5773502691896258,4.4262330958389116e-05,0.5773502691896258,4.4262330958389116e-05,0.5773502691896258,4.4262330958389116e-05
2572200000000,0.6955413482262025,0.6956000000000001,1.4475605125836218e-07,0.6745413402644258,0.6746000000000001,1.4471608821775945e-07,0.6865413476067126,0.6866000000000001,1.4475027355749295e-07,0.7185410147379003,0.7186000000000001,7.061247384823058e-06,0.7248349481036577,0.7246000000000001,1.4429753422967608e-05,0.0026244345348651445,1.4429753422967608e-05,2.1925223220824282e-05,0.5773502691896258,1.2658533528585535e-05,0.5773502691896258,1.2658533528585535e-05,0.5773502691896258,1.2658533528585535e-05
2572500000000,0.6948845424117712,0.6948,1.509878572547592e-05,0.6748845386924416,0.6748,4.122480634737552e-06,0.6874618371740006,0.6878,2.965553652200936e-05,0.717884542333262,0.7178,1.508346063180509e-05,0.7248845393681553,0.7248,8.607527300669574e-08,0.0025921714719647263,2.965553652200936e-05,6.404633878703463e-05,0.5773502691896258,3.697717093930442e-05,0.5773502691896258,3.697717093930442e-05,0.5773502691896258,3.697717093930442e-05
2572800000000,0.6940243109915887,0.6938,2.5899933369424712e-05,0.6766031011359519,0.6768,0.0001033709905285455,0.6891809596919367,0.6898,0.00010343837810863019,0.7170243111658503,0.7168,2.589991814852979e-05,0.7231673148195954,0.7228,0.00010321010525619076,0.0009219288077266948,0.00010343837810863019,0.0003618193254113209,0.5773502691896258,0.00020889648492423496,0.5773502691896258,0.00020889648492423496,0.5773502691896258,0.00020889648492423496
2573100000000,0.6940105291884809,0.6938,6.647833391515473e-09,0.6785302258504413,0.6788,0.00012998333828185676,0.6911080961323424,0.6918,0.0001299849200978779,0.7151078863679564,0.7148,0.00012854394020939225,0.7212432562941757,0.7208,0.00012957004232340248,0.0003140436199414302,0.0001299849200978779,0.0005180888887459209,0.5773502691896258,0.00029911875938161154,0.5773502691896258,0.00029911875938161154,0.5773502691896258,0.00029911875938161154
2573400000000,0.6932886739298351,0.6936,1.8237625505214656e-05,0.6812885873557503,0.6816000000000001,0.00026629953678895867,0.694288027770713,0.6946,0.00035391878286486223,0.7132886759035251,0.7136,0.00011583343498637751,0.7178459928975202,0.7166,0.00040394895051895353,1.3703415683255004e-06,0.00040394895051895353,0.0011582383306643666,0.5773502691896258,0.0006687092119948149,0.5773502691896258,0.0006687092119948149,0.5773502691896258,0.0006687092119948149
2573700000000,0.6735281640009682,0.668,0.013666721342709671,0.6630004111259263,0.663,0.011706008643458393,0.6760004001349792,0.676,0.011705306359013875,0.6935281657760972,0.688,0.013666721617366259,0.698085430286912,0.691,0.013666794214071853,5.566226837471767e-05,0.013666794214071853,0.06441155217662005,0.5773502691896258,0.03718802698809322,0.5773502691896258,0.03718802698809322,0.5773502691896258,0.03718802698809322
2574000000000,0.6521790138027072,0.651,0.015952517496576772,0.649000002119185,0.649,0.006860400832461577,0.6600000032548946,0.66,0.008960444511207722,0.6721790012435654,0.666,0.015952538918298943,0.6767362624787947,0.669,0.015952543813470235,4.970994352788901e-05,0.015952543813470235,0.06367844557201525,0.5773502691896258,0.03676476769257995,0.5773502691896258,0.03676476769257995,0.5773502691896258,0.03676476769257995
2574300000000,0.6460000816512574,0.646,0.0013362720886276637,0.6450000439368232,0.645,0.0005599882911224985,0.6550000550842888,0.655,0.0008749818598060442,0.6625076446569437,0.659,0.003273729837895731,0.6670649394149099,0.664,0.0032737071432110874,1.0848712334042335e-05,0.003273729837895731,0.009318679220663026,0.5773502691896258,0.0053801419565415705,0.5773502691896258,0.0053801419565415705,0.5773502691896258,0.0053801419565415705
2574600000000,0.6489374978883805,0.65,0.0003019944952539988,0.6479374901650375,0.649,0.0003020006620277742,0.6579295442893647,0.658,0.00030036674509295824,0.6610000768326021,0.661,7.954662607465044e-05,0.6670000350939728,0.667,1.4743998067065357e-07,1.1314009504419406e-06,0.0003020006620277742,0.0009840559684300525,0.5773502691896258,0.0005681449782707487,0.5773502691896258,0.0005681449782707487,0.5773502691896258,0.0005681449782707487
2574900000000,0.6512045666347168,0.652,0.000179886024521521,0.6502044360716689,0.651,0.0001798665310257415,0.6599997232396976,0.66,0.00014999743102405019,0.663266164890051,0.664,0.0001797304279439351,0.6692667155603508,0.67,0.0001798244117830876,1.1709281586446918e-06,0.000179886024521521,0.0008693048262983353,0.5773502691896258,0.0005018933754711849,0.5773502691896258,0.0005018933754711849,0.5773502691896258,0.0005018933754711849
2575200000000,0.6539999942432441,0.654,0.00027350454300807247,0.653999987633353,0.654,0.0005042174080090903,0.6639999860211825,0.664,0.0005600735812326683,0.6696662782541611,0.672,0.0014336507875711566,0.6756667955793193,0.677,0.0014336358487220047,3.611845607352766e-06,0.0014336507875711566,0.004205082168542993,0.5773502691896258,0.0024278053219727925,0.5773502691896258,0.0024278053219727925,0.5773502691896258,0.0024278053219727925
2575500000000,0.6669999947491678,0.667,0.005915000460390629,0.6639999995914758,0.664,0.003500008370690989,0.6779991426026885,0.678,0.006859173474773265,0.6838352700344962,0.689,0.007026611482492066,0.689835812181594,0.693,0.007026636101643716,1.834326045093966e-05,0.007026636101643716,0.030327429889990667,0.5773502691896258,0.017509549810815615,0.5773502691896258,0.017509549810815615,0.5773502691896258,0.017509549810815615
2575800000000,0.6819999011748178,0.682,0.00787490174723893,0.6759999505676465,0.676,0.0050399588200674885,0.6939998428763354,0.694,0.008960784323648021,0.7029949911957692,0.71,0.012848322024220725,0.708995475299595,0.712,0.012848244177835061,2.9048658529795775e-05,0.012848322024220725,0.04757221109301023,0.5773502691896258,0.02746582888049516,0.5773502691896258,0.02746582888049516,0.5773502691896258,0.02746582888049516
2576100000000,0.687336743193639,0.6859999999999999,0.0009968658956849554,0.679336743593729,0.678,0.0003896965694619422,0.6993367427861975,0.698,0.000996887522676006,0.7139946892907345,0.718,0.004234767536313383,0.7199950777956264,0.72,0.004234693927474577,0.00013320161597222402,0.004234767536313383,0.010852911451610863,0.5773502691896258,0.0062659313480787045,0.5773502691896258,0.0062659313480787045,0.5773502691896258,0.0062659313480787045
2576400000000,0.687222838452063,0.6869999999999999,4.54100155372503e-07,0.6756701475083402,0.6749999999999999,0.0004705374398685898,0.6972228669301523,0.697,0.000156396489716974,0.7176613426873047,0.719,0.000470552149570303,0.7222228024063453,0.722,0.00017369649294208595,0.0004236950605254822,0.000470552149570303,0.001271636672253325,0.5773502691896258,0.0007341797750368572,0.5773502691896258,0.0007341797750368572,0.5773502691896258,0.0007341797750368572
2576700000000,0.6872167226214648,0.6872,1.3091184366948845e-09,0.6753135010629929,0.6752,4.45188404425964e-06,0.6972137750644811,0.6972,2.893170748421533e-09,0.7180494013674215,0.7182000000000001,5.270633872487297e-06,0.7222065200474832,0.7222000000000001,9.279032353980457e-09,0.0005476192187495755,5.270633872487297e-06,9.735999238286035e-06,0.5773502691896258,5.621081781054435e-06,0.5773502691896258,5.621081781054435e-06,0.5773502691896258,5.621081781054435e-06
2577000000000,0.6871592323087444,0.6871999999999999,1.156797619841225e-07,0.6760531718247549,0.6761999999999999,1.9148949253192977e-05,0.6971592315423345,0.6971999999999999,1.0412485328556552e-07,0.7181592244865549,0.7182,4.221391123668771e-07,0.7214691395299148,0.7212,1.903055096913263e-05,0.0005476494952108544,1.9148949253192977e-05,3.8821443949962173e-05,0.5773502691896258,2.241357111484063e-05,0.5773502691896258,2.241357111484063e-05,0.5773502691896258,2.241357111484063e-05
2577300000000,0.688209501913375,0.6886000000000001,3.860731848438326e-05,0.6756982219846047,0.6756000000000001,4.409628615791968e-06,0.6966988472415573,0.6966000000000001,7.418379654074439e-06,0.7176986672873839,0.7176000000000001,7.423952679789591e-06,0.7216947209775657,0.7216000000000001,1.781044633350386e-06,0.0008464960541515797,3.860731848438326e-05,5.9640324067389634e-05,0.5773502691896258,3.4433357154863925e-05,0.5773502691896258,3.4433357154863925e-05,0.5773502691896258,3.4433357154863925e-05
2577600000000,0.6890035363731309,0.6892,2.206717531479449e-05,0.674606096091166,0.6742,4.174586384917986e-05,0.6956028548340413,0.6952,4.204197750664597e-05,0.7187945043042676,0.7192000000000001,4.2030056865044475e-05,0.7219916523327823,0.7222000000000001,3.0858880398763906e-06,0.0012999177380326223,4.204197750664597e-05,0.00015097096157554117,0.5773502691896258,8.716312530545535e-05,0.5773502691896258,8.716312530545535e-05,0.5773502691896258,8.716312530545535e-05
2577900000000,0.6885548982003489,0.6883999999999999,7.044667352703133e-06,0.6744140869440263,0.6743999999999999,1.2903629404857859e-06,0.6954143467152791,0.6953999999999999,1.2437358793734762e-06,0.7192269206824986,0.7193999999999999,6.544437345684325e-06,0.7223897056633228,0.7223999999999999,5.545625888404816e-06,0.0015129282582184032,7.044667352703133e-06,2.1668829406651537e-05,0.5773502691896258,1.2510504490954346e-05,0.5773502691896258,1.2510504490954346e-05,0.5773502691896258,1.2510504490954346e-05
2578200000000,0.6877049712283533,0.6874,2.5283155020396088e-05,0.6752510516132859,0.6754,2.451784501561164e-05,0.6962471491552253,0.6964,2.4274596639312735e-05,0.7192566286553012,0.7194,3.088972768129815e-08,0.7215401966075137,0.7214,2.5258297256562035e-05,0.0011664894426329307,2.5283155020396088e-05,9.93647836595638e-05,0.5773502691896258,5.736828459381809e-05,0.5773502691896258,5.736828459381809e-05,0.5773502691896258,5.736828459381809e-05
2578500000000,0.6883550949439253,0.6885999999999999,1.4793129594222205e-05,0.6746676002496598,0.6745999999999999,1.1914542280102151e-05,0.696638676279569,0.6965999999999999,5.365272118388255e-06,0.7186913088377276,0.7185999999999999,1.1185527364949624e-05,0.7216472218403989,0.7215999999999999,4.0090401659454995e-07,0.0010404403017843264,1.4793129594222205e-05,4.365937537425679e-05,0.5773502691896258,2.5206752124978078e-05,0.5773502691896258,2.5206752124978078e-05,0.5773502691896258,2.5206752124978078e-05
2578800000000,0.687908638474519,0.688,6.9763182676168195e-06,0.6749084906588243,0.6749999999999999,2.0309866229609e-06,0.6954381036638987,0.695,5.0448111192410194e-05,0.7189082166090163,0.719,1.6467143435899022e-06,0.7228365437195601,0.723,4.950702862880425e-05,0.0010001220364109595,5.0448111192410194e-05,0.00011060915905538208,0.5773502691896258,6.386022775546298e-05,0.5773502691896258,6.386022775546298e-05,0.5773502691896258,6.386022775546298e-05
2579100000000,0.6883303472465828,0.6884,6.2243400952451925e-06,0.674331432197045,0.6744,1.1654876390885998e-05,0.6946781859806473,0.6944,2.021162098613311e-05,0.719330033491634,0.7194,6.227531886148249e-06,0.723329998553293,0.7234,8.522418552705359e-06,0.001166448422667389,2.021162098613311e-05,5.284078791111791e-05,0.5773502691896258,3.0507643124675854e-05,0.5773502691896258,3.0507643124675854e-05,0.5773502691896258,3.0507643124675854e-05
2579400000000,0.6876635298878973,0.6875999999999999,1.5562588644553885e-05,0.6746635268584912,0.6745999999999999,3.860040245635576e-06,0.693749544252908,0.6935999999999999,3.0183141047453494e-05,0.7202598734397665,0.7205999999999999,3.026108152000346e-05,0.7236635255426112,0.7235999999999999,3.8934088411258675e-06,0.000846475078718956,3.026108152000346e-05,8.376026029877228e-05,0.5773502691896258,4.83590088308893e-05,0.5773502691896258,4.83590088308893e-05,0.5773502691896258,4.83590088308893e-05
2579700000000,0.6873135857022025,0.6871999999999999,4.286132658555486e-06,0.6750398654853165,0.6751999999999999,4.9570766714260696e-06,0.6941050013709023,0.6941999999999999,4.422241695646713e-06,0.7202240210366001,0.7202,4.498881844819314e-08,0.7233137118989801,0.7232,4.2829354844655705e-06,0.0007921984366668915,4.9570766714260696e-06,1.799337532854203e-05,0.5773502691896258,1.0388480089563715e-05,0.5773502691896258,1.0388480089563715e-05,0.5773502691896258,1.0388480089563715e-05
2580000000000,0.6880091354303605,0.6882,1.6932629851923167e-05,0.6743816266323652,0.6742,1.5164743563709876e-05,0.6934105318504616,0.6932,1.6880077018735398e-05,0.7209389373373936,0.7212000000000001,1.7888686099906952e-05,0.7232593395807634,0.7232000000000001,1.034722145890329e-07,0.0008837007764093447,1.7888686099906952e-05,6.696960874886443e-05,0.5773502691896258,3.86649216386808e-05,0.5773502691896258,3.86649216386808e-05,0.5773502691896258,3.86649216386808e-05
2580300000000,0.6888909205565555,0.6892,2.721407530726045e-05,0.6741943653447994,0.6742,1.2273376437287532e-06,0.692527609350899,0.6922,2.72843249081902e-05,0.7211931305116867,0.7212000000000001,2.261495945001968e-06,0.7231939520208156,0.7232000000000001,1.4964365485737054e-07,0.00141620201547601,2.72843249081902e-05,5.813687745903874e-05,0.5773502691896258,3.3565341850820303e-05,0.5773502691896258,3.3565341850820303e-05,0.5773502691896258,3.3565341850820303e-05
2580600000000,0.6890540813381536,0.689,9.317504228091394e-07,0.6740540814737552,0.6739999999999999,6.887847566295559e-07,0.692054081958876,0.692,7.847986684863595e-06,0.7210540815179792,0.721,6.767117927866594e-07,0.7237836737102197,0.724,1.2172008483375948e-05,0.0012100292481870825,1.2172008483375948e-05,2.23172421404649e-05,0.5773502691896258,1.2884865757367471e-05,0.5773502691896258,1.2884865757367471e-05,0.5773502691896258,1.2884865757367471e-05
2580900000000,0.6887340069579738,0.6888000000000001,3.5856663096614636e-06,0.6747340069375685,0.6748000000000001,1.618045227195753e-05,0.6927340069393811,0.6928000000000001,1.6180429269023713e-05,0.7207340069582944,0.7208000000000001,3.5856703315109403e-06,0.7230639722067606,0.7228000000000001,1.8128958892846358e-05,0.00102014355082915,1.8128958892846358e-05,5.766117707500001e-05,0.5773502691896258,3.329069610604194e-05,0.5773502691896258,3.329069610604194e-05,0.5773502691896258,3.329069610604194e-05
2581200000000,0.6896544021288288,0.6898,2.9649454468659558e-05,0.6747359133060467,0.6748,1.2719842711205838e-10,0.6927359205084015,0.6928,1.2816112384763346e-10,0.7207359271070929,0.7208,1.290439992957073e-10,0.7221378055365503,0.7218,3.002246453529406e-05,0.0011236744809281936,3.002246453529406e-05,5.967230340750387e-05,0.5773502691896258,3.445182043548738e-05,0.5773502691896258,3.445182043548738e-05,0.5773502691896258,3.445182043548738e-05
2581500000000,0.6890992517108512,0.6892,1.0786719530324687e-05,0.6736113525973709,0.6732,4.426228756240378e-05,0.6930983948235782,0.6932,4.598567020697706e-06,0.7210979336883719,0.7212000000000001,4.586706771127109e-06,0.7230930582470888,0.7232000000000001,3.19377709346926e-05,0.0012997059730961917,4.426228756240378e-05,9.617205181924589e-05,0.5773502691896258,5.552496000636026e-05,0.5773502691896258,5.552496000636026e-05,0.5773502691896258,5.552496000636026e-05
2581800000000,0.6896914921860439,0.6898,1.2276207315975992e-05,0.673012926595349,0.6728,1.2533978796360333e-05,0.6936832198988777,0.6938,1.1970712904469574e-05,0.7208058837714894,0.7208,2.9852603882893946e-06,0.7228064270797231,0.7228,2.875509913690119e-06,0.001464136633937527,1.2533978796360333e-05,4.2641669318785414e-05,0.5773502691896258,2.461917925989577e-05,0.5773502691896258,2.461917925989577e-05,0.5773502691896258,2.461917925989577e-05
2582100000000,0.6901981877547388,0.6904,8.985913976729574e-06,0.6725538855932739,0.6724,7.375152455512496e-06,0.6942133834920379,0.6944,9.83757024293721e-06,0.7205172807330039,0.7204,2.915209983805901e-06,0.7225169468982767,0.7224,2.9329571407577456e-06,0.001392470779489854,9.83757024293721e-06,3.204680379974293e-05,0.5773502691896258,1.8502230800448706e-05,0.5773502691896258,1.8502230800448706e-05,0.5773502691896258,1.8502230800448706e-05
2582400000000,0.6903226356891836,0.6903999999999999,5.420550935649534e-07,0.6717095755289174,0.6713999999999999,2.4950081967077484e-05,0.6943226338850591,0.6943999999999999,4.1774769313527687e-07,0.7203226338302348,0.7203999999999999,1.3260595865169085e-06,0.7233225209531814,0.7233999999999999,2.2713234527744187e-05,0.00127695990070705,2.4950081967077484e-05,4.994917886803881e-05,0.5773502691896258,2.8838171865262975e-05,0.5773502691896258,2.8838171865262975e-05,0.5773502691896258,2.8838171865262975e-05
2582700000000,0.690990178685699,0.691,1.5596477826886163e-05,0.6726740526080183,0.6729999999999999,3.2557561263882166e-05,0.6939904224595267,0.694,3.862755093899747e-06,0.7199904084903893,0.72,3.86307867523984e-06,0.72235493571154,0.722,3.276774199448012e-05,0.0014401162996989488,3.276774199448012e-05,8.864761485438803e-05,0.5773502691896258,5.1180724299199205e-05,0.5773502691896258,5.1180724299199205e-05,0.5773502691896258,5.1180724299199205e-05
2583000000000,0.6915064403919874,0.6916,9.328415228292597e-06,0.6725070922528058,0.6726,9.756516074435293e-07,0.6929737101547142,0.6926,3.6179636876498954e-05,0.720506095784061,0.7206,9.307668469904932e-06,0.7225066547660025,0.7226,8.056535020452533e-07,0.0018769874701537335,3.6179636876498954e-05,5.659702568418527e-05,0.5773502691896258,3.267630801409653e-05,0.5773502691896258,3.267630801409653e-05,0.5773502691896258,3.267630801409653e-05
2583300000000,0.6904033863646836,0.6900000000000001,4.258548655029103e-05,0.6728991567851612,0.673,5.380010913587247e-06,0.6928991919666984,0.6930000000000001,1.9435361208078732e-07,0.7208991327722423,0.7210000000000001,5.406732592751195e-06,0.7228991314499442,0.7230000000000001,5.391328160325875e-06,0.0018226017182716952,4.258548655029103e-05,5.895791182903613e-05,0.5773502691896258,3.403936626535223e-05,0.5773502691896258,3.403936626535223e-05,0.5773502691896258,3.403936626535223e-05
2583600000000,0.6894497695210351,0.6892,3.182847795715279e-05,0.672232419928006,0.6722,1.5558831284123493e-05,0.6938529730011437,0.6942,3.183943915836562e-05,0.7212324187889984,0.7212000000000001,3.8877849137798015e-06,0.7232324187538874,0.7232000000000001,3.887814943940896e-06,0.0012996929829363834,3.183943915836562e-05,8.700234825736261e-05,0.5773502691896258,5.0230829186517874e-05,0.5773502691896258,5.0230829186517874e-05,0.5773502691896258,5.0230829186517874e-05
2583900000000,0.6890515748631253,0.6890000000000001,5.549564495576609e-06,0.672793879195432,0.673,1.1033277814249398e-05,0.6940515034267474,0.6940000000000001,1.3795015461634286e-06,0.7210515224488566,0.7210000000000001,1.1453220056835882e-06,0.723051519839291,0.7230000000000001,1.1453546055766438e-06,0.0012100265585901113,1.1033277814249398e-05,2.0253020467249664e-05,0.5773502691896258,1.1693086818669595e-05,0.5773502691896258,1.1693086818669595e-05,0.5773502691896258,1.1693086818669595e-05
2584200000000,0.6897190458574144,0.6898,1.559311348760474e-05,0.6737071126995425,0.6738,2.9189840156050827e-05,0.6931357494615638,0.6928,2.935118636623322e-05,0.7207190459897876,0.7208,3.868920854226545e-06,0.7227190459908295,0.7228,3.868860096877261e-06,0.0013456705082340499,2.935118636623322e-05,8.187192096099258e-05,0.5773502691896258,4.7268775605900836e-05,0.5773502691896258,4.7268775605900836e-05,0.5773502691896258,4.7268775605900836e-05
2584500000000,0.6893003922000375,0.6892,6.134480969227554e-06,0.6747984840554188,0.6752,4.1688200274948845e-05,0.6933003355785127,0.6932,9.481006462312918e-07,0.7203003937650966,0.7202000000000001,6.134438983357167e-06,0.722300392617077,0.7222000000000001,6.134472657401225e-06,0.0014162008016865711,4.1688200274948845e-05,6.103969353116607e-05,0.5773502691896258,3.5241283491471e-05,0.5773502691896258,3.5241283491471e-05,0.5773502691896258,3.5241283491471e-05
2584800000000,0.6890398327907226,0.689,2.376192202388697e-06,0.6750411549059414,0.6749999999999999,2.0611199592685676e-06,0.6930540534934619,0.693,2.1229202895927387e-06,0.7200542435633843,0.72,2.120647263104495e-06,0.7228106620802521,0.723,9.113122376715773e-06,0.0012100236663420644,9.113122376715773e-06,1.779400209107027e-05,0.5773502691896258,1.0273371897240186e-05,0.5773502691896258,1.0273371897240186e-05,0.5773502691896258,1.0273371897240186e-05
2585100000000,0.6890183355639826,0.689,1.6174576512796087e-08,0.6750144833582205,0.6749999999999999,2.4898001024096545e-08,0.6930193649861114,0.693,4.211523897733376e-08,0.7200183466410102,0.72,4.5100616257768264e-08,0.7229290391434129,0.723,4.904595178898068e-07,0.0010000117526480785,4.904595178898068e-07,6.187479506618014e-07,0.5773502691896258,3.572342958751204e-07,0.5773502691896258,3.572342958751204e-07,0.5773502691896258,3.572342958751204e-07
2585400000000,0.6897799214118101,0.6900000000000001,2.0300455126388764e-05,0.6742494706584632,0.674,2.048355507764629e-05,0.6922507845082659,0.6920000000000001,2.0675058282379836e-05,0.7200056972343607,0.7200000000000001,5.600262100425798e-09,0.7237134556351648,0.7240000000000001,2.1535823138630983e-05,0.0012101426037403233,2.1535823138630983e-05,8.300049188714629e-05,0.5773502691896258,4.7920356333915264e-05,0.5773502691896258,4.7920356333915264e-05,0.5773502691896258,4.7920356333915264e-05
2585700000000,0.6916031955132965,0.6914,0.00011635149572028844,0.6765573876732098,0.6774,0.00018642683314349664,0.6906139296928783,0.6904,9.377527903302279e-05,0.7186130675220603,0.7184,6.787961304536281e-05,0.7226123617609658,0.7224,4.243427019294882e-05,0.0017693453110547994,0.00018642683314349664,0.0005068674911351195,0.5773502691896258,0.00029264008245033155,0.5773502691896258,0.00029264008245033155,0.5773502691896258,0.00029264008245033155
2586000000000,0.6913650296658839,0.6910000000000001,1.9853039805825396e-06,0.68053982971396,0.682,0.0005550945612776993,0.6893650438218191,0.6890000000000001,5.459005716259557e-05,0.717365047122368,0.7170000000000001,5.451442213168411e-05,0.7213650479549414,0.7210000000000001,5.4452710574466387e-05,0.0014413326014666677,0.0005550945612776993,0.0007206370551270279,0.5773502691896258,0.00041605999776560883,0.5773502691896258,0.00041605999776560883,0.5773502691896258,0.00041605999776560883
2586300000000,0.6907383358150946,0.6905999999999999,1.3746081391598541e-05,0.6820471617885524,0.6825999999999999,7.952174940832766e-05,0.6897378405352137,0.6895999999999999,4.864208633124319e-06,0.7167383227159877,0.7165999999999999,1.3747421854347689e-05,0.7207383306056405,0.7205999999999999,1.3747112257014579e-05,0.0014885912260786368,7.952174940832766e-05,0.00012562657354441278,0.5773502691896258,7.253053605323705e-05,0.5773502691896258,7.253053605323705e-05,0.5773502691896258,7.253053605323705e-05
2586600000000,0.6917380641660857,0.6918000000000001,3.498098715214251e-05,0.6834664590147026,0.6838000000000001,7.05041615655174e-05,0.6897386086770947,0.6898000000000001,2.0651468226648756e-11,0.7157392551791497,0.7158000000000001,3.493475801072301e-05,0.7193176068638327,0.7188000000000001,7.064595826877192e-05,0.0012322953660656192,7.064595826877192e-05,0.00021106588564862304,0.5773502691896258,0.0001218589458959793,0.5773502691896258,0.0001218589458959793,0.5773502691896258,0.0001218589458959793
2586900000000,0.6913915176546997,0.6911999999999999,4.2033069593830575e-06,0.6832215438880889,0.6831999999999999,2.0994196735477083e-06,0.6900828326542349,0.6901999999999999,4.147155125337085e-06,0.7160850686229171,0.7162,4.1855428261590255e-06,0.7192188687407027,0.7192,3.4122259357318017e-07,0.001081635721833068,4.2033069593830575e-06,1.4976647178000057e-05,0.5773502691896258,8.646771279776384e-06,0.5773502691896258,8.646771279776384e-06,0.5773502691896258,8.646771279776384e-06
2587200000000,0.68851553092056,0.689,0.00028949548932318426,0.6779389012481891,0.6759999999999999,0.0009767209641310442,0.6935151308060363,0.694,0.0004123234711000903,0.7185152074567801,0.719,0.00020669511631471658,0.7215152166617063,0.722,0.0001845624821004028,0.0006423497990923827,0.0009767209641310442,0.002069797522969438,0.5773502691896258,0.001194998157054426,0.5773502691896258,0.001194998157054426,0.5773502691896258,0.001194998157054426
2587500000000,0.687016488205155,0.6871999999999999,7.86495171912982e-05,0.675934603185314,0.6751999999999999,0.00014060237536957985,0.6950163064385374,0.6951999999999999,7.887348978652486e-05,0.7200162432934399,0.7202,7.885880040279833e-05,0.7220163564546175,0.7222,8.789938221368533e-06,0.0005479373124705582,0.00014060237536957985,0.0003857741209715698,0.5773502691896258,0.00022272679258932712,0.5773502691896258,0.00022272679258932712,0.5773502691896258,0.00022272679258932712
2587800000000,0.6867247494647712,0.6868000000000001,2.9789022424253302e-06,0.6751037210394033,0.6748000000000001,2.4162779913758016e-05,0.694724378520859,0.6948000000000001,2.9827668192016926e-06,0.7207235940749935,0.7208000000000001,1.7512079485756865e-05,0.7227235536932273,0.7228000000000001,1.7504477700405996e-05,0.0007396577099680881,2.4162779913758016e-05,6.51410061615479e-05,0.5773502691896258,3.760917744265275e-05,0.5773502691896258,3.760917744265275e-05,0.5773502691896258,3.760917744265275e-05
2588100000000,0.6878427323033075,0.6882,4.374599695415559e-05,0.6741841557138304,0.6742,2.9596013579860617e-05,0.6936056814066299,0.6932,4.38019131684559e-05,0.7211837152679544,0.7212000000000001,7.409902927411824e-06,0.7231837141138265,0.7232000000000001,7.4111664440132325e-06,0.0008837465219930678,4.38019131684559e-05,0.00013196499307389716,0.5773502691896258,7.619002427482164e-05,0.5773502691896258,7.619002427482164e-05,0.5773502691896258,7.619002427482164e-05
2588400000000,0.6880536452292955,0.688,1.556949182208102e-06,0.6747811913861729,0.6749999999999999,1.2475805791730426e-05,0.6930576244624937,0.693,1.0512824490555968e-05,0.7210537482270811,0.721,5.912001099677926e-07,0.7230537892780278,0.723,5.9081620350678e-07,0.0010000299572171447,1.2475805791730426e-05,2.572759577796907e-05,0.5773502691896258,1.4853834348012324e-05,0.5773502691896258,1.4853834348012324e-05,0.5773502691896258,1.4853834348012324e-05
2588700000000,0.6869211870483731,0.6866,4.488615360382738e-05,0.675629311524646,0.6756,2.517577192492882e-05,0.6941886233413731,0.6946,4.477054624092231e-05,0.720630431382173,0.7206,6.271900291404686e-06,0.7226304358725356,0.7226,6.2729837079631775e-06,0.0005930377185219154,4.488615360382738e-05,0.00012737735576904638,0.5773502691896258,7.354135064192167e-05,0.5773502691896258,7.354135064192167e-05,0.5773502691896258,7.354135064192167e-05
2589000000000,0.686743964805859,0.6868,1.0992703134610754e-06,0.6757453214148295,0.6758,4.710403117132049e-07,0.6947432874458556,0.6948,1.0767829408046553e-05,0.7207452499005802,0.7208,4.614152259230398e-07,0.7220221674255813,0.7218,1.2949667624605767e-05,0.0005776309878822896,1.2949667624605767e-05,2.574922288374964e-05,0.5773502691896258,1.486632076335653e-05,0.5773502691896258,1.486632076335653e-05,0.5773502691896258,1.486632076335653e-05
2589300000000,0.687478202492088,0.6876,1.886867429576433e-05,0.6755649793337287,0.6756,1.138314317551071e-06,0.6945647762903393,0.6946,1.1153181425312484e-06,0.7199065668685579,0.7196,2.461862298707299e-05,0.7224843309408587,0.7226,7.475829019874457e-06,0.0008464833831523908,2.461862298707299e-05,5.321675876279409e-05,0.5773502691896258,3.072470999709855e-05,0.5773502691896258,3.072470999709855e-05,0.5773502691896258,3.072470999709855e-05
2589600000000,0.6885917033573253,0.689,4.339594619094877e-05,0.6760117739150068,0.6759999999999999,6.986888925080101e-06,0.6950117767029007,0.695,6.993327909052309e-06,0.7190133743986465,0.719,2.792274759072337e-05,0.7213713649235635,0.721,4.335426744789328e-05,0.0006401526443635213,4.339594619094877e-05,0.00012865317806369785,0.5773502691896258,7.427794698717682e-05,0.5773502691896258,7.427794698717682e-05,0.5773502691896258,7.427794698717682e-05
2589900000000,0.6893236557442131,0.6894,1.8751400383472288e-05,0.677195130559348,0.6774,4.9011653169727596e-05,0.6953238786922025,0.6954,3.409267810414072e-06,0.7178313095485477,0.7174,4.890470584437365e-05,0.7203260178353539,0.7204,3.82462687189887e-05,0.0003365226362328629,4.9011653169727596e-05,0.00015832329592697632,0.5773502691896258,9.140799752242856e-05,0.5773502691896258,9.140799752242856e-05,0.5773502691896258,9.140799752242856e-05
2590200000000,0.6903244005395648,0.6901999999999999,3.505215508982493e-05,0.6786623362783777,0.6792,7.534424176837065e-05,0.6953244005713088,0.6951999999999999,9.532523058453397e-12,0.7163644620061481,0.7162,7.530745994252733e-05,0.7193244006001733,0.7192,3.511329800337566e-05,1.9781278279758272e-05,7.534424176837065e-05,0.00022081716433662165,0.5773502691896258,0.00012748884927143837,0.5773502691896258,0.00012748884927143837,0.5773502691896258,0.00012748884927143837
2590500000000,0.6805071681860705,0.68,0.003373231787887332,0.6710000458609304,0.671,0.002054874305445643,0.6860005010923145,0.686,0.003042728552303701,0.7065468679289886,0.703,0.003373480371235734,0.70950697033063,0.706,0.003373367798407071,1.2568166413883174e-05,0.003373480371235734,0.015217682815279483,0.5773502691896258,0.008785933269843952,0.5773502691896258,0.008785933269843952,0.5773502691896258,0.008785933269843952
2590800000000,0.6690000407451203,0.669,0.0046344893679793955,0.6630000139265168,0.663,0.0022400178833073517,0.6750000317125886,0.675,0.00423536143010003,0.6922499152444946,0.689,0.007154099962193043,0.6952099744521693,0.69,0.007154143190205362,1.8852891445757847e-05,0.007154143190205362,0.02541811183378518,0.5773502691896258,0.014675153709527888,0.5773502691896258,0.014675153709527888,0.5773502691896258,0.014675153709527888
2591100000000,0.6620000325384011,0.662,0.001715004021294765,0.6570000239833844,0.657,0.00125999577611912,0.6660000968174051,0.666,0.002834958984113938,0.681108821637128,0.679,0.004344338836883666,0.684068776286576,0.68,0.004344420379775624,1.0501034589214905e-05,0.004344420379775624,0.014498717998187112,0.5773502691896258,0.008370838739157803,0.5773502691896258,0.008370838739157803,0.5773502691896258,0.008370838739157803
2591400000000,0.664202772337654,0.665,0.00016982219181244397,0.6592025605407301,0.66,0.00016979085502554905,0.6679992322015172,0.668,0.00013987897994031844,0.6819999970770112,0.682,2.7796778262782513e-05,0.6820043332422996,0.682,0.00014916737790714852,6.357505016611361e-07,0.00016982219181244397,0.0006564561829482424,0.5773502691896258,0.00037900515393636205,0.5773502691896258,0.00037900515393636205,0.5773502691896258,0.00037900515393636205
2591700000000,0.6700749217963944,0.671,0.0012068748743024695,0.6649941833878948,0.665,0.0011740013321330145,0.6729999788186751,0.673,0.0008752613355155596,0.6878722706156899,0.69,0.0012069258779573106,0.6878764829590068,0.689,0.0012068749803398732,3.3226631952348267e-06,0.0012069258779573106,0.005669938400248226,0.5773502691896258,0.00327354046167191,0.5773502691896258,0.00327354046167191,0.5773502691896258,0.00327354046167191
2592000000000,0.6907288265482108,0.691,0.014930432352398625,0.6799999945176283,0.68,0.007881102868143105,0.6889999933041548,0.689,0.00896001622374463,0.7085262331241277,0.716,0.014930515855498344,0.7085304289588426,0.716,0.014930491987744548,5.586260894740693e-05,0.014930515855498344,0.061632559287529254,0.5773502691896258,0.03558357469550059,0.5773502691896258,0.03558357469550059,0.5773502691896258,0.03558357469550059
2592300000000,0.6915360729940576,0.6900000000000001,2.280763885163261e-05,0.6815360701569041,0.6800000000000002,8.258349293518217e-05,0.6915360503307907,0.6900000000000001,0.00022510548348221574,0.7176937473622953,0.7190000000000001,0.002941516105745224,0.7176980515901851,0.7210000000000001,0.0029415856648746246,9.984386621626113e-05,0.0029415856648746246,0.006213598385888879,0.5773502691896258,0.003587422700729169,0.5773502691896258,0.003587422700729169,0.5773502691896258,0.003587422700729169
2592600000000,0.6906781532956822,0.6904,2.5760917310122007e-05,0.6796782802084984,0.6794,0.00012079842223390205,0.6888250513902056,0.6884,0.0002572330339548794,0.7204061911365528,0.7204,0.0002575072929977896,0.7204123101851594,0.7214,0.0002578519902137184,0.0002815556697669401,0.0002578519902137184,0.0009191516567104113,0.5773502691896258,0.0005306724564278465,0.5773502691896258,0.0005306724564278465,0.5773502691896258,0.0005306724564278465
2592900000000,0.6906673357161517,0.6904,4.09570094143566e-09,0.6776674519914352,0.6774,0.0001415200541488178,0.6876673741927847,0.6874,4.69075772699893e-05,0.7206673161274442,0.7204,2.3865191303806398e-06,0.7233305144194107,0.7244,0.00029805705834807036,0.00039761496778039593,0.00029805705834807036,0.0004888753045981995,0.5773502691896258,0.0002822522887099308,0.5773502691896258,0.0002822522887099308,0.5773502691896258,0.0002822522887099308
2593200000000,0.6892485507291427,0.6894,7.045327937767258e-05,0.679247275807726,0.6794,8.735451516819232e-05,0.6892473050938934,0.6894,8.736635782974078e-05,0.719008487850762,0.7184,9.630989380321279e-05,0.7232483800314661,0.7234,2.361120189060587e-07,0.0004626314183104721,9.630989380321279e-05,0.00034172015819772456,0.5773502691896258,0.0001972922253229778,0.5773502691896258,0.0001972922253229778,0.5773502691896258,0.0001972922253229778
2593500000000,0.6891172438786264,0.689,6.034521147380481e-07,0.6781186864166889,0.6779999999999999,4.45799904746526e-05,0.6905296187887291,0.691,5.755149441870863e-05,0.7191172117587973,0.719,4.137310862463235e-07,0.7231172373737679,0.723,6.019438833851743e-07,0.000640138315671598,5.755149441870863e-05,0.00010375061197773078,0.5773502691896258,5.9900443753931285e-05,0.5773502691896258,5.9900443753931285e-05,0.5773502691896258,5.9900443753931285e-05
2593800000000,0.6894982123158077,0.6895999999999999,5.079793254491947e-06,0.678498210533652,0.6785999999999999,5.04134943748094e-06,0.6914981904710207,0.6915999999999999,3.2834588630800336e-05,0.7184982514701957,0.7185999999999999,1.3408914360299269e-05,0.7220071348730812,0.7215999999999999,4.3131464671077194e-05,0.0005185036041301425,4.3131464671077194e-05,9.94961103541497e-05,0.5773502691896258,5.744410609628905e-05,0.5773502691896258,5.744410609628905e-05,0.5773502691896258,5.744410609628905e-05
2594100000000,0.6902922011445882,0.6904,2.2064639107991804e-05,0.6792921520342529,0.6794,2.206200872317202e-05,0.6912928201384736,0.6914,1.4761940721674879e-06,0.7182927487465549,0.7184,1.4780979298330924e-06,0.7208300632216015,0.7204,4.8492418545102916e-05,0.00028101575422680505,4.8492418545102916e-05,9.557335837826733e-05,0.5773502691896258,5.517930418704923e-05,0.5773502691896258,5.517930418704923e-05,0.5773502691896258,5.517930418704923e-05
2594400000000,0.6906628341620632,0.6908,4.80790917749118e-06,0.6796618969002559,0.6798000000000001,4.784894307746526e-06,0.6909279172779056,0.6908,4.660393417774977e-06,0.7179337314755128,0.7178,4.511269031729346e-06,0.7208100698404262,0.7208,1.3990735178742662e-08,9.615812976802079e-05,4.80790917749118e-06,1.8778456669920773e-05,0.5773502691896258,1.0841747013344482e-05,0.5773502691896258,1.0841747013344482e-05,0.5773502691896258,1.0841747013344482e-05
2594700000000,0.6913463795333349,0.6916,1.6353199610543227e-05,0.6796457358950936,0.6796000000000001,9.141233074989477e-09,0.6906651816900554,0.6906,2.4160496193041292e-06,0.7176701438188419,0.7176,2.431745846223856e-06,0.7206653118281214,0.7206,7.334208744246273e-07,4.8471812610104054e-05,1.6353199610543227e-05,2.194355718357083e-05,0.5773502691896258,1.2669118646912567e-05,0.5773502691896258,1.2669118646912567e-05,0.5773502691896258,1.2669118646912567e-05
2595000000000,0.6917431026801257,0.6918,5.508623931987061e-06,0.679740848719306,0.6798000000000001,3.1662572653788403e-07,0.6900337474096113,0.6898,1.3954823768198483e-05,0.7177410696133887,0.7178,1.7606639162340383e-07,0.7207411461303826,0.7208,2.0127944898057502e-07,9.613468507202644e-05,1.3954823768198483e-05,2.0157419267327406e-05,0.5773502691896258,1.1637891440159629e-05,0.5773502691896258,1.1637891440159629e-05,0.5773502691896258,1.1637891440159629e-05
2595300000000,0.690725115933574,0.6906,3.627039556542457e-05,0.6787251172482897,0.6786,3.610986474245287e-05,0.6897250934014476,0.6896,3.3343553864433514e-06,0.7190996144424562,0.7196,6.459754184051135e-05,0.7217250585618669,0.7216,3.388292854902116e-05,0.00032505649571688404,6.459754184051135e-05,0.0001741950860838533,0.5773502691896258,0.00010057157984202274,0.5773502691896258,0.00010057157984202274,0.5773502691896258,0.00010057157984202274
2595600000000,0.6903962390827281,0.6904000000000001,3.7855994057816993e-06,0.6770187467381927,0.6764000000000001,0.00010190951112049501,0.689396239082208,0.6894000000000001,3.7850807148882073e-06,0.7207925362212089,0.7214000000000002,0.0001003094452141307,0.7223962388612486,0.7224000000000002,1.576690479973544e-05,0.0005332759513123044,0.00010190951112049501,0.00022555654125503108,0.5773502691896258,0.00013022512981107314,0.5773502691896258,0.00013022512981107314,0.5773502691896258,0.00013022512981107314
2595900000000,0.690230879060438,0.6901999999999999,9.570377940119427e-07,0.6756859548141693,0.6751999999999999,6.217170094597628e-05,0.6882309817693574,0.6881999999999999,4.752386118031833e-05,0.7221234370847213,0.7222,6.199539879743148e-05,0.7237287467371365,0.7242,6.214520337561496e-05,0.0007923330130011465,6.217170094597628e-05,0.000234793202093353,0.5773502691896258,0.0001355579184324916,0.5773502691896258,0.0001355579184324916,0.5773502691896258,0.0001355579184324916
2596200000000,0.688744697303857,0.6882,7.730576747579606e-05,0.6750640612993959,0.6752,1.3536304030101373e-05,0.6890640277223942,0.6892,2.4288794595484247e-05,0.7220640338467702,0.7222000000000001,1.235060637674638e-07,0.7250631785089475,0.7252000000000001,6.232478537665525e-05,0.0005477854544451318,7.730576747579606e-05,0.0001775791575418044,0.5773502691896258,0.00010252537440922774,0.5773502691896258,0.00010252537440922774,0.5773502691896258,0.00010252537440922774
2596500000000,0.6887430020164478,0.6885999999999999,1.0058997899643669e-10,0.676200405257362,0.6766,4.519471567821494e-05,0.6901996898698037,0.6905999999999999,4.514049795706176e-05,0.7209287505630723,0.7205999999999999,4.511038469853928e-05,0.7239281522901773,0.7235999999999999,4.508995810535724e-05,0.00013717806732004213,4.519471567821494e-05,0.0001805356570291522,0.5773502691896258,0.00010423231018410698,0.5773502691896258,0.00010423231018410698,0.5773502691896258,0.00010423231018410698
2596800000000,0.6899568657304477,0.6898,5.157127906579679e-05,0.6749568784970463,0.6748,5.4122558126743594e-05,0.6880990145152972,0.6878,0.00015444929307608998,0.7230303691218467,0.7238,0.0001545880198304808,0.723956871925994,0.7238,2.88686118506221e-08,0.000739977787546306,0.0001545880198304808,0.00041476001871096184,0.5773502691896258,0.00023946180845186806,0.5773502691896258,0.00023946180845186806,0.5773502691896258,0.00023946180845186806
2597100000000,0.6891100454100181,0.6888000000000001,2.5098662928237024e-05,0.6747225298708378,0.6748000000000001,1.9221747512038008e-06,0.6877225387296423,0.6878000000000001,4.960690601457051e-06,0.7237224733070694,0.7238000000000001,1.6765287112097077e-05,0.7247224124355247,0.7248000000000001,2.051182951063857e-05,0.0010201600851094679,2.5098662928237024e-05,6.925864490363353e-05,0.5773502691896258,3.998649727882153e-05,0.5773502691896258,3.998649727882153e-05,0.5773502691896258,3.998649727882153e-05
2597400000000,0.6888486721592786,0.6888,2.3910591670745623e-06,0.6748483239741148,0.6748,5.538454746738622e-07,0.6885124619515255,0.6888,2.1839254376461964e-05,0.7229422357973354,0.7228,2.1306970005856666e-05,0.7248483039831254,0.7248,5.547038615052655e-07,0.0011236550185598055,2.1839254376461964e-05,4.664583288557232e-05,0.5773502691896258,2.693098417305948e-05,0.5773502691896258,2.693098417305948e-05,0.5773502691896258,2.693098417305948e-05
2597700000000,0.6893128057509845,0.6892,7.539699683244958e-06,0.6743131969362488,0.6742,1.0022633132931758e-05,0.6897475724663548,0.6902,5.33924294344642e-05,0.7223132378994787,0.7222000000000001,1.3847342442787519e-05,0.7243131834819697,0.7242000000000001,1.0022388276498435e-05,0.0010817280034109893,5.33924294344642e-05,9.482449296992687e-05,0.5773502691896258,5.474694654195706e-05,0.5773502691896258,5.474694654195706e-05,0.5773502691896258,5.474694654195706e-05
2598000000000,0.689003930247127,0.6890000000000001,3.3391426909128034e-06,0.6749489356174992,0.675,1.4145728479331776e-05,0.6906943062423403,0.6910000000000001,3.1370669490713755e-05,0.7213499824911606,0.7210000000000001,3.247513435789228e-05,0.7240025170546435,0.7240000000000001,3.377977017367856e-06,0.000902615521482935,3.247513435789228e-05,8.470865203621846e-05,0.5773502691896258,4.8906563055801076e-05,0.5773502691896258,4.8906563055801076e-05,0.5773502691896258,4.8906563055801076e-05
2598300000000,0.6903164747777026,0.6908,6.02970600660382e-05,0.6758789408097273,0.6758,3.027183801499147e-05,0.6908800300120169,0.6908,1.2072661518013844e-06,0.7200416302840768,0.7198,5.9912492422337435e-05,0.7228829060309773,0.7228,4.3873509551020706e-05,0.0009217561930910886,6.02970600660382e-05,0.00019556216620618917,0.5773502691896258,0.00011290786930244967,0.5773502691896258,0.00011290786930244967,0.5773502691896258,0.00011290786930244967
2598600000000,0.6903303353335969,0.6904,6.724025339418668e-09,0.6762406003117645,0.6764,4.577915839481532e-06,0.6905273939108036,0.6904,4.352327695761526e-06,0.7203736565662936,0.7204,3.85845082289593e-06,0.7225277838491401,0.7224,4.413911741148404e-06,0.0007744358051615932,4.577915839481532e-06,1.720933012462681e-05,0.5773502691896258,9.935811380026427e-06,0.5773502691896258,9.935811380026427e-06,0.5773502691896258,9.935811380026427e-06
2598900000000,0.6905570393917227,0.6905999999999999,1.7988155489756576e-06,0.6757718435844693,0.6755999999999999,7.690650428457175e-06,0.6905570411234156,0.6905999999999999,3.076350254815018e-08,0.7205570375921442,0.7205999999999999,1.1770010224704127e-06,0.7225570382549039,0.7225999999999999,2.995370898085014e-08,0.0009409184574231225,7.690650428457175e-06,1.0727184211432245e-05,0.5773502691896258,6.193342692117111e-06,0.5773502691896258,6.193342692117111e-06,0.5773502691896258,6.193342692117111e-06
2599200000000,0.6903079826935822,0.6904,2.171023361103916e-06,0.6747680712721487,0.6744,3.5264559924352495e-05,0.690307982696272,0.6904,2.1710535045939287e-06,0.7213079816447098,0.7214,1.9737093952927324e-05,0.7233079816107503,0.7234,1.9737057329142556e-05,0.0007744846742486089,3.5264559924352495e-05,7.908078807212021e-05,0.5773502691896258,4.565731428116636e-05,0.5773502691896258,4.565731428116636e-05,0.5773502691896258,4.565731428116636e-05
2599500000000,0.6902598683457056,0.6902,8.102466650549478e-08,0.6742599193748394,0.6742,9.037642275864283e-06,0.6902597675092855,0.6902,8.136464896501043e-08,0.7212598554091136,0.7212000000000001,8.106470934291549e-08,0.723960589117985,0.7242000000000001,1.4906379547469301e-05,0.0007056358275565328,1.4906379547469301e-05,2.4187475848147002e-05,0.5773502691896258,1.3964645691945245e-05,0.5773502691896258,1.3964645691945245e-05,0.5773502691896258,1.3964645691945245e-05
2599800000000,0.6909154754741271,0.6910000000000001,1.5043724739297897e-05,0.6749154751382649,0.675,1.5041367563611996e-05,0.6893380945620322,0.6890000000000001,2.973183575945147e-05,0.7209154777491809,0.7210000000000001,4.1508590431272575e-06,0.7239154770588222,0.7240000000000001,7.122842586677756e-08,0.001322571442863705,2.973183575945147e-05,6.40390155313554e-05,0.5773502691896258,3.6972942855666674e-05,0.5773502691896258,3.6972942855666674e-05,0.5773502691896258,3.6972942855666674e-05
2600100000000,0.6920827261473821,0.6921999999999999,4.768659469749554e-05,0.6750855638254636,0.6751999999999999,1.0125556529541967e-06,0.6900854208994375,0.6901999999999999,1.9547382910284776e-05,0.7196603941289315,0.7192,5.513322128364169e-05,0.7230858921895122,0.7232,2.4087386938580337e-05,0.0014162325471163005,5.513322128364169e-05,0.0001474671414829565,0.5773502691896258,8.514019383180959e-05,0.5773502691896258,8.514019383180959e-05,0.5773502691896258,8.514019383180959e-05
2600400000000,0.6917515067801103,0.6918,3.839719423956729e-06,0.6757514984758721,0.6758,1.552141355151603e-05,0.6884091400516048,0.6878,9.834711182837121e-05,0.721336347712221,0.7218,9.830871446693621e-05,0.7227515066414232,0.7228,3.913479316978895e-06,0.001345896548180666,9.834711182837121e-05,0.0002199304385877591,0.5773502691896258,0.00012697689792163518,0.5773502691896258,0.00012697689792163518,0.5773502691896258,0.00012697689792163518
2600700000000,0.6910840191087797,0.691,1.5593892698243287e-05,0.6760830116117592,0.6759999999999999,3.846533574299108e-06,0.6880836630899049,0.688,3.7077338409096905e-06,0.7210833854670884,0.721,2.2396464111884695e-06,0.7236659175057267,0.724,2.9265153006472775e-05,0.0011025698245015806,2.9265153006472775e-05,5.465295953111333e-05,0.5773502691896258,3.1553900897298006e-05,0.5773502691896258,3.1553900897298006e-05,0.5773502691896258,3.1553900897298006e-05
2601000000000,0.6912709349814335,0.6911999999999999,1.2228140207482304e-06,0.6762708870618963,0.6761999999999999,1.2354014667476056e-06,0.6889016454755454,0.6891999999999999,2.341833141263833e-05,0.720285000319926,0.7202,2.230965951233068e-05,0.7232715232200231,0.7232,5.444139840849163e-06,0.0009801558834326676,2.341833141263833e-05,5.363034625331401e-05,0.5773502691896258,3.096349484608369e-05,0.5773502691896258,3.096349484608369e-05,0.5773502691896258,3.096349484608369e-05
2601300000000,0.6913420008835629,0.6914,1.7676268559105475e-07,0.6763435221554555,0.6764,1.8465498857211638e-07,0.6893397625498182,0.6894,6.718129976926622e-06,0.7203419476016145,0.7204,1.1350475120974707e-07,0.7226327514301036,0.7224,1.4281028985891232e-05,0.0010609341795685748,1.4281028985891232e-05,2.1474081388190774e-05,0.5773502691896258,1.2398066670071877e-05,0.5773502691896258,1.2398066670071877e-05,0.5773502691896258,1.2398066670071877e-05
2601600000000,0.6915523084878287,0.6916,1.5480250944202588e-06,0.675798653868058,0.6756,1.0390850771398733e-05,0.6895516319039838,0.6896,1.5711018132094465e-06,0.7205469901655023,0.7206,1.4714858551982926e-06,0.7225503968015232,0.7226,2.3737996970164323e-07,0.0012544250944336221,1.0390850771398733e-05,1.5218843503928374e-05,0.5773502691896258,8.786603393747836e-06,0.5773502691896258,8.786603393747836e-06,0.5773502691896258,8.786603393747836e-06
2601900000000,0.6923203339586866,0.6926,2.064520933603119e-05,0.6756313764794867,0.6756,9.793603654539165e-07,0.6887855372202432,0.6886,2.0541537255950108e-05,0.7206313761657412,0.7206,2.49234896271585e-07,0.7226313761667638,0.7226,2.295180158166332e-07,0.001488457795504434,2.064520933603119e-05,4.264485986952343e-05,0.5773502691896258,2.4621021325223224e-05,0.5773502691896258,2.4621021325223224e-05,0.5773502691896258,2.4621021325223224e-05
2602200000000,0.6925184731490822,0.6924,1.374069856971477e-06,0.6745189371808604,0.6744,4.331324175948263e-05,0.68851850205459,0.6884,2.4957722893398276e-06,0.7219256102102417,0.7224,5.8626461668041027e-05,0.7225184757769272,0.7224,4.461274308838013e-07,0.001769040696742403,5.8626461668041027e-05,0.00010625567300471876,0.5773502691896258,6.134674141219923e-05,0.5773502691896258,6.134674141219923e-05,0.5773502691896258,6.134674141219923e-05
2602500000000,0.6915262031963931,0.6914,3.446098806533592e-05,0.6735262078893401,0.6734,3.4492900618482346e-05,0.6885261204589449,0.6884,2.0314029720301444e-09,0.722526082655615,0.7224,1.2619850517841196e-05,0.7238953846382363,0.7244,6.635573043230764e-05,0.0019045591798304078,6.635573043230764e-05,0.00014793150103693911,0.5773502691896258,8.540829194530221e-05,0.5773502691896258,8.540829194530221e-05,0.5773502691896258,8.540829194530221e-05
2602800000000,0.6920296560315462,0.6921999999999999,8.871266502828361e-06,0.674025980356334,0.6741999999999999,8.742038156778878e-06,0.6882855137704808,0.6881999999999999,2.0262052486789775e-06,0.7222695726394284,0.7222,2.302908594142653e-06,0.7233870844521886,0.7232,9.0429177697662e-06,0.0016642097996772275,9.0429177697662e-06,3.098533627219507e-05,0.5773502691896258,1.78893922376829e-05,0.5773502691896258,1.78893922376829e-05,0.5773502691896258,1.78893922376829e-05
2603100000000,0.6939272317212167,0.6941999999999999,0.00012602777243100023,0.675927239590713,0.6761999999999999,0.00012651753367090037,0.6889273237813722,0.6891999999999999,1.4417203152818027e-05,0.7192907376646358,0.7182,0.0003105710232466599,0.7219274542791697,0.7222,7.456820846954802e-05,0.00041034373738401634,0.0003105710232466599,0.0006521017409709266,0.5773502691896258,0.00037649111568858817,0.5773502691896258,0.00037649111568858817,0.5773502691896258,0.00037649111568858817
2603400000000,0.6972181176381176,0.6975999999999999,0.00037904755413197314,0.6782181314038264,0.6786,0.00018368648547864547,0.68921813751204,0.6895999999999999,2.9600419080713003e-06,0.7151274648453458,0.7135999999999999,0.0006066494198743514,0.7202181424292012,0.7205999999999999,0.00010226114501549283,6.358229030514105e-06,0.0006066494198743514,0.0012746046464085343,0.5773502691896258,0.0007358933357143151,0.5773502691896258,0.0007358933357143151,0.5773502691896258,0.0007358933357143151
2603700000000,0.6959999990847043,0.696,5.19334483559356e-05,0.6769999985308708,0.677,5.1934669366125497e-05,0.6870000110652524,0.687,0.00017220297268784085,0.7099199754017087,0.708,0.0009491281206957275,0.7180000121312933,0.718,0.00017220357064740406,1.8431527717196209e-06,0.0009491281206957275,0.0013974027817530335,0.5773502691896258,0.0008067908722114458,0.5773502691896258,0.0008067908722114458,0.5773502691896258,0.0008067908722114458
2604000000000,0.6991220747151226,0.6988,0.0003411574684717963,0.6781221292939981,0.6778000000000001,4.4071210734481615e-05,0.6901220742932259,0.6898,0.00034115475798124687,0.7111221289593078,0.7108,5.0581061161687486e-05,0.72151158624172,0.7228,0.0004315903456556638,4.6375119626906775e-06,0.0004315903456556638,0.0012085548440048761,0.5773502691896258,0.0006977594645166415,0.5773502691896258,0.0006977594645166415,0.5773502691896258,0.0006977594645166415
2604300000000,0.6938890876829182,0.6934,0.0009584453647726491,0.6748879368211866,0.6744,0.00036610003329165297,0.6888879298613109,0.6884,5.3308936758942414e-05,0.7164471472503202,0.7184,0.0009924536929865801,0.7258878970558926,0.7254,0.0006703233719785624,0.0004647835390916948,0.0009924536929865801,0.003040631399788387,0.5773502691896258,0.001755509357174254,0.5773502691896258,0.001755509357174254,0.5773502691896258,0.001755509357174254
2604600000000,0.6903731339923028,0.69,0.0004326675624093253,0.6743720778250246,0.6739999999999999,9.313867637245113e-06,0.6893720334774026,0.689,8.202470888958684e-06,0.7205106650867932,0.722,0.0005779262022566869,0.7253720788505411,0.725,9.312394734022012e-06,0.0010013865358322665,0.0005779262022566869,0.0010374224979262379,0.5773502691896258,0.0005989561584410875,0.5773502691896258,0.0005989561584410875,0.5773502691896258,0.0005989561584410875
2604900000000,0.6904103094470381,0.6904,4.837050521704139e-08,0.6751231943830422,0.6754,1.974616293048872e-05,0.6894103044144243,0.6894,5.126326171813401e-08,0.7204111706648997,0.7204,3.464698995772473e-07,0.7246449678401321,0.7244,1.8504164751030375e-05,0.0013924697406317817,1.974616293048872e-05,3.8696431348031516e-05,0.5773502691896258,2.2341395055463872e-05,0.5773502691896258,2.2341395055463872e-05,0.5773502691896258,2.2341395055463872e-05
2605200000000,0.6909058931015528,0.691,8.596110551776545e-06,0.6759020069100425,0.6759999999999999,2.122921332744045e-05,0.6883744930214598,0.688,3.7551683462826434e-05,0.7199118203767934,0.72,8.72727485811548e-06,0.7249057454219863,0.725,2.3801731519197145e-06,0.0016900887520465739,3.7551683462826434e-05,7.848445535207861e-05,0.5773502691896258,4.5313021424723755e-05,0.5773502691896258,4.5313021424723755e-05,0.5773502691896258,4.5313021424723755e-05
2605500000000,0.6909133238368327,0.691,1.9325539379813556e-09,0.6759133277982136,0.6759999999999999,4.485687814324384e-09,0.6873689292119088,0.6869999999999999,3.539055012775301e-05,0.7208911122761986,0.721,3.3565441848427056e-05,0.7249133063123773,0.725,2.000847222665445e-09,0.001960085268766676,3.539055012775301e-05,6.896441106515503e-05,0.5773502691896258,3.9816621292971266e-05,0.5773502691896258,3.9816621292971266e-05,0.5773502691896258,3.9816621292971266e-05
2605800000000,0.691731777881341,0.6918000000000001,2.344534580402037e-05,0.6743638787699265,0.6738000000000001,8.402773019408566e-05,0.6867318519925938,0.6868000000000001,1.420535841795696e-05,0.7224406676274893,0.7228000000000001,8.403926253497144e-05,0.7247318223213768,0.7248000000000001,1.1527753646312591e-06,0.001849830551090492,8.403926253497144e-05,0.0002068704723156657,0.5773502691896258,0.00011943672287883463,0.5773502691896258,0.00011943672287883463,0.5773502691896258,0.00011943672287883463
2606100000000,0.691121782145281,0.6912,1.302331793039922e-05,0.6735129712270833,0.6732,2.5341527626362418e-05,0.6871217573404255,0.6872,5.320916309370911e-06,0.7231217361589295,0.7232000000000001,1.6234902058135403e-05,0.7251217529811658,0.7252000000000001,5.321607180521534e-06,0.0012996612227343849,2.5341527626362418e-05,6.524227110478949e-05,0.5773502691896258,3.766764278489276e-05,0.5773502691896258,3.766764278489276e-05,0.5773502691896258,3.766764278489276e-05
2606400000000,0.6908994531632415,0.6910000000000001,1.7300561689143337e-06,0.6724061025493936,0.672,4.288053943777068e-05,0.6868994335646452,0.687,1.7299751447014176e-06,0.7238975292271875,0.7240000000000001,2.106492096650256e-05,0.725897474655635,0.7260000000000001,2.106104406844902e-05,0.0016901032549675437,4.288053943777068e-05,8.846653578633802e-05,0.5773502691896258,5.107617825051592e-05,0.5773502691896258,5.107617825051592e-05,0.5773502691896258,5.107617825051592e-05
2606700000000,0.6906923415750497,0.6908,1.5013323487175004e-06,0.6712308420468879,0.6708,4.83433037062495e-05,0.6876922739159188,0.6878,2.200085379126663e-05,0.7236923256532029,0.7238,1.473797737163015e-06,0.7266922163866786,0.7268,2.210650466717326e-05,0.0018497160270791696,4.83433037062495e-05,9.542579225056992e-05,0.5773502691896258,5.509410684349985e-05,0.5773502691896258,5.509410684349985e-05,0.5773502691896258,5.509410684349985e-05
2607000000000,0.6913026420187287,0.6913999999999999,1.3036332104419415e-05,0.6706211101982774,0.6703999999999999,1.3012052452347594e-05,0.687386519885568,0.6873999999999999,3.2719934476520496e-06,0.7233864934970848,0.7233999999999999,3.2736657700527496e-06,0.7273032335919609,0.7273999999999999,1.3066970880286363e-05,0.0017689340695894742,1.3066970880286363e-05,4.566101465475817e-05,0.5773502691896258,2.636239910239608e-05,0.5773502691896258,2.636239910239608e-05,0.5773502691896258,2.636239910239608e-05
2607300000000,0.6921116206990786,0.6924,2.2905627684123484e-05,0.6705547689963374,0.6704,1.5404042761974665e-07,0.6881961218966703,0.6884,2.29409395733346e-05,0.7225821599812479,0.7224,2.2643334164453405e-05,0.7265553279279673,0.7264,1.9577700878181395e-05,0.0020450030099469847,2.29409395733346e-05,8.822164272771264e-05,0.5773502691896258,5.0934789177195886e-05,0.5773502691896258,5.0934789177195886e-05,0.5773502691896258,5.0934789177195886e-05
2607600000000,0.6925341214160323,0.6926,6.247739953923992e-06,0.6705341922718043,0.6706,1.4819055737799985e-08,0.6885341599053603,0.6886,3.999439336166687e-06,0.7218633475801691,0.7216,1.808419437806036e-05,0.7265341781151041,0.7266,1.565601044513964e-08,0.0018769433645116598,1.808419437806036e-05,2.836184873433398e-05,0.5773502691896258,1.637472100148317e-05,0.5773502691896258,1.637472100148317e-05,0.5773502691896258,1.637472100148317e-05
2607900000000,0.6924401791723838,0.6924,3.0888007996038477e-07,0.6704432196129201,0.6704,2.896608632564375e-07,0.6884388260712706,0.6884,3.180988972782284e-07,0.7222436388804268,0.7224,5.061751556807338e-06,0.7264337832103145,0.7264,3.52769791770201e-07,0.002190425740294282,5.061751556807338e-06,6.331161189072589e-06,0.5773502691896258,3.655297616793971e-06,0.5773502691896258,3.655297616793971e-06,0.5773502691896258,3.655297616793971e-06
2608200000000,0.6931299408281651,0.6931999999999999,1.6651989962519705e-05,0.6701300119173373,0.6701999999999999,3.433467120028763e-06,0.6881300131435522,0.6881999999999999,3.3377898514114058e-06,0.7214800891555644,0.7212,2.0405286381808864e-05,0.7271299448066304,0.7272,1.6962433886479257e-05,0.0026896490361012814,2.0405286381808864e-05,6.0790967202248e-05,0.5773502691896258,3.5097681278515596e-05,0.5773502691896258,3.5097681278515596e-05,0.5773502691896258,3.5097681278515596e-05
2608500000000,0.6934977667002885,0.6936,4.73535552711591e-06,0.6690103486043393,0.6686000000000001,4.3877607706583095e-05,0.6874978904942858,0.6876,1.3985266530043947e-05,0.7224962426898569,0.7226000000000001,3.61398801839312e-05,0.7274977507949779,0.7276,4.7348435772502e-06,0.0033125052682991293,4.3877607706583095e-05,0.00010347295352492436,0.5773502691896258,5.974013757146072e-05,0.5773502691896258,5.974013757146072e-05,0.5773502691896258,5.974013757146072e-05
2608800000000,0.6932928934774661,0.6934,1.4690563100367987e-06,0.6678310899337299,0.6674,4.867278542726219e-05,0.687292959164743,0.6874,1.469889743986307e-06,0.7232915456385143,0.7234,2.2137737305008898e-05,0.7282915062570616,0.7284000000000002,2.205167067557044e-05,0.004121016375116158,4.867278542726219e-05,9.580113946186464e-05,0.5773502691896258,5.531081365698043e-05,0.5773502691896258,5.531081365698043e-05,0.5773502691896258,5.531081365698043e-05
2609100000000,0.6932609299666095,0.6932,3.575831091993039e-08,0.6672610047215567,0.6672,1.1374900219848325e-05,0.6872609294460448,0.6872,3.590660079600612e-08,0.7239562042131157,0.7242000000000001,1.5461985727691078e-05,0.7282609315836327,0.7282000000000001,3.271837293499835e-08,0.00416163715055579,1.5461985727691078e-05,2.694126923219034e-05,0.5773502691896258,1.5554549043515276e-05,0.5773502691896258,1.5554549043515276e-05,0.5773502691896258,1.5554549043515276e-05
2609400000000,0.6932608410287932,0.6932,2.7684773109780056e-13,0.6663506750094358,0.6662,2.9004506466954562e-05,0.6872608356723823,0.6872,3.0777249226465407e-13,0.7248668061258547,0.7252000000000001,2.902185452194133e-05,0.72826084215761,0.7282000000000001,2.798954737454981e-13,0.003960172412982874,2.902185452194133e-05,5.8026361853411584e-05,0.5773502691896258,3.350153563616181e-05,0.5773502691896258,3.350153563616181e-05,0.5773502691896258,3.350153563616181e-05
2609700000000,0.6930624236457794,0.6930000000000001,1.377931025870716e-06,0.6668050051473793,0.667,7.22455559853136e-06,0.687047833476566,0.687,1.5879477397901665e-06,0.7250327263457631,0.7250000000000001,9.635331781052953e-07,0.7280517115367704,0.728,1.5307465800465339e-06,0.004410036570026319,7.22455559853136e-06,1.268471412234407e-05,0.5773502691896258,7.323523113128798e-06,0.5773502691896258,7.323523113128798e-06,0.5773502691896258,7.323523113128798e-06
2610000000000,0.6930175352191408,0.6930000000000001,7.052397961322097e-08,0.6669330940856166,0.667,5.742371634569844e-07,0.6870114153318891,0.687,4.641984415953368e-08,0.7250147072570462,0.7250000000000001,1.1364064536566663e-08,0.7280230475433251,0.7280000000000001,2.875685820803642e-08,0.004202511053926143,5.742371634569844e-07,7.313019099743421e-07,0.5773502691896258,4.22217354582574e-07,0.5773502691896258,4.22217354582574e-07,0.5773502691896258,4.22217354582574e-07
2610300000000,0.6927030233292865,0.6926,3.4621205100907273e-06,0.666689760237105,0.6666,2.072397664101432e-06,0.6867386743533159,0.6866,2.6035674487576413e-06,0.7254301428947556,0.7256,6.040536917765696e-06,0.7284381829075987,0.7286,6.031807973467528e-06,0.0036864547738180327,6.040536917765696e-06,2.0210430514183024e-05,0.5773502691896258,1.1668497497801797e-05,0.5773502691896258,1.1668497497801797e-05,0.5773502691896258,1.1668497497801797e-05
2610600000000,0.6930698015255251,0.6932,4.708418583262679e-06,0.667058314146461,0.6672,4.754119443554979e-06,0.6863687600438809,0.6862,4.789280871367166e-06,0.7252478583229172,0.7252000000000001,1.1629682795613505e-06,0.7282548773180191,0.7282000000000001,1.1760328709890372e-06,0.0033856497062773206,4.789280871367166e-06,1.659082004873521e-05,0.5773502691896258,9.578714421213916e-06,0.5773502691896258,9.578714421213916e-06,0.5773502691896258,9.578714421213916e-06
2610900000000,0.6938963276128173,0.6938,2.3910088054107496e-05,0.6683336985704627,0.6688,5.6931190014511396e-05,0.6858967858454516,0.6858,7.796587539406627e-06,0.7239764200437855,0.7238,5.6579435417446105e-05,0.7278967660910455,0.7278,4.488527780958826e-06,0.0034597383539356178,5.6931190014511396e-05,0.00014970582880643047,0.5773502691896258,8.643270056064868e-05,0.5773502691896258,8.643270056064868e-05,0.5773502691896258,8.643270056064868e-05
2611200000000,0.693967099395407,0.6940000000000001,1.753025823825312e-07,0.668150136983025,0.668,1.1793199733928007e-06,0.6859546571849555,0.686,1.1721821775942189e-07,0.7239708145218672,0.7240000000000001,1.09976565918131e-09,0.7279564876865008,0.7280000000000001,1.248334137304644e-07,0.0036100447729972363,1.1793199733928007e-06,1.5977739529243994e-06,0.5773502691896258,9.224752218250745e-07,0.5773502691896258,9.224752218250745e-07,0.5773502691896258,9.224752218250745e-07
2611500000000,0.694509074119325,0.6946,1.0280781047811144e-05,0.6685092334137009,0.6686,4.513258628348466e-06,0.6865090408962679,0.6866,1.0756945477895304e-05,0.7235097314749318,0.7236,7.440915165992267e-06,0.7269629165415268,0.7266,3.455142670437334e-05,0.003496982451163981,3.455142670437334e-05,6.754332702442052e-05,0.5773502691896258,3.899615803951212e-05,0.5773502691896258,3.899615803951212e-05,0.5773502691896258,3.899615803951212e-05
2611800000000,0.6944533624116489,0.6944,1.0863280302676229e-07,0.6684323384213734,0.6684,2.0694939457687553e-07,0.6864153469054065,0.6864,3.0724973732339136e-07,0.7234308422008763,0.7234,2.178231146352812e-07,0.7272677091326563,0.7274,3.251448326259716e-06,0.0037249267663037487,3.251448326259716e-06,4.092103375822026e-06,0.5773502691896258,2.3625769855826235e-06,0.5773502691896258,2.3625769855826235e-06,0.5773502691896258,2.3625769855826235e-06
2612100000000,0.6954764654298936,0.6956000000000001,3.6635892507950145e-05,0.6694762627131765,0.6696000000000001,3.814222744558195e-05,0.686478231066638,0.6866000000000001,1.3840462068243975e-07,0.7220895711908749,0.7216000000000001,6.296527727945294e-05,0.7264794606489865,0.7266000000000001,2.1746748520268783e-05,0.0038810501571796456,6.296527727945294e-05,0.00015962855037393624,0.5773502691896258,9.216158652874184e-05,0.5773502691896258,9.216158652874184e-05,0.5773502691896258,9.216158652874184e-05
2612400000000,0.6973007242881615,0.6976,0.00011647721336890759,0.670477785726603,0.6706,3.5106692124800444e-05,0.6854779922541427,0.6856,3.501671887076499e-05,0.7202655904942704,0.7196,0.0001164416953555042,0.7264779046134856,0.7266,8.474362680144963e-11,0.0036866887538160495,0.00011647721336890759,0.000303042404463604,0.5773502691896258,0.00017496161379293324,0.5773502691896258,0.00017496161379293324,0.5773502691896258,0.00017496161379293324
2612700000000,0.6973499886693373,0.6974,8.494427384223034e-08,0.66968785865578,0.6694,2.1839467202667255e-05,0.6853499893290839,0.6854,5.734662088270128e-07,0.7203499843879346,0.7203999999999999,2.492815250732338e-07,0.7272621784083033,0.7274,2.15279884833222e-05,0.0037249547017923993,2.1839467202667255e-05,4.427514769373193e-05,0.5773502691896258,2.556226843938657e-05,0.5773502691896258,2.556226843938657e-05,0.5773502691896258,2.556226843938657e-05
2613000000000,0.6966521818889622,0.6966,1.7042700595812227e-05,0.6687914344939969,0.6686,2.8125169723994793e-05,0.6856445920734721,0.6856,3.037677195036964e-06,0.7212681136775176,0.7216,2.9503648733657348e-05,0.7276436560454288,0.7276,5.093381566939444e-06,0.003686477544386598,2.9503648733657348e-05,8.280257781544078e-05,0.5773502691896258,4.7806090591339676e-05,0.5773502691896258,4.7806090591339676e-05,0.5773502691896258,4.7806090591339676e-05
2613300000000,0.6963067023625501,0.6963999999999999,4.177463610946604e-06,0.6677736378815499,0.6673999999999999,3.6256848050804365e-05,0.6863064783143293,0.6863999999999999,1.5333268854266297e-05,0.7213066549940753,0.7213999999999999,5.1990157869953895e-08,0.7283065245567335,0.7283999999999999,1.5378813214776003e-05,0.003920487328359167,3.6256848050804365e-05,7.119838388866323e-05,0.5773502691896258,4.1106406103986033e-05,0.5773502691896258,4.1106406103986033e-05,0.5773502691896258,4.1106406103986033e-05
2613600000000,0.6971103807656687,0.6972,2.2606464147372426e-05,0.6681307881088857,0.6682,4.464469971011605e-06,0.6861307886629279,0.6862,1.0803398763349173e-06,0.7211307887008642,0.7212000000000001,1.0825133580733306e-06,0.7274972537562903,0.7272000000000001,2.2922172995751498e-05,0.003385655381248251,2.2922172995751498e-05,5.2155960348543775e-05,0.5773502691896258,3.01122577470752e-05,0.5773502691896258,3.01122577470752e-05,0.5773502691896258,3.01122577470752e-05
2613900000000,0.6963864508122051,0.6962,1.8342610213263245e-05,0.668915659010637,0.6692,2.156078163455524e-05,0.6853888075248584,0.6852,1.9268760323779135e-05,0.7219235634730874,0.7222000000000001,2.199721438157249e-05,0.7273855180785167,0.7272000000000001,4.3697015906309837e-07,0.0033857310885535468,2.199721438157249e-05,8.160633671223321e-05,0.5773502691896258,4.711544046838709e-05,0.5773502691896258,4.711544046838709e-05,0.5773502691896258,4.711544046838709e-05
2614200000000,0.6963833008430484,0.6964,3.472806990688683e-10,0.668537961225301,0.6684,4.9929465966709265e-06,0.6853885593148789,0.6854,2.156286788530687e-12,0.7223034012228468,0.7224,5.049685064978888e-06,0.7273867632423553,0.7274,5.42651544728366e-11,0.003920415035195311,5.049685064978888e-06,1.0043035363790145e-05,0.5773502691896258,5.798349170765173e-06,0.5773502691896258,5.798349170765173e-06,0.5773502691896258,5.798349170765173e-06
2614500000000,0.6958948168900646,0.6958,8.35158003129523e-06,0.667894986131357,0.6678,1.4469594000128268e-05,0.684894858593709,0.6848,8.530914072926423e-06,0.7228943297441484,0.7228,1.222187810506949e-05,0.728421007760449,0.7288,3.743816031224421e-05,0.0038416898064960905,3.743816031224421e-05,8.101212652166362e-05,0.5773502691896258,4.677237305490652e-05,0.5773502691896258,4.677237305490652e-05,0.5773502691896258,4.677237305490652e-05
2614800000000,0.6958417235575479,0.6958,9.866156852045449e-08,0.667800904906628,0.6678,3.097946896276778e-07,0.6848475613075723,0.6848,7.829616465648039e-08,0.7228433853893526,0.7228,9.083645499461605e-08,0.7286664123273291,0.7288,2.10781905059543e-06,0.00364811234379717,2.10781905059543e-06,2.685407928394659e-06,0.5773502691896258,1.5504209903426118e-06,0.5773502691896258,1.5504209903426118e-06,0.5773502691896258,1.5504209903426118e-06
2615100000000,0.6953817626805128,0.6951999999999999,7.404740294102996e-06,0.6680814118736983,0.6681999999999999,2.7539455501236713e-06,0.6843798283428211,0.6841999999999999,7.657094421023871e-06,0.7230827662358355,0.7232,2.0056116382003576e-06,0.7290735849682668,0.7292,5.802634583486426e-06,0.0037636796426581427,7.657094421023871e-06,2.5624026486937322e-05,0.5773502691896258,1.4794038589955366e-05,0.5773502691896258,1.4794038589955366e-05,0.5773502691896258,1.4794038589955366e-05
2615400000000,0.6948670492884653,0.6948,9.27254565835472e-06,0.6686080465237345,0.6688,9.707041911656919e-06,0.6848404785084035,0.6848,7.426950126787853e-06,0.7228422135503364,0.7228,2.0252958075281937e-06,0.7288422110564298,0.7288,1.8736860477569322e-06,0.003459623311907301,9.707041911656919e-06,3.0305519552084615e-05,0.5773502691896258,1.749689987132752e-05,0.5773502691896258,1.749689987132752e-05,0.5773502691896258,1.749689987132752e-05
2615700000000,0.6950777017693979,0.695,1.553106370306333e-06,0.669077696877521,0.6689999999999999,7.7200009184139e-06,0.6856891815045414,0.6859999999999999,2.5210387147872406e-05,0.722077701421948,0.722,2.0456757805850998e-05,0.7280777184074553,0.728,2.0455715361761188e-05,0.0032400603807732535,2.5210387147872406e-05,7.539596760420481e-05,0.5773502691896258,4.352988219209996e-05,0.5773502691896258,4.352988219209996e-05,0.5773502691896258,4.352988219209996e-05
2616000000000,0.6946646510980744,0.6946,5.9713799978268425e-06,0.6696530316187037,0.6696,1.158535225440989e-05,0.686355786155536,0.6866,1.5552661625470037e-05,0.7216610541657728,0.7216,6.075822762744078e-06,0.7276654701367268,0.7276,5.948202285152327e-06,0.0033124375716712057,1.5552661625470037e-05,4.513341892560317e-05,0.5773502691896258,2.605779156614514e-05,0.5773502691896258,2.605779156614514e-05,0.5773502691896258,2.605779156614514e-05
2616300000000,0.6946194122253729,0.6946,7.162944611549214e-08,0.669617883017663,0.6696,4.323984542914545e-08,0.6865242147883739,0.6866,9.92887152586789e-07,0.7216163516049469,0.7216,6.994116305374416e-08,0.72762200661494,0.7276,6.611772041374391e-08,0.0036864086550008044,9.92887152586789e-07,1.2438153275989146e-06,0.5773502691896258,7.18117114211416e-07,0.5773502691896258,7.18117114211416e-07,0.5773502691896258,7.18117114211416e-07
2616600000000,0.693923325031987,0.6940000000000001,1.695880832785926e-05,0.6684327549535053,0.668,4.9158498495897406e-05,0.6869232696687512,0.687,5.573567914352409e-06,0.7227973731406843,0.7230000000000001,4.88184153756437e-05,0.7279232768616253,0.7280000000000001,3.1767316538226553e-06,0.004410123008188932,4.9158498495897406e-05,0.00012368602176757542,0.5773502691896258,7.141015796250359e-05,0.5773502691896258,7.141015796250359e-05,0.5773502691896258,7.141015796250359e-05
2616900000000,0.6944771269262698,0.6946000000000001,1.073437883389612e-05,0.6670914405619629,0.6666000000000001,6.29693503935558e-05,0.6864771919960053,0.6866000000000001,6.964485154282321e-06,0.7234771120310947,0.7236000000000001,1.6171573569772537e-05,0.7284771279419268,0.7286000000000001,1.0736285670289145e-05,0.004709050969764733,6.29693503935558e-05,0.00010757607362179592,0.5773502691896258,6.210907506390688e-05,0.5773502691896258,6.210907506390688e-05,0.5773502691896258,6.210907506390688e-05
2617200000000,0.69456562796693,0.6946,2.7413519692759847e-07,0.6667327014898922,0.6666,4.5042802640560225e-06,0.6865654311666252,0.6866,2.7251529310871274e-07,0.7235658078963163,0.7236,2.753434777595618e-07,0.7285704276203205,0.7286,3.046690495933759e-07,0.0049284111862562185,4.5042802640560225e-06,5.630943281445272e-06,0.5773502691896258,3.2510266193339427e-06,0.5773502691896258,3.2510266193339427e-06,0.5773502691896258,3.2510266193339427e-06
2617500000000,0.6948963556213349,0.6950000000000001,3.828327348585711e-06,0.6668952333799841,0.667,9.245815353903408e-07,0.6868767919147506,0.687,3.3930930415630315e-06,0.7231681351412514,0.7230000000000001,5.535026704230652e-06,0.728163473549893,0.728,5.796406540314798e-06,0.004410046382227713,5.796406540314798e-06,1.9477435170084534e-05,0.5773502691896258,1.1245302438571792e-05,0.5773502691896258,1.1245302438571792e-05,0.5773502691896258,1.1245302438571792e-05
2617800000000,0.695500214617445,0.6954,1.2762599051410596e-05,0.6679970073691414,0.6684,4.248670731142016e-05,0.686500796431782,0.6864,4.948041112448399e-06,0.7225009864227403,0.7224,1.557805944138724e-05,0.727500993918957,0.7274,1.536077414917935e-05,0.004121001552331324,4.248670731142016e-05,9.113618106584575e-05,0.5773502691896258,5.2617498671280526e-05,0.5773502691896258,5.2617498671280526e-05,0.5773502691896258,5.2617498671280526e-05
2618100000000,0.6963477355271009,0.6962,2.514020923063855e-05,0.6696090554981857,0.6702,9.095447096244013e-05,0.6863477359160778,0.6862,8.199632513670789e-07,0.7213477365248763,0.7212000000000001,4.654948644231871e-05,0.726347736527769,0.7262000000000001,4.6550091361540464e-05,0.0037638182598591784,9.095447096244013e-05,0.00021001422124830495,0.5773502691896258,0.0001212517671713585,0.5773502691896258,0.0001212517671713585,0.5773502691896258,0.0001212517671713585
2618400000000,0.6953084434973996,0.6951999999999999,3.780447730502427e-05,0.6707747184370181,0.6711999999999999,4.755695304385505e-05,0.6863056315219,0.6861999999999999,6.204730031758785e-08,0.7213055772786586,0.7212,6.22090714573959e-08,0.7263056252715916,0.7262,6.20675263892583e-08,0.0032042131858039283,4.755695304385505e-05,8.554775424704358e-05,0.5773502691896258,4.939101894309857e-05,0.5773502691896258,4.939101894309857e-05,0.5773502691896258,4.939101894309857e-05
2618700000000,0.6952421074331702,0.6952,1.5401656961090448e-07,0.6710022226046971,0.6712,1.8115351208964362e-06,0.6862761958703368,0.6862,3.0326015403283766e-08,0.7212433446604197,0.7212000000000001,1.3555145705040305e-07,0.7262359348499071,0.7262000000000001,1.6998642060960415e-07,0.003572132287588379,1.8115351208964362e-06,2.3014155835706317e-06,0.5773502691896258,1.328722906691704e-06,0.5773502691896258,1.328722906691704e-06,0.5773502691896258,1.328722906691704e-06
2619000000000,0.6952300535373841,0.6952,5.085374126748831e-09,0.6703450380493547,0.6702,1.5116203892318765e-05,0.6862383404998489,0.6862,5.015601761729628e-08,0.7219436759248786,0.7222000000000001,1.716623579925095e-05,0.7262420600964632,0.7262000000000001,1.313152588045585e-09,0.004368180213252543,1.716623579925095e-05,3.23389942359018e-05,0.5773502691896258,1.867092702741966e-05,0.5773502691896258,1.867092702741966e-05,0.5773502691896258,1.867092702741966e-05
2619300000000,0.6956965238177361,0.6957999999999999,7.615808285807281e-06,0.6692133642792946,0.6687999999999998,4.48239932644779e-05,0.6856974577106466,0.6857999999999999,1.0239396707933308e-05,0.7226960284875361,0.7227999999999999,1.981120324880512e-05,0.7266966217308286,0.7267999999999999,7.231919780293456e-06,0.00556970698227619,4.48239932644779e-05,8.972232128731706e-05,0.5773502691896258,5.18012063475506e-05,0.5773502691896258,5.18012063475506e-05,0.5773502691896258,5.18012063475506e-05
2619600000000,0.6953186918933159,0.6952,4.996493708887568e-06,0.6692306589354164,0.6692,1.0468679563092945e-08,0.6853352969763277,0.6852,4.590613911885165e-06,0.7230585077333889,0.7232000000000001,4.598692128589337e-06,0.7270568236938565,0.7272000000000001,4.5410908959199414e-06,0.005953637939725407,4.996493708887568e-06,1.8737359324845103e-05,0.5773502691896258,1.0818019450102065e-05,0.5773502691896258,1.0818019450102065e-05,0.5773502691896258,1.0818019450102065e-05
2619900000000,0.6955360033273768,0.6956000000000001,1.6528490780761127e-06,0.668816285488488,0.6686000000000001,6.009687373176515e-06,0.6855220021400946,0.6856000000000001,1.2200586362035747e-06,0.7226604346207706,0.7226000000000001,5.546177104636828e-06,0.7274647203339364,0.7276000000000001,5.823288414596406e-06,0.00585646627371586,6.009687373176515e-06,2.0252060606689435e-05,0.5773502691896258,1.1692532642916763e-05,0.5773502691896258,1.1692532642916763e-05,0.5773502691896258,1.1692532642916763e-05
2620200000000,0.6957263938094549,0.6958000000000001,1.268698748308128e-06,0.6680758680889171,0.6678000000000001,1.918762739556086e-05,0.6857299589162555,0.6858000000000001,1.5136107262935403e-06,0.7227374810201921,0.7228000000000001,2.0776516823371885e-07,0.7277298617445204,0.7278000000000001,2.4604988662261933e-06,0.005808168662888264,1.918762739556086e-05,2.463820090462244e-05,0.5773502691896258,1.4224871924631849e-05,0.5773502691896258,1.4224871924631849e-05,0.5773502691896258,1.4224871924631849e-05
2620500000000,0.6956268181688622,0.6956,3.470357869806883e-07,0.6684258722050952,0.6686,4.287600846957372e-06,0.6856370445499027,0.6856,3.0215778161621874e-07,0.7226467258657566,0.7226,2.882774319811617e-07,0.727657517297152,0.7276,1.8318016727620246e-07,0.005153192346634609,4.287600846957372e-06,5.408252014811642e-06,0.5773502691896258,3.1224557565968382e-06,0.5773502691896258,3.1224557565968382e-06,0.5773502691896258,3.1224557565968382e-06
2620800000000,0.6961736546516063,0.6961999999999999,1.0466054860098512e-05,0.6689550724077311,0.6692,9.80184990644629e-06,0.6852923232929401,0.6852,4.159146075065866e-06,0.7222830067427322,0.7222,4.630206015878983e-06,0.7272955752576479,0.7272000000000001,4.585071398614225e-06,0.004796158718924833,1.0466054860098512e-05,3.364232825610387e-05,0.5773502691896258,1.9423407274827328e-05,0.5773502691896258,1.9423407274827328e-05,0.5773502691896258,1.9423407274827328e-05
2621100000000,0.6966328667620018,0.6968,7.380651681684734e-06,0.6706314911594533,0.6708,9.836329408940336e-05,0.6866326820703659,0.6868,6.287965782778127e-05,0.7206338487496089,0.7208,9.519027301988214e-05,0.7254691086998708,0.7248,0.0001167593030337311,0.0036483799161065194,0.0001167593030337311,0.0003805731796524826,0.5773502691896258,0.00021972402771871266,0.5773502691896258,0.00021972402771871266,0.5773502691896258,0.00021972402771871266
2621400000000,0.6966050892719318,0.6965999999999999,2.700561341059608e-08,0.6706132680520824,0.6705999999999999,1.1622857478763888e-08,0.6866088986222478,0.6865999999999999,1.979783415342604e-08,0.7206053892902302,0.7205999999999999,2.8347928984440654e-08,0.725566737334723,0.7255999999999999,3.3359726200855883e-07,0.0034969238001249098,3.3359726200855883e-07,4.203714960357855e-07,0.5773502691896258,2.427015963959065e-07,0.5773502691896258,2.427015963959065e-07,0.5773502691896258,2.427015963959065e-07
2621700000000,0.6958682013269096,0.6956,1.9005134523163105e-05,0.6705983911644754,0.6706,7.746262470537954e-09,0.6865963684680392,0.6866,5.4951667572448746e-09,0.7213415385746302,0.7216,1.8967051912293298e-05,0.7255954345014749,0.7256,2.882345828554658e-08,0.003880971984440299,1.9005134523163105e-05,3.801425132296974e-05,0.5773502691896258,2.194753823435867e-05,0.5773502691896258,2.194753823435867e-05,0.5773502691896258,2.194753823435867e-05
2622000000000,0.6952333610203956,0.6951999999999999,1.4105777517120375e-05,0.6702833228053134,0.6701999999999999,3.4743824830751642e-06,0.6862822642330613,0.6861999999999999,3.4531514650869838e-06,0.7219654790124179,0.7222,1.3625558446734057e-05,0.7262355715033687,0.7262,1.434213834177556e-05,0.004161635602396615,1.434213834177556e-05,4.900100825379214e-05,0.5773502691896258,2.829074530588997e-05,0.5773502691896258,2.829074530588997e-05,0.5773502691896258,2.829074530588997e-05
2622300000000,0.6953408322748298,0.6954,4.042524685382816e-07,0.6703408345849716,0.6704,1.1576616798079244e-07,0.6856366695977807,0.6854,1.4587735158607165e-05,0.722340831117685,0.7224,4.931122102494711e-06,0.7263408324124483,0.7264,3.877950643091253e-07,0.004326435008323339,1.4587735158607165e-05,2.0426670961930077e-05,0.5773502691896258,1.1793343978518243e-05,0.5773502691896258,1.1793343978518243e-05,0.5773502691896258,1.1793343978518243e-05
2622600000000,0.6954404342424282,0.6954,3.4721931823151054e-07,0.6695629305376727,0.6694,2.117971473814242e-05,0.6854406227063772,0.6854,1.3452034270143126e-06,0.7224404396673653,0.7224,3.472652109292703e-07,0.7271155705281235,0.7274,2.100767017579797e-05,0.004536956282239968,2.117971473814242e-05,4.422707287011548e-05,0.5773502691896258,2.553451242703037e-05,0.5773502691896258,2.553451242703037e-05,0.5773502691896258,2.553451242703037e-05
2622900000000,0.6954235642101947,0.6954,9.960929564571571e-09,0.6694416947706717,0.6694,5.144338920108877e-07,0.685432163412978,0.6854,2.5045875684871455e-09,0.722409869970607,0.7224,3.2707722596300364e-08,0.7272926082237634,0.7274,1.096982098712322e-06,0.004752411813664316,1.096982098712322e-06,1.6565892304525687e-06,0.5773502691896258,9.564322381384256e-07,0.5773502691896258,9.564322381384256e-07,0.5773502691896258,9.564322381384256e-07
2623200000000,0.6955397294411889,0.6956,4.723026312179591e-07,0.6695517476211093,0.6696,4.239070461298512e-07,0.6855432003528577,0.6856,4.315220706245509e-07,0.7225429155999936,0.7226,6.195398824611644e-07,0.7268191041100729,0.7266,7.847215098864403e-06,0.004494570268026582,7.847215098864403e-06,9.794486729297928e-06,0.5773502691896258,5.654849549734376e-06,0.5773502691896258,5.654849549734376e-06,0.5773502691896258,5.654849549734376e-06
2623500000000,0.6960173941445861,0.6962,7.985724910502477e-06,0.6692609415326779,0.6692,2.9598863374059784e-06,0.6852469687826505,0.6852,3.071360011559709e-06,0.7222567237532171,0.7222000000000001,2.8667020606464965e-06,0.7272178221041798,0.7272000000000001,5.564161358863619e-06,0.0043681276567598595,7.985724910502477e-06,2.2447834678978282e-05,0.5773502691896258,1.2960263394632329e-05,0.5773502691896258,1.2960263394632329e-05,0.5773502691896258,1.2960263394632329e-05
2623800000000,0.6960420685899471,0.696,2.130898888560271e-08,0.6697918886298936,0.6699999999999999,9.866668701461627e-06,0.6850549453323874,0.6849999999999999,1.2905551907822056e-06,0.7220507191909532,0.722,1.4853257885745062e-06,0.7270600569086023,0.727,8.711449927465763e-07,0.0040000399931120435,9.866668701461627e-06,1.3535003662450519e-05,0.5773502691896258,7.81443800799838e-06,0.5773502691896258,7.81443800799838e-06,0.5773502691896258,7.81443800799838e-06
2624100000000,0.6961446556139904,0.6962,3.683434125721948e-07,0.6701323771424565,0.6702,4.057634951556894e-06,0.6851490166610227,0.6852,3.097295204921016e-07,0.7221416688040645,0.7222000000000001,2.8951412437827177e-07,0.726431790458952,0.7262000000000001,1.3815155611466992e-05,0.003763652745446165,1.3815155611466992e-05,1.8840377620466454e-05,0.5773502691896258,1.087749709081051e-05,0.5773502691896258,1.087749709081051e-05,0.5773502691896258,1.087749709081051e-05
2624400000000,0.6964599905158707,0.6963999999999999,3.4802635120348932e-06,0.6694642033079203,0.6693999999999999,1.5625969560558884e-05,0.684477258419961,0.6843999999999999,1.5794069705200482e-05,0.7224577558064578,0.7223999999999999,3.4968847578687674e-06,0.7271407900991214,0.7273999999999999,1.7593817141609368e-05,0.004120942182785198,1.7593817141609368e-05,5.59910046772724e-05,0.5773502691896258,3.232642162262082e-05,0.5773502691896258,3.232642162262082e-05,0.5773502691896258,3.232642162262082e-05
2624700000000,0.6967069135344441,0.6968000000000001,2.133984198549516e-06,0.6689869927502822,0.6688000000000001,7.970547071246446e-06,0.6847167618701583,0.6848000000000001,2.0076665929743384e-06,0.7219815122030012,0.7218,7.938278944164782e-06,0.7276053707522278,0.7278,7.554231413426743e-06,0.00404025913896789,7.970547071246446e-06,2.7604708220361824e-05,0.5773502691896258,1.5937585721926977e-05,0.5773502691896258,1.5937585721926977e-05,0.5773502691896258,1.5937585721926977e-05
2625000000000,0.696770420357394,0.6968,1.4115907964149637e-07,0.6697685326976495,0.6698,2.1378164126580515e-05,0.6855504173534612,0.6858,2.432435126943716e-05,0.7211307897478789,0.7208,2.5330504347725932e-05,0.7267798383590992,0.7268,2.385263062365913e-05,0.003841687050689518,2.5330504347725932e-05,9.502680944704423e-05,0.5773502691896258,5.486375401448227e-05,0.5773502691896258,5.486375401448227e-05,0.5773502691896258,5.486375401448227e-05
2625300000000,0.6973797199427414,0.6976,1.2993609464657516e-05,0.6696543445020726,0.6696,4.5636304031837365e-07,0.6856525317705752,0.6856,3.649573963881973e-07,0.7206588923110234,0.7206,7.794051681877511e-06,0.7266545045433407,0.7266,5.497997880406857e-07,0.003686430603753969,1.2993609464657516e-05,2.2158781371282283e-05,0.5773502691896258,1.2793378389623892e-05,0.5773502691896258,1.2793378389623892e-05,0.5773502691896258,1.2793378389623892e-05
2625600000000,0.6972891364992437,0.6971999999999999,2.871876082562845e-07,0.670043800315187,0.6701999999999999,5.308654062899219e-06,0.6853115211452756,0.6851999999999999,4.070088629852007e-06,0.7210389998476627,0.7212,5.056860879350073e-06,0.7263162208225592,0.7262,4.005255651101796e-06,0.0035721542522644738,5.308654062899219e-06,1.872804683145938e-05,0.5773502691896258,1.0812642879538992e-05,0.5773502691896258,1.0812642879538992e-05,0.5773502691896258,1.0812642879538992e-05
2625900000000,0.6964905509680547,0.6964,2.2320859771857705e-05,0.6704670149938603,0.6704,6.268873248560388e-06,0.6861081446769911,0.6864,2.2211316794900738e-05,0.7204672056436779,0.7204,1.1443201409870902e-05,0.7264670832504397,0.7264,7.965815251103702e-07,0.0035344534609472135,2.2320859771857705e-05,6.30408327503001e-05,0.5773502691896258,3.639664175832395e-05,0.5773502691896258,3.639664175832395e-05,0.5773502691896258,3.639664175832395e-05
2626200000000,0.6971713735637309,0.6974,1.6223179237417413e-05,0.6703842877340966,0.6704,2.3953298278014095e-07,0.6863427048187888,0.6864,1.9256461042051626e-06,0.720377407120241,0.7204,2.8223211840088006e-07,0.7257202397581048,0.7254,1.9522132071504233e-05,0.0035346293431900875,1.9522132071504233e-05,3.8192722514307826e-05,0.5773502691896258,2.2050578624720306e-05,0.5773502691896258,2.2050578624720306e-05,0.5773502691896258,2.2050578624720306e-05
2626500000000,0.6977759003326466,0.698,1.2790841501745743e-05,0.6708779239307466,0.6709999999999999,8.52868431250749e-06,0.6860743325539357,0.6859999999999999,2.5208285389833977e-06,0.7200795488647334,0.72,3.1051839130922177e-06,0.7251901265583222,0.725,9.835700160434443e-06,0.003240134601689272,1.2790841501745743e-05,3.678123842676329e-05,0.5773502691896258,2.1235657906819595e-05,0.5773502691896258,2.1235657906819595e-05,0.5773502691896258,2.1235657906819595e-05
2626800000000,0.6969156978438178,0.6966000000000001,2.58981912625534e-05,0.6705211905023267,0.6706000000000001,4.454055863327772e-06,0.6865209865247971,0.6866000000000001,6.982491939019296e-06,0.7205210318684443,0.7206000000000001,6.821753489797208e-06,0.7255210927958942,0.7256,3.833852764439926e-06,0.003132962307204803,2.58981912625534e-05,4.79903453191376e-05,0.5773502691896258,2.7707238788507194e-05,0.5773502691896258,2.7707238788507194e-05,0.5773502691896258,2.7707238788507194e-05
2627100000000,0.6963293142184739,0.6964,1.2034601462501403e-05,0.6713155084436255,0.6714,2.208293471542104e-05,0.6873253593234776,0.6874,2.2645545973998973e-05,0.7203293035763084,0.7204,1.2865908301868553e-06,0.7247005143657196,0.7244,2.356721360237217e-05,0.0031684565092781223,2.356721360237217e-05,8.161688658448043e-05,0.5773502691896258,4.712153143996894e-05,0.5773502691896258,4.712153143996894e-05,0.5773502691896258,4.712153143996894e-05
2627400000000,0.6965261726652281,0.6966,1.3563636820468206e-06,0.6715261729209224,0.6716,1.5532832698171005e-06,0.6875261722278363,0.6876,1.4114037894940852e-06,0.7205261727910897,0.7206,1.3565120705003256e-06,0.7238953093355426,0.7236,2.2692429921782194e-05,0.0027889545067399917,2.2692429921782194e-05,2.8369992733640527e-05,0.5773502691896258,1.6379422941675087e-05,0.5773502691896258,1.6379422941675087e-05,0.5773502691896258,1.6379422941675087e-05
2627700000000,0.6957498086023381,0.6956,2.1095940535144376e-05,0.670763412571024,0.6706,2.0363117298200444e-05,0.687596157111053,0.6876,1.7142593576014975e-07,0.7213142597030645,0.7216,2.1737834328911933e-05,0.7245763412609413,0.7246,1.6233156919429153e-05,0.0027889663772560996,2.1737834328911933e-05,7.960147501744606e-05,0.5773502691896258,4.595793302921376e-05,0.5773502691896258,4.595793302921376e-05,0.5773502691896258,4.595793302921376e-05
2628000000000,0.6959477341295558,0.6960000000000001,1.3711080013534112e-06,0.6702038524002719,0.67,1.0958765464223925e-05,0.6879469370541412,0.6880000000000001,4.306629896553294e-06,0.7209552376619638,0.7210000000000001,4.5113889098644615e-06,0.724946232078219,0.7250000000000001,4.788672584722091e-06,0.00256002621255457,1.0958765464223925e-05,2.5936564856717183e-05,0.5773502691896258,1.4974482701879855e-05,0.5773502691896258,1.4974482701879855e-05,0.5773502691896258,1.4974482701879855e-05
2628300000000,0.696148706528177,0.6962,1.413646675263951e-06,0.6701585004809809,0.6702,7.19878804182192e-08,0.6881453048657894,0.6882,1.3772426044329375e-06,0.721146951910439,0.7212000000000001,1.2864023573942996e-06,0.7244005303086372,0.7242000000000001,1.0422664746364653e-05,0.0022201253616443623,1.0422664746364653e-05,1.457194426387406e-05,0.5773502691896258,8.413115943363912e-06,0.5773502691896258,8.413115943363912e-06,0.5773502691896258,8.413115943363912e-06
2628600000000,0.6961192051238109,0.696,3.046165008499098e-08,0.6715079692145571,0.6719999999999999,6.373730520149326e-05,0.6881192072393235,0.688,2.383801375034443e-08,0.7211191324765697,0.721,2.7087231528319424e-08,0.7231344656921964,0.723,5.6102186455113596e-05,0.002250152001651582,6.373730520149326e-05,0.00011992087855197052,0.5773502691896258,6.92363515134366e-05,0.5773502691896258,6.92363515134366e-05,0.5773502691896258,6.92363515134366e-05
2628900000000,0.6953012024234856,0.6950000000000001,2.3419494620880865e-05,0.6719263371251868,0.672,6.126109802561888e-06,0.6879265526719939,0.6880000000000001,1.2990523809540052e-06,0.7209264449039946,0.7210000000000001,1.2994975218705184e-06,0.7239194605656775,0.7240000000000001,2.156759329870346e-05,0.002250056789580678,2.3419494620880865e-05,5.3711747624970736e-05,0.5773502691896258,3.10104919499221e-05,0.5773502691896258,3.10104919499221e-05,0.5773502691896258,3.10104919499221e-05
2629200000000,0.695110830526826,0.6950000000000001,1.2684510663221018e-06,0.6719890639038487,0.6719999999999999,1.3771270664557744e-07,0.6879760117713128,0.688,8.561708769053574e-08,0.7209406954451922,0.7210000000000001,7.107727354892923e-09,0.723983321875594,0.724,1.427393416489518e-07,0.002250010681131307,1.2684510663221018e-06,1.6416279296620597e-06,0.5773502691896258,9.477943270995983e-07,0.5773502691896258,9.477943270995983e-07,0.5773502691896258,9.477943270995983e-07
2629500000000,0.6957933942590447,0.6960000000000001,1.630626369891387e-05,0.6719868227389582,0.672,1.7579870233369398e-10,0.6879854187224534,0.6880000000000001,3.097175541657449e-09,0.7202513291774407,0.7200000000000001,1.6632904788977738e-05,0.7239829806452192,0.7240000000000001,4.07533590509306e-12,0.0027225550611771265,1.6632904788977738e-05,3.294244553747151e-05,0.5773502691896258,1.9019329798823764e-05,0.5773502691896258,1.9019329798823764e-05,0.5773502691896258,1.9019329798823764e-05
2629800000000,0.695854580880256,0.6958,1.3103309153367162e-07,0.6725816501577525,0.6728,1.2383688035234321e-05,0.687854585041805,0.6878,5.991108197209855e-07,0.7198545977859677,0.7198,5.508852894303713e-06,0.7238545860830045,0.7238,5.769807262206148e-07,0.0027556297996061034,1.2383688035234321e-05,1.9199665567013307e-05,0.5773502691896258,1.1084932083465924e-05,0.5773502691896258,1.1084932083465924e-05,0.5773502691896258,1.1084932083465924e-05
2630100000000,0.6962517103985894,0.6964,5.51991490160937e-06,0.6724936750740629,0.6724,2.70886537256901e-07,0.6882434362941743,0.6884,5.292185376421479e-06,0.7195066116920507,0.7194,4.238301254587928e-06,0.7235038638400265,0.7234,4.305213210181728e-06,0.0024964609207393986,5.51991490160937e-06,1.9626501280057406e-05,0.5773502691896258,1.133136579729168e-05,0.5773502691896258,1.133136579729168e-05,0.5773502691896258,1.133136579729168e-05
2630400000000,0.6969986467665391,0.6971999999999999,1.952698782180915e-05,0.6730657194964418,0.6731999999999999,1.1453218741118463e-05,0.6881600200238945,0.6881999999999999,2.435395951584264e-07,0.7185814607740257,0.7182,2.9956647739282302e-05,0.7231896686477519,0.7232,3.4551516596965995e-06,0.0023718410120913374,2.9956647739282302e-05,6.463554555706494e-05,0.5773502691896258,3.731734962658977e-05,0.5773502691896258,3.731734962658977e-05,0.5773502691896258,3.731734962658977e-05
2630700000000,0.6969285447586282,0.6970000000000001,1.7200020295994744e-07,0.6722860678414394,0.672,2.1274984610178146e-05,0.6879285464582044,0.6880000000000001,1.8753004064649206e-06,0.7189285486500576,0.7190000000000001,4.2164497790913045e-06,0.723928292257771,0.7240000000000001,1.9094769304716868e-05,0.002722551147901557,2.1274984610178146e-05,4.663350430341119e-05,0.5773502691896258,2.6923866262830026e-05,0.5773502691896258,2.6923866262830026e-05,0.5773502691896258,2.6923866262830026e-05
2631000000000,0.6978601827172068,0.6982000000000002,3.0378225005260544e-05,0.6713561110691021,0.6712000000000001,3.0268685944561272e-05,0.6872613958945024,0.6872000000000001,1.5578145612677995e-05,0.71926116052111,0.7192000000000002,3.872072986773767e-06,0.7242611487039913,0.7242000000000002,3.877769482663689e-06,0.003027675585914631,3.0378225005260544e-05,8.397489903193727e-05,0.5773502691896258,4.848293056126063e-05,0.5773502691896258,4.848293056126063e-05,0.5773502691896258,4.848293056126063e-05
2631300000000,0.6981017242775315,0.6982,2.0419813877420212e-06,0.6712222761863298,0.6712,6.26912154633626e-07,0.6872240777964482,0.6872,4.8742415483359964e-08,0.7192199235433389,0.7192000000000001,5.9517091749417736e-08,0.7242313130720336,0.7242000000000001,3.115577270100826e-08,0.0028561292129731706,2.0419813877420212e-06,2.8083088223094333e-06,0.5773502691896258,1.6213778545279524e-06,0.5773502691896258,1.6213778545279524e-06,0.5773502691896258,1.6213778545279524e-06
2631600000000,0.6984601269900278,0.6985999999999999,4.4958376513651835e-06,0.6707773848801413,0.6705999999999999,6.927489601274517e-06,0.6867783166382835,0.6865999999999999,6.954605354493213e-06,0.7194875038068821,0.7196,2.5059719103252973e-06,0.7244938568389601,0.7245999999999999,2.4125230343179348e-06,0.003312555689004777,6.954605354493213e-06,2.3296427551776144e-05,0.5773502691896258,1.3450198718174572e-05,0.5773502691896258,1.3450198718174572e-05,0.5773502691896258,1.3450198718174572e-05
2631900000000,0.6994404772466176,0.6998000000000001,3.363803189585066e-05,0.6698899285607693,0.6698000000000001,2.7565255157760837e-05,0.6868898635796209,0.6868000000000001,4.354952042606433e-07,0.7198898627327355,0.7198000000000001,5.666244682486156e-06,0.7238898678652352,0.7238000000000001,1.2768093813340761e-05,0.0042436807860004415,3.363803189585066e-05,8.007312075369906e-05,0.5773502691896258,4.623023782200157e-05,0.5773502691896258,4.623023782200157e-05,0.5773502691896258,4.623023782200157e-05
2632200000000,0.6996542513414256,0.6995999999999999,1.599477726383382e-06,0.6696377146082011,0.6695999999999999,2.2264157254534393e-06,0.6866524026478252,0.6865999999999999,1.973569294524263e-06,0.720403093914985,0.7205999999999999,9.21921862516454e-06,0.7236524520417408,0.7235999999999999,1.9728195635943053e-06,0.004494427940332972,9.21921862516454e-06,1.699150093511993e-05,0.5773502691896258,9.810047638827271e-06,0.5773502691896258,9.810047638827271e-06,0.5773502691896258,9.810047638827271e-06
2632500000000,0.6992901880596569,0.6992,4.638972559625173e-06,0.670029593833927,0.6702,5.374926464444179e-06,0.6863097125611811,0.6862,4.110277341945291e-06,0.7203254054365977,0.7202000000000001,2.1124248859465895e-07,0.7240449951466639,0.7242000000000001,5.393153122793189e-06,0.0039601486584973904,5.393153122793189e-06,1.9728571977402492e-05,0.5773502691896258,1.1390296341880239e-05,0.5773502691896258,1.1390296341880239e-05,0.5773502691896258,1.1390296341880239e-05
2632800000000,0.6994919421634586,0.6994,1.4246651440279952e-06,0.6710321797075545,0.6714,3.518124518990599e-05,0.6854919685400714,0.6854,2.3404684942121932e-05,0.7194919707730293,0.7194,2.4311466845310604e-05,0.7244919387278081,0.7244,6.991549765412475e-06,0.0031684845604826187,3.518124518990599e-05,9.1313611886779e-05,0.5773502691896258,5.271993840350887e-05,0.5773502691896258,5.271993840350887e-05,0.5773502691896258,5.271993840350887e-05
2633100000000,0.7000527729934883,0.6998,1.1008592696916191e-05,0.6737888977137537,0.6748,0.0002659822957996118,0.6850527746249245,0.6848,6.751195328572402e-06,0.7180527772168284,0.7178,7.249473322735917e-05,0.7230527773579876,0.7228,7.24914906934352e-05,0.002280738957681402,0.0002659822957996118,0.0004287283077458948,0.5773502691896258,0.0002475264038863051,0.5773502691896258,0.0002475264038863051,0.5773502691896258,0.0002475264038863051
2633400000000,0.6991694596436939,0.699,2.7308486587375905e-05,0.6746762909827684,0.6749999999999999,2.756133848623824e-05,0.6850514176081888,0.6849999999999999,6.445230473955549e-11,0.7180514151706787,0.718,6.493093998164104e-11,0.723051416394612,0.723,6.48277458357677e-11,0.0027225707241191784,2.756133848623824e-05,5.48700192846047e-05,0.5773502691896258,3.167922040440648e-05,0.5773502691896258,3.167922040440648e-05,0.5773502691896258,3.167922040440648e-05
2633700000000,0.6984907345888982,0.6984,1.6123369500260607e-05,0.6744900603114717,0.6744,1.213865202605886e-06,0.6860393412428414,0.6864,3.415975877668282e-05,0.717490488089677,0.7174,1.1012371657040022e-05,0.7234893711392247,0.7234,6.7131525415078395e-06,0.0029929814569545563,3.415975877668282e-05,6.922251767809718e-05,0.5773502691896258,3.996563921543304e-05,0.5773502691896258,3.996563921543304e-05,0.5773502691896258,3.996563921543304e-05
2634000000000,0.6976866058830299,0.6977999999999999,2.2631804146051255e-05,0.6732535974462779,0.6727999999999998,5.350941459511888e-05,0.6866866025772481,0.6867999999999999,1.4663153225629537e-05,0.7186865905109614,0.7187999999999999,5.007313507708653e-05,0.7236866035589147,0.7237999999999999,1.3615219581862173e-06,0.002924228594960812,5.350941459511888e-05,0.00014223902900207242,0.5773502691896258,8.212174168361751e-05,0.5773502691896258,8.212174168361751e-05,0.5773502691896258,8.212174168361751e-05
2634300000000,0.6980207300820839,0.6980000000000001,3.907364313771385e-06,0.6722966426928314,0.672,3.2051684005033584e-05,0.6870207301160708,0.687,3.907442426989332e-06,0.719640775400701,0.7200000000000001,3.1866408133260704e-05,0.7230211195749378,0.7230000000000001,1.5500412652542877e-05,0.0032401092491567093,3.2051684005033584e-05,8.723331153159789e-05,0.5773502691896258,5.036417589507054e-05,0.5773502691896258,5.036417589507054e-05,0.5773502691896258,5.036417589507054e-05
2634600000000,0.6976798539059881,0.6976,4.066879860039191e-06,0.6717840464318205,0.6716,9.196422438080832e-06,0.6874656351779342,0.6876,6.927917992510342e-06,0.7196076407721264,0.7196,3.8426626377375866e-08,0.7234616015552364,0.7236,6.79085312387427e-06,0.0033124832445867963,9.196422438080832e-06,2.702050004088201e-05,0.5773502691896258,1.5600292972241525e-05,0.5773502691896258,1.5600292972241525e-05,0.5773502691896258,1.5600292972241525e-05
2634900000000,0.6979433923063575,0.698,2.4308370964243957e-06,0.6719454542260807,0.6719999999999999,9.11836661676927e-07,0.6870751268440048,0.6869999999999999,5.3373865603909365e-06,0.7191637196720116,0.719,6.8973080094468435e-06,0.7238720376844224,0.724,5.896023564941806e-06,0.002890036656182344,6.8973080094468435e-06,2.1473391892880908e-05,0.5773502691896258,1.2397668589769121e-05,0.5773502691896258,1.2397668589769121e-05,0.5773502691896258,1.2397668589769121e-05
2635200000000,0.6982047024816823,0.698,2.3899052704901738e-06,0.6741808428242569,0.6749999999999999,0.00017489367646997972,0.686204814262923,0.6859999999999999,2.6510539607626308e-05,0.7182048338845348,0.718,3.2181168369876874e-05,0.723204804442361,0.723,1.5582006975912575e-05,0.0028904194576675917,0.00017489367646997972,0.0002515572966938857,0.5773502691896258,0.00014523667296282948,0.5773502691896258,0.00014523667296282948,0.5773502691896258,0.00014523667296282948
2635500000000,0.6985384240473617,0.6985999999999999,3.897952918981585e-06,0.6753558178908383,0.6755999999999999,4.8319824248076655e-05,0.6865384293236709,0.6865999999999999,3.895465306524249e-06,0.717028810898913,0.7165999999999999,4.840605219487886e-05,0.7225385171087899,0.7225999999999999,1.5537858380705153e-05,0.002624527456856555,4.840605219487886e-05,0.0001200571530491665,0.5773502691896258,6.931502963107638e-05,0.5773502691896258,6.931502963107638e-05,0.5773502691896258,6.931502963107638e-05
2635800000000,0.6983712278956247,0.6984,9.784093604480788e-07,0.6761826285658986,0.6764,2.392655623377822e-05,0.6857036886761849,0.6854,2.43877181997877e-05,0.7173712261184919,0.7174,4.103686390974211e-06,0.7223712287184417,0.7224,9.794891940850454e-07,0.002992970981232038,2.43877181997877e-05,5.437585937907325e-05,0.5773502691896258,3.139391704992518e-05,0.5773502691896258,3.139391704992518e-05,0.5773502691896258,3.139391704992518e-05
2636100000000,0.6976963588784103,0.6975999999999999,1.5940686663855828e-05,0.677219774832422,0.6775999999999999,3.7648533235720197e-05,0.6866911339380739,0.6865999999999999,3.4126685082945293e-05,0.7166963631797565,0.7165999999999999,1.59403995127513e-05,0.7216963678886753,0.7215999999999999,1.5940299884355805e-05,0.0026244904086775243,3.7648533235720197e-05,0.00011959660437962843,0.5773502691896258,6.904913173274366e-05,0.5773502691896258,6.904913173274366e-05,0.5773502691896258,6.904913173274366e-05
2636400000000,0.6984598282258035,0.6986000000000001,2.0400990554317195e-05,0.6784585781198468,0.6786000000000001,5.371217547270384e-05,0.686460507739704,0.6866000000000001,1.8615955181091365e-06,0.7151605433593795,0.7146000000000001,8.255598822319753e-05,0.721460533890838,0.7216000000000001,1.946618608757845e-06,0.00262459666373672,8.255598822319753e-05,0.00016047736837708555,0.5773502691896258,9.26516518313531e-05,0.5773502691896258,9.26516518313531e-05,0.5773502691896258,9.26516518313531e-05
2636700000000,0.6983621843016943,0.6984,3.337017570409887e-07,0.6783621848665444,0.6784,3.2520807487739536e-07,0.6872296834690779,0.6874,2.0707095593022793e-05,0.71536156375313,0.7154,1.4143219546258303e-06,0.7206843729438027,0.7204,2.108490354959317e-05,0.002496457443561872,2.108490354959317e-05,4.386523092916018e-05,0.5773502691896258,2.5325602885015733e-05,0.5773502691896258,2.5325602885015733e-05,0.5773502691896258,2.5325602885015733e-05
2637000000000,0.6975044855762692,0.6971999999999999,2.5747648625852708e-05,0.6775046923712165,0.6771999999999999,2.5735268284032038e-05,0.6879964904974373,0.6881999999999999,2.0579755655948422e-05,0.7159972819790649,0.7162,1.4144818197503102e-05,0.7209970474232564,0.7212,3.421786553557736e-06,0.0023717546909895176,2.5747648625852708e-05,8.962927731689402e-05,0.5773502691896258,5.174748738618039e-05,0.5773502691896258,5.174748738618039e-05,0.5773502691896258,5.174748738618039e-05
2637300000000,0.6974924252893814,0.6974,5.090768193584412e-09,0.6764991772080158,0.6764,3.5387126019927687e-05,0.6874924366687243,0.6874,8.8924591784079e-06,0.7164924129409301,0.7164,8.580413428916767e-06,0.7220235477765035,0.7224,3.68796041325696e-05,0.002656988593555433,3.68796041325696e-05,8.974469352801553e-05,0.5773502691896258,5.181412296674024e-05,0.5773502691896258,5.181412296674024e-05,0.5773502691896258,5.181412296674024e-05
2637600000000,0.6975400338889189,0.6976000000000001,7.933025624748162e-08,0.676540039993713,0.6766000000000001,5.844185392290652e-08,0.6868419169318134,0.6866000000000001,1.4811157483871097e-05,0.716539997182197,0.7166000000000001,7.924910059289355e-08,0.7225380052253257,0.7226000000000001,9.26332633270554e-06,0.002958436812478776,1.4811157483871097e-05,2.429150502733992e-05,0.5773502691896258,1.4024706966555852e-05,0.5773502691896258,1.4024706966555852e-05,0.5773502691896258,1.4024706966555852e-05
2637900000000,0.6982509867719459,0.6984000000000001,1.7690890065949944e-05,0.6763662316623816,0.6764000000000001,1.0573267614072524e-06,0.6873243724339471,0.6874000000000001,8.146715903866495e-06,0.7163628512955672,0.7164000000000001,1.0983232802445235e-06,0.7216948058573129,0.7214000000000002,2.48844810976017e-05,0.0029929846961136725,2.48844810976017e-05,5.287773710906991e-05,0.5773502691896258,3.052897575405978e-05,0.5773502691896258,3.052897575405978e-05,0.5773502691896258,3.052897575405978e-05
2638200000000,0.6984358060566596,0.6984,1.195535880072927e-06,0.6771241715069954,0.6774,2.010654828186215e-05,0.6865683206226699,0.6864,2.0006501946740355e-05,0.7164358110170985,0.7164,1.8630923380746261e-07,0.7214358895427287,0.7214,2.346318028525073e-06,0.0029929541762588746,2.010654828186215e-05,4.3841213371007965e-05,0.5773502691896258,2.531173634135127e-05,0.5773502691896258,2.531173634135127e-05,0.5773502691896258,2.531173634135127e-05
2638500000000,0.6990085169060345,0.699,1.1479920094711604e-05,0.677766579561158,0.6779999999999999,1.4444083781854322e-05,0.6860994846196642,0.6859999999999999,7.693251920003767e-06,0.7160651580009545,0.716,4.808428043183306e-06,0.7210601503235661,0.721,4.94129862859416e-06,0.00289003991924068,1.4444083781854322e-05,4.336698246834716e-05,0.5773502691896258,2.5037939002042016e-05,0.5773502691896258,2.5037939002042016e-05,0.5773502691896258,2.5037939002042016e-05
2638800000000,0.6985601458884142,0.6984,7.036279930465126e-06,0.6774078194402534,0.6774,4.504808852302746e-06,0.6863433684714683,0.6864,2.0817766609776697e-06,0.7163389061609183,0.7164,2.6228319279255474e-06,0.7213496120297359,0.7214,2.9325827768563303e-06,0.002496422270283013,7.036279930465126e-06,1.9178280148527418e-05,0.5773502691896258,1.1072585206346362e-05,0.5773502691896258,1.1072585206346362e-05,0.5773502691896258,1.1072585206346362e-05
2639100000000,0.6986797632758176,0.6986000000000001,5.007911779225565e-07,0.6782783000817734,0.6786000000000001,2.652077915413474e-05,0.6866795833208896,0.6866000000000001,3.956414874000159e-06,0.7156811180595927,0.7156000000000001,1.5143981518596704e-05,0.7206812241935753,0.7206000000000001,1.5635980483462272e-05,0.001876964985288694,2.652077915413474e-05,6.175794720811642e-05,0.5773502691896258,3.565596744520472e-05,0.5773502691896258,3.565596744520472e-05,0.5773502691896258,3.565596744520472e-05
2639400000000,0.6996740235276664,0.6998,3.459937069422458e-05,0.6776753049291024,0.6778,1.2726110395062188e-05,0.6853021710555909,0.6848,6.640425920084016e-05,0.715674756027595,0.7158,1.4166407898756429e-09,0.7216737328976478,0.7218,3.4477573468090345e-05,0.001716257915002372,6.640425920084016e-05,0.00014820873039900716,0.5773502691896258,8.556835039211947e-05,0.5773502691896258,8.556835039211947e-05,0.5773502691896258,8.556835039211947e-05
2639700000000,0.7000589599504535,0.7001999999999999,5.18616173558562e-06,0.6770589599527619,0.6771999999999999,1.3295839545108369e-05,0.683764160214563,0.6831999999999999,8.279170714917639e-05,0.7160589599503268,0.7162,5.166442898486305e-06,0.7230589599318336,0.7232,6.715988776836713e-05,0.0019322989229690194,8.279170714917639e-05,0.00017360003909672382,0.5773502691896258,0.00010022802930382307,0.5773502691896258,0.00010022802930382307,0.5773502691896258,0.00010022802930382307
2640000000000,0.6989885494168836,0.6986,4.0102254863211336e-05,0.6765180358289611,0.6766,1.0240961769838256e-05,0.6844940568882574,0.6846,1.86462203994545e-05,0.7164997689637717,0.7166,6.800940521699259e-06,0.7234995094527618,0.7236,6.792935813652383e-06,0.0024649970233742075,4.0102254863211336e-05,8.258331336785574e-05,0.5773502691896258,4.767949820350274e-05,0.5773502691896258,4.767949820350274e-05,0.5773502691896258,4.767949820350274e-05
2640300000000,0.6980087187396027,0.6976000000000001,3.3602385464927035e-05,0.6765495229164438,0.6766000000000001,3.470028373497789e-08,0.6853642568351274,0.6856000000000001,2.6503678163638503e-05,0.7165364974496846,0.7166000000000001,4.721435871105373e-08,0.7235367238673917,0.7236000000000001,4.847194296859738e-08,0.0020166381625590477,3.3602385464927035e-05,6.023645021398016e-05,0.5773502691896258,3.477753074606894e-05,0.5773502691896258,3.477753074606894e-05,0.5773502691896258,3.477753074606894e-05
2640600000000,0.697524172620021,0.6974,8.217472970059181e-06,0.6779042571817597,0.6784,6.423567253674108e-05,0.6865226996908529,0.6864,4.696964474935306e-05,0.7155244323379011,0.7154,3.584965266712955e-05,0.7225244350498021,0.7224,3.586550275758788e-05,0.0016385536811053102,6.423567253674108e-05,0.00019113794568087077,0.5773502691896258,0.00011035354439120282,0.5773502691896258,0.00011035354439120282,0.5773502691896258,0.00011035354439120282
2640900000000,0.697830747416496,0.6977999999999999,3.2895837041790894e-06,0.6785631443112056,0.6787999999999998,1.5194628727228262e-05,0.6868310558024074,0.6867999999999999,3.327922203656538e-06,0.7148866425229916,0.7147999999999999,1.4237154680079091e-05,0.7218883989399058,0.7217999999999999,1.4158967658224032e-05,0.0018496369652818072,1.5194628727228262e-05,5.0208256973367015e-05,0.5773502691896258,2.8987750679115354e-05,0.5773502691896258,2.8987750679115354e-05,0.5773502691896258,2.8987750679115354e-05
2641200000000,0.6970784464865605,0.697,1.9808484121363685e-05,0.678078442875731,0.6779999999999999,8.222741854287163e-06,0.6876862267849382,0.688,2.5596109327690672e-05,0.7150784419523102,0.715,1.2875457380425622e-06,0.7220784418930302,0.722,1.264071341128689e-06,0.002250061533741376,2.5596109327690672e-05,5.6178952382512775e-05,0.5773502691896258,3.2434933280834926e-05,0.5773502691896258,3.2434933280834926e-05,0.5773502691896258,3.2434933280834926e-05
2641500000000,0.6971419862115299,0.6971999999999999,1.4130538272163005e-07,0.6781422123369726,0.6781999999999999,1.4232904654625286e-07,0.6881370008751353,0.6881999999999999,7.111904813756277e-06,0.7151427195900883,0.7152,1.4460651514193483e-07,0.7214360589325398,0.7212,1.4442955377492167e-05,0.0025281355406929283,1.4442955377492167e-05,2.198310113565826e-05,0.5773502691896258,1.2691949358295067e-05,0.5773502691896258,1.2691949358295067e-05,0.5773502691896258,1.2691949358295067e-05
2641800000000,0.6982090561840715,0.6986000000000001,3.985234142049601e-05,0.6776977374927583,0.6776,6.91452604987586e-06,0.6876977370241967,0.6876,6.753345575949929e-06,0.7156977293726607,0.7156,1.0781255056286844e-05,0.720697739905118,0.7206000000000001,1.9079024518859085e-05,0.0026244955238516774,3.985234142049601e-05,8.338049262146772e-05,0.5773502691896258,4.8139749860168e-05,0.5773502691896258,4.8139749860168e-05,0.5773502691896258,4.8139749860168e-05
2642100000000,0.6987557636440835,0.699,1.0461116639149474e-05,0.6771945204036968,0.6769999999999999,8.86296035532481e-06,0.6871928172563017,0.6869999999999999,8.923039020390555e-06,0.7159250506177884,0.716,1.808623197024251e-06,0.7209261440194707,0.721,1.8258953808644811e-06,0.0024027496959159655,1.0461116639149474e-05,3.188163459275358e-05,0.5773502691896258,1.8406870314331565e-05,0.5773502691896258,1.8406870314331565e-05,0.5773502691896258,1.8406870314331565e-05
2642400000000,0.6989242082087163,0.6989999999999998,9.93074997400722e-07,0.6770533592925586,0.6769999999999998,6.97426075421549e-07,0.6870516398349246,0.6869999999999998,6.975872507339768e-07,0.7159722013607009,0.7159999999999999,7.781173950204023e-08,0.7209981136481007,0.7209999999999999,1.8128696057983584e-07,0.001822518913987442,9.93074997400722e-07,2.647187023638124e-06,0.5773502691896258,1.5283541406927554e-06,0.5773502691896258,1.5283541406927554e-06,0.5773502691896258,1.5283541406927554e-06
2642700000000,0.6993001360860521,0.6994,4.9462619135388195e-06,0.6782568260333708,0.6784,5.069162686843782e-05,0.6858427565676541,0.6854,5.114895638602436e-05,0.7153001453905867,0.7154,1.5808072943815595e-05,0.7213001358372993,0.7214,3.192609096891321e-06,0.0016385232265560628,5.114895638602436e-05,0.0001257875272087079,0.5773502691896258,7.26234626946449e-05,0.5773502691896258,7.26234626946449e-05,0.5773502691896258,7.26234626946449e-05
2643000000000,0.698938255885713,0.6987999999999999,4.583504778911737e-06,0.6779250665229052,0.6777999999999998,3.852253047453139e-06,0.6858147361440933,0.6857999999999999,2.7480044778570595e-08,0.7156613533280738,0.7157999999999999,4.566491093628017e-06,0.7216578361116321,0.7217999999999999,4.478232019021489e-06,0.0018497120580811544,4.583504778911737e-06,1.7507960983792952e-05,0.5773502691896258,1.0108225986954328e-05,0.5773502691896258,1.0108225986954328e-05,0.5773502691896258,1.0108225986954328e-05
2643300000000,0.6994105469266326,0.6996,7.807058956652657e-06,0.6776550551841548,0.6776,2.5517143068819515e-06,0.6856423718540253,0.6856,1.039830697171995e-06,0.7156522645169865,0.7156,2.891227044321237e-09,0.7216396698940806,0.7216,1.1550401104589026e-08,0.0020164251142222884,7.807058956652657e-06,1.1413045588855515e-05,0.5773502691896258,6.589324942999203e-06,0.5773502691896258,6.589324942999203e-06,0.5773502691896258,6.589324942999203e-06
2643600000000,0.6989811854910359,0.6988,6.452293483217675e-06,0.6770160646079265,0.6768,1.429081347779982e-05,0.6850154130548387,0.6848,1.3757706755713348e-05,0.7164999441968939,0.7168,2.514962939047682e-05,0.7224870167547814,0.7228,2.5129884581886716e-05,0.0022802683054535676,2.514962939047682e-05,8.478032768909438e-05,0.5773502691896258,4.894794501328333e-05,0.5773502691896258,4.894794501328333e-05,0.5773502691896258,4.894794501328333e-05
2643900000000,0.6988285629954007,0.6988,8.152769160869832e-07,0.6768285632408843,0.6768,1.2304866924951269e-06,0.6855903457824304,0.6858,1.1569167443960375e-05,0.7168285591036626,0.7168,3.7795714932715207e-06,0.7219239688701246,0.7218,1.1095802214580808e-05,0.002280130885475192,1.1569167443960375e-05,2.8490304760394817e-05,0.5773502691896258,1.6448885122708426e-05,0.5773502691896258,1.6448885122708426e-05,0.5773502691896258,1.6448885122708426e-05
2644200000000,0.6990963374374659,0.6992,2.5096103138157826e-06,0.6771434157280276,0.6772,3.4696231031125396e-06,0.6860419166015522,0.6862,7.137067163882875e-06,0.7163138623428648,0.7162000000000001,9.271946445152984e-06,0.7214042603917804,0.7212000000000001,9.453391586197701e-06,0.002371653203452089,9.453391586197701e-06,3.1841638612161886e-05,0.5773502691896258,1.838377862417045e-05,0.5773502691896258,1.838377862417045e-05,0.5773502691896258,1.838377862417045e-05
2644500000000,0.6991715256388307,0.6992,1.9786429685638e-07,0.6771863527826145,0.6772,6.452567298097877e-08,0.6861627477107204,0.6862,5.110054929982934e-07,0.7162249557935184,0.7162000000000001,2.766531080835983e-07,0.7212537353696314,0.7212000000000001,7.930223802530903e-07,0.002528124657534178,7.930223802530903e-07,1.8430709511723407e-06,0.5773502691896258,1.0640975097949305e-06,0.5773502691896258,1.0640975097949305e-06,0.5773502691896258,1.0640975097949305e-06
2644800000000,0.699760676898553,0.6996,1.2148472239135723e-05,0.6789533381765582,0.6796,0.00010927830838436423,0.6867606551638099,0.6866,1.2512266286099838e-05,0.7147625253218811,0.7146,7.485460095306528e-05,0.71976279428241,0.7196,7.780168639478045e-05,0.0013691615952287914,0.00010927830838436423,0.0002865953342574455,0.5773502691896258,0.00016546589338202697,0.5773502691896258,0.00016546589338202697,0.5773502691896258,0.00016546589338202697
2645100000000,0.7037461368942906,0.7034,0.000555936198216843,0.6829387079168405,0.6844,0.0005559110188365223,0.6857688661014439,0.6854,3.44275940480067e-05,0.7107774227451704,0.7104,0.0005558364891417184,0.7167688663226105,0.7164,0.0003137261619964155,0.0002822348791058333,0.000555936198216843,0.0020158374622395057,0.5773502691896258,0.0011638443014665109,0.5773502691896258,0.0011638443014665109,0.5773502691896258,0.0011638443014665109
2645400000000,0.7054157576722833,0.7052,9.756717398067421e-05,0.6853249925803353,0.6862,0.00019930240733306306,0.6854158290635125,0.6852,4.362230255299083e-06,0.7084275648662508,0.7082,0.00019326412178922065,0.7154158488650133,0.7152000000000001,6.407296841969714e-05,2.007859348886957e-05,0.00019930240733306306,0.0005585689017779541,0.5773502691896258,0.00032248990580245547,0.5773502691896258,0.00032248990580245547,0.5773502691896258,0.00032248990580245547
2645700000000,0.7043810277551456,0.704,3.7473310049693505e-05,0.6849054043178562,0.6849999999999999,6.16190085035865e-06,0.6859045509839121,0.6859999999999999,8.359719041768073e-06,0.7089045208311046,0.709,7.962044734335125e-06,0.7159044411943003,0.716,8.355286248333248e-06,6.259101897089714e-05,3.7473310049693505e-05,6.83122609244886e-05,0.5773502691896258,3.944010223370546e-05,0.5773502691896258,3.944010223370546e-05,0.5773502691896258,3.944010223370546e-05
2646000000000,0.7026315472798698,0.7020000000000001,0.00010712386766799198,0.6831562317523491,0.683,0.00010708616323729496,0.6867802685387757,0.687,2.6840843256369734e-05,0.7106516806013495,0.7110000000000001,0.00010683985419668684,0.7167802707036445,0.7170000000000001,2.6847706530331892e-05,0.00016032058379676897,0.00010712386766799198,0.0003747384348886754,0.5773502691896258,0.00021635533625867582,0.5773502691896258,0.00021635533625867582,0.5773502691896258,0.00021635533625867582
2646300000000,0.7018759738384263,0.7016,1.9981192889517212e-05,0.6835326965985714,0.6836,4.9604023154422274e-06,0.6875245339610407,0.6876,1.9387585657276628e-05,0.7105335267065848,0.7106,4.886119996829686e-07,0.716533253741062,0.7166,2.1356082931210307e-06,0.00022094777254665519,1.9981192889517212e-05,4.695340115504006e-05,0.5773502691896258,2.710855879623087e-05,0.5773502691896258,2.710855879623087e-05,0.5773502691896258,2.710855879623087e-05
2646600000000,0.7010373175349605,0.701,2.461705383700227e-05,0.6824103882997744,0.6819999999999999,4.408515711420184e-05,0.687959855081321,0.688,6.632656721670864e-06,0.7116349603379141,0.712,4.246046154781425e-05,0.7169557740972065,0.717,6.248320797474531e-06,0.0002501703628156731,4.408515711420184e-05,0.00012404365001816376,0.5773502691896258,7.161663472925058e-05,0.5773502691896258,7.161663472925058e-05,0.5773502691896258,7.161663472925058e-05
2646900000000,0.7008562057463898,0.7008,1.1480517985735778e-06,0.6818566922486007,0.6818,1.0730276097988145e-05,0.6885744434102417,0.6888,1.3220158491593653e-05,0.7118562937375419,0.7118,1.7145965826783058e-06,0.7168563640860541,0.7168,3.458822611056764e-07,0.00016813180370722975,1.3220158491593653e-05,2.7158965231939355e-05,0.5773502691896258,1.5680235887571875e-05,0.5773502691896258,1.5680235887571875e-05,0.5773502691896258,1.5680235887571875e-05
2647200000000,0.7000776688215103,0.6998000000000001,2.1214191019029134e-05,0.6818224405750493,0.6818000000000001,4.106119993756135e-08,0.6878753253799602,0.6878000000000001,1.7106810709261142e-05,0.7126176753199108,0.7128000000000001,2.0289566988971885e-05,0.7176061604368122,0.7178000000000001,1.9676809866356465e-05,0.00016818302839337681,2.1214191019029134e-05,7.832843978355618e-05,0.5773502691896258,4.522294579423956e-05,0.5773502691896258,4.522294579423956e-05,0.5773502691896258,4.522294579423956e-05
2647500000000,0.6994346805143853,0.6991999999999999,1.4470188708484205e-05,0.6811779889070586,0.6811999999999999,1.4536128333157726e-05,0.688129832973212,0.6881999999999999,2.2670940257977675e-06,0.7131283298479676,0.7132,9.126881645870683e-06,0.7181291550046244,0.7182,9.573316128634864e-06,0.0001521354187053431,1.4536128333157726e-05,4.997360884194524e-05,0.5773502691896258,2.885227651727415e-05,0.5773502691896258,2.885227651727415e-05,0.5773502691896258,2.885227651727415e-05
2647800000000,0.6998984546796907,0.6997999999999999,7.528026674165489e-06,0.6823649614440304,0.6828,4.93116331233806e-05,0.6878984543388003,0.6877999999999999,1.8737625361777145e-06,0.7119396745110808,0.7117999999999999,4.9451552846834404e-05,0.7178984541954222,0.7177999999999999,1.8628002178288883e-06,3.7189246589726034e-06,4.9451552846834404e-05,0.00011002777539838711,0.5773502691896258,6.352456574459449e-05,0.5773502691896258,6.352456574459449e-05,0.5773502691896258,6.352456574459449e-05
2648100000000,0.7014447466699714,0.7016,8.368566217221526e-05,0.6824462527045232,0.6826,2.312894161379763e-07,0.6862164908423788,0.6856,9.901504211530153e-05,0.7114462713343881,0.7116,8.520634316964424e-06,0.7184462350493586,0.7186,1.0502235237873816e-05,0.00010263756123041322,9.901504211530153e-05,0.00020195486325849302,0.5773502691896258,0.00011659869466644502,0.5773502691896258,0.00011659869466644502,0.5773502691896258,0.00011659869466644502
2648400000000,0.7025925199093601,0.7029999999999998,4.610841931699304e-05,0.6822565438199528,0.6819999999999998,1.2596311309727162e-06,0.6852568026624278,0.6849999999999998,3.223504909581532e-05,0.710299132043893,0.7099999999999999,4.605749931291984e-05,0.7195949983235823,0.7199999999999999,4.6187997107184624e-05,0.00016027568027668961,4.6187997107184624e-05,0.00017184859596388555,0.5773502691896258,9.921683313960858e-05,0.5773502691896258,9.921683313960858e-05,0.5773502691896258,9.921683313960858e-05
2648700000000,0.7037202595642649,0.7038,4.4512885523564594e-05,0.6833884708754752,0.6838,4.484406006582173e-05,0.6848546447696292,0.6848,5.660583975908116e-06,0.7091819230561748,0.7088,4.3685457278338695e-05,0.7188546969336498,0.7188,1.9181615177761225e-05,6.776380385602109e-05,4.484406006582173e-05,0.00015788460202139436,0.5773502691896258,9.115471747794898e-05,0.5773502691896258,9.115471747794898e-05,0.5773502691896258,9.115471747794898e-05
2649000000000,0.7035914541840284,0.7036,5.806789092255944e-07,0.6828188233898632,0.6826000000000001,1.1357439025240427e-05,0.6845931781546984,0.6846000000000001,2.392767675317279e-06,0.7095805207728445,0.7096,5.560804890701118e-06,0.7194145373751815,0.7196,1.0969746199103455e-05,1.444495623111682e-05,1.1357439025240427e-05,3.0861436699587877e-05,0.5773502691896258,1.781785878608566e-05,0.5773502691896258,1.781785878608566e-05,0.5773502691896258,1.781785878608566e-05
2649300000000,0.7028929338254617,0.7028000000000001,1.707757419662317e-05,0.6818929543614538,0.6818000000000002,3.0003171021872442e-05,0.6848929270187418,0.6848000000000001,3.1447283523354052e-06,0.7098929261718953,0.7098000000000001,3.4158996674620962e-06,0.7204282583918148,0.7208000000000001,3.5967060484743844e-05,6.768637106764904e-05,3.5967060484743844e-05,8.960843372303695e-05,0.5773502691896258,5.173545333165613e-05,0.5773502691896258,5.173545333165613e-05,0.5773502691896258,5.173545333165613e-05
2649600000000,0.7029404101678995,0.7030000000000001,7.889010819464858e-08,0.681940487930013,0.682,7.908040489917136e-08,0.6849403893063821,0.685,7.884340618176539e-08,0.7092386102254293,0.7090000000000001,1.4984527522985839e-05,0.7209400969405786,0.7210000000000001,9.169254500022109e-06,9.003561722096547e-05,1.4984527522985839e-05,2.4390595942283533e-05,0.5773502691896258,1.4081917132972793e-05,0.5773502691896258,1.4081917132972793e-05,0.5773502691896258,1.4081917132972793e-05
2649900000000,0.7027027327596241,0.7026,1.9771692641579774e-06,0.6827026897718034,0.6826000000000001,2.0333307666999567e-05,0.6861550120034159,0.6866000000000001,5.163579036523499e-05,0.7087027265844306,0.7086,1.0050994684153407e-05,0.7197367692899815,0.7196,5.067991021419977e-05,5.242138943317246e-07,5.163579036523499e-05,0.0001346771721947457,0.5773502691896258,7.775590162033402e-05,0.5773502691896258,7.775590162033402e-05,0.5773502691896258,7.775590162033402e-05
2650200000000,0.7017470367298067,0.7013999999999999,3.196742154931179e-05,0.6823807446548559,0.6824,3.627703041421822e-06,0.687110725474008,0.6873999999999999,3.196858832549122e-05,0.7093807453647824,0.7093999999999999,1.6089831327840302e-05,0.71938074586825,0.7193999999999999,4.436343688751117e-06,1.0026143820313635e-06,3.196858832549122e-05,8.808988793281627e-05,0.5773502691896258,5.085872051089545e-05,0.5773502691896258,5.085872051089545e-05,0.5773502691896258,5.085872051089545e-05
2650500000000,0.702840294361769,0.703,4.183242874453584e-05,0.6828402944301353,0.683,7.391509858577139e-06,0.686840294470318,0.687,2.5596524714864314e-06,0.709840294430129,0.71,7.391487021133338e-06,0.7176388219751675,0.717,0.00010620045972520625,2.550585005721788e-07,0.00010620045972520625,0.000165375537820939,0.5773502691896258,9.547961127829828e-05,0.5773502691896258,9.547961127829828e-05,0.5773502691896258,9.547961127829828e-05
2650800000000,0.7027777631633605,0.7028,1.3685527710406204e-07,0.6835887508659121,0.6838000000000001,1.9606546268950517e-05,0.6860780172366748,0.6858000000000001,2.033733033257521e-05,0.7097777835151033,0.7098,1.3676650740693817e-07,0.7177776517495256,0.7178,6.745797186910843e-07,3.661743800281095e-06,2.033733033257521e-05,4.0892078104727805e-05,0.5773502691896258,2.3609052301487804e-05,0.5773502691896258,2.3609052301487804e-05,0.5773502691896258,2.3609052301487804e-05
2651100000000,0.7020276814447788,0.7018,1.9691790459267084e-05,0.6837925404363773,0.6838000000000001,1.4535566160634592e-06,0.6858216305754958,0.6858,2.300694201067997e-06,0.7105189480629294,0.7108,1.9226371043395365e-05,0.7178190671613327,0.7178,6.003327173040451e-08,1.2210149159566429e-05,1.9691790459267084e-05,4.2732445591524314e-05,0.5773502691896258,2.4671588965397602e-05,0.5773502691896258,2.4671588965397602e-05,0.5773502691896258,2.4671588965397602e-05
2651400000000,0.7009012781859137,0.7010000000000001,4.440745055536226e-05,0.6824797345947978,0.682,6.0321071218979045e-05,0.6858999437242851,0.686,2.146532245650809e-07,0.7118203499713526,0.7120000000000001,5.927764245366463e-05,0.7188986749616355,0.7190000000000001,4.079435508661325e-05,0.0002026463887743981,6.0321071218979045e-05,0.00020501517253918426,0.5773502691896258,0.00011836556505345563,0.5773502691896258,0.00011836556505345563,0.5773502691896258,0.00011836556505345563
2651700000000,0.6996982820764723,0.6998,5.0651987376591086e-05,0.6812497785307458,0.6808,5.294771718244639e-05,0.6866840987547058,0.6868,2.1521468910694764e-05,0.7126838595989576,0.7128,2.6097710693832243e-05,0.7196839724735391,0.7198,2.1584226377069094e-05,0.000313726611604986,5.294771718244639e-05,0.00017280311054063358,0.5773502691896258,9.976792238743947e-05,0.5773502691896258,9.976792238743947e-05,0.5773502691896258,9.976792238743947e-05
2652000000000,0.6998720542644625,0.6998,1.056887066161494e-06,0.6808720741623819,0.6808,4.993120645838879e-06,0.6868720155282126,0.6868,1.2359449817825292e-06,0.7135014062149567,0.7138,2.3393386426604573e-05,0.718882446535639,0.7188,2.248553401943001e-05,0.0003136558011056456,2.3393386426604573e-05,5.316487313981748e-05,0.5773502691896258,3.069475381870593e-05,0.5773502691896258,3.069475381870593e-05,0.5773502691896258,3.069475381870593e-05
2652300000000,0.699774282336793,0.6998000000000001,3.3457724440787175e-07,0.6816164254989351,0.6818000000000001,1.939206192799616e-05,0.686774758199625,0.6868000000000001,3.310645787403799e-07,0.7137469887493733,0.7138000000000001,2.1108773423656664e-06,0.7180856227576673,0.7178000000000001,2.222248465994075e-05,0.00021167738095823695,2.222248465994075e-05,4.439106575345083e-05,0.5773502691896258,2.562919376236922e-05,0.5773502691896258,2.562919376236922e-05,0.5773502691896258,2.562919376236922e-05
2652600000000,0.6996653785775184,0.6996,4.1510100744433427e-07,0.6823284117656779,0.6826,1.7742355541064618e-05,0.6866659439869486,0.6866,4.1441865081338557e-07,0.7136653813100557,0.7136,2.3309209531863972e-07,0.7176745062190061,0.7176,5.915588292627266e-06,0.00022094965903805993,1.7742355541064618e-05,2.4720555587268243e-05,0.5773502691896258,1.427241942282643e-05,0.5773502691896258,1.427241942282643e-05,0.5773502691896258,1.427241942282643e-05
2652900000000,0.6993153247394407,0.6992,4.288819134353362e-06,0.6822706199086404,0.6822,1.1689645589482813e-07,0.6870505102967885,0.6872,5.176193633237401e-06,0.7140476714051017,0.7142000000000001,5.115100086959212e-06,0.71731507491714,0.7172000000000001,4.521680126640805e-06,0.00029164716650308033,5.176193633237401e-06,1.9218689437085612e-05,0.5773502691896258,1.1095915519973197e-05,0.5773502691896258,1.1095915519973197e-05,0.5773502691896258,1.1095915519973197e-05
2653200000000,0.6995558231704564,0.6996,2.0243823362354865e-06,0.6817741115247787,0.6816,8.628220133570577e-06,0.6866351007865342,0.6866,6.039777142340587e-06,0.714481733517309,0.7146,6.594347103885554e-06,0.7175524750439528,0.7176,1.9725587073762836e-06,0.0004489350018548398,8.628220133570577e-06,2.525928542340849e-05,0.5773502691896258,1.4583455238742484e-05,0.5773502691896258,1.4583455238742484e-05,0.5773502691896258,1.4583455238742484e-05
2653500000000,0.6988590132628049,0.6986,1.699404165904668e-05,0.6824450956060408,0.6826,1.575768730574976e-05,0.6865667398186391,0.6866,1.6356276760435877e-07,0.7145640595080996,0.7146,2.3721490658794854e-07,0.7175648928934301,0.7176,5.397104497390034e-09,0.0001369488287958563,1.699404165904668e-05,3.3157903743486135e-05,0.5773502691896258,1.9143724652065424e-05,0.5773502691896258,1.9143724652065424e-05,0.5773502691896258,1.9143724652065424e-05
2653800000000,0.6970000624866214,0.697,0.00012094942958956026,0.6829999331980531,0.683,1.0774566372848213e-05,0.685000038655469,0.685,8.590933871375428e-05,0.7104933747329254,0.709,0.0005799666088592399,0.7134957344084043,0.713,0.0005795317771689996,1.237960353238716e-06,0.0005799666088592399,0.0013771317207044024,0.5773502691896258,0.0007950873696582594,0.5773502691896258,0.0007950873696582594,0.5773502691896258,0.0007950873696582594
2654100000000,0.6984619892050756,0.699,7.480304055456369e-05,0.6839999469973719,0.684,3.500096595898072e-05,0.6859999473614654,0.686,3.499360971146035e-05,0.7109999712064017,0.711,8.982399542851257e-06,0.713000000293264,0.713,8.601330951986246e-06,1.4472781093217834e-07,7.480304055456369e-05,0.0001623813467198423,0.5773502691896258,9.375091424007492e-05,0.5773502691896258,9.375091424007492e-05,0.5773502691896258,9.375091424007492e-05
2654400000000,0.6997798384412929,0.6998,6.0785431328943626e-05,0.684974384927107,0.6848000000000001,3.3233524761729904e-05,0.6873360400017497,0.6878,6.248002401976892e-05,0.7123359784719674,0.7128,6.247203947755265e-05,0.7143359260587354,0.7148,6.246441777975917e-05,6.859444561627002e-07,6.248002401976892e-05,0.00028143543736775423,0.5773502691896258,0.000162486825523773,0.5773502691896258,0.000162486825523773,0.5773502691896258,0.000162486825523773
2654700000000,0.695122806685591,0.695,0.0007590780670765468,0.6803087397183257,0.679,0.0007618885824978435,0.682670424649998,0.682,0.0007618788313675383,0.7076704036075226,0.706,0.0007618656085508506,0.7096703115409282,0.709,0.0007618785590070744,2.7084580588001803e-06,0.0007618885824978435,0.003806589648499853,0.5773502691896258,0.0021977355582558336,0.5773502691896258,0.0021977355582558336,0.5773502691896258,0.0021977355582558336
2655000000000,0.6840000278810634,0.684,0.004330067291705704,0.6690000340486896,0.669,0.004476038837286132,0.6697266665736548,0.668,0.005863930559861577,0.6947266210756555,0.69,0.005863952718129394,0.6967266245999569,0.696,0.005863866106905443,1.2925153780303679e-05,0.005863952718129394,0.02639785551388825,0.5773502691896258,0.01524080898697223,0.5773502691896258,0.01524080898697223,0.5773502691896258,0.01524080898697223
2655300000000,0.6864073807169345,0.687,0.00020283716867318594,0.670999993836801,0.671,0.00013999437039219158,0.6709999982995764,0.671,5.674807894834587e-05,0.692322260675478,0.692,0.00020233321268796852,0.6991312975968164,0.7,0.00020238582776387106,6.048467114792454e-07,0.00020283716867318594,0.000804298658465563,0.5773502691896258,0.0004643620469739477,0.5773502691896258,0.0004643620469739477,0.5773502691896258,0.0004643620469739477
2655600000000,0.6929327661660556,0.693,0.0014903229340860339,0.675999997903426,0.676,0.0008750014233193432,0.6775277048856042,0.679,0.0014913833645645023,0.6988502036207886,0.701,0.001491491368403098,0.7056593840650841,0.708,0.0014915569528013161,6.136140359578601e-06,0.0014915569528013161,0.006839756043174294,0.5773502691896258,0.003948934992718049,0.5773502691896258,0.003948934992718049,0.5773502691896258,0.003948934992718049
2655900000000,0.6989999601972839,0.6988000000000001,0.0012883795194400527,0.6819999606302766,0.6818000000000002,0.0012599843453258558,0.6879991567743277,0.6878000000000001,0.0038377956630247455,0.7097950993018382,0.7138000000000001,0.004192675951416963,0.7166042319582725,0.7178000000000001,0.004192639339176064,9.814679510936627e-06,0.004192675951416963,0.01477147481838368,0.5773502691896258,0.008528314962721597,0.5773502691896258,0.008528314962721597,0.5773502691896258,0.008528314962721597
2656200000000,0.6969893269239937,0.6966,0.0001414926155881593,0.6809891995810332,0.6806,3.575732645336371e-05,0.6889891285367262,0.6886,3.4301543162128375e-05,0.714043534479697,0.7156,0.0006317220511164112,0.7189887871631442,0.7186,0.00019901362337782261,0.00013841427911391772,0.0006317220511164112,0.0010422871596978852,0.5773502691896258,0.0006017647722244646,0.5773502691896258,0.0006017647722244646,0.5773502691896258,0.0006017647722244646
2656500000000,0.6959850605872135,0.6958,3.529928063164662e-05,0.6799850627086175,0.6798,3.529018004907021e-05,0.6889850086176097,0.6888,5.940806734361568e-10,0.7160598734017237,0.7168,0.0001422967926967905,0.718984990662015,0.7188,5.044697288242575e-10,0.00021194240338102678,0.0001422967926967905,0.0002128873519279096,0.5773502691896258,0.00012291056994264522,0.5773502691896258,0.00012291056994264522,0.5773502691896258,0.00012291056994264522
2656800000000,0.6959940046425407,0.6960000000000001,2.7998643993245057e-09,0.6799903201825032,0.68,9.674361080546368e-10,0.6889966057792968,0.6890000000000001,4.707295571871672e-09,0.7160134570137523,0.7160000000000001,7.540683753098898e-08,0.7189981799877937,0.7190000000000001,6.0885410073384255e-09,0.0002025670543308066,7.540683753098898e-08,8.996997461757822e-08,0.5773502691896258,5.1944189064442593e-08,0.5773502691896258,5.1944189064442593e-08,0.5773502691896258,5.1944189064442593e-08
2657100000000,0.6962557855846666,0.6964,2.3985241581117374e-06,0.6795722463872453,0.6794,6.117499439844799e-06,0.6885884470234241,0.6884,5.830774949842377e-06,0.716291630351598,0.7164,2.708314206088486e-06,0.719291659432488,0.7194,3.0145564560319322e-06,0.00039695764365698456,6.117499439844799e-06,2.0069669209919332e-05,0.5773502691896258,1.1587228920893671e-05,0.5773502691896258,1.1587228920893671e-05,0.5773502691896258,1.1587228920893671e-05
2657400000000,0.6969605791980854,0.6971999999999999,1.7385691313057367e-05,0.6792720963904586,0.6791999999999999,3.153150719987718e-06,0.6882735305521479,0.6881999999999999,3.471033435837732e-06,0.7162447125826054,0.7162,7.704469665377524e-08,0.7192480729891622,0.7192,6.649223146277595e-08,0.0006241520495328067,1.7385691313057367e-05,2.4153412396999366e-05,0.5773502691896258,1.394497914925563e-05,0.5773502691896258,1.394497914925563e-05,0.5773502691896258,1.394497914925563e-05
2657700000000,0.6965490097929921,0.6964,5.928628132311242e-06,0.679361716648493,0.6794,2.811126727552357e-07,0.6883702658694297,0.6884,3.275202563365466e-07,0.7163588747427962,0.7164,4.561549586807596e-07,0.7193601144308518,0.7194,4.393649629562274e-07,0.00046241416970861215,5.928628132311242e-06,7.432780983040012e-06,0.5773502691896258,4.291318101385682e-06,0.5773502691896258,4.291318101385682e-06,0.5773502691896258,4.291318101385682e-06
2658000000000,0.6971221983591627,0.6972,1.1499079633605297e-05,0.6791222022889513,0.6792,2.007849494933911e-06,0.6881222029560389,0.6882,2.1537323149985815e-06,0.7171221783043353,0.7172000000000001,2.0392131447038862e-05,0.7185112180326838,0.7182000000000001,2.522187831879032e-05,0.0004096605361726941,2.522187831879032e-05,6.127467120936697e-05,0.5773502691896258,3.537694791723384e-05,0.5773502691896258,3.537694791723384e-05,0.5773502691896258,3.537694791723384e-05
2658300000000,0.6965933483050625,0.6963999999999999,9.788883290262232e-06,0.6793528868542623,0.6793999999999999,1.8625379035462921e-06,0.6883510019376108,0.6883999999999999,1.8322140888920024e-06,0.7173505931131048,0.7173999999999999,1.8260663702814612e-06,0.7183521544658735,0.7183999999999999,8.855426400242968e-07,0.000396923560214132,9.788883290262232e-06,1.6195244293006285e-05,0.5773502691896258,9.35032865215893e-06,0.5773502691896258,9.35032865215893e-06,0.5773502691896258,9.35032865215893e-06
2658600000000,0.6965492030128493,0.6966,6.820823886058856e-08,0.6795510060714731,0.6796,1.373792847987726e-06,0.68780099769476,0.6876,1.0587663350385395e-05,0.717549042634318,0.7176,1.3783774364408183e-06,0.7185497368133203,0.7186,1.366357440790898e-06,0.00038442542271530485,1.0587663350385395e-05,1.4774399314465424e-05,0.5773502691896258,8.530003421321636e-06,0.5773502691896258,8.530003421321636e-06,0.5773502691896258,8.530003421321636e-06
2658900000000,0.6969499798220999,0.6968,5.621771779159843e-06,0.6811966074543895,0.6818,9.478013690096849e-05,0.6879499848816251,0.6878,7.769013647488372e-07,0.7159534249425045,0.7158,8.910985364498722e-05,0.7179500019710829,0.7178,1.258886583477356e-05,0.0002118275644304223,9.478013690096849e-05,0.00020287752952463797,0.5773502691896258,0.000117131396283576,0.5773502691896258,0.000117131396283576,0.5773502691896258,0.000117131396283576
2659200000000,0.6961048601998757,0.6958,2.4997951155394404e-05,0.6807342484230917,0.6808,7.482155583791282e-06,0.687734276659673,0.6878,1.6285512956200046e-06,0.7167142666436681,0.7168,2.0260803298035318e-05,0.7187122554739009,0.7188,2.0336064089540874e-05,0.00026015926045738443,2.4997951155394404e-05,7.470552542238188e-05,0.5773502691896258,4.3131255212564614e-05,0.5773502691896258,4.3131255212564614e-05,0.5773502691896258,4.3131255212564614e-05
2659500000000,0.6957266505177657,0.6955999999999999,5.006489727461097e-06,0.6797266520054583,0.6795999999999999,3.5533768928966154e-05,0.6867266520088692,0.6865999999999999,3.553576029176462e-05,0.7177266483282257,0.7175999999999999,3.587208363297173e-05,0.7200933971043313,0.7205999999999999,6.676432711577312e-05,0.0005930604045985983,6.676432711577312e-05,0.0001787124296969367,0.5773502691896258,0.00010317966939305849,0.5773502691896258,0.00010317966939305849,0.5773502691896258,0.00010317966939305849
2659800000000,0.6953954044311065,0.6953999999999999,3.840338947447186e-06,0.6780223802014994,0.6773999999999999,0.00010165898336193043,0.6853954086330837,0.6853999999999999,6.202731239504669e-05,0.7193940937590098,0.7193999999999999,9.731309926248645e-05,0.7217927129077992,0.7223999999999999,0.0001010685969970559,0.0010612781172961063,0.00010165898336193043,0.00036590833096396665,0.5773502691896258,0.00021125727338077284,0.5773502691896258,0.00021125727338077284,0.5773502691896258,0.00021125727338077284
2660100000000,0.6940619208313201,0.6940000000000001,6.223624788147124e-05,0.6764054098523502,0.676,9.151075885096955e-05,0.6860603631198307,0.686,1.5475756430572487e-05,0.720060272459433,0.7200000000000001,1.5532792131418327e-05,0.7234120212529521,0.7240000000000001,9.177558308386294e-05,0.0016902609179971152,9.177558308386294e-05,0.00027653113837829455,0.5773502691896258,0.00015965532718202204,0.5773502691896258,0.00015965532718202204,0.5773502691896258,0.00015965532718202204
2660400000000,0.694174711631412,0.6942,4.452617604876309e-07,0.6761747894660909,0.6762,1.8615016895438803e-06,0.6861747100876211,0.6862,4.576330165004276e-07,0.7194298534920983,0.7192000000000001,1.3909982603138726e-05,0.7240459349700354,0.7242000000000001,1.406463102472384e-05,0.0015376392504047867,1.406463102472384e-05,3.073901009439451e-05,0.5773502691896258,1.7747175752621296e-05,0.5773502691896258,1.7747175752621296e-05,0.5773502691896258,1.7747175752621296e-05
2660700000000,0.6934826067024105,0.6934,1.6765323146186655e-05,0.6770726155843947,0.6774,2.821321085479652e-05,0.6864810636557059,0.6864,3.2848378037409098e-06,0.7194814665225996,0.7194,9.32366721133907e-08,0.7234822402885192,0.7234,1.1121309288941359e-05,0.0012769671517672135,2.821321085479652e-05,5.947791776577884e-05,0.5773502691896258,3.433959183291084e-05,0.5773502691896258,3.433959183291084e-05,0.5773502691896258,3.433959183291084e-05
2661000000000,0.6932480348485535,0.6932,1.9258384117668722e-06,0.6772483122386319,0.6772,1.080426000855399e-06,0.6870070303371055,0.6872,9.682433247987506e-06,0.7192483112139112,0.7192000000000001,1.902648928935295e-06,0.7232483113466481,0.7232000000000001,1.9152962445713267e-06,0.0012996232736801516,9.682433247987506e-06,1.6506642834116397e-05,0.5773502691896258,9.53011468369411e-06,0.5773502691896258,9.53011468369411e-06,0.5773502691896258,9.53011468369411e-06
2661300000000,0.6942154118090939,0.6946,3.275363643245267e-05,0.6767464911792931,0.6766,8.813853145857918e-06,0.6875557572783442,0.6876,1.053854396143906e-05,0.7187378915725781,0.7186,9.118487359052705e-06,0.7227384149795733,0.7226,9.099800680465633e-06,0.0013691459254146353,3.275363643245267e-05,7.032432157926799e-05,0.5773502691896258,4.060176599436819e-05,0.5773502691896258,4.060176599436819e-05,0.5773502691896258,4.060176599436819e-05
2661600000000,0.6944623008290933,0.6946,2.1333965868705312e-06,0.6759029365215433,0.6756,2.4905456121396468e-05,0.6867117152993362,0.6866,2.4934240181471136e-05,0.7194615555226073,0.7196,1.8329132940015635e-05,0.7234614898912314,0.7236,1.829930647542934e-05,0.00174248083303008,2.4934240181471136e-05,8.860153230518311e-05,0.5773502691896258,5.11541185270108e-05,0.5773502691896258,5.11541185270108e-05,0.5773502691896258,5.11541185270108e-05
2661900000000,0.6951153220005595,0.6952,1.4925282763405823e-05,0.6761153236625311,0.6762,1.5787904179942016e-06,0.6871153232158916,0.6872,5.701477260718672e-06,0.7185387063663752,0.7182000000000001,2.980776978053957e-05,0.7231153247376192,0.7232000000000001,4.194060975137238e-06,0.00153767170167526,2.980776978053957e-05,5.62073811977955e-05,0.5773502691896258,3.2451346664991145e-05,0.5773502691896258,3.2451346664991145e-05,0.5773502691896258,3.2451346664991145e-05
2662200000000,0.6959098468060518,0.6959999999999998,2.209443832899343e-05,0.6752991023785908,0.6749999999999998,2.3317601452501546e-05,0.686930486274214,0.6869999999999998,1.1957643253053786e-06,0.7189302345155472,0.7189999999999999,5.3653002057913345e-06,0.7229303275377389,0.7229999999999999,1.1978387387242963e-06,0.002102556143879932,2.3317601452501546e-05,5.317094305131598e-05,0.5773502691896258,3.0698258283743544e-05,0.5773502691896258,3.0698258283743544e-05,0.5773502691896258,3.0698258283743544e-05
2662500000000,0.6957000139548076,0.6958,1.5410438911445746e-06,0.6742022179891244,0.6738,4.211043773492952e-05,0.6876988874014234,0.6878,2.066541023037982e-05,0.7196987029235364,0.7198,2.0669029292715014e-05,0.7227001738873811,0.7228,1.8539745970562614e-06,0.002924201244769495,4.211043773492952e-05,8.68398957462252e-05,0.5773502691896258,5.013703718548216e-05,0.5773502691896258,5.013703718548216e-05,0.5773502691896258,5.013703718548216e-05
2662800000000,0.6953334821971774,0.6952,4.702093527302945e-06,0.6741999032431436,0.6742,1.875317134438669e-10,0.688071011255262,0.6882,4.846665690850993e-06,0.7193297676932046,0.7192000000000001,4.763962146301291e-06,0.723064557737351,0.7232000000000001,4.647145654162343e-06,0.0028561780120681655,4.846665690850993e-06,1.8960054550331017e-05,0.5773502691896258,1.0946592598483603e-05,0.5773502691896258,1.0946592598483603e-05,0.5773502691896258,1.0946592598483603e-05
2663100000000,0.6952722464107498,0.6954,1.3124375387915756e-07,0.675271305307408,0.6754,4.017658341584841e-05,0.6872731135649074,0.6874,2.2282425349565205e-05,0.7179168420776176,0.7174,6.987255783135909e-05,0.7242664847090601,0.7244,5.056199558626044e-05,0.001769067178713331,6.987255783135909e-05,0.00018302480593691231,0.5773502691896258,0.00010566942097605536,0.5773502691896258,0.00010566942097605536,0.5773502691896258,0.00010566942097605536
2663400000000,0.6962977015842154,0.6963999999999999,3.6804540947560545e-05,0.6762977286453683,0.6763999999999999,3.687407040483654e-05,0.687298439166843,0.6873999999999999,2.2448513968976302e-08,0.7168068805108592,0.7163999999999999,4.3120513788831806e-05,0.7232992491729875,0.7233999999999999,3.2744060378456795e-05,0.001061003489685337,4.3120513788831806e-05,0.00014956563403365465,0.5773502691896258,8.635175907084757e-05,0.5773502691896258,8.635175907084757e-05,0.5773502691896258,8.635175907084757e-05
2663700000000,0.697965597910526,0.6982,9.736573543621288e-05,0.678935669881206,0.6792,0.00024355568873065544,0.6859656013455382,0.6862,6.217598302651631e-05,0.7141675305693411,0.7132000000000001,0.00024381588398269543,0.7229656002106762,0.7232000000000001,3.896257051798097e-06,0.0011886854098752822,0.00024381588398269543,0.0006508095482278782,0.5773502691896258,0.00037574506786054425,0.5773502691896258,0.00037574506786054425,0.5773502691896258,0.00037574506786054425
2664000000000,0.6999118177492694,0.6996,0.00013257200812513313,0.6823500934374168,0.6836,0.000408040087742252,0.683912762019469,0.6836,0.0001474952254529607,0.7129125405036698,0.7126,5.512500227267903e-05,0.7209127769070607,0.7206,0.00014749292305534835,0.0023113766991290693,0.000408040087742252,0.0008907252466483733,0.5773502691896258,0.0005142604609264342,0.5773502691896258,0.0005142604609264342,0.5773502691896258,0.0005142604609264342
2664300000000,0.6989116507140167,0.6987999999999999,3.5011693444211274e-05,0.684144678631702,0.6847999999999999,0.0001127187606841695,0.6821205055762375,0.6817999999999999,0.0001124264105406758,0.7139115558531479,0.7137999999999999,3.4931108397250114e-05,0.7209116083475818,0.7207999999999999,4.779359394619076e-11,0.003097884799348305,0.0001127187606841695,0.0002950880208599007,0.5773502691896258,0.0001703691482780976,0.5773502691896258,0.0001703691482780976,0.5773502691896258,0.0001703691482780976
2664600000000,0.6985547302913424,0.6984,4.4587265842706025e-06,0.6842800225648328,0.6844,6.411293082355261e-07,0.6823549421464875,0.6824,1.9236176914707136e-06,0.7142604134668663,0.7144,4.25955721272512e-06,0.7205498748649267,0.7204,4.5797889365828996e-06,0.003534441783191233,4.5797889365828996e-06,1.586281973328486e-05,0.5773502691896258,9.158403243118524e-06,0.5773502691896258,9.158403243118524e-06,0.5773502691896258,9.158403243118524e-06
2664900000000,0.6977093407810337,0.6973999999999999,2.5013919844896964e-05,0.6843632324392424,0.6843999999999999,2.423359119739935e-07,0.6832008843536913,0.6833999999999999,2.504663762750918e-05,0.7143632281128459,0.7143999999999999,3.6997979997693704e-07,0.7203633123976039,0.7203999999999999,1.2181943974756096e-06,0.003168469762577142,2.504663762750918e-05,5.189106758183268e-05,0.5773502691896258,2.9959321836908166e-05,0.5773502691896258,2.9959321836908166e-05,0.5773502691896258,2.9959321836908166e-05
2665200000000,0.6971224379941114,0.6971999999999999,1.2055920845400914e-05,0.6851213981745484,0.6851999999999999,2.0118534876726843e-05,0.6831220586625482,0.6831999999999999,2.174721354468198e-07,0.7151214499712871,0.7152,2.01215135316315e-05,0.7195126548418398,0.7192,2.532663970124806e-05,0.0030276611084376123,2.532663970124806e-05,7.784008109045414e-05,0.5773502691896258,4.4940991771316e-05,0.5773502691896258,4.4940991771316e-05,0.5773502691896258,4.4940991771316e-05
2665500000000,0.6969274281395281,0.697,1.3310095184612222e-06,0.685923667227919,0.6859999999999999,2.2527247189862874e-05,0.6839199548847945,0.6839999999999999,2.2282343351625033e-05,0.714301487343179,0.714,2.3531854902289614e-05,0.718927462171855,0.719,1.1985766135137949e-05,0.0025600568359182294,2.3531854902289614e-05,8.165822109737669e-05,0.5773502691896258,4.7145395932116415e-05,0.5773502691896258,4.7145395932116415e-05,0.5773502691896258,4.7145395932116415e-05
2665800000000,0.6973002582978823,0.6974,4.865081444244867e-06,0.6853014023566462,0.6854,1.3552474950706063e-05,0.6828064496002972,0.6824,4.33962906511174e-05,0.7152916656493097,0.7154,3.4315857727614106e-05,0.7193002167391559,0.7194,4.863108860528936e-06,0.0029930035366474593,4.33962906511174e-05,0.00010099281363421135,0.5773502691896258,5.830822813792964e-05,0.5773502691896258,5.830822813792964e-05,0.5773502691896258,5.830822813792964e-05
2666100000000,0.6969953561132327,0.697,3.2537869771439843e-06,0.685895957440845,0.6859999999999999,1.2372351185132942e-05,0.6822140729097225,0.6819999999999999,1.2281855023771072e-05,0.7149950243000563,0.715,3.079863153039364e-06,0.7198995889515984,0.72,1.2573646716689725e-05,0.002722533399773338,1.2573646716689725e-05,4.356150305577709e-05,0.5773502691896258,2.515024551555761e-05,0.5773502691896258,2.515024551555761e-05,0.5773502691896258,2.515024551555761e-05
2666400000000,0.6969725581670134,0.6970000000000001,1.8191122313614875e-08,0.6859727268921954,0.686,2.0627420312233216e-07,0.6820982436592928,0.682,4.69574533928174e-07,0.7149803887893725,0.7150000000000001,7.496936054160807e-09,0.719975964193536,0.7200000000000001,2.0416121533593457e-07,0.002402509722762668,4.69574533928174e-07,9.056980107542164e-07,0.5773502691896258,5.229049903134554e-07,0.5773502691896258,5.229049903134554e-07,0.5773502691896258,5.229049903134554e-07
2666700000000,0.6977124605238478,0.6978000000000001,1.9160942417719004e-05,0.6857135425899504,0.6858000000000001,2.3511775885564965e-06,0.6811480277619475,0.6808000000000001,3.160185880487342e-05,0.7147135445979174,0.7148000000000001,2.4922037879677825e-06,0.7207124196379008,0.7208000000000001,1.8982831753706148e-05,0.002592175860519189,3.160185880487342e-05,7.458901435282284e-05,0.5773502691896258,4.306398751519114e-05,0.5773502691896258,4.306398751519114e-05,0.5773502691896258,4.306398751519114e-05
2667000000000,0.6972995474998845,0.6971999999999999,5.967400787547814e-06,0.6868023557848458,0.6871999999999999,4.1492996068241446e-05,0.6812990613534347,0.6811999999999999,7.98390101512858e-07,0.7142994975322868,0.7142,6.0002240395038205e-06,0.7202995356358946,0.7202,5.966561968943841e-06,0.0023716988930045616,4.1492996068241446e-05,6.0225572965749777e-05,0.5773502691896258,3.477125076387509e-05,0.5773502691896258,3.477125076387509e-05,0.5773502691896258,3.477125076387509e-05
2667300000000,0.6974503435014223,0.6973999999999999,7.958801927923593e-07,0.6874503238270706,0.6873999999999999,1.4695190431061408e-05,0.6821058789517743,0.6823999999999999,2.2783412294670805e-05,0.713496892296708,0.7133999999999999,2.254613074625012e-05,0.7194965613953157,0.7193999999999999,2.2566867086161135e-05,0.0020449551439759477,2.2783412294670805e-05,8.338748075093583e-05,0.5773502691896258,4.8143784458597544e-05,0.5773502691896258,4.8143784458597544e-05,0.5773502691896258,4.8143784458597544e-05
2667600000000,0.6970872348342505,0.6970000000000001,4.61467664613531e-06,0.6878300736917232,0.6880000000000001,5.047348589628701e-06,0.6820845561501591,0.682,1.591316540533735e-08,0.7138779429212524,0.7140000000000001,5.0819852462989745e-06,0.7191200837930074,0.7190000000000001,4.960738476393241e-06,0.0019600395173974532,5.0819852462989745e-06,1.9720662123861565e-05,0.5773502691896258,1.1385729585809133e-05,0.5773502691896258,1.1385729585809133e-05,0.5773502691896258,1.1385729585809133e-05
2667900000000,0.6981115692488746,0.6984,3.672413475441746e-05,0.686776037181254,0.6864,3.888475378907329e-05,0.6813895826571627,0.6814,1.6904585458867048e-05,0.7143587361081312,0.7144,8.090673099216521e-06,0.7193639425700517,0.7194,2.0813486099530683e-06,0.001904517503486881,3.888475378907329e-05,0.00010268549571152739,0.5773502691896258,5.928549859092051e-05,0.5773502691896258,5.928549859092051e-05,0.5773502691896258,5.928549859092051e-05
2668200000000,0.6992009822466717,0.6995999999999999,4.153872379192265e-05,0.6866997068043137,0.6865999999999999,2.0392142553482682e-07,0.680699857412889,0.6805999999999999,1.6650231940593893e-05,0.7136998422482805,0.7135999999999999,1.5194939149210106e-05,0.7196996107653928,0.7195999999999999,3.9435598077252985e-06,0.002016499524285808,4.153872379192265e-05,7.753137611498677e-05,0.5773502691896258,4.476276087062974e-05,0.5773502691896258,4.476276087062974e-05,0.5773502691896258,4.476276087062974e-05
2668500000000,0.700233714276409,0.7006,3.7328740583586636e-05,0.6857774479357115,0.6856,2.9769649725039303e-05,0.6815615629682348,0.6816,2.5988776243984397e-05,0.7127759409361838,0.7126,2.9875777207292855e-05,0.7196508039164845,0.7196,8.337379751248047e-08,0.0024650169742918377,3.7328740583586636e-05,0.00012304631755741567,0.5773502691896258,7.104082456456612e-05,0.5773502691896258,7.104082456456612e-05,0.5773502691896258,7.104082456456612e-05
2668800000000,0.7005603792991209,0.7006,3.7348512972163554e-06,0.6855782937314602,0.6856,1.3881838974841387e-06,0.68085445068148,0.6806,1.7500272512785905e-05,0.7134320194383561,0.7136,1.5065365035443075e-05,0.7195747425232842,0.7196,2.0248674374479297e-07,0.0029584517535849505,1.7500272512785905e-05,3.789115948667427e-05,0.5773502691896258,2.1876471129538433e-05,0.5773502691896258,2.1876471129538433e-05,0.5773502691896258,2.1876471129538433e-05
2669100000000,0.6994194697876837,0.6990000000000001,4.555860796507495e-05,0.6858951325602352,0.6859999999999999,3.513539519682517e-06,0.6808951331994868,0.681,5.7927354498128086e-08,0.7138951320003583,0.714,7.5065635779469885e-06,0.719895132438916,0.72,3.5927394313486243e-06,0.002890109972268516,4.555860796507495e-05,6.022937784855121e-05,0.5773502691896258,3.4773447513984725e-05,0.5773502691896258,3.4773447513984725e-05,0.5773502691896258,3.4773447513984725e-05
2669400000000,0.6972896509322688,0.6968,0.00015876449249082258,0.6848952792241105,0.6848,3.498973428158385e-05,0.6808952498909786,0.6808,4.765916490699822e-13,0.7148952134657662,0.7148,3.500570281083976e-05,0.7220246053043641,0.7228,0.00015871291396378614,0.0032765341484298407,0.00015876449249082258,0.000387472844023624,0.5773502691896258,0.0002237075508007092,0.5773502691896258,0.0002237075508007092,0.5773502691896258,0.0002237075508007092
2669700000000,0.6948145008519689,0.6944,0.000214422877200294,0.6826574205177337,0.6824,0.00017528040563972986,0.6806570124744578,0.6804,1.986497332068478e-06,0.7173704732338315,0.7174,0.0002144418821790914,0.7245005912913182,0.7254,0.0002145677312657553,0.003168957027825775,0.0002145677312657553,0.000820699393616939,0.5773502691896258,0.00047383101582850243,0.5773502691896258,0.00047383101582850243,0.5773502691896258,0.00047383101582850243
2670000000000,0.6941008736573717,0.6940000000000001,1.782423205040453e-05,0.6821008721794707,0.682,1.0841111848816464e-05,0.6801008721436029,0.68,1.0825222366116047e-05,0.7181008659704022,0.7180000000000001,1.8671574237234153e-05,0.7255965160163523,0.7260000000000001,4.2036785102942715e-05,0.003422601750788473,4.2036785102942715e-05,0.00010019892560551391,0.5773502691896258,5.7849876670854754e-05,0.5773502691896258,5.7849876670854754e-05,0.5773502691896258,5.7849876670854754e-05
2670300000000,0.6947123544770843,0.6948,1.3086807750674991e-05,0.6817131152233797,0.6818,5.26244099489204e-06,0.680712405286381,0.6808,1.3089047465060587e-05,0.7171493769171061,0.7168,3.168659964898196e-05,0.7257127458042826,0.7258,4.728277260808347e-07,0.0034596763757841144,3.168659964898196e-05,6.359772358569041e-05,0.5773502691896258,3.6718162832045776e-05,0.5773502691896258,3.6718162832045776e-05,0.5773502691896258,3.6718162832045776e-05
2670600000000,0.6951097294062968,0.6952,5.526739202830573e-06,0.6821110613252928,0.6822,5.542638500971756e-06,0.6811108191835744,0.6812,5.555677171689633e-06,0.7164558350983827,0.7162000000000001,1.6835008901134997e-05,0.725212038755293,0.7252000000000001,8.774764211772908e-06,0.0028561622529207934,1.6835008901134997e-05,4.2234827988399864e-05,0.5773502691896258,2.4384289308280205e-05,0.5773502691896258,2.4384289308280205e-05,0.5773502691896258,2.4384289308280205e-05
2670900000000,0.6944761074254668,0.6944,1.4051688510680252e-05,0.682475729163794,0.6824,4.654392135299756e-06,0.6820550352115974,0.6824,3.120403676514163e-05,0.715517366637352,0.7154,3.082530683222914e-05,0.7254757604054047,0.7254,2.434218805816981e-06,0.003168475062426451,3.120403676514163e-05,8.316964304916776e-05,0.5773502691896258,4.80180158028421e-05,0.5773502691896258,4.80180158028421e-05,0.5773502691896258,4.80180158028421e-05
2671200000000,0.6954446718879478,0.6958,3.283409912933524e-05,0.6818888449829209,0.6818,1.205515646156602e-05,0.6818888288406413,0.6818,9.668595211238998e-07,0.7158888085939568,0.7158,4.828919449423236e-06,0.7248888456525554,0.7248000000000001,1.205641244892675e-05,0.004040178912976245,3.283409912933524e-05,6.274144701037514e-05,0.5773502691896258,3.622379132078673e-05,0.5773502691896258,3.622379132078673e-05,0.5773502691896258,3.622379132078673e-05
2671500000000,0.6964364118725359,0.6968,3.4424186896079885e-05,0.6818838988987708,0.6818,8.562311947082674e-10,0.6818839014408519,0.6818,8.497744039643068e-10,0.7158838815917777,0.7158,8.496372665232858e-10,0.7239119053840266,0.7238,3.340443008955879e-05,0.004243682950325846,3.4424186896079885e-05,6.783117262850388e-05,0.5773502691896258,3.9162345776514696e-05,0.5773502691896258,3.9162345776514696e-05,0.5773502691896258,3.9162345776514696e-05
2671800000000,0.6969406687403286,0.697,8.899624605061956e-06,0.6812373446797695,0.6809999999999999,1.4631132533792564e-05,0.6819406746731518,0.6819999999999999,1.1281199670228996e-07,0.7159406559237647,0.716,1.1281636703963372e-07,0.7239406559804515,0.724,2.8930887817624486e-08,0.004410035207917343,1.4631132533792564e-05,2.378531639041407e-05,0.5773502691896258,1.3732458820765984e-05,0.5773502691896258,1.3732458820765984e-05,0.5773502691896258,1.3732458820765984e-05
2672100000000,0.6977214820209899,0.6977999999999999,2.1338428274001235e-05,0.6807257137423696,0.6807999999999998,9.161817563665252e-06,0.681105712120863,0.6807999999999998,2.4400686230359897e-05,0.7167216169306957,0.7167999999999999,2.1346503302135803e-05,0.7237254736473074,0.7237999999999999,1.6206202774069034e-06,0.004665658487184221,2.4400686230359897e-05,7.786805564756909e-05,0.5773502691896258,4.4957142889396784e-05,0.5773502691896258,4.4957142889396784e-05,0.5773502691896258,4.4957142889396784e-05
2672400000000,0.6971392215907288,0.6972,1.1865952302674676e-05,0.6811392211048093,0.6812,5.984591857715019e-06,0.6804431263127824,0.6802,1.5365698357446137e-05,0.71713921467003,0.7172000000000001,6.103575516397734e-06,0.7241392163091408,0.7242000000000001,5.991404657733411e-06,0.004579636944538632,1.5365698357446137e-05,4.531122269196698e-05,0.5773502691896258,2.6160446618518217e-05,0.5773502691896258,2.6160446618518217e-05,0.5773502691896258,2.6160446618518217e-05
2672700000000,0.6966445934049493,0.6966,8.56299647586318e-06,0.6815055204041046,0.6816,4.696131183248616e-06,0.679832467956802,0.6796,1.3051626970503886e-05,0.71750638207736,0.7176,4.718416675190314e-06,0.724509889051703,0.7246,4.808939872750268e-06,0.004708990704668114,1.3051626970503886e-05,3.583811117755627e-05,0.5773502691896258,2.069114313560985e-05,0.5773502691896258,2.069114313560985e-05,0.5773502691896258,2.069114313560985e-05
2673000000000,0.6958402803631407,0.6956,2.2642181422819833e-05,0.6816167951889862,0.6816,4.333727212656123e-07,0.6796168714794051,0.6796,1.6268644373080844e-06,0.7176167921223592,0.7176,4.2666323128563365e-07,0.7253092597578562,0.7256,2.236477340495602e-05,0.0044944716027628465,2.2642181422819833e-05,4.749385521763518e-05,0.5773502691896258,2.7420590094754786e-05,0.5773502691896258,2.7420590094754786e-05,0.5773502691896258,2.7420590094754786e-05
2673300000000,0.6959636206112763,0.6959999999999998,5.324485883547756e-07,0.6811525836025807,0.6809999999999998,7.542233893359775e-06,0.6799290187702729,0.6799999999999998,3.410257591864063e-06,0.7171423332927926,0.7169999999999999,7.878891333377705e-06,0.7258119416205295,0.7259999999999999,8.844116927125377e-06,0.004000062718237418,8.844116927125377e-06,2.8207948334081696e-05,0.5773502691896258,1.6285866563969125e-05,0.5773502691896258,1.6285866563969125e-05,0.5773502691896258,1.6285866563969125e-05
2673600000000,0.6962853217068399,0.6962,3.622205821039171e-06,0.681285325042527,0.6812,6.167101457660553e-07,0.6808586705866885,0.6812,3.0248837491767395e-05,0.7162853530782145,0.7162000000000001,2.5704528086243835e-05,0.7252853295281885,0.7252000000000001,9.706210352994058e-06,0.003385672818218167,3.0248837491767395e-05,6.989849189781052e-05,0.5773502691896258,4.0355913113149785e-05,0.5773502691896258,4.0355913113149785e-05,0.5773502691896258,4.0355913113149785e-05
2673900000000,0.6967516026925628,0.6966,7.60962851763445e-06,0.6829799064935357,0.6836,0.00010050622029359008,0.6817511288261936,0.6816,2.787685982412041e-05,0.7147586436937103,0.7146,8.157945406565809e-05,0.7237587077921341,0.7236,8.157008737477424e-05,0.002789140698382286,0.00010050622029359008,0.00029914225007577727,0.5773502691896258,0.00017270985860724038,0.5773502691896258,0.00017270985860724038,0.5773502691896258,0.00017270985860724038
2674200000000,0.6968820408463158,0.697,5.954939184073844e-07,0.683882039857754,0.6839999999999999,2.848456123925359e-05,0.6818820408234862,0.6819999999999999,5.99828286230266e-07,0.7148820407845459,0.715,5.329394709335289e-07,0.7224718376801218,0.722,5.796121398167278e-05,0.0032401391445286026,5.796121398167278e-05,8.817403689649755e-05,0.5773502691896258,5.090730393772886e-05,0.5773502691896258,5.090730393772886e-05,0.5773502691896258,5.090730393772886e-05
2674500000000,0.6969600043019963,0.6970000000000001,2.1274051475792926e-07,0.6839550509114696,0.684,1.865714887631741e-07,0.6819512930450782,0.682,1.6785545683962755e-07,0.7149922403111283,0.7150000000000001,4.250377480646463e-07,0.7221412212357208,0.7220000000000001,3.825753165793087e-06,0.003422520035247484,3.825753165793087e-06,4.8179583742184645e-06,0.5773502691896258,2.7816495642994426e-06,0.5773502691896258,2.7816495642994426e-06,0.5773502691896258,2.7816495642994426e-06
2674800000000,0.6972953535885371,0.6974,3.93607003941926e-06,0.6828173548609926,0.6824,4.5302330614481946e-05,0.6822955198576975,0.6824,4.147223448413029e-06,0.7152955320494592,0.7154,3.2195057488918392e-06,0.7222962251344393,0.7224,8.409173016274585e-07,0.003920509441964908,4.5302330614481946e-05,5.7446047152833536e-05,0.5773502691896258,3.316649078756838e-05,0.5773502691896258,3.316649078756838e-05,0.5773502691896258,3.316649078756838e-05
2675100000000,0.6970489295203496,0.697,2.125368748373305e-06,0.682233879839738,0.6819999999999999,1.1915508514980064e-05,0.6820560397959595,0.6819999999999999,2.0072744989515673e-06,0.7158254129958792,0.716,9.827083608264759e-06,0.7228334668712308,0.723,1.0102003931279685e-05,0.00420265233417111,1.1915508514980064e-05,3.597723930184938e-05,0.5773502691896258,2.0771468795622325e-05,0.5773502691896258,2.0771468795622325e-05,0.5773502691896258,2.0771468795622325e-05
2675400000000,0.6965092051215204,0.6963999999999999,1.0195584934204366e-05,0.6816514576444108,0.6813999999999998,1.1872546476342477e-05,0.6822971932454751,0.6823999999999999,2.0354245174643095e-06,0.7162714725340155,0.7163999999999999,6.963918904681564e-06,0.7232696779049459,0.7233999999999998,6.65980230771635e-06,0.0037249979655619297,1.1872546476342477e-05,3.7727277140409065e-05,0.5773502691896258,2.178185361280679e-05,0.5773502691896258,2.178185361280679e-05,0.5773502691896258,2.178185361280679e-05
2675700000000,0.6965515390454149,0.6966000000000001,6.272563893075118e-08,0.6815689130029807,0.6816000000000001,2.384766240087944e-07,0.6825319404065487,0.6826000000000001,1.9287180371245735e-06,0.7158178122925206,0.7156000000000001,7.203266514960686e-06,0.7235289313787057,0.7236000000000001,2.352432727977744e-06,0.0034969625288399503,7.203266514960686e-06,1.178561954300255e-05,0.5773502691896258,6.804430615719037e-06,0.5773502691896258,6.804430615719037e-06,0.5773502691896258,6.804430615719037e-06
2676000000000,0.6981610303477273,0.698,9.066617882766981e-05,0.683347940855208,0.6839999999999999,0.00011077290346501397,0.6821629756824814,0.6819999999999999,4.764723866212918e-06,0.7141648688613155,0.714,9.562776953674833e-05,0.7221631823590233,0.722,6.528446346671441e-05,0.0030627658078975586,0.00011077290346501397,0.00036711603916235946,0.5773502691896258,0.00021195454403421745,0.5773502691896258,0.00021195454403421745,0.5773502691896258,0.00021195454403421745
2676300000000,0.6981953702722065,0.6982,4.1273064463324013e-08,0.6832317501804112,0.6832,4.7250955184112103e-07,0.682194662362357,0.6822,3.514159885392517e-08,0.7141842743725582,0.7142000000000001,1.3180085330652063e-08,0.7221938990702386,0.7222000000000001,3.302307217581482e-08,0.002689602106002803,4.7250955184112103e-07,5.95127372664837e-07,0.5773502691896258,3.435969488101584e-07,0.5773502691896258,3.435969488101584e-07,0.5773502691896258,3.435969488101584e-07
2676600000000,0.6986968293692893,0.6988,8.801142911651176e-06,0.6821829741722379,0.6818,3.8497589036190904e-05,0.6826995546871605,0.6828,8.922069087589814e-06,0.7146931058243453,0.7148,9.061830621473678e-06,0.7217273014183964,0.7218,7.619967904663064e-06,0.002433699374343934,3.8497589036190904e-05,7.290259956156863e-05,0.5773502691896258,4.209033548149515e-05,0.5773502691896258,4.209033548149515e-05,0.5773502691896258,4.209033548149515e-05
2676900000000,0.6991338561539912,0.6991999999999999,6.684734369138094e-06,0.6814643079918695,0.6811999999999999,1.807683775818677e-05,0.6831338382543314,0.6831999999999999,6.60107758501389e-06,0.7151338466703591,0.7152,6.798837267072189e-06,0.7211341496550511,0.7212,1.2314015502586937e-05,0.002073643698517891,1.807683775818677e-05,5.047550248199788e-05,0.5773502691896258,2.9142044945463102e-05,0.5773502691896258,2.9142044945463102e-05,0.5773502691896258,2.9142044945463102e-05
2677200000000,0.698764500861525,0.6986,4.774816622547157e-06,0.6815158355957979,0.6816,9.292828883088259e-08,0.6834944515130695,0.6836,4.551467283221219e-06,0.7154823315156814,0.7156,4.250459059676975e-06,0.720742677166334,0.7206,5.363774829781795e-06,0.0018769453153787564,5.363774829781795e-06,1.903344608405803e-05,0.5773502691896258,1.0988965220237133e-05,0.5773502691896258,1.0988965220237133e-05,0.5773502691896258,1.0988965220237133e-05
2677500000000,0.6976253943966618,0.6971999999999999,4.54147238402557e-05,0.6811474875524779,0.6811999999999999,4.74880983561795e-06,0.6840874323207234,0.6841999999999999,1.2306918338605874e-05,0.7160580533094705,0.7162,1.1600945434529394e-05,0.7210780043714081,0.7212,3.9355517061987495e-06,0.0017958129423344287,4.54147238402557e-05,7.800694915520766e-05,0.5773502691896258,4.50373330934206e-05,0.5773502691896258,4.50373330934206e-05,0.5773502691896258,4.50373330934206e-05
2677800000000,0.6965812083556149,0.6962,3.816135709110531e-05,0.681111009970309,0.6812,4.657149003097673e-08,0.6841108899761065,0.6842,1.9259155862415086e-08,0.7161107465079017,0.7162000000000001,9.718006063207958e-08,0.7220861397032745,0.7222000000000001,3.557178965750739e-05,0.0017956912020386368,3.816135709110531e-05,7.389615745513817e-05,0.5773502691896258,4.2663966398803004e-05,0.5773502691896258,4.2663966398803004e-05,0.5773502691896258,4.2663966398803004e-05
2678100000000,0.6955705607128932,0.6951999999999999,3.574930302085752e-05,0.6821056426446772,0.6821999999999999,3.462529549222707e-05,0.6851056472254428,0.6851999999999999,3.463396947874833e-05,0.7161060920402801,0.7162,7.582424094366867e-10,0.7211120573153609,0.7212,3.3209277445523383e-05,0.0011881858381469312,3.574930302085752e-05,0.00013821860367976575,0.5773502691896258,7.980054804152696e-05,0.5773502691896258,7.980054804152696e-05,0.5773502691896258,7.980054804152696e-05
2678400000000,0.6955722039984454,0.6956,9.45135592111153e-11,0.682473322225551,0.6826,4.731589596703744e-06,0.6847353986201077,0.6846,4.797941041339944e-06,0.7164737539534158,0.7166,4.7311348829724646e-06,0.7207448588613059,0.7206,4.7192146631126825e-06,0.0012544463938505706,4.797941041339944e-06,1.897997469768805e-05,0.5773502691896258,1.0958093500922481e-05,0.5773502691896258,1.0958093500922481e-05,0.5773502691896258,1.0958093500922481e-05
2678700000000,0.6955979907623806,0.6955999999999999,2.3273501798677408e-08,0.681832232997102,0.6815999999999999,1.4384838959165148e-05,0.6853743017375814,0.6855999999999999,1.4286901773117396e-05,0.7165970081914762,0.7165999999999999,5.317062519944506e-07,0.7205984527508353,0.7205999999999999,7.502162214091744e-07,0.0013689527609448762,1.4384838959165148e-05,2.9976936707484845e-05,0.5773502691896258,1.730719247754675e-05,0.5773502691896258,1.730719247754675e-05,0.5773502691896258,1.730719247754675e-05
